date,home,away,book,total,over,under
2023-10-01,OTT,FLA,15,6.5,102,-120
2023-10-01,OTT,FLA,30,6.5,-138,110
2023-10-01,OTT,FLA,68,6.5,100,-120
2023-10-01,OTT,FLA,69,6.5,102,-128
2023-10-01,OTT,FLA,75,6.5,-120,100
2023-10-01,OTT,FLA,76,6.5,-110,-110
2023-10-01,UTA,ANA,15,6.0,-115,-107
2023-10-01,UTA,ANA,30,6.0,-120,-104
2023-10-01,UTA,ANA,68,6.0,-115,-105
2023-10-01,UTA,ANA,69,6.5,-104,-120
2023-10-01,UTA,ANA,75,6.0,-115,-105
2023-10-01,UTA,ANA,76,6.0,-110,-110
2023-10-01,COL,DAL,15,6.0,-122,-110
2023-10-01,COL,DAL,30,6.0,-120,-104
2023-10-01,COL,DAL,68,6.0,-122,102
2023-10-01,COL,DAL,69,6.5,-104,-120
2023-10-01,COL,DAL,75,6.0,-110,-110
2023-10-01,COL,DAL,76,6.0,-110,-110
2023-10-01,DET,CHI,15,6.5,-100,-120
2023-10-01,DET,CHI,30,6.5,100,-124
2023-10-01,DET,CHI,68,6.5,100,-120
2023-10-01,DET,CHI,69,6.5,-104,-120
2023-10-01,DET,CHI,75,6.0,-115,-105
2023-10-01,DET,CHI,76,6.0,-115,-105
2023-10-02,PIT,OTT,15,6.5,-100,-120
2023-10-02,PIT,OTT,30,6.5,-112,-112
2023-10-02,PIT,OTT,68,6.5,-108,-112
2023-10-02,PIT,OTT,69,6.5,100,-124
2023-10-02,PIT,OTT,75,6.5,100,-120
2023-10-02,PIT,OTT,76,6.5,-100,-120
2023-10-02,NJ,NYI,15,5.5,-120,-110
2023-10-02,NJ,NYI,30,6.0,-112,-112
2023-10-02,NJ,NYI,68,6.0,-112,-108
2023-10-02,NJ,NYI,69,5.5,-120,-104
2023-10-02,NJ,NYI,75,6.0,100,-120
2023-10-02,NJ,NYI,76,5.5,-120,-110
2023-10-02,PHI,BOS,15,5.5,-138,110
2023-10-02,PHI,BOS,30,6.5,-104,-120
2023-10-02,PHI,BOS,68,6.0,-105,-115
2023-10-02,PHI,BOS,69,5.5,-138,110
2023-10-02,PHI,BOS,75,5.5,-115,-105
2023-10-02,PHI,BOS,76,5.5,-120,-100
2023-10-02,CBJ,STL,15,6.5,-106,-112
2023-10-02,CBJ,STL,30,6.5,-106,-118
2023-10-02,CBJ,STL,68,6.5,-108,-112
2023-10-02,CBJ,STL,69,6.5,-106,-118
2023-10-02,CBJ,STL,75,6.0,-120,100
2023-10-02,CBJ,STL,76,6.0,-115,-105
2023-10-02,TOR,MTL,15,6.5,-112,-108
2023-10-02,TOR,MTL,30,6.5,-114,-110
2023-10-02,TOR,MTL,68,6.5,-112,-108
2023-10-02,TOR,MTL,69,6.5,-104,-120
2023-10-02,TOR,MTL,75,6.5,-120,100
2023-10-02,TOR,MTL,76,6.5,-115,-105
2023-10-02,CGY,WPG,15,5.5,-120,-110
2023-10-02,CGY,WPG,30,6.5,-100,-124
2023-10-02,CGY,WPG,68,6.0,-112,-108
2023-10-02,CGY,WPG,69,5.5,-116,-110
2023-10-02,CGY,WPG,75,6.0,100,-120
2023-10-02,CGY,WPG,76,5.5,-115,-105
2023-10-02,SEA,EDM,15,6.5,-119,-108
2023-10-02,SEA,EDM,30,6.5,-116,-110
2023-10-02,SEA,EDM,68,6.5,-112,-108
2023-10-02,SEA,EDM,69,6.5,-122,-102
2023-10-02,SEA,EDM,75,6.5,-125,105
2023-10-02,SEA,EDM,76,6.5,-120,-110
2023-10-03,BOS,WSH,15,6.0,-121,-100
2023-10-03,BOS,WSH,30,6.5,102,-128
2023-10-03,BOS,WSH,68,6.0,-118,-102
2023-10-03,BOS,WSH,69,6.5,-102,-124
2023-10-03,BOS,WSH,75,6.0,-115,-105
2023-10-03,BOS,WSH,76,6.0,-125,105
2023-10-03,TB,FLA,15,6.5,-101,-117
2023-10-03,TB,FLA,30,6.5,-112,-112
2023-10-03,TB,FLA,68,6.5,-112,-108
2023-10-03,TB,FLA,69,6.5,102,-130
2023-10-03,TB,FLA,75,6.5,-105,-115
2023-10-03,TB,FLA,76,6.5,-100,-120
2023-10-03,DAL,COL,15,6.0,-112,-107
2023-10-03,DAL,COL,30,6.5,102,-128
2023-10-03,DAL,COL,68,6.0,-118,-102
2023-10-03,DAL,COL,69,6.0,-108,-116
2023-10-03,DAL,COL,75,6.0,-110,-110
2023-10-03,DAL,COL,76,6.0,-115,-105
2023-10-03,CHI,DET,15,6.5,-104,-120
2023-10-03,CHI,DET,30,6.5,-106,-118
2023-10-03,CHI,DET,68,6.5,-102,-118
2023-10-03,CHI,DET,69,6.5,-104,-120
2023-10-03,CHI,DET,75,6.0,-125,105
2023-10-03,CHI,DET,76,6.5,-105,-125
2023-10-03,VGK,SJ,15,6.0,-120,-108
2023-10-03,VGK,SJ,30,5.5,-130,102
2023-10-03,VGK,SJ,68,6.0,-108,-112
2023-10-03,VGK,SJ,69,6.5,112,-140
2023-10-03,VGK,SJ,75,6.0,-115,-105
2023-10-03,VGK,SJ,76,6.0,-125,105
2023-10-03,LA,ANA,15,6.5,110,-145
2023-10-03,LA,ANA,30,6.5,106,-132
2023-10-03,LA,ANA,68,6.0,-115,-105
2023-10-03,LA,ANA,69,6.5,116,-148
2023-10-03,LA,ANA,75,6.0,-110,-110
2023-10-03,LA,ANA,76,6.5,110,-145
2023-10-04,CBJ,BUF,15,6.5,-122,102
2023-10-04,CBJ,BUF,30,6.5,-132,106
2023-10-04,CBJ,BUF,68,6.5,-122,102
2023-10-04,CBJ,BUF,69,6.5,-122,-102
2023-10-04,CBJ,BUF,75,6.5,-110,-110
2023-10-04,CBJ,BUF,76,6.5,-130,110
2023-10-04,NJ,NYR,15,6.5,-105,-125
2023-10-04,NJ,NYR,30,6.5,-120,-104
2023-10-04,NJ,NYR,68,6.5,-112,-108
2023-10-04,NJ,NYR,69,6.5,104,-130
2023-10-04,NJ,NYR,75,6.5,-105,-115
2023-10-04,NJ,NYR,76,6.5,-105,-125
2023-10-04,PIT,DET,15,6.0,-118,-105
2023-10-04,PIT,DET,30,6.5,-104,-122
2023-10-04,PIT,DET,68,6.0,-118,-102
2023-10-04,PIT,DET,69,6.5,108,-135
2023-10-04,PIT,DET,75,6.5,105,-125
2023-10-04,PIT,DET,76,6.0,-115,-105
2023-10-04,EDM,CGY,15,6.5,-120,-108
2023-10-04,EDM,CGY,30,7.0,115,-135
2023-10-04,EDM,CGY,68,6.5,-112,-108
2023-10-04,EDM,CGY,69,6.5,-128,102
2023-10-04,EDM,CGY,75,6.5,-115,-115
2023-10-04,EDM,CGY,76,6.5,-110,-110
2023-10-04,VAN,SEA,15,6.5,-107,-117
2023-10-04,VAN,SEA,30,6.5,-120,-100
2023-10-04,VAN,SEA,68,6.0,-115,-105
2023-10-04,VAN,SEA,69,6.5,108,-138
2023-10-04,VAN,SEA,75,6.0,-115,-105
2023-10-04,VAN,SEA,76,6.5,-100,-130
2023-10-05,TB,FLA,15,6.5,-105,-115
2023-10-05,TB,FLA,30,6.5,-106,-118
2023-10-05,TB,FLA,68,6.5,-105,-115
2023-10-05,TB,FLA,69,6.5,106,-135
2023-10-05,TB,FLA,75,6.5,-105,-115
2023-10-05,TB,FLA,76,6.0,-120,-100
2023-10-05,CBJ,WSH,15,6.5,-106,-115
2023-10-05,CBJ,WSH,30,6.5,106,-132
2023-10-05,CBJ,WSH,68,6.5,-105,-115
2023-10-05,CBJ,WSH,69,6.5,-108,-116
2023-10-05,CBJ,WSH,75,6.5,-105,-115
2023-10-05,CBJ,WSH,76,6.5,-110,-110
2023-10-05,PHI,NYI,15,5.5,-115,-112
2023-10-05,PHI,NYI,30,6.0,-112,-112
2023-10-05,PHI,NYI,68,5.5,-120,100
2023-10-05,PHI,NYI,69,5.5,-114,-112
2023-10-05,PHI,NYI,75,5.5,-120,100
2023-10-05,PHI,NYI,76,5.5,-115,-115
2023-10-05,TOR,DET,15,6.5,-114,-108
2023-10-05,TOR,DET,30,6.5,-104,-120
2023-10-05,TOR,DET,68,6.5,-112,-108
2023-10-05,TOR,DET,69,6.5,-114,-110
2023-10-05,TOR,DET,75,6.5,-105,-115
2023-10-05,TOR,DET,76,6.5,-115,-105
2023-10-05,NYR,BOS,15,5.5,-130,-106
2023-10-05,NYR,BOS,30,6.0,-112,-112
2023-10-05,NYR,BOS,68,6.0,-112,-108
2023-10-05,NYR,BOS,69,5.5,-118,-106
2023-10-05,NYR,BOS,75,6.0,-105,-115
2023-10-05,NYR,BOS,76,5.5,-130,-100
2023-10-05,DAL,STL,15,6.0,-115,-107
2023-10-05,DAL,STL,30,6.0,-112,-112
2023-10-05,DAL,STL,68,6.0,-115,-105
2023-10-05,DAL,STL,69,6.5,110,-138
2023-10-05,DAL,STL,75,6.0,-115,-105
2023-10-05,DAL,STL,76,6.0,-110,-110
2023-10-05,NSH,CAR,15,6.0,-100,-120
2023-10-05,NSH,CAR,30,6.0,-112,-112
2023-10-05,NSH,CAR,68,6.0,100,-120
2023-10-05,NSH,CAR,69,5.5,-116,-110
2023-10-05,NSH,CAR,75,6.0,100,-120
2023-10-05,NSH,CAR,76,6.0,-100,-120
2023-10-05,WPG,OTT,15,6.5,-107,-112
2023-10-05,WPG,OTT,30,6.5,-102,-122
2023-10-05,WPG,OTT,68,6.5,-105,-115
2023-10-05,WPG,OTT,69,6.5,108,-135
2023-10-05,WPG,OTT,75,6.0,-110,-110
2023-10-05,WPG,OTT,76,6.0,-110,-110
2023-10-05,CHI,MIN,15,6.0,-122,-110
2023-10-05,CHI,MIN,30,6.0,-116,-108
2023-10-05,CHI,MIN,68,6.0,-122,102
2023-10-05,CHI,MIN,69,6.5,114,-142
2023-10-05,CHI,MIN,75,6.0,-120,100
2023-10-05,CHI,MIN,76,6.0,-110,-110
2023-10-05,LA,SJ,15,6.5,-112,-108
2023-10-05,LA,SJ,30,6.0,-118,-106
2023-10-05,LA,SJ,68,6.5,105,-125
2023-10-05,LA,SJ,69,6.5,-118,-106
2023-10-05,LA,SJ,75,6.5,-115,-105
2023-10-05,LA,SJ,76,6.5,-110,-110
2023-10-05,VGK,COL,15,6.5,102,-125
2023-10-05,VGK,COL,30,6.5,-128,102
2023-10-05,VGK,COL,68,6.0,-112,-108
2023-10-05,VGK,COL,69,6.5,102,-130
2023-10-05,VGK,COL,75,6.5,100,-120
2023-10-05,VGK,COL,76,6.5,-105,-125
2023-10-05,ANA,UTA,15,6.0,-122,102
2023-10-05,ANA,UTA,30,6.5,-102,-122
2023-10-05,ANA,UTA,68,6.0,-122,102
2023-10-05,ANA,UTA,69,6.5,108,-135
2023-10-05,ANA,UTA,75,6.0,-120,100
2023-10-05,ANA,UTA,76,6.0,-120,-100
2023-10-06,CAR,NSH,15,6.0,-115,-107
2023-10-06,CAR,NSH,30,6.0,-112,-112
2023-10-06,CAR,NSH,68,6.0,-110,-110
2023-10-06,CAR,NSH,69,5.5,-120,-104
2023-10-06,CAR,NSH,75,6.0,100,-120
2023-10-06,NYI,NJ,15,6.0,-112,-110
2023-10-06,NYI,NJ,30,6.0,-112,-112
2023-10-06,NYI,NJ,68,6.0,-105,-115
2023-10-06,NYI,NJ,69,5.5,-120,-106
2023-10-06,NYI,NJ,75,5.5,-120,100
2023-10-06,BUF,PIT,15,6.5,-110,-112
2023-10-06,BUF,PIT,30,6.5,-112,-112
2023-10-06,BUF,PIT,68,6.5,-110,-110
2023-10-06,BUF,PIT,69,6.5,-110,-114
2023-10-06,BUF,PIT,75,6.5,-105,-115
2023-10-06,EDM,SEA,15,6.5,-107,-115
2023-10-06,EDM,SEA,30,6.5,104,-130
2023-10-06,EDM,SEA,68,6.5,100,-120
2023-10-06,EDM,SEA,69,6.5,-114,-110
2023-10-06,EDM,SEA,75,6.0,-125,105
2023-10-06,VAN,CGY,15,6.5,-106,-117
2023-10-06,VAN,CGY,30,6.5,104,-130
2023-10-06,VAN,CGY,68,6.0,-115,-105
2023-10-06,VAN,CGY,69,6.5,102,-130
2023-10-06,VAN,CGY,75,6.0,-105,-115
2023-10-07,LA,VGK,15,6.5,-105,-118
2023-10-07,LA,VGK,30,6.0,-114,-110
2023-10-07,LA,VGK,68,6.0,-112,-108
2023-10-07,LA,VGK,69,6.5,102,-128
2023-10-07,LA,VGK,75,6.0,-110,-110
2023-10-07,UTA,ANA,15,6.0,-120,-100
2023-10-07,UTA,ANA,30,6.0,-120,-104
2023-10-07,UTA,ANA,68,6.0,-120,100
2023-10-07,UTA,ANA,69,6.5,108,-135
2023-10-07,UTA,ANA,75,6.0,-120,100
2023-10-07,MIN,DAL,15,6.5,-105,-117
2023-10-07,MIN,DAL,30,6.0,-112,-112
2023-10-07,MIN,DAL,68,6.0,-118,-102
2023-10-07,MIN,DAL,69,6.5,108,-135
2023-10-07,MIN,DAL,75,6.0,-110,-110
2023-10-07,FLA,TB,15,6.5,-111,-111
2023-10-07,FLA,TB,30,6.5,-110,-114
2023-10-07,FLA,TB,68,6.5,-110,-110
2023-10-07,FLA,TB,69,6.5,-112,-112
2023-10-07,FLA,TB,75,6.5,-110,-110
2023-10-07,DET,TOR,15,6.5,101,-124
2023-10-07,DET,TOR,30,6.0,-114,-110
2023-10-07,DET,TOR,68,6.0,-112,-108
2023-10-07,DET,TOR,69,6.5,114,-142
2023-10-07,DET,TOR,75,6.0,-115,-105
2023-10-07,WSH,CBJ,15,6.5,-101,-122
2023-10-07,WSH,CBJ,30,6.5,-100,-124
2023-10-07,WSH,CBJ,68,6.0,-110,-110
2023-10-07,WSH,CBJ,69,6.5,108,-135
2023-10-07,WSH,CBJ,75,6.0,-110,-110
2023-10-07,OTT,MTL,15,6.5,102,-125
2023-10-07,OTT,MTL,30,6.0,-118,-106
2023-10-07,OTT,MTL,68,6.0,-120,100
2023-10-07,OTT,MTL,69,6.5,124,-158
2023-10-07,OTT,MTL,75,6.0,-115,-105
2023-10-07,STL,CHI,15,6.5,-102,-121
2023-10-07,STL,CHI,30,6.0,-128,102
2023-10-07,STL,CHI,68,6.0,-115,-105
2023-10-07,STL,CHI,69,6.5,110,-140
2023-10-07,STL,CHI,75,6.0,-115,-105
2023-10-10,TB,NSH,15,6.5,-108,-112
2023-10-10,TB,NSH,30,6.0,-120,-105
2023-10-10,TB,NSH,68,6.5,-115,-105
2023-10-10,TB,NSH,69,6.5,-108,-112
2023-10-10,TB,NSH,71,6.5,-109,-112
2023-10-10,TB,NSH,75,6.5,-110,-110
2023-10-10,TB,NSH,76,6.5,-100,-130
2023-10-10,PIT,CHI,15,6.5,-140,110
2023-10-10,PIT,CHI,30,6.5,-115,-105
2023-10-10,PIT,CHI,68,6.5,-135,114
2023-10-10,PIT,CHI,69,6.5,-134,110
2023-10-10,PIT,CHI,71,6.5,-136,112
2023-10-10,PIT,CHI,75,6.5,-140,115
2023-10-10,PIT,CHI,76,6.5,-140,105
2023-10-10,VGK,SEA,15,6.5,110,-135
2023-10-10,VGK,SEA,30,6.0,-120,-100
2023-10-10,VGK,SEA,68,6.5,110,-130
2023-10-10,VGK,SEA,69,6.5,114,-140
2023-10-10,VGK,SEA,71,6.0,-114,-106
2023-10-10,VGK,SEA,75,6.0,-115,-105
2023-10-10,VGK,SEA,76,6.5,-100,-130
2023-10-11,CAR,OTT,15,6.0,-120,-100
2023-10-11,CAR,OTT,30,6.0,-110,-110
2023-10-11,CAR,OTT,68,6.0,-122,102
2023-10-11,CAR,OTT,69,6.5,-102,-120
2023-10-11,CAR,OTT,71,6.0,-124,102
2023-10-11,CAR,OTT,75,6.0,-120,100
2023-10-11,CAR,OTT,76,5.5,105,-140
2023-10-11,TOR,MTL,15,6.5,-127,114
2023-10-11,TOR,MTL,30,6.5,-110,-110
2023-10-11,TOR,MTL,68,6.5,-125,105
2023-10-11,TOR,MTL,69,6.5,-140,114
2023-10-11,TOR,MTL,71,6.5,-130,107
2023-10-11,TOR,MTL,75,6.5,-135,110
2023-10-11,TOR,MTL,76,6.5,-115,-115
2023-10-11,BOS,CHI,15,6.0,-127,105
2023-10-11,BOS,CHI,30,6.0,-110,-110
2023-10-11,BOS,CHI,68,6.0,-125,105
2023-10-11,BOS,CHI,69,6.5,102,-124
2023-10-11,BOS,CHI,71,6.5,102,-125
2023-10-11,BOS,CHI,75,6.5,100,-120
2023-10-11,BOS,CHI,76,5.5,-160,120
2023-10-11,CGY,WPG,15,5.5,-138,112
2023-10-11,CGY,WPG,30,6.5,102,-120
2023-10-11,CGY,WPG,68,6.0,-105,-115
2023-10-11,CGY,WPG,69,5.5,-138,112
2023-10-11,CGY,WPG,71,6.0,-115,-106
2023-10-11,CGY,WPG,75,6.0,-105,-115
2023-10-11,CGY,WPG,76,5.5,-130,-100
2023-10-11,VAN,EDM,15,6.5,-150,122
2023-10-11,VAN,EDM,30,7.0,110,-130
2023-10-11,VAN,EDM,68,7.0,114,-135
2023-10-11,VAN,EDM,69,6.5,-150,122
2023-10-11,VAN,EDM,71,7.0,114,-137
2023-10-11,VAN,EDM,75,7.0,110,-135
2023-10-11,VAN,EDM,76,6.5,-150,115
2023-10-11,LA,COL,15,6.5,-105,-124
2023-10-11,LA,COL,30,6.5,-105,-110
2023-10-11,LA,COL,68,6.5,-105,-115
2023-10-11,LA,COL,69,6.5,102,-124
2023-10-11,LA,COL,71,6.0,-124,-103
2023-10-11,LA,COL,75,6.0,-120,100
2023-10-11,LA,COL,76,6.5,-105,-125
2023-10-12,BUF,NYR,15,6.5,-142,115
2023-10-12,BUF,NYR,30,6.5,-105,-115
2023-10-12,BUF,NYR,68,6.5,-118,-102
2023-10-12,BUF,NYR,69,6.5,-142,116
2023-10-12,BUF,NYR,71,6.5,-114,-107
2023-10-12,BUF,NYR,75,6.5,-120,100
2023-10-12,BUF,NYR,76,6.5,-150,115
2023-10-12,CBJ,PHI,15,6.5,-115,-105
2023-10-12,CBJ,PHI,30,6.5,-115,-105
2023-10-12,CBJ,PHI,68,6.5,-115,-105
2023-10-12,CBJ,PHI,69,6.5,-114,-105
2023-10-12,CBJ,PHI,71,6.5,-121,100
2023-10-12,CBJ,PHI,75,6.5,-115,-105
2023-10-12,CBJ,PHI,76,6.5,-130,-103
2023-10-12,NJ,DET,15,6.5,-115,-105
2023-10-12,NJ,DET,30,6.5,-110,-110
2023-10-12,NJ,DET,68,6.5,-115,-105
2023-10-12,NJ,DET,69,6.5,-115,-105
2023-10-12,NJ,DET,71,6.5,-120,-103
2023-10-12,NJ,DET,75,6.5,-110,-110
2023-10-12,NJ,DET,76,6.5,-130,-100
2023-10-12,DAL,STL,15,6.5,-109,-118
2023-10-12,DAL,STL,30,6.5,-105,-115
2023-10-12,DAL,STL,68,6.5,-108,-112
2023-10-12,DAL,STL,69,6.5,-104,-118
2023-10-12,DAL,STL,71,5.5,114,-143
2023-10-12,DAL,STL,75,6.5,100,-120
2023-10-12,DAL,STL,76,6.5,-110,-120
2023-10-12,MIN,FLA,15,6.5,105,-120
2023-10-12,MIN,FLA,30,6.5,-120,100
2023-10-12,MIN,FLA,68,6.5,-110,-110
2023-10-12,MIN,FLA,69,6.5,-102,-120
2023-10-12,MIN,FLA,71,6.5,-113,-108
2023-10-12,MIN,FLA,75,6.5,-105,-115
2023-10-12,MIN,FLA,76,6.5,105,-140
2023-10-12,NSH,SEA,15,6.5,-100,-120
2023-10-12,NSH,SEA,30,6.0,-120,-100
2023-10-12,NSH,SEA,68,6.5,100,-120
2023-10-12,NSH,SEA,69,6.5,110,-134
2023-10-12,NSH,SEA,71,4.0,-110,-117
2023-10-12,NSH,SEA,75,6.0,-120,100
2023-10-12,NSH,SEA,76,5.5,-130,-100
2023-10-12,SJ,VGK,15,6.5,-105,-115
2023-10-12,SJ,VGK,30,6.5,-102,-120
2023-10-12,SJ,VGK,68,6.5,-105,-115
2023-10-12,SJ,VGK,69,6.5,-105,-115
2023-10-12,SJ,VGK,71,6.0,-125,102
2023-10-12,SJ,VGK,75,6.5,-105,-115
2023-10-12,SJ,VGK,76,5.5,-105,-125
2023-10-13,NJ,UTA,15,6.5,-140,105
2023-10-13,NJ,UTA,30,6.5,-101,-120
2023-10-13,NJ,UTA,68,6.5,-148,124
2023-10-13,NJ,UTA,69,6.5,-124,102
2023-10-13,NJ,UTA,71,6.5,-132,105
2023-10-13,NJ,UTA,75,6.5,-125,105
2023-10-13,NJ,UTA,76,6.5,-140,105
2023-10-13,WSH,PIT,15,6.5,-114,-108
2023-10-13,WSH,PIT,30,6.5,-104,-116
2023-10-13,WSH,PIT,68,6.5,-110,-110
2023-10-13,WSH,PIT,69,6.5,-114,-106
2023-10-13,WSH,PIT,71,6.5,-112,-109
2023-10-13,WSH,PIT,75,6.5,-110,-110
2023-10-13,WSH,PIT,76,6.5,-140,105
2023-10-14,OTT,PHI,15,6.5,-125,106
2023-10-14,OTT,PHI,30,6.5,-110,-110
2023-10-14,OTT,PHI,68,6.5,-110,-110
2023-10-14,OTT,PHI,69,6.5,-130,106
2023-10-14,OTT,PHI,71,6.5,-109,-112
2023-10-14,OTT,PHI,75,6.5,-110,-110
2023-10-14,OTT,PHI,76,6.5,-125,-105
2023-10-14,WPG,FLA,15,6.5,-120,-100
2023-10-14,WPG,FLA,30,6.5,-120,-100
2023-10-14,WPG,FLA,68,6.5,-120,100
2023-10-14,WPG,FLA,69,6.5,-114,-106
2023-10-14,WPG,FLA,71,6.5,-115,-106
2023-10-14,WPG,FLA,75,6.5,-115,-105
2023-10-14,WPG,FLA,76,6.5,-130,-100
2023-10-14,CBJ,NYR,15,6.5,-123,-105
2023-10-14,CBJ,NYR,30,6.5,-105,-115
2023-10-14,CBJ,NYR,68,6.5,-122,102
2023-10-14,CBJ,NYR,69,6.5,-114,-106
2023-10-14,CBJ,NYR,71,6.5,-114,-112
2023-10-14,CBJ,NYR,75,6.5,-115,-105
2023-10-14,CBJ,NYR,76,6.5,-125,-105
2023-10-14,TOR,MIN,15,6.5,-110,-114
2023-10-14,TOR,MIN,30,6.5,-115,-105
2023-10-14,TOR,MIN,68,6.5,-110,-110
2023-10-14,TOR,MIN,69,6.5,-106,-114
2023-10-14,TOR,MIN,71,6.5,-104,-122
2023-10-14,TOR,MIN,75,6.5,-110,-110
2023-10-14,TOR,MIN,76,6.5,-115,-115
2023-10-14,PIT,CGY,15,6.5,-126,-100
2023-10-14,PIT,CGY,30,6.5,-115,-105
2023-10-14,PIT,CGY,68,6.5,-115,-105
2023-10-14,PIT,CGY,69,6.5,-132,108
2023-10-14,PIT,CGY,71,6.5,-115,-109
2023-10-14,PIT,CGY,75,6.5,-120,100
2023-10-14,PIT,CGY,76,6.5,-140,105
2023-10-14,BOS,NSH,15,5.5,-120,-100
2023-10-14,BOS,NSH,30,6.0,-105,-115
2023-10-14,BOS,NSH,68,5.5,-122,102
2023-10-14,BOS,NSH,69,5.5,-120,-102
2023-10-14,BOS,NSH,71,5.5,-120,-103
2023-10-14,BOS,NSH,75,5.5,-120,100
2023-10-14,BOS,NSH,76,5.5,-120,-110
2023-10-14,MTL,CHI,15,6.5,-104,-118
2023-10-14,MTL,CHI,30,6.0,-120,-100
2023-10-14,MTL,CHI,68,6.5,100,-120
2023-10-14,MTL,CHI,69,6.5,-104,-118
2023-10-14,MTL,CHI,71,6.5,-104,-122
2023-10-14,MTL,CHI,75,6.5,-105,-115
2023-10-14,MTL,CHI,76,6.5,-115,-115
2023-10-14,DET,TB,15,6.5,-129,105
2023-10-14,DET,TB,30,6.5,-120,-100
2023-10-14,DET,TB,68,6.5,-125,105
2023-10-14,DET,TB,69,6.5,-128,104
2023-10-14,DET,TB,71,6.5,-122,-104
2023-10-14,DET,TB,75,6.5,-120,100
2023-10-14,DET,TB,76,6.5,-140,105
2023-10-14,NYI,BUF,15,6.5,-105,-115
2023-10-14,NYI,BUF,30,6.0,-110,-110
2023-10-14,NYI,BUF,68,6.5,100,-120
2023-10-14,NYI,BUF,69,6.5,-105,-115
2023-10-14,NYI,BUF,71,6.5,102,-124
2023-10-14,NYI,BUF,75,6.5,100,-120
2023-10-14,NYI,BUF,76,6.5,-115,-115
2023-10-14,STL,SEA,15,6.5,-105,-115
2023-10-14,STL,SEA,30,6.5,-110,-110
2023-10-14,STL,SEA,68,6.5,100,-120
2023-10-14,STL,SEA,69,6.5,-105,-115
2023-10-14,STL,SEA,71,6.5,102,-124
2023-10-14,STL,SEA,75,6.5,-105,-115
2023-10-14,STL,SEA,76,6.5,-115,-115
2023-10-14,VGK,ANA,15,6.5,-100,-115
2023-10-14,VGK,ANA,30,6.0,-120,-100
2023-10-14,VGK,ANA,68,6.0,-120,100
2023-10-14,VGK,ANA,69,6.5,100,-122
2023-10-14,VGK,ANA,71,6.5,100,-121
2023-10-14,VGK,ANA,75,6.5,100,-120
2023-10-14,VGK,ANA,76,6.5,-115,-115
2023-10-14,EDM,VAN,15,7.0,-128,103
2023-10-14,EDM,VAN,30,7.0,-124,-100
2023-10-14,EDM,VAN,68,7.0,100,-120
2023-10-14,EDM,VAN,69,6.5,-158,128
2023-10-14,EDM,VAN,71,7.0,102,-122
2023-10-14,EDM,VAN,75,7.0,105,-130
2023-10-14,EDM,VAN,76,6.5,-165,125
2023-10-14,SJ,COL,15,6.5,-105,-118
2023-10-14,SJ,COL,30,6.5,-105,-115
2023-10-14,SJ,COL,68,6.5,-105,-115
2023-10-14,SJ,COL,69,6.5,-104,-118
2023-10-14,SJ,COL,71,6.5,-109,-112
2023-10-14,SJ,COL,75,6.5,-105,-115
2023-10-14,SJ,COL,76,6.5,-110,-120
2023-10-14,LA,CAR,15,6.0,-110,-110
2023-10-14,LA,CAR,30,6.0,-110,-110
2023-10-14,LA,CAR,68,6.0,-110,-110
2023-10-14,LA,CAR,69,5.5,-140,114
2023-10-14,LA,CAR,71,6.0,-105,-117
2023-10-14,LA,CAR,75,6.0,-110,-110
2023-10-14,LA,CAR,76,6.5,-100,-130
2023-10-15,OTT,TB,15,6.5,-165,125
2023-10-15,OTT,TB,30,6.5,-130,105
2023-10-15,OTT,TB,68,7.0,-105,-115
2023-10-15,OTT,TB,69,6.5,-144,118
2023-10-15,OTT,TB,71,7.0,-103,-120
2023-10-15,OTT,TB,75,7.0,105,-125
2023-10-15,OTT,TB,76,6.5,-165,125
2023-10-15,ANA,CAR,15,6.5,-105,-115
2023-10-15,ANA,CAR,30,6.5,100,-120
2023-10-15,ANA,CAR,68,6.5,-105,-115
2023-10-15,ANA,CAR,69,6.5,-104,-118
2023-10-15,ANA,CAR,71,6.5,-106,-115
2023-10-15,ANA,CAR,75,6.5,100,-120
2023-10-15,ANA,CAR,76,6.5,-115,-115
2023-10-16,NJ,FLA,15,6.5,-140,115
2023-10-16,NJ,FLA,30,7.0,110,-140
2023-10-16,NJ,FLA,68,7.0,114,-135
2023-10-16,NJ,FLA,69,6.5,-140,114
2023-10-16,NJ,FLA,71,6.5,-136,108
2023-10-16,NJ,FLA,75,7.0,110,-135
2023-10-16,NJ,FLA,76,6.5,-140,115
2023-10-16,WSH,CGY,15,6.5,102,-124
2023-10-16,WSH,CGY,30,6.5,-115,-115
2023-10-16,WSH,CGY,68,6.0,-122,102
2023-10-16,WSH,CGY,69,6.5,102,-124
2023-10-16,WSH,CGY,71,6.0,-121,100
2023-10-16,WSH,CGY,75,6.0,-120,100
2023-10-16,WSH,CGY,76,6.5,105,-125
2023-10-16,NYR,UTA,15,6.5,-110,-110
2023-10-16,NYR,UTA,30,6.5,-120,100
2023-10-16,NYR,UTA,68,6.5,-105,-115
2023-10-16,NYR,UTA,69,6.5,-110,-110
2023-10-16,NYR,UTA,71,6.5,100,-121
2023-10-16,NYR,UTA,75,6.5,-105,-115
2023-10-16,NYR,UTA,76,6.5,-110,-110
2023-10-16,TOR,CHI,15,6.5,-138,112
2023-10-16,TOR,CHI,30,7.0,114,-140
2023-10-16,TOR,CHI,68,7.0,120,-142
2023-10-16,TOR,CHI,69,6.5,-138,112
2023-10-16,TOR,CHI,71,7.0,110,-134
2023-10-16,TOR,CHI,75,6.5,-135,110
2023-10-16,TOR,CHI,76,6.5,-133,110
2023-10-16,CBJ,DET,15,6.5,-142,116
2023-10-16,CBJ,DET,30,7.0,112,-137
2023-10-16,CBJ,DET,68,7.0,110,-130
2023-10-16,CBJ,DET,69,6.5,-142,116
2023-10-16,CBJ,DET,71,6.5,-136,112
2023-10-16,CBJ,DET,75,6.5,-135,110
2023-10-16,CBJ,DET,76,6.5,-140,115
2023-10-17,PHI,VAN,15,6.5,-100,-120
2023-10-17,PHI,VAN,30,6.5,-113,-106
2023-10-17,PHI,VAN,68,6.5,100,-120
2023-10-17,PHI,VAN,69,6.5,100,-122
2023-10-17,PHI,VAN,71,6.0,-120,100
2023-10-17,PHI,VAN,75,6.5,100,-120
2023-10-17,PHI,VAN,76,6.5,-105,-115
2023-10-17,MTL,MIN,15,6.5,110,-130
2023-10-17,MTL,MIN,30,6.5,-125,105
2023-10-17,MTL,MIN,68,6.0,-120,100
2023-10-17,MTL,MIN,69,6.5,110,-134
2023-10-17,MTL,MIN,71,6.0,-117,-105
2023-10-17,MTL,MIN,75,6.0,-115,-105
2023-10-17,MTL,MIN,76,6.5,110,-130
2023-10-17,BUF,TB,15,6.5,-160,130
2023-10-17,BUF,TB,30,6.5,-127,105
2023-10-17,BUF,TB,68,7.0,102,-122
2023-10-17,BUF,TB,69,6.5,-150,122
2023-10-17,BUF,TB,71,7.0,104,-130
2023-10-17,BUF,TB,75,7.0,100,-120
2023-10-17,BUF,TB,76,6.5,-160,130
2023-10-17,NYI,UTA,15,5.5,-121,-100
2023-10-17,NYI,UTA,30,6.0,-120,-100
2023-10-17,NYI,UTA,68,5.5,-122,102
2023-10-17,NYI,UTA,69,5.5,-120,-102
2023-10-17,NYI,UTA,71,6.0,-103,-124
2023-10-17,NYI,UTA,75,6.0,100,-120
2023-10-17,NYI,UTA,76,5.5,-125,105
2023-10-17,NSH,EDM,15,6.5,-145,120
2023-10-17,NSH,EDM,30,6.5,-125,105
2023-10-17,NSH,EDM,68,7.0,105,-125
2023-10-17,NSH,EDM,69,6.5,-142,116
2023-10-17,NSH,EDM,71,6.5,-137,112
2023-10-17,NSH,EDM,75,7.0,110,-130
2023-10-17,NSH,EDM,76,6.5,-145,120
2023-10-17,WPG,LA,15,6.5,-102,-120
2023-10-17,WPG,LA,30,6.5,-113,-106
2023-10-17,WPG,LA,68,6.5,-102,-118
2023-10-17,WPG,LA,69,6.5,-102,-120
2023-10-17,WPG,LA,71,6.5,100,-127
2023-10-17,WPG,LA,75,6.5,100,-120
2023-10-17,WPG,LA,76,6.5,-100,-120
2023-10-17,SEA,COL,15,6.5,-100,-120
2023-10-17,SEA,COL,30,6.5,-101,-119
2023-10-17,SEA,COL,68,6.5,100,-120
2023-10-17,SEA,COL,69,6.5,106,-130
2023-10-17,SEA,COL,71,6.0,-124,102
2023-10-17,SEA,COL,75,6.0,-125,105
2023-10-17,SEA,COL,76,6.5,-100,-120
2023-10-17,SJ,CAR,15,6.5,-100,-120
2023-10-17,SJ,CAR,30,6.5,101,-121
2023-10-17,SJ,CAR,68,6.0,-120,100
2023-10-17,SJ,CAR,69,6.5,110,-134
2023-10-17,SJ,CAR,71,6.0,-115,-106
2023-10-17,SJ,CAR,75,6.0,-115,-105
2023-10-17,SJ,CAR,76,6.5,-100,-120
2023-10-17,VGK,DAL,15,5.5,-122,-100
2023-10-17,VGK,DAL,30,6.0,-110,-110
2023-10-17,VGK,DAL,68,6.0,102,-122
2023-10-17,VGK,DAL,69,5.5,-122,100
2023-10-17,VGK,DAL,71,6.0,102,-124
2023-10-17,VGK,DAL,75,5.5,-120,100
2023-10-17,VGK,DAL,76,5.5,-120,-100
2023-10-18,OTT,WSH,15,6.5,-120,-102
2023-10-18,OTT,WSH,30,6.5,-120,-100
2023-10-18,OTT,WSH,68,6.5,-120,100
2023-10-18,OTT,WSH,69,6.5,-120,-102
2023-10-18,OTT,WSH,71,6.5,-114,-107
2023-10-18,OTT,WSH,75,6.5,-120,100
2023-10-18,OTT,WSH,76,6.5,-125,105
2023-10-18,DET,PIT,15,6.5,-143,117
2023-10-18,DET,PIT,30,6.5,-127,105
2023-10-18,DET,PIT,68,6.5,-142,120
2023-10-18,DET,PIT,69,6.5,-132,108
2023-10-18,DET,PIT,71,7.0,114,-137
2023-10-18,DET,PIT,75,6.5,-140,115
2023-10-18,DET,PIT,76,7.5,-105,-125
2023-10-19,TB,VAN,15,6.5,-130,106
2023-10-19,TB,VAN,30,7.0,112,-137
2023-10-19,TB,VAN,68,7.0,114,-135
2023-10-19,TB,VAN,69,6.5,-130,106
2023-10-19,TB,VAN,71,6.5,-137,108
2023-10-19,TB,VAN,75,6.5,-120,100
2023-10-19,TB,VAN,76,6.5,-130,-100
2023-10-19,BUF,CGY,15,6.5,-130,105
2023-10-19,BUF,CGY,30,6.5,-115,-105
2023-10-19,BUF,CGY,68,6.5,-125,105
2023-10-19,BUF,CGY,69,6.5,-140,112
2023-10-19,BUF,CGY,71,6.5,-122,102
2023-10-19,BUF,CGY,75,6.5,-125,105
2023-10-19,BUF,CGY,76,6.5,-130,-100
2023-10-19,FLA,TOR,15,6.5,-158,128
2023-10-19,FLA,TOR,30,7.0,-103,-116
2023-10-19,FLA,TOR,68,7.0,105,-125
2023-10-19,FLA,TOR,69,6.5,-158,128
2023-10-19,FLA,TOR,71,7.0,106,-129
2023-10-19,FLA,TOR,75,7.0,105,-125
2023-10-19,FLA,TOR,76,6.5,-150,125
2023-10-19,NYR,NSH,15,5.5,-132,108
2023-10-19,NYR,NSH,30,6.0,-116,-103
2023-10-19,NYR,NSH,68,6.0,-108,-112
2023-10-19,NYR,NSH,69,5.5,-132,108
2023-10-19,NYR,NSH,71,6.0,-105,-117
2023-10-19,NYR,NSH,75,6.0,100,-120
2023-10-19,NYR,NSH,76,5.5,-125,-105
2023-10-19,PHI,EDM,15,6.5,-160,120
2023-10-19,PHI,EDM,30,6.5,-135,110
2023-10-19,PHI,EDM,68,7.0,105,-125
2023-10-19,PHI,EDM,69,6.5,-140,114
2023-10-19,PHI,EDM,71,6.5,-137,114
2023-10-19,PHI,EDM,75,6.5,-140,115
2023-10-19,PHI,EDM,76,6.5,-160,120
2023-10-19,MIN,LA,15,6.5,-100,-130
2023-10-19,MIN,LA,30,6.5,101,-121
2023-10-19,MIN,LA,68,6.0,-112,-108
2023-10-19,MIN,LA,69,6.5,114,-140
2023-10-19,MIN,LA,71,6.0,-106,-115
2023-10-19,MIN,LA,75,6.0,-115,-105
2023-10-19,MIN,LA,76,6.5,-100,-130
2023-10-19,STL,UTA,15,6.5,-100,-121
2023-10-19,STL,UTA,30,6.0,-116,-103
2023-10-19,STL,UTA,68,6.5,102,-122
2023-10-19,STL,UTA,69,6.5,100,-122
2023-10-19,STL,UTA,71,6.0,-106,-115
2023-10-19,STL,UTA,75,6.0,-115,-105
2023-10-19,STL,UTA,76,5.5,-140,105
2023-10-19,WPG,VGK,15,6.5,102,-124
2023-10-19,WPG,VGK,30,6.0,-110,-110
2023-10-19,WPG,VGK,68,6.0,-120,100
2023-10-19,WPG,VGK,69,6.5,102,-124
2023-10-19,WPG,VGK,71,6.0,-117,-105
2023-10-19,WPG,VGK,75,6.0,-115,-105
2023-10-19,WPG,VGK,76,6.5,-110,-120
2023-10-19,ANA,DAL,15,6.5,105,-132
2023-10-19,ANA,DAL,30,6.0,-107,-112
2023-10-19,ANA,DAL,68,6.0,-112,-108
2023-10-19,ANA,DAL,69,6.5,108,-132
2023-10-19,ANA,DAL,71,6.0,-117,-105
2023-10-19,ANA,DAL,75,6.0,-110,-110
2023-10-19,ANA,DAL,76,6.5,105,-140
2023-10-19,SEA,CAR,15,5.5,-130,106
2023-10-19,SEA,CAR,30,6.0,-110,-110
2023-10-19,SEA,CAR,68,6.0,-110,-110
2023-10-19,SEA,CAR,69,5.5,-130,106
2023-10-19,SEA,CAR,71,6.0,-108,-113
2023-10-19,SEA,CAR,75,6.0,-105,-115
2023-10-19,SEA,CAR,76,5.5,-130,-100
2023-10-19,COL,CHI,15,6.5,-105,-115
2023-10-19,COL,CHI,30,6.5,-103,-116
2023-10-19,COL,CHI,68,6.5,-105,-115
2023-10-19,COL,CHI,69,6.5,-106,-114
2023-10-19,COL,CHI,71,6.5,-107,-118
2023-10-19,COL,CHI,75,6.5,-105,-115
2023-10-19,COL,CHI,76,6.5,-105,-125
2023-10-19,SJ,BOS,15,5.5,-137,110
2023-10-19,SJ,BOS,30,6.0,-119,-101
2023-10-19,SJ,BOS,68,6.0,-105,-115
2023-10-19,SJ,BOS,69,5.5,-134,110
2023-10-19,SJ,BOS,71,6.0,-110,-110
2023-10-19,SJ,BOS,75,6.0,-105,-115
2023-10-19,SJ,BOS,76,5.5,-130,-100
2023-10-20,CBJ,CGY,15,6.5,-129,104
2023-10-20,CBJ,CGY,30,6.5,-120,-100
2023-10-20,CBJ,CGY,68,6.5,-125,105
2023-10-20,CBJ,CGY,69,6.5,-128,104
2023-10-20,CBJ,CGY,71,6.5,-124,102
2023-10-20,CBJ,CGY,75,6.5,-130,105
2023-10-20,CBJ,CGY,76,6.5,-140,105
2023-10-20,NYI,NJ,15,6.0,-110,-110
2023-10-20,NYI,NJ,30,6.0,-120,-100
2023-10-20,NYI,NJ,68,6.0,-110,-110
2023-10-20,NYI,NJ,69,5.5,-132,108
2023-10-20,NYI,NJ,71,6.0,-107,-114
2023-10-20,NYI,NJ,75,6.0,-110,-110
2023-10-20,NYI,NJ,76,6.5,105,-125
2023-10-21,OTT,DET,15,6.5,-137,108
2023-10-21,OTT,DET,30,6.5,-115,-105
2023-10-21,OTT,DET,68,6.5,-135,114
2023-10-21,OTT,DET,69,6.5,-132,108
2023-10-21,OTT,DET,71,6.5,-134,110
2023-10-21,OTT,DET,75,6.5,-130,105
2023-10-21,OTT,DET,76,6.5,-140,105
2023-10-21,UTA,ANA,15,6.5,-113,-112
2023-10-21,UTA,ANA,30,6.5,-115,-105
2023-10-21,UTA,ANA,68,6.5,-112,-108
2023-10-21,UTA,ANA,69,6.5,-108,-112
2023-10-21,UTA,ANA,71,6.5,-109,-110
2023-10-21,UTA,ANA,75,6.5,-110,-110
2023-10-21,UTA,ANA,76,6.5,-115,-115
2023-10-21,TB,TOR,15,6.5,-152,125
2023-10-21,TB,TOR,30,7.0,107,-130
2023-10-21,TB,TOR,68,7.0,105,-125
2023-10-21,TB,TOR,69,6.5,-152,124
2023-10-21,TB,TOR,71,7.0,-103,-120
2023-10-21,TB,TOR,75,7.0,100,-120
2023-10-21,TB,TOR,76,6.5,-150,125
2023-10-21,MTL,WSH,15,6.5,-108,-112
2023-10-21,MTL,WSH,30,6.5,-105,-115
2023-10-21,MTL,WSH,68,6.5,-108,-112
2023-10-21,MTL,WSH,69,6.5,-108,-112
2023-10-21,MTL,WSH,71,6.5,-104,-118
2023-10-21,MTL,WSH,75,6.5,-105,-115
2023-10-21,MTL,WSH,76,6.5,-105,-115
2023-10-21,FLA,VAN,15,6.5,-124,102
2023-10-21,FLA,VAN,30,6.5,-137,112
2023-10-21,FLA,VAN,68,6.5,-122,102
2023-10-21,FLA,VAN,69,6.5,-124,102
2023-10-21,FLA,VAN,71,6.5,-129,106
2023-10-21,FLA,VAN,75,6.5,-120,100
2023-10-21,FLA,VAN,76,6.5,-125,105
2023-10-21,BUF,NYI,15,6.5,-113,-106
2023-10-21,BUF,NYI,30,6.0,-110,-110
2023-10-21,BUF,NYI,68,6.5,-110,-110
2023-10-21,BUF,NYI,69,6.5,-112,-108
2023-10-21,BUF,NYI,71,6.5,-112,-109
2023-10-21,BUF,NYI,75,6.5,-115,-105
2023-10-21,BUF,NYI,76,6.5,-115,-105
2023-10-21,DAL,PHI,15,5.5,-140,114
2023-10-21,DAL,PHI,30,5.5,-120,-102
2023-10-21,DAL,PHI,68,6.0,-110,-110
2023-10-21,DAL,PHI,69,5.5,-140,114
2023-10-21,DAL,PHI,71,6.0,-110,-115
2023-10-21,DAL,PHI,75,6.0,-110,-110
2023-10-21,DAL,PHI,76,5.5,-130,110
2023-10-21,STL,PIT,15,6.5,-120,-106
2023-10-21,STL,PIT,30,6.5,-115,-105
2023-10-21,STL,PIT,68,6.5,-120,100
2023-10-21,STL,PIT,69,6.5,-120,-102
2023-10-21,STL,PIT,71,6.5,-121,-105
2023-10-21,STL,PIT,75,6.5,-115,-105
2023-10-21,STL,PIT,76,6.5,-150,115
2023-10-21,MIN,CBJ,15,6.5,-105,-122
2023-10-21,MIN,CBJ,30,6.5,-104,-118
2023-10-21,MIN,CBJ,68,6.5,-105,-115
2023-10-21,MIN,CBJ,69,6.5,100,-122
2023-10-21,MIN,CBJ,71,6.5,-103,-120
2023-10-21,MIN,CBJ,75,6.5,-105,-115
2023-10-21,MIN,CBJ,76,6.5,-105,-125
2023-10-21,CHI,VGK,15,6.5,105,-125
2023-10-21,CHI,VGK,30,6.0,-120,-100
2023-10-21,CHI,VGK,68,6.0,-120,100
2023-10-21,CHI,VGK,69,6.5,112,-138
2023-10-21,CHI,VGK,71,6.0,-117,-105
2023-10-21,CHI,VGK,75,6.0,-115,-105
2023-10-21,CHI,VGK,76,6.5,105,-125
2023-10-21,NSH,SJ,15,6.5,-103,-122
2023-10-21,NSH,SJ,30,6.0,-110,-110
2023-10-21,NSH,SJ,68,6.0,-108,-112
2023-10-21,NSH,SJ,69,6.5,104,-132
2023-10-21,NSH,SJ,71,6.0,-112,-109
2023-10-21,NSH,SJ,75,6.0,-110,-110
2023-10-21,NSH,SJ,76,6.5,105,-140
2023-10-21,COL,CAR,15,6.5,-100,-114
2023-10-21,COL,CAR,30,6.5,110,-134
2023-10-21,COL,CAR,68,6.0,-122,102
2023-10-21,COL,CAR,69,6.5,-106,-114
2023-10-21,COL,CAR,71,6.5,100,-121
2023-10-21,COL,CAR,75,6.5,100,-120
2023-10-21,COL,CAR,76,6.5,-100,-130
2023-10-21,SEA,NYR,15,6.5,104,-121
2023-10-21,SEA,NYR,30,6.5,112,-138
2023-10-21,SEA,NYR,68,6.5,102,-122
2023-10-21,SEA,NYR,69,6.5,104,-128
2023-10-21,SEA,NYR,71,6.0,-125,102
2023-10-21,SEA,NYR,75,6.0,-120,100
2023-10-21,SEA,NYR,76,6.5,-105,-115
2023-10-21,EDM,WPG,15,6.5,-145,120
2023-10-21,EDM,WPG,30,6.5,-130,106
2023-10-21,EDM,WPG,68,7.0,110,-130
2023-10-21,EDM,WPG,69,6.5,-144,118
2023-10-21,EDM,WPG,71,7.0,107,-130
2023-10-21,EDM,WPG,75,6.5,-130,105
2023-10-21,EDM,WPG,76,6.5,-145,120
2023-10-21,LA,BOS,15,5.5,-120,102
2023-10-21,LA,BOS,30,5.5,-138,112
2023-10-21,LA,BOS,68,5.5,-120,100
2023-10-21,LA,BOS,69,5.5,-114,-106
2023-10-21,LA,BOS,71,6.0,-103,-120
2023-10-21,LA,BOS,75,5.5,-120,100
2023-10-21,LA,BOS,76,5.5,-120,-100
2023-10-22,DET,CGY,15,6.5,-127,-100
2023-10-22,DET,CGY,30,6.5,-115,-105
2023-10-22,DET,CGY,68,6.5,-125,105
2023-10-22,DET,CGY,69,6.5,-122,100
2023-10-22,DET,CGY,71,6.5,-127,105
2023-10-22,DET,CGY,75,6.5,-120,100
2023-10-22,DET,CGY,76,6.5,-130,110
2023-10-22,ANA,BOS,15,6.5,105,-134
2023-10-22,ANA,BOS,30,6.0,-110,-110
2023-10-22,ANA,BOS,68,6.0,-115,-105
2023-10-22,ANA,BOS,69,6.5,110,-134
2023-10-22,ANA,BOS,71,6.0,-127,100
2023-10-22,ANA,BOS,75,6.0,-110,-110
2023-10-22,ANA,BOS,76,6.5,105,-140
2023-10-23,BUF,MTL,15,6.5,-130,107
2023-10-23,BUF,MTL,30,6.5,-115,-105
2023-10-23,BUF,MTL,68,6.5,-130,110
2023-10-23,BUF,MTL,69,6.5,-134,110
2023-10-23,BUF,MTL,71,6.5,-134,110
2023-10-23,BUF,MTL,75,6.5,-125,105
2023-10-23,BUF,MTL,76,6.5,-125,105
2023-10-24,WSH,TOR,15,6.5,-120,-100
2023-10-24,WSH,TOR,30,6.5,-118,-104
2023-10-24,WSH,TOR,68,6.5,-120,100
2023-10-24,WSH,TOR,69,6.5,-118,-104
2023-10-24,WSH,TOR,71,6.5,-118,-104
2023-10-24,WSH,TOR,75,6.5,-120,100
2023-10-24,WSH,TOR,76,6.5,-120,-100
2023-10-24,OTT,BUF,15,7.5,135,-166
2023-10-24,OTT,BUF,30,6.5,-138,112
2023-10-24,OTT,BUF,68,7.0,-108,-112
2023-10-24,OTT,BUF,69,7.5,136,-168
2023-10-24,OTT,BUF,71,7.0,-114,-107
2023-10-24,OTT,BUF,75,7.0,-105,-115
2023-10-24,OTT,BUF,76,7.5,140,-170
2023-10-24,TB,CAR,15,6.5,-126,105
2023-10-24,TB,CAR,30,6.5,-102,-120
2023-10-24,TB,CAR,68,6.5,-130,110
2023-10-24,TB,CAR,69,6.5,-118,-104
2023-10-24,TB,CAR,71,6.5,-125,104
2023-10-24,TB,CAR,75,6.5,-120,100
2023-10-24,TB,CAR,76,6.5,-125,105
2023-10-24,MTL,NJ,15,6.5,-130,107
2023-10-24,MTL,NJ,30,6.5,-102,-120
2023-10-24,MTL,NJ,68,6.5,-130,110
2023-10-24,MTL,NJ,69,6.5,-128,104
2023-10-24,MTL,NJ,71,6.5,-125,104
2023-10-24,MTL,NJ,75,6.5,-125,105
2023-10-24,MTL,NJ,76,6.5,-145,120
2023-10-24,PIT,DAL,15,6.5,-100,-110
2023-10-24,PIT,DAL,30,6.5,102,-124
2023-10-24,PIT,DAL,68,6.0,-120,100
2023-10-24,PIT,DAL,69,6.5,100,-122
2023-10-24,PIT,DAL,71,6.5,102,-124
2023-10-24,PIT,DAL,75,6.0,-120,100
2023-10-24,PIT,DAL,76,6.5,-110,-110
2023-10-24,FLA,SJ,15,6.5,-126,-101
2023-10-24,FLA,SJ,30,6.5,-148,120
2023-10-24,FLA,SJ,68,6.5,-122,102
2023-10-24,FLA,SJ,69,6.5,-132,108
2023-10-24,FLA,SJ,71,6.5,-129,106
2023-10-24,FLA,SJ,75,6.5,-120,100
2023-10-24,FLA,SJ,76,6.5,-130,110
2023-10-24,NYI,COL,15,5.5,-115,-105
2023-10-24,NYI,COL,30,5.5,-134,110
2023-10-24,NYI,COL,68,5.5,-115,-105
2023-10-24,NYI,COL,69,5.5,-108,-112
2023-10-24,NYI,COL,71,5.5,-114,-106
2023-10-24,NYI,COL,75,5.5,-115,-105
2023-10-24,NYI,COL,76,5.5,-115,-105
2023-10-24,DET,SEA,15,6.5,-101,-110
2023-10-24,DET,SEA,30,6.5,-106,-114
2023-10-24,DET,SEA,68,6.0,-120,100
2023-10-24,DET,SEA,69,6.5,-108,-112
2023-10-24,DET,SEA,71,6.5,-103,-120
2023-10-24,DET,SEA,75,6.5,-105,-115
2023-10-24,DET,SEA,76,6.5,-110,-110
2023-10-24,CBJ,ANA,15,6.5,-115,-105
2023-10-24,CBJ,ANA,30,6.5,-120,-102
2023-10-24,CBJ,ANA,68,6.5,-112,-108
2023-10-24,CBJ,ANA,69,6.5,-118,-104
2023-10-24,CBJ,ANA,71,6.5,-114,-107
2023-10-24,CBJ,ANA,75,6.5,-110,-110
2023-10-24,CBJ,ANA,76,6.5,-115,-105
2023-10-24,CHI,BOS,15,5.5,-123,102
2023-10-24,CHI,BOS,30,6.5,106,-130
2023-10-24,CHI,BOS,68,5.5,-122,102
2023-10-24,CHI,BOS,69,5.5,-124,102
2023-10-24,CHI,BOS,71,6.0,100,-121
2023-10-24,CHI,BOS,75,6.0,-105,-115
2023-10-24,CHI,BOS,76,5.5,-120,-100
2023-10-24,WPG,STL,15,6.5,105,-125
2023-10-24,WPG,STL,30,6.5,-104,-118
2023-10-24,WPG,STL,68,6.0,-118,-102
2023-10-24,WPG,STL,69,6.5,106,-130
2023-10-24,WPG,STL,71,6.0,-118,-104
2023-10-24,WPG,STL,75,6.0,-120,100
2023-10-24,WPG,STL,76,6.5,105,-125
2023-10-24,MIN,EDM,15,6.5,-112,-110
2023-10-24,MIN,EDM,30,6.5,104,-128
2023-10-24,MIN,EDM,68,6.5,-115,-105
2023-10-24,MIN,EDM,69,6.5,-112,-110
2023-10-24,MIN,EDM,71,6.5,-107,-114
2023-10-24,MIN,EDM,75,6.5,-115,-105
2023-10-24,MIN,EDM,76,6.5,-110,-110
2023-10-24,NSH,VAN,15,6.5,-100,-115
2023-10-24,NSH,VAN,30,6.5,104,-128
2023-10-24,NSH,VAN,68,6.0,-115,-105
2023-10-24,NSH,VAN,69,6.5,100,-122
2023-10-24,NSH,VAN,71,6.5,100,-120
2023-10-24,NSH,VAN,75,6.0,-115,-105
2023-10-24,NSH,VAN,76,6.5,-105,-115
2023-10-24,CGY,NYR,15,6.5,105,-125
2023-10-24,CGY,NYR,30,6.0,-120,100
2023-10-24,CGY,NYR,68,6.0,-108,-112
2023-10-24,CGY,NYR,69,6.5,114,-140
2023-10-24,CGY,NYR,71,6.0,-103,-120
2023-10-24,CGY,NYR,75,6.0,-105,-115
2023-10-24,CGY,NYR,76,6.5,105,-125
2023-10-24,LA,UTA,15,6.5,-102,-119
2023-10-24,LA,UTA,30,6.5,-120,100
2023-10-24,LA,UTA,68,6.5,-102,-118
2023-10-24,LA,UTA,69,6.5,-102,-120
2023-10-24,LA,UTA,71,6.5,100,-121
2023-10-24,LA,UTA,75,6.5,100,-120
2023-10-24,LA,UTA,76,6.5,-110,-110
2023-10-24,VGK,PHI,15,6.0,-110,-110
2023-10-24,VGK,PHI,30,6.0,-120,-102
2023-10-24,VGK,PHI,68,6.0,-110,-110
2023-10-24,VGK,PHI,69,6.5,112,-138
2023-10-24,VGK,PHI,71,6.0,-113,-114
2023-10-24,VGK,PHI,75,6.0,-115,-105
2023-10-24,VGK,PHI,76,5.5,-130,110
2023-10-25,NJ,WSH,15,6.5,-137,110
2023-10-25,NJ,WSH,30,6.5,-120,-100
2023-10-25,NJ,WSH,68,6.5,-142,120
2023-10-25,NJ,WSH,69,6.5,-134,110
2023-10-25,NJ,WSH,71,7.0,112,-137
2023-10-25,NJ,WSH,75,6.5,-130,105
2023-10-25,NJ,WSH,76,6.5,-145,110
2023-10-26,CAR,SEA,15,6.5,-100,-120
2023-10-26,CAR,SEA,30,6.5,-102,-118
2023-10-26,CAR,SEA,68,6.0,-122,102
2023-10-26,CAR,SEA,69,6.5,106,-130
2023-10-26,CAR,SEA,71,6.5,102,-122
2023-10-26,CAR,SEA,75,6.5,100,-120
2023-10-26,CAR,SEA,76,6.5,-100,-120
2023-10-26,DET,WPG,15,6.5,-109,-111
2023-10-26,DET,WPG,30,6.5,-115,-105
2023-10-26,DET,WPG,68,6.5,-108,-112
2023-10-26,DET,WPG,69,6.5,-108,-112
2023-10-26,DET,WPG,71,6.5,-112,-109
2023-10-26,DET,WPG,75,6.5,-110,-110
2023-10-26,DET,WPG,76,6.5,-110,-110
2023-10-26,BOS,ANA,15,5.5,-139,111
2023-10-26,BOS,ANA,30,6.0,-113,-106
2023-10-26,BOS,ANA,68,6.0,-102,-118
2023-10-26,BOS,ANA,69,5.5,-138,112
2023-10-26,BOS,ANA,71,6.0,-108,-113
2023-10-26,BOS,ANA,75,6.0,-105,-115
2023-10-26,BOS,ANA,76,5.5,-140,105
2023-10-26,MTL,CBJ,15,6.5,-122,103
2023-10-26,MTL,CBJ,30,6.5,-127,105
2023-10-26,MTL,CBJ,68,6.5,-122,102
2023-10-26,MTL,CBJ,69,6.5,-122,100
2023-10-26,MTL,CBJ,71,6.5,-118,-104
2023-10-26,MTL,CBJ,75,6.5,-120,100
2023-10-26,MTL,CBJ,76,6.5,-145,110
2023-10-26,PIT,COL,15,6.5,-127,105
2023-10-26,PIT,COL,30,6.5,-118,-102
2023-10-26,PIT,COL,68,6.5,-125,105
2023-10-26,PIT,COL,69,6.5,-122,100
2023-10-26,PIT,COL,71,6.5,-132,104
2023-10-26,PIT,COL,75,6.5,-120,100
2023-10-26,PIT,COL,76,6.5,-130,110
2023-10-26,TB,SJ,15,6.5,-110,-110
2023-10-26,TB,SJ,30,6.5,-120,-100
2023-10-26,TB,SJ,68,6.5,-112,-108
2023-10-26,TB,SJ,69,6.5,-110,-110
2023-10-26,TB,SJ,71,6.5,-124,102
2023-10-26,TB,SJ,75,6.5,-115,-105
2023-10-26,TB,SJ,76,6.5,-110,-110
2023-10-26,PHI,MIN,15,6.5,105,-125
2023-10-26,PHI,MIN,30,6.5,-110,-110
2023-10-26,PHI,MIN,68,6.0,-122,102
2023-10-26,PHI,MIN,69,6.5,110,-134
2023-10-26,PHI,MIN,71,6.0,-115,-106
2023-10-26,PHI,MIN,75,6.0,-115,-105
2023-10-26,PHI,MIN,76,6.5,105,-125
2023-10-26,NYI,OTT,15,6.5,-100,-123
2023-10-26,NYI,OTT,30,6.0,-121,101
2023-10-26,NYI,OTT,68,6.0,-120,100
2023-10-26,NYI,OTT,69,6.5,100,-122
2023-10-26,NYI,OTT,71,6.0,-122,100
2023-10-26,NYI,OTT,75,6.0,-120,100
2023-10-26,NYI,OTT,76,6.5,105,-140
2023-10-26,DAL,TOR,15,6.5,-105,-115
2023-10-26,DAL,TOR,30,6.5,-105,-115
2023-10-26,DAL,TOR,68,6.5,-108,-112
2023-10-26,DAL,TOR,69,6.5,-105,-115
2023-10-26,DAL,TOR,71,6.5,-107,-114
2023-10-26,DAL,TOR,75,6.5,100,-120
2023-10-26,DAL,TOR,76,6.5,-105,-115
2023-10-26,CGY,STL,15,6.5,-100,-129
2023-10-26,CGY,STL,30,6.0,-119,-101
2023-10-26,CGY,STL,68,6.0,-122,102
2023-10-26,CGY,STL,69,6.5,108,-132
2023-10-26,CGY,STL,71,6.5,102,-122
2023-10-26,CGY,STL,75,6.0,-115,-105
2023-10-26,CGY,STL,76,6.5,-100,-130
2023-10-26,EDM,NYR,15,6.5,-110,-106
2023-10-26,EDM,NYR,30,6.5,-110,-110
2023-10-26,EDM,NYR,68,6.0,-122,102
2023-10-26,EDM,NYR,69,6.5,-106,-114
2023-10-26,EDM,NYR,71,6.0,-122,102
2023-10-26,EDM,NYR,75,6.0,-120,100
2023-10-26,EDM,NYR,76,6.5,-100,-120
2023-10-27,VGK,CHI,15,6.0,-121,-100
2023-10-27,VGK,CHI,30,6.0,-109,-111
2023-10-27,VGK,CHI,68,6.0,-108,-112
2023-10-27,VGK,CHI,69,5.5,-138,112
2023-10-27,VGK,CHI,71,6.0,-104,-118
2023-10-27,VGK,CHI,75,6.0,-105,-115
2023-10-27,VGK,CHI,76,6.5,110,-130
2023-10-27,WSH,MIN,15,6.5,-100,-122
2023-10-27,WSH,MIN,30,6.0,-120,-100
2023-10-27,WSH,MIN,68,6.5,-102,-118
2023-10-27,WSH,MIN,69,6.5,100,-122
2023-10-27,WSH,MIN,71,6.0,-122,100
2023-10-27,WSH,MIN,75,6.5,100,-120
2023-10-27,WSH,MIN,76,6.5,105,-140
2023-10-27,NJ,BUF,15,6.5,-160,130
2023-10-27,NJ,BUF,30,7.0,-110,-110
2023-10-27,NJ,BUF,68,7.0,-108,-112
2023-10-27,NJ,BUF,69,6.5,-158,128
2023-10-27,NJ,BUF,71,7.0,-107,-114
2023-10-27,NJ,BUF,75,7.0,-105,-115
2023-10-27,NJ,BUF,76,6.5,-160,130
2023-10-27,CAR,SJ,15,6.5,-105,-115
2023-10-27,CAR,SJ,30,6.5,-105,-115
2023-10-27,CAR,SJ,68,6.5,-105,-115
2023-10-27,CAR,SJ,69,6.5,100,-122
2023-10-27,CAR,SJ,71,6.5,-104,-122
2023-10-27,CAR,SJ,75,6.5,-105,-115
2023-10-27,CAR,SJ,76,6.5,-140,105
2023-10-27,VAN,STL,15,6.5,104,-128
2023-10-27,VAN,STL,30,6.5,-115,-105
2023-10-27,VAN,STL,68,6.0,-112,-108
2023-10-27,VAN,STL,69,6.5,104,-128
2023-10-27,VAN,STL,71,6.0,-121,100
2023-10-27,VAN,STL,75,6.0,-115,-105
2023-10-27,VAN,STL,76,6.5,110,-130
2023-10-27,UTA,LA,15,6.5,-106,-114
2023-10-27,UTA,LA,30,6.5,-110,-110
2023-10-27,UTA,LA,68,6.5,-102,-118
2023-10-27,UTA,LA,69,6.5,-106,-114
2023-10-27,UTA,LA,71,6.5,-108,-113
2023-10-27,UTA,LA,75,6.5,-105,-115
2023-10-27,UTA,LA,76,6.5,-110,-110
2023-10-28,PHI,ANA,15,6.5,-110,-110
2023-10-28,PHI,ANA,30,6.0,-105,-115
2023-10-28,PHI,ANA,68,6.5,-110,-110
2023-10-28,PHI,ANA,69,6.5,-105,-115
2023-10-28,PHI,ANA,71,6.0,-120,-103
2023-10-28,PHI,ANA,75,6.0,-105,-115
2023-10-28,PHI,ANA,76,6.5,-110,-110
2023-10-28,FLA,SEA,15,6.5,-120,-106
2023-10-28,FLA,SEA,30,6.5,-127,105
2023-10-28,FLA,SEA,68,6.5,-120,100
2023-10-28,FLA,SEA,69,6.5,-114,-106
2023-10-28,FLA,SEA,71,6.5,-114,-107
2023-10-28,FLA,SEA,75,6.5,-120,100
2023-10-28,FLA,SEA,76,6.5,-150,115
2023-10-28,CBJ,NYI,15,6.5,101,-120
2023-10-28,CBJ,NYI,30,6.0,-115,-105
2023-10-28,CBJ,NYI,68,6.5,-102,-118
2023-10-28,CBJ,NYI,69,6.5,100,-122
2023-10-28,CBJ,NYI,71,6.5,102,-124
2023-10-28,CBJ,NYI,75,6.0,-120,100
2023-10-28,CBJ,NYI,76,6.5,-100,-120
2023-10-28,NSH,TOR,15,6.5,-100,-120
2023-10-28,NSH,TOR,30,6.5,-105,-115
2023-10-28,NSH,TOR,68,6.5,100,-120
2023-10-28,NSH,TOR,69,6.5,100,-122
2023-10-28,NSH,TOR,71,6.5,100,-121
2023-10-28,NSH,TOR,75,6.0,-120,100
2023-10-28,NSH,TOR,76,6.5,-100,-120
2023-10-28,PIT,OTT,15,6.5,-160,130
2023-10-28,PIT,OTT,30,6.5,-130,107
2023-10-28,PIT,OTT,68,7.0,102,-122
2023-10-28,PIT,OTT,69,6.5,-144,116
2023-10-28,PIT,OTT,71,7.0,-104,-118
2023-10-28,PIT,OTT,75,7.0,100,-120
2023-10-28,PIT,OTT,76,6.5,-160,130
2023-10-28,MTL,WPG,15,6.5,-118,-104
2023-10-28,MTL,WPG,30,6.5,-105,-115
2023-10-28,MTL,WPG,68,6.5,-115,-105
2023-10-28,MTL,WPG,69,6.5,-118,-104
2023-10-28,MTL,WPG,71,6.5,-109,-110
2023-10-28,MTL,WPG,75,6.5,-115,-105
2023-10-28,MTL,WPG,76,6.5,-120,-100
2023-10-28,BOS,DET,15,5.5,-131,107
2023-10-28,BOS,DET,30,6.0,-121,101
2023-10-28,BOS,DET,68,6.0,-105,-115
2023-10-28,BOS,DET,69,5.5,-130,106
2023-10-28,BOS,DET,71,6.0,-107,-114
2023-10-28,BOS,DET,75,6.0,100,-120
2023-10-28,BOS,DET,76,5.5,-125,105
2023-10-28,VAN,NYR,15,5.5,-125,104
2023-10-28,VAN,NYR,30,6.0,-110,-110
2023-10-28,VAN,NYR,68,5.5,-120,100
2023-10-28,VAN,NYR,69,5.5,-128,104
2023-10-28,VAN,NYR,71,6.0,-103,-120
2023-10-28,VAN,NYR,75,5.5,-120,100
2023-10-28,VAN,NYR,76,5.5,-125,105
2023-10-28,LA,VGK,15,6.5,-100,-120
2023-10-28,LA,VGK,30,6.0,-100,-120
2023-10-28,LA,VGK,68,6.0,-122,102
2023-10-28,LA,VGK,69,6.5,100,-122
2023-10-28,LA,VGK,71,6.0,-121,100
2023-10-28,LA,VGK,75,6.0,-120,100
2023-10-28,LA,VGK,76,6.5,-100,-120
2023-10-29,BUF,COL,15,6.5,-150,125
2023-10-29,BUF,COL,30,6.5,100,-120
2023-10-29,BUF,COL,68,7.0,105,-125
2023-10-29,BUF,COL,69,6.5,-140,112
2023-10-29,BUF,COL,71,6.5,-134,110
2023-10-29,BUF,COL,75,6.5,-135,115
2023-10-29,BUF,COL,76,6.5,-150,125
2023-10-29,NJ,MIN,15,6.5,-137,110
2023-10-29,NJ,MIN,30,6.5,-127,105
2023-10-29,NJ,MIN,68,6.5,-130,110
2023-10-29,NJ,MIN,69,6.5,-130,106
2023-10-29,NJ,MIN,71,6.5,-134,110
2023-10-29,NJ,MIN,75,6.5,-130,110
2023-10-29,NJ,MIN,76,6.5,-145,120
2023-10-29,WSH,SJ,15,6.0,-116,-103
2023-10-29,WSH,SJ,30,6.0,-109,-111
2023-10-29,WSH,SJ,68,6.0,-105,-115
2023-10-29,WSH,SJ,69,5.5,-134,110
2023-10-29,WSH,SJ,71,6.0,-104,-117
2023-10-29,WSH,SJ,75,6.0,-105,-115
2023-10-29,WSH,SJ,76,6.5,110,-130
2023-10-29,EDM,CGY,15,6.5,-107,-113
2023-10-29,EDM,CGY,30,6.5,-105,-115
2023-10-29,EDM,CGY,68,6.5,-108,-112
2023-10-29,EDM,CGY,69,6.5,-105,-115
2023-10-29,EDM,CGY,71,6.5,-105,-115
2023-10-29,EDM,CGY,75,6.5,-105,-115
2023-10-29,EDM,CGY,76,6.5,-110,-110
2023-10-30,BOS,FLA,15,6.5,-100,-110
2023-10-30,BOS,FLA,30,6.0,-110,-110
2023-10-30,BOS,FLA,68,6.0,-110,-110
2023-10-30,BOS,FLA,69,6.5,-104,-118
2023-10-30,BOS,FLA,71,6.0,-125,102
2023-10-30,BOS,FLA,75,6.0,-105,-115
2023-10-30,BOS,FLA,76,6.5,-110,-110
2023-10-30,PIT,ANA,15,6.5,-127,110
2023-10-30,PIT,ANA,30,6.5,100,-120
2023-10-30,PIT,ANA,68,6.5,-122,102
2023-10-30,PIT,ANA,69,6.5,-105,-115
2023-10-30,PIT,ANA,71,6.5,-120,-103
2023-10-30,PIT,ANA,75,6.5,-120,100
2023-10-30,PIT,ANA,76,6.5,-130,110
2023-10-30,PHI,CAR,15,6.5,-100,-120
2023-10-30,PHI,CAR,30,6.0,-120,100
2023-10-30,PHI,CAR,68,6.0,-122,102
2023-10-30,PHI,CAR,69,6.5,108,-132
2023-10-30,PHI,CAR,71,6.0,-120,100
2023-10-30,PHI,CAR,75,6.0,-120,100
2023-10-30,PHI,CAR,76,6.5,-100,-120
2023-10-30,TB,SEA,15,6.5,-104,-116
2023-10-30,TB,SEA,30,6.0,-121,101
2023-10-30,TB,SEA,68,6.5,-102,-118
2023-10-30,TB,SEA,69,6.5,-104,-118
2023-10-30,TB,SEA,71,6.0,-121,-105
2023-10-30,TB,SEA,75,6.5,100,-120
2023-10-30,TB,SEA,76,6.5,-110,-110
2023-10-30,WPG,NYR,15,5.5,-125,105
2023-10-30,WPG,NYR,30,6.0,-100,-120
2023-10-30,WPG,NYR,68,6.0,102,-122
2023-10-30,WPG,NYR,69,5.5,-124,102
2023-10-30,WPG,NYR,71,6.0,102,-124
2023-10-30,WPG,NYR,75,5.5,-120,100
2023-10-30,WPG,NYR,76,5.5,-125,105
2023-10-30,NYI,DET,15,5.5,-133,108
2023-10-30,NYI,DET,30,6.0,-100,-120
2023-10-30,NYI,DET,68,6.0,-102,-118
2023-10-30,NYI,DET,69,5.5,-128,104
2023-10-30,NYI,DET,71,5.5,-122,100
2023-10-30,NYI,DET,75,6.0,100,-120
2023-10-30,NYI,DET,76,5.5,-125,105
2023-10-30,DAL,CBJ,15,6.5,104,-125
2023-10-30,DAL,CBJ,30,6.0,-120,-100
2023-10-30,DAL,CBJ,68,6.0,-115,-105
2023-10-30,DAL,CBJ,69,6.5,108,-132
2023-10-30,DAL,CBJ,71,6.0,-122,100
2023-10-30,DAL,CBJ,75,6.0,-115,-105
2023-10-30,DAL,CBJ,76,6.5,105,-125
2023-10-30,VGK,MTL,15,6.5,-110,-110
2023-10-30,VGK,MTL,30,6.0,-110,-110
2023-10-30,VGK,MTL,68,6.5,-112,-108
2023-10-30,VGK,MTL,69,6.5,100,-122
2023-10-30,VGK,MTL,71,6.5,-103,-124
2023-10-30,VGK,MTL,75,6.5,100,-120
2023-10-30,VGK,MTL,76,6.5,-110,-110
2023-10-30,UTA,CHI,15,6.5,101,-124
2023-10-30,UTA,CHI,30,6.0,-110,-110
2023-10-30,UTA,CHI,68,6.0,-115,-105
2023-10-30,UTA,CHI,69,6.5,-104,-118
2023-10-30,UTA,CHI,71,6.0,-113,-108
2023-10-30,UTA,CHI,75,6.0,-115,-105
2023-10-30,UTA,CHI,76,6.5,110,-130
2023-10-31,TOR,LA,15,6.5,-137,112
2023-10-31,TOR,LA,30,7.0,107,-130
2023-10-31,TOR,LA,68,6.5,-135,114
2023-10-31,TOR,LA,69,6.5,-134,110
2023-10-31,TOR,LA,71,6.5,-134,106
2023-10-31,TOR,LA,75,6.5,-130,105
2023-10-31,TOR,LA,76,6.5,-140,115
2023-10-31,VAN,NSH,15,6.5,-102,-120
2023-10-31,VAN,NSH,30,6.0,-113,-106
2023-10-31,VAN,NSH,68,6.5,100,-120
2023-10-31,VAN,NSH,69,6.5,-100,-122
2023-10-31,VAN,NSH,71,6.0,-120,-103
2023-10-31,VAN,NSH,75,6.0,-120,100
2023-10-31,VAN,NSH,76,6.5,-105,-115
2023-11-01,PHI,BUF,15,6.5,-140,114
2023-11-01,PHI,BUF,30,6.5,-122,100
2023-11-01,PHI,BUF,68,6.5,-135,114
2023-11-01,PHI,BUF,69,6.5,-140,114
2023-11-01,PHI,BUF,71,7.0,110,-134
2023-11-01,PHI,BUF,75,6.5,-135,115
2023-11-01,PHI,BUF,76,6.5,-150,115
2023-11-01,CGY,DAL,15,5.5,-120,-100
2023-11-01,CGY,DAL,30,6.5,110,-134
2023-11-01,CGY,DAL,68,5.5,-120,100
2023-11-01,CGY,DAL,69,5.5,-118,-104
2023-11-01,CGY,DAL,71,5.5,-115,-106
2023-11-01,CGY,DAL,75,3.0,-3000,1300
2023-11-01,CGY,DAL,76,5.5,-120,-100
2023-11-01,COL,STL,15,6.5,-106,-113
2023-11-01,COL,STL,30,6.5,112,-140
2023-11-01,COL,STL,68,6.5,-108,-112
2023-11-01,COL,STL,69,6.5,-105,-115
2023-11-01,COL,STL,71,6.5,-106,-115
2023-11-01,COL,STL,75,6.5,100,-120
2023-11-01,COL,STL,76,6.5,-105,-115
2023-11-01,ANA,UTA,15,6.5,-109,-111
2023-11-01,ANA,UTA,30,6.5,102,-124
2023-11-01,ANA,UTA,68,6.5,-108,-112
2023-11-01,ANA,UTA,69,6.5,-106,-114
2023-11-01,ANA,UTA,71,6.5,-105,-117
2023-11-01,ANA,UTA,75,6.5,-110,-110
2023-11-01,ANA,UTA,76,6.5,-115,-105
2023-11-02,CBJ,TB,15,6.5,-146,119
2023-11-02,CBJ,TB,30,6.5,-121,101
2023-11-02,CBJ,TB,68,7.0,110,-130
2023-11-02,CBJ,TB,69,6.5,-152,124
2023-11-02,CBJ,TB,71,6.5,-130,108
2023-11-02,CBJ,TB,75,7.0,105,-125
2023-11-02,CBJ,TB,76,6.5,-140,115
2023-11-02,WSH,NYI,15,6.0,-115,-110
2023-11-02,WSH,NYI,30,5.5,-119,-101
2023-11-02,WSH,NYI,68,6.0,-115,-105
2023-11-02,WSH,NYI,69,6.5,106,-130
2023-11-02,WSH,NYI,71,6.0,-104,-118
2023-11-02,WSH,NYI,75,6.0,-110,-110
2023-11-02,WSH,NYI,76,6.5,110,-130
2023-11-02,OTT,LA,15,6.5,-130,107
2023-11-02,OTT,LA,30,7.0,107,-130
2023-11-02,OTT,LA,68,6.5,-125,105
2023-11-02,OTT,LA,69,6.5,-128,104
2023-11-02,OTT,LA,71,6.5,-137,112
2023-11-02,OTT,LA,75,6.5,-125,105
2023-11-02,OTT,LA,76,6.5,-130,110
2023-11-02,NYR,CAR,15,5.5,-115,-105
2023-11-02,NYR,CAR,30,5.5,-120,-100
2023-11-02,NYR,CAR,68,5.5,-115,-105
2023-11-02,NYR,CAR,69,5.5,-120,-102
2023-11-02,NYR,CAR,71,5.5,-113,-108
2023-11-02,NYR,CAR,75,5.5,-115,-105
2023-11-02,NYR,CAR,76,5.5,-115,-105
2023-11-02,DET,FLA,15,6.5,-130,107
2023-11-02,DET,FLA,30,6.5,-120,-100
2023-11-02,DET,FLA,68,6.5,-130,110
2023-11-02,DET,FLA,69,6.5,-134,110
2023-11-02,DET,FLA,71,6.5,-132,110
2023-11-02,DET,FLA,75,6.5,-125,105
2023-11-02,DET,FLA,76,6.5,-140,115
2023-11-02,BOS,TOR,15,6.0,-105,-115
2023-11-02,BOS,TOR,30,6.0,-110,-110
2023-11-02,BOS,TOR,68,6.0,-105,-115
2023-11-02,BOS,TOR,69,5.5,-138,112
2023-11-02,BOS,TOR,71,6.0,-107,-114
2023-11-02,BOS,TOR,75,6.0,100,-120
2023-11-02,BOS,TOR,76,6.5,105,-125
2023-11-02,MIN,NJ,15,6.5,-139,113
2023-11-02,MIN,NJ,30,6.5,-137,112
2023-11-02,MIN,NJ,68,6.5,-135,114
2023-11-02,MIN,NJ,69,6.5,-134,110
2023-11-02,MIN,NJ,71,6.5,-136,112
2023-11-02,MIN,NJ,75,6.5,-135,115
2023-11-02,MIN,NJ,76,6.5,-140,115
2023-11-02,EDM,DAL,15,6.5,-116,-105
2023-11-02,EDM,DAL,30,6.5,-115,-105
2023-11-02,EDM,DAL,68,6.5,-115,-105
2023-11-02,EDM,DAL,69,6.5,-114,-106
2023-11-02,EDM,DAL,71,6.5,-121,100
2023-11-02,EDM,DAL,75,6.5,-115,-105
2023-11-02,EDM,DAL,76,6.5,-140,115
2023-11-02,SEA,NSH,15,5.5,-125,105
2023-11-02,SEA,NSH,30,6.0,-105,-115
2023-11-02,SEA,NSH,68,6.0,102,-122
2023-11-02,SEA,NSH,69,5.5,-122,-100
2023-11-02,SEA,NSH,71,6.0,-103,-120
2023-11-02,SEA,NSH,75,5.5,-120,100
2023-11-02,SEA,NSH,76,5.5,-125,105
2023-11-02,VGK,WPG,15,6.0,-105,-115
2023-11-02,VGK,WPG,30,6.0,-109,-111
2023-11-02,VGK,WPG,68,6.0,-105,-115
2023-11-02,VGK,WPG,69,5.5,-138,112
2023-11-02,VGK,WPG,71,6.0,-105,-117
2023-11-02,VGK,WPG,75,6.0,-105,-115
2023-11-02,VGK,WPG,76,6.5,110,-130
2023-11-02,UTA,MTL,15,6.5,-100,-119
2023-11-02,UTA,MTL,30,6.5,-100,-120
2023-11-02,UTA,MTL,68,6.5,100,-120
2023-11-02,UTA,MTL,69,6.5,-104,-118
2023-11-02,UTA,MTL,71,6.5,-109,-112
2023-11-02,UTA,MTL,75,6.5,-105,-115
2023-11-02,UTA,MTL,76,6.5,-110,-110
2023-11-02,SJ,VAN,15,6.0,-111,-109
2023-11-02,SJ,VAN,30,6.5,-113,-106
2023-11-02,SJ,VAN,68,6.0,-112,-108
2023-11-02,SJ,VAN,69,5.5,-140,114
2023-11-02,SJ,VAN,71,6.0,-112,-108
2023-11-02,SJ,VAN,75,6.0,-115,-105
2023-11-02,SJ,VAN,76,6.5,110,-130
2023-11-03,BUF,PHI,15,6.5,-130,110
2023-11-03,BUF,PHI,30,6.5,-148,120
2023-11-03,BUF,PHI,68,6.5,-130,110
2023-11-03,BUF,PHI,69,6.5,-138,112
2023-11-03,BUF,PHI,71,6.5,-136,108
2023-11-03,BUF,PHI,75,6.5,-135,110
2023-11-03,BUF,PHI,76,6.5,-130,110
2023-11-03,STL,NJ,15,6.5,-123,-103
2023-11-03,STL,NJ,30,6.5,-110,-110
2023-11-03,STL,NJ,68,6.5,-118,-102
2023-11-03,STL,NJ,69,6.5,-122,-100
2023-11-03,STL,NJ,71,6.5,-124,102
2023-11-03,STL,NJ,75,6.5,-120,100
2023-11-03,STL,NJ,76,6.5,-140,115
2023-11-04,EDM,NSH,15,6.5,-156,128
2023-11-04,EDM,NSH,30,6.5,-130,107
2023-11-04,EDM,NSH,68,7.0,-110,-110
2023-11-04,EDM,NSH,69,6.5,-162,132
2023-11-04,EDM,NSH,71,6.5,-137,114
2023-11-04,EDM,NSH,75,7.0,100,-120
2023-11-04,EDM,NSH,76,6.5,-150,125
2023-11-04,UTA,WPG,15,6.5,-100,-120
2023-11-04,UTA,WPG,30,6.5,-101,-119
2023-11-04,UTA,WPG,68,6.5,100,-120
2023-11-04,UTA,WPG,69,6.5,102,-124
2023-11-04,UTA,WPG,71,6.0,-122,102
2023-11-04,UTA,WPG,75,6.5,100,-120
2023-11-04,UTA,WPG,76,6.5,-100,-120
2023-11-04,DET,BOS,15,5.5,-129,105
2023-11-04,DET,BOS,30,6.0,-120,-100
2023-11-04,DET,BOS,68,6.0,102,-122
2023-11-04,DET,BOS,69,5.5,-128,104
2023-11-04,DET,BOS,71,6.0,102,-122
2023-11-04,DET,BOS,75,6.0,100,-120
2023-11-04,DET,BOS,76,5.5,-125,105
2023-11-04,OTT,TB,15,6.5,-150,125
2023-11-04,OTT,TB,30,7.0,110,-140
2023-11-04,OTT,TB,68,7.0,110,-130
2023-11-04,OTT,TB,69,6.5,-134,110
2023-11-04,OTT,TB,71,6.5,-137,114
2023-11-04,OTT,TB,75,7.0,110,-135
2023-11-04,OTT,TB,76,6.5,-150,125
2023-11-04,STL,MTL,15,6.5,-104,-116
2023-11-04,STL,MTL,30,6.5,100,-120
2023-11-04,STL,MTL,68,6.5,-102,-118
2023-11-04,STL,MTL,69,6.5,-105,-115
2023-11-04,STL,MTL,71,6.5,102,-124
2023-11-04,STL,MTL,75,6.0,-120,100
2023-11-04,STL,MTL,76,6.5,-105,-115
2023-11-04,TOR,BUF,15,6.5,-134,111
2023-11-04,TOR,BUF,30,6.5,-130,105
2023-11-04,TOR,BUF,68,7.0,110,-130
2023-11-04,TOR,BUF,69,6.5,-138,112
2023-11-04,TOR,BUF,71,6.5,-134,110
2023-11-04,TOR,BUF,75,6.5,-135,110
2023-11-04,TOR,BUF,76,6.5,-130,110
2023-11-04,WSH,CBJ,15,6.5,-110,-110
2023-11-04,WSH,CBJ,30,6.5,101,-121
2023-11-04,WSH,CBJ,68,6.5,-108,-112
2023-11-04,WSH,CBJ,69,6.5,-108,-112
2023-11-04,WSH,CBJ,71,6.5,-103,-120
2023-11-04,WSH,CBJ,75,6.5,-110,-110
2023-11-04,WSH,CBJ,76,6.5,-110,-110
2023-11-04,PHI,LA,15,6.5,-110,-110
2023-11-04,PHI,LA,30,6.5,-113,-106
2023-11-04,PHI,LA,68,6.5,-110,-110
2023-11-04,PHI,LA,69,6.5,-106,-114
2023-11-04,PHI,LA,71,6.5,-114,-106
2023-11-04,PHI,LA,75,6.5,-110,-110
2023-11-04,PHI,LA,76,6.5,-110,-110
2023-11-04,NYI,CAR,15,5.5,-131,110
2023-11-04,NYI,CAR,30,5.5,-120,100
2023-11-04,NYI,CAR,68,6.0,-102,-118
2023-11-04,NYI,CAR,69,5.5,-132,108
2023-11-04,NYI,CAR,71,5.5,-120,-103
2023-11-04,NYI,CAR,75,6.0,-115,-105
2023-11-04,NYI,CAR,76,5.5,-130,110
2023-11-04,MIN,NYR,15,6.5,-105,-115
2023-11-04,MIN,NYR,30,6.0,-110,-110
2023-11-04,MIN,NYR,68,6.0,-112,-108
2023-11-04,MIN,NYR,69,6.5,106,-130
2023-11-04,MIN,NYR,71,6.0,-114,-106
2023-11-04,MIN,NYR,75,6.0,-115,-105
2023-11-04,MIN,NYR,76,6.5,-105,-115
2023-11-04,CHI,FLA,15,6.5,-107,-113
2023-11-04,CHI,FLA,30,6.5,-121,101
2023-11-04,CHI,FLA,68,6.5,-102,-118
2023-11-04,CHI,FLA,69,6.5,-108,-112
2023-11-04,CHI,FLA,71,6.5,102,-122
2023-11-04,CHI,FLA,75,6.0,-120,100
2023-11-04,CHI,FLA,76,6.5,-110,-110
2023-11-04,VAN,DAL,15,6.5,107,-110
2023-11-04,VAN,DAL,30,6.5,-105,-115
2023-11-04,VAN,DAL,68,6.0,-120,100
2023-11-04,VAN,DAL,69,6.5,106,-130
2023-11-04,VAN,DAL,71,6.0,-120,100
2023-11-04,VAN,DAL,75,6.0,-115,-105
2023-11-04,VAN,DAL,76,6.5,-110,-110
2023-11-04,SEA,CGY,15,6.0,-109,-111
2023-11-04,SEA,CGY,30,6.5,-109,-111
2023-11-04,SEA,CGY,68,6.0,-108,-112
2023-11-04,SEA,CGY,69,5.5,-130,106
2023-11-04,SEA,CGY,71,6.0,-118,-104
2023-11-04,SEA,CGY,75,6.0,-110,-110
2023-11-04,SEA,CGY,76,6.5,110,-130
2023-11-04,SJ,PIT,15,6.5,-110,-110
2023-11-04,SJ,PIT,30,6.5,-120,-100
2023-11-04,SJ,PIT,68,6.5,-110,-110
2023-11-04,SJ,PIT,69,6.5,-104,-118
2023-11-04,SJ,PIT,71,6.5,-112,-109
2023-11-04,SJ,PIT,75,6.5,-110,-110
2023-11-04,SJ,PIT,76,6.5,-110,-110
2023-11-04,VGK,COL,15,6.5,-110,-110
2023-11-04,VGK,COL,30,6.5,-100,-120
2023-11-04,VGK,COL,68,6.0,-112,-108
2023-11-04,VGK,COL,69,6.5,112,-138
2023-11-04,VGK,COL,71,6.0,-122,102
2023-11-04,VGK,COL,75,6.0,-110,-110
2023-11-04,VGK,COL,76,6.5,-110,-110
2023-11-05,CHI,NJ,15,6.5,-101,-120
2023-11-05,CHI,NJ,30,6.5,-110,-110
2023-11-05,CHI,NJ,68,6.5,-102,-118
2023-11-05,CHI,NJ,69,6.5,-102,-120
2023-11-05,CHI,NJ,71,6.5,102,-122
2023-11-05,CHI,NJ,75,6.0,-120,100
2023-11-05,CHI,NJ,76,6.5,-100,-120
2023-11-05,ANA,VGK,15,6.5,-106,-113
2023-11-05,ANA,VGK,30,6.0,-120,100
2023-11-05,ANA,VGK,68,6.5,-108,-112
2023-11-05,ANA,VGK,69,6.5,-104,-118
2023-11-05,ANA,VGK,71,6.5,-103,-125
2023-11-05,ANA,VGK,75,6.5,100,-120
2023-11-05,ANA,VGK,76,6.5,-110,-110
2023-11-06,TOR,TB,15,6.5,-140,115
2023-11-06,TOR,TB,30,6.5,-140,112
2023-11-06,TOR,TB,68,6.5,-135,114
2023-11-06,TOR,TB,69,6.5,-142,116
2023-11-06,TOR,TB,71,6.5,-132,108
2023-11-06,TOR,TB,75,7.0,110,-135
2023-11-06,TOR,TB,76,6.5,-140,115
2023-11-06,FLA,CBJ,15,6.5,-112,-109
2023-11-06,FLA,CBJ,30,6.5,-122,-100
2023-11-06,FLA,CBJ,68,6.5,-115,-105
2023-11-06,FLA,CBJ,69,6.5,-112,-110
2023-11-06,FLA,CBJ,71,6.5,-122,100
2023-11-06,FLA,CBJ,75,6.5,-115,-105
2023-11-06,FLA,CBJ,76,6.5,-110,-110
2023-11-06,DAL,BOS,15,5.5,-110,-110
2023-11-06,DAL,BOS,30,5.5,-140,114
2023-11-06,DAL,BOS,68,5.5,-110,-110
2023-11-06,DAL,BOS,69,5.5,-112,-108
2023-11-06,DAL,BOS,71,5.5,-117,-109
2023-11-06,DAL,BOS,75,5.5,-110,-110
2023-11-06,DAL,BOS,76,5.5,-110,-110
2023-11-06,VAN,EDM,15,6.5,-162,132
2023-11-06,VAN,EDM,30,6.5,-150,122
2023-11-06,VAN,EDM,68,7.0,102,-122
2023-11-06,VAN,EDM,69,6.5,-162,132
2023-11-06,VAN,EDM,71,7.0,104,-132
2023-11-06,VAN,EDM,75,7.0,105,-130
2023-11-06,VAN,EDM,76,6.5,-160,130
2023-11-07,MTL,TB,15,6.5,-160,130
2023-11-07,MTL,TB,30,6.5,-100,-120
2023-11-07,MTL,TB,68,7.0,110,-130
2023-11-07,MTL,TB,69,6.5,-140,114
2023-11-07,MTL,TB,71,7.0,114,-137
2023-11-07,MTL,TB,75,7.0,110,-135
2023-11-07,MTL,TB,76,6.5,-160,130
2023-11-07,CAR,BUF,15,6.5,-132,112
2023-11-07,CAR,BUF,30,6.5,-110,-110
2023-11-07,CAR,BUF,68,6.5,-135,114
2023-11-07,CAR,BUF,69,6.5,-140,114
2023-11-07,CAR,BUF,71,6.5,-134,110
2023-11-07,CAR,BUF,75,7.0,110,-135
2023-11-07,CAR,BUF,76,6.5,-130,110
2023-11-07,NYR,DET,15,6.5,-100,-123
2023-11-07,NYR,DET,30,6.0,-115,-105
2023-11-07,NYR,DET,68,6.0,-115,-105
2023-11-07,NYR,DET,69,6.5,104,-128
2023-11-07,NYR,DET,71,6.0,-117,-105
2023-11-07,NYR,DET,75,6.0,-115,-105
2023-11-07,NYR,DET,76,6.5,105,-125
2023-11-07,NYI,MIN,15,6.0,-115,-105
2023-11-07,NYI,MIN,30,5.5,-119,-101
2023-11-07,NYI,MIN,68,6.0,-115,-105
2023-11-07,NYI,MIN,69,5.5,-140,114
2023-11-07,NYI,MIN,71,6.0,-112,-109
2023-11-07,NYI,MIN,75,6.0,-115,-105
2023-11-07,NYI,MIN,76,7.5,130,-170
2023-11-07,STL,WPG,15,6.0,-110,-110
2023-11-07,STL,WPG,30,6.0,-120,-100
2023-11-07,STL,WPG,68,6.0,-110,-110
2023-11-07,STL,WPG,69,5.5,-138,112
2023-11-07,STL,WPG,71,6.0,-108,-113
2023-11-07,STL,WPG,75,6.0,-105,-115
2023-11-07,STL,WPG,76,6.5,-100,-120
2023-11-07,CGY,NSH,15,5.5,-130,106
2023-11-07,CGY,NSH,30,6.0,-109,-111
2023-11-07,CGY,NSH,68,6.0,100,-120
2023-11-07,CGY,NSH,69,5.5,-132,108
2023-11-07,CGY,NSH,71,5.5,-124,102
2023-11-07,CGY,NSH,75,3.0,-5000,1350
2023-11-07,CGY,NSH,76,5.5,-125,105
2023-11-07,UTA,SEA,15,6.5,102,-115
2023-11-07,UTA,SEA,30,6.5,-110,-110
2023-11-07,UTA,SEA,68,6.0,-125,105
2023-11-07,UTA,SEA,69,6.5,104,-128
2023-11-07,UTA,SEA,71,6.0,-124,102
2023-11-07,UTA,SEA,75,6.0,-115,-105
2023-11-07,UTA,SEA,76,6.5,-105,-115
2023-11-07,ANA,PIT,15,6.5,-150,125
2023-11-07,ANA,PIT,30,6.5,-120,100
2023-11-07,ANA,PIT,68,7.0,110,-130
2023-11-07,ANA,PIT,69,6.5,-134,110
2023-11-07,ANA,PIT,71,7.0,110,-134
2023-11-07,ANA,PIT,75,6.5,-140,115
2023-11-07,ANA,PIT,76,6.5,-150,125
2023-11-07,COL,NJ,15,6.5,-100,-120
2023-11-07,COL,NJ,30,6.5,-102,-117
2023-11-07,COL,NJ,68,6.5,100,-120
2023-11-07,COL,NJ,69,6.5,-100,-122
2023-11-07,COL,NJ,71,6.5,-105,-121
2023-11-07,COL,NJ,75,6.5,-105,-115
2023-11-07,COL,NJ,76,6.5,-115,-115
2023-11-07,SJ,PHI,15,6.5,-111,-109
2023-11-07,SJ,PHI,30,6.5,-130,107
2023-11-07,SJ,PHI,68,6.5,-115,-105
2023-11-07,SJ,PHI,69,6.5,-112,-108
2023-11-07,SJ,PHI,71,6.5,-121,100
2023-11-07,SJ,PHI,75,6.5,-115,-105
2023-11-07,SJ,PHI,76,6.5,-110,-110
2023-11-08,TOR,OTT,15,6.5,-145,120
2023-11-08,TOR,OTT,30,7.0,105,-127
2023-11-08,TOR,OTT,68,7.0,110,-130
2023-11-08,TOR,OTT,69,6.5,-144,118
2023-11-08,TOR,OTT,71,7.5,112,-150
2023-11-08,TOR,OTT,75,7.0,110,-135
2023-11-08,TOR,OTT,76,6.5,-145,120
2023-11-08,WSH,FLA,15,6.5,-105,-115
2023-11-08,WSH,FLA,30,6.5,-115,-105
2023-11-08,WSH,FLA,68,6.5,-105,-115
2023-11-08,WSH,FLA,69,6.5,-106,-114
2023-11-08,WSH,FLA,71,7.5,-125,-104
2023-11-08,WSH,FLA,75,6.5,-105,-115
2023-11-08,WSH,FLA,76,6.5,-105,-115
2023-11-08,VGK,LA,15,6.5,-100,-120
2023-11-08,VGK,LA,30,6.0,-115,-105
2023-11-08,VGK,LA,68,6.0,-125,105
2023-11-08,VGK,LA,69,6.5,102,-124
2023-11-08,VGK,LA,71,6.5,-104,-122
2023-11-08,VGK,LA,75,6.0,-120,100
2023-11-08,VGK,LA,76,6.5,-100,-120
2023-11-09,NYR,MIN,15,6.5,-105,-115
2023-11-09,NYR,MIN,30,6.0,-120,100
2023-11-09,NYR,MIN,68,6.5,102,-122
2023-11-09,NYR,MIN,69,6.5,-105,-115
2023-11-09,NYR,MIN,71,6.0,-127,102
2023-11-09,NYR,MIN,75,6.5,100,-120
2023-11-09,NYR,MIN,76,6.5,-105,-115
2023-11-09,TB,CHI,15,6.5,-130,107
2023-11-09,TB,CHI,30,6.5,101,-123
2023-11-09,TB,CHI,68,6.5,-125,105
2023-11-09,TB,CHI,69,6.5,-134,110
2023-11-09,TB,CHI,71,6.5,-124,102
2023-11-09,TB,CHI,75,6.5,-130,105
2023-11-09,TB,CHI,76,6.5,-130,110
2023-11-09,OTT,VAN,15,7.0,105,-127
2023-11-09,OTT,VAN,30,6.5,-121,101
2023-11-09,OTT,VAN,68,7.0,105,-125
2023-11-09,OTT,VAN,69,6.5,-148,120
2023-11-09,OTT,VAN,71,7.0,112,-137
2023-11-09,OTT,VAN,75,7.0,105,-130
2023-11-09,OTT,VAN,76,7.5,120,-160
2023-11-09,DET,MTL,15,6.5,-125,105
2023-11-09,DET,MTL,30,6.5,-105,-115
2023-11-09,DET,MTL,68,6.5,-125,105
2023-11-09,DET,MTL,69,6.5,-134,110
2023-11-09,DET,MTL,71,6.5,-124,102
2023-11-09,DET,MTL,75,6.5,-130,105
2023-11-09,DET,MTL,76,6.5,-125,105
2023-11-09,BOS,NYI,15,5.5,102,-123
2023-11-09,BOS,NYI,30,5.5,-118,-104
2023-11-09,BOS,NYI,68,5.5,100,-120
2023-11-09,BOS,NYI,69,5.5,104,-132
2023-11-09,BOS,NYI,71,5.5,106,-129
2023-11-09,BOS,NYI,75,5.5,100,-120
2023-11-09,BOS,NYI,76,5.5,105,-125
2023-11-09,CBJ,DAL,15,6.5,-101,-120
2023-11-09,CBJ,DAL,30,6.0,-120,-100
2023-11-09,CBJ,DAL,68,6.5,-102,-118
2023-11-09,CBJ,DAL,69,6.5,104,-128
2023-11-09,CBJ,DAL,71,6.0,-124,102
2023-11-09,CBJ,DAL,75,6.5,100,-120
2023-11-09,CBJ,DAL,76,6.5,-100,-120
2023-11-09,STL,UTA,15,6.5,-106,-113
2023-11-09,STL,UTA,30,6.5,-105,-115
2023-11-09,STL,UTA,68,6.5,-108,-112
2023-11-09,STL,UTA,69,6.5,-104,-118
2023-11-09,STL,UTA,71,6.5,-107,-114
2023-11-09,STL,UTA,75,6.5,-105,-115
2023-11-09,STL,UTA,76,6.5,-110,-110
2023-11-09,WPG,NSH,15,6.5,-108,-112
2023-11-09,WPG,NSH,30,6.0,-110,-110
2023-11-09,WPG,NSH,68,6.0,-118,-102
2023-11-09,WPG,NSH,69,6.5,102,-124
2023-11-09,WPG,NSH,71,6.0,-113,-108
2023-11-09,WPG,NSH,75,6.5,100,-120
2023-11-09,WPG,NSH,76,6.5,105,-125
2023-11-09,COL,SEA,15,6.5,-105,-115
2023-11-09,COL,SEA,30,6.5,100,-120
2023-11-09,COL,SEA,68,6.5,-105,-115
2023-11-09,COL,SEA,69,6.5,-104,-118
2023-11-09,COL,SEA,71,6.0,-124,102
2023-11-09,COL,SEA,75,6.5,-105,-115
2023-11-09,COL,SEA,76,6.5,-110,-110
2023-11-09,LA,PIT,15,6.5,-137,111
2023-11-09,LA,PIT,30,6.5,-120,-100
2023-11-09,LA,PIT,68,6.5,-130,110
2023-11-09,LA,PIT,69,6.5,-140,112
2023-11-09,LA,PIT,71,6.5,-136,112
2023-11-09,LA,PIT,75,7.0,110,-135
2023-11-09,LA,PIT,76,6.5,-145,120
2023-11-09,SJ,EDM,15,6.5,-151,123
2023-11-09,SJ,EDM,30,7.0,-105,-115
2023-11-09,SJ,EDM,68,7.0,110,-130
2023-11-09,SJ,EDM,69,6.5,-150,122
2023-11-09,SJ,EDM,71,7.0,102,-129
2023-11-09,SJ,EDM,75,7.0,110,-135
2023-11-09,SJ,EDM,76,6.5,-145,120
2023-11-10,TOR,CGY,15,6.5,-127,105
2023-11-10,TOR,CGY,30,6.5,-130,105
2023-11-10,TOR,CGY,68,6.5,-125,105
2023-11-10,TOR,CGY,69,6.5,-122,-100
2023-11-10,TOR,CGY,71,6.5,-130,106
2023-11-10,TOR,CGY,75,6.5,-130,105
2023-11-10,TOR,CGY,76,6.5,-140,115
2023-11-10,BUF,MIN,15,6.5,-130,110
2023-11-10,BUF,MIN,30,6.5,-120,-100
2023-11-10,BUF,MIN,68,6.5,-125,105
2023-11-10,BUF,MIN,69,6.5,-138,112
2023-11-10,BUF,MIN,71,6.5,-130,106
2023-11-10,BUF,MIN,75,6.5,-125,105
2023-11-10,BUF,MIN,76,6.5,-130,110
2023-11-10,NJ,WSH,15,6.5,-110,-110
2023-11-10,NJ,WSH,30,6.0,-120,100
2023-11-10,NJ,WSH,68,6.5,-112,-108
2023-11-10,NJ,WSH,69,6.5,-110,-110
2023-11-10,NJ,WSH,71,6.5,-104,-118
2023-11-10,NJ,WSH,75,6.5,-115,-105
2023-11-10,NJ,WSH,76,6.5,-110,-110
2023-11-10,FLA,CAR,15,6.5,-111,-109
2023-11-10,FLA,CAR,30,6.5,-111,-109
2023-11-10,FLA,CAR,68,6.5,-112,-108
2023-11-10,FLA,CAR,69,6.5,-112,-108
2023-11-10,FLA,CAR,71,6.5,-120,-103
2023-11-10,FLA,CAR,75,6.5,-110,-110
2023-11-10,FLA,CAR,76,6.5,-110,-110
2023-11-10,ANA,PHI,15,6.5,-105,-115
2023-11-10,ANA,PHI,30,6.0,-120,-100
2023-11-10,ANA,PHI,68,6.5,-105,-115
2023-11-10,ANA,PHI,69,6.5,-108,-112
2023-11-10,ANA,PHI,71,6.5,-108,-117
2023-11-10,ANA,PHI,75,6.5,-105,-115
2023-11-10,ANA,PHI,76,6.5,-105,-115
2023-11-10,VGK,SJ,15,6.5,101,-124
2023-11-10,VGK,SJ,30,6.0,-120,100
2023-11-10,VGK,SJ,68,6.5,100,-120
2023-11-10,VGK,SJ,69,6.5,104,-128
2023-11-10,VGK,SJ,71,6.5,100,-120
2023-11-10,VGK,SJ,75,6.5,100,-120
2023-11-10,VGK,SJ,76,6.5,-100,-130
2023-11-11,DET,CBJ,15,6.5,-132,110
2023-11-11,DET,CBJ,30,6.5,-130,105
2023-11-11,DET,CBJ,68,6.5,-130,110
2023-11-11,DET,CBJ,69,6.5,-134,110
2023-11-11,DET,CBJ,71,6.5,-129,106
2023-11-11,DET,CBJ,75,6.5,-130,105
2023-11-11,DET,CBJ,76,6.5,-130,110
2023-11-11,WPG,DAL,15,6.0,-117,-101
2023-11-11,WPG,DAL,30,5.5,-120,-100
2023-11-11,WPG,DAL,68,6.0,-112,-108
2023-11-11,WPG,DAL,69,6.5,112,-140
2023-11-11,WPG,DAL,71,5.5,-124,102
2023-11-11,WPG,DAL,75,6.0,100,-120
2023-11-11,WPG,DAL,76,5.5,-125,105
2023-11-11,MTL,BOS,15,6.5,-101,-120
2023-11-11,MTL,BOS,30,6.0,-120,-100
2023-11-11,MTL,BOS,68,6.0,-112,-108
2023-11-11,MTL,BOS,69,5.5,-134,110
2023-11-11,MTL,BOS,71,6.0,-113,-108
2023-11-11,MTL,BOS,75,6.0,-110,-110
2023-11-11,MTL,BOS,76,6.5,110,-130
2023-11-11,OTT,CGY,15,6.5,-140,115
2023-11-11,OTT,CGY,30,6.5,-120,-100
2023-11-11,OTT,CGY,68,6.5,-142,120
2023-11-11,OTT,CGY,69,6.5,-140,114
2023-11-11,OTT,CGY,71,6.5,-132,110
2023-11-11,OTT,CGY,75,7.0,110,-135
2023-11-11,OTT,CGY,76,6.5,-140,115
2023-11-11,TOR,VAN,15,6.5,-125,105
2023-11-11,TOR,VAN,30,6.5,-127,105
2023-11-11,TOR,VAN,68,6.5,-120,100
2023-11-11,TOR,VAN,69,6.5,-120,-102
2023-11-11,TOR,VAN,71,6.5,-130,107
2023-11-11,TOR,VAN,75,6.5,-115,-105
2023-11-11,TOR,VAN,76,6.5,-125,105
2023-11-11,TB,CAR,15,6.5,-124,101
2023-11-11,TB,CAR,30,6.5,-115,-105
2023-11-11,TB,CAR,68,6.5,-120,100
2023-11-11,TB,CAR,69,6.5,-120,-102
2023-11-11,TB,CAR,71,6.5,-120,-103
2023-11-11,TB,CAR,75,6.5,-120,100
2023-11-11,TB,CAR,76,6.5,-130,110
2023-11-11,PIT,BUF,15,6.5,-150,125
2023-11-11,PIT,BUF,30,6.5,-110,-110
2023-11-11,PIT,BUF,68,7.0,105,-125
2023-11-11,PIT,BUF,69,6.5,-142,116
2023-11-11,PIT,BUF,71,7.0,110,-132
2023-11-11,PIT,BUF,75,7.0,105,-130
2023-11-11,PIT,BUF,76,6.5,-150,125
2023-11-11,NYI,WSH,15,6.5,-102,-120
2023-11-11,NYI,WSH,30,6.0,-101,-119
2023-11-11,NYI,WSH,68,6.0,-108,-112
2023-11-11,NYI,WSH,69,6.5,104,-128
2023-11-11,NYI,WSH,71,6.0,-103,-124
2023-11-11,NYI,WSH,75,6.0,-110,-110
2023-11-11,NYI,WSH,76,6.5,105,-125
2023-11-11,NSH,UTA,15,5.5,-140,113
2023-11-11,NSH,UTA,30,6.0,-105,-115
2023-11-11,NSH,UTA,68,6.0,-105,-115
2023-11-11,NSH,UTA,69,5.5,-140,112
2023-11-11,NSH,UTA,71,6.0,-108,-113
2023-11-11,NSH,UTA,75,6.0,-110,-110
2023-11-11,NSH,UTA,76,5.5,-130,110
2023-11-11,COL,STL,15,6.5,-100,-120
2023-11-11,COL,STL,30,6.0,-120,100
2023-11-11,COL,STL,68,6.0,-112,-108
2023-11-11,COL,STL,69,6.5,-100,-122
2023-11-11,COL,STL,71,6.0,-121,100
2023-11-11,COL,STL,75,6.0,-115,-105
2023-11-11,COL,STL,76,6.5,-100,-120
2023-11-11,SEA,EDM,15,6.5,-143,117
2023-11-11,SEA,EDM,30,6.5,-127,105
2023-11-11,SEA,EDM,68,6.5,-142,120
2023-11-11,SEA,EDM,69,6.5,-128,104
2023-11-11,SEA,EDM,71,6.5,-129,106
2023-11-11,SEA,EDM,75,6.5,-135,110
2023-11-11,SEA,EDM,76,6.5,-145,120
2023-11-11,LA,PHI,15,6.5,-104,-117
2023-11-11,LA,PHI,30,6.0,-115,-105
2023-11-11,LA,PHI,68,6.5,100,-120
2023-11-11,LA,PHI,69,6.5,-106,-114
2023-11-11,LA,PHI,71,6.0,-122,102
2023-11-11,LA,PHI,75,6.5,-105,-115
2023-11-11,LA,PHI,76,6.5,-110,-110
2023-11-12,FLA,CHI,15,6.5,-120,-100
2023-11-12,FLA,CHI,30,6.5,-120,-100
2023-11-12,FLA,CHI,68,6.5,-120,100
2023-11-12,FLA,CHI,69,6.5,-118,-102
2023-11-12,FLA,CHI,71,6.5,-113,-107
2023-11-12,FLA,CHI,75,6.5,-120,100
2023-11-12,FLA,CHI,76,6.5,-120,-100
2023-11-12,MIN,DAL,15,5.5,-137,112
2023-11-12,MIN,DAL,30,6.0,-121,-100
2023-11-12,MIN,DAL,68,6.0,-102,-118
2023-11-12,MIN,DAL,69,5.5,-140,114
2023-11-12,MIN,DAL,71,6.0,-103,-120
2023-11-12,MIN,DAL,75,6.0,-105,-115
2023-11-12,MIN,DAL,76,5.5,-130,-100
2023-11-12,NYR,CBJ,15,6.5,-112,-107
2023-11-12,NYR,CBJ,30,6.5,-100,-120
2023-11-12,NYR,CBJ,68,6.5,-110,-110
2023-11-12,NYR,CBJ,69,6.5,-110,-110
2023-11-12,NYR,CBJ,71,6.5,-107,-114
2023-11-12,NYR,CBJ,75,6.5,-105,-115
2023-11-12,NYR,CBJ,76,6.5,-115,-105
2023-11-12,MTL,VAN,15,6.5,-126,105
2023-11-12,MTL,VAN,30,6.5,-137,112
2023-11-12,MTL,VAN,68,6.5,-142,120
2023-11-12,MTL,VAN,69,6.5,-128,104
2023-11-12,MTL,VAN,71,6.5,-120,-103
2023-11-12,MTL,VAN,75,6.5,-135,110
2023-11-12,MTL,VAN,76,6.5,-125,105
2023-11-12,ANA,SJ,15,6.5,-106,-113
2023-11-12,ANA,SJ,30,6.5,-100,-120
2023-11-12,ANA,SJ,68,6.5,-105,-115
2023-11-12,ANA,SJ,69,6.5,-108,-112
2023-11-12,ANA,SJ,71,6.5,-107,-114
2023-11-12,ANA,SJ,75,6.5,-105,-115
2023-11-12,ANA,SJ,76,6.5,-110,-110
2023-11-13,EDM,NYI,15,6.5,-108,-112
2023-11-13,EDM,NYI,30,6.0,-126,103
2023-11-13,EDM,NYI,68,6.5,-102,-118
2023-11-13,EDM,NYI,69,6.5,-106,-114
2023-11-13,EDM,NYI,71,6.5,-105,-122
2023-11-13,EDM,NYI,75,6.5,-105,-115
2023-11-13,EDM,NYI,76,6.5,-110,-110
2023-11-13,SEA,COL,15,6.5,-100,-120
2023-11-13,SEA,COL,30,6.5,-105,-115
2023-11-13,SEA,COL,68,6.5,102,-122
2023-11-13,SEA,COL,69,6.5,-100,-122
2023-11-13,SEA,COL,71,6.0,-120,100
2023-11-13,SEA,COL,75,6.0,-120,100
2023-11-13,SEA,COL,76,6.5,-110,-110
2023-11-14,WSH,VGK,15,6.0,-110,-110
2023-11-14,WSH,VGK,30,6.0,-110,-110
2023-11-14,WSH,VGK,68,6.0,-110,-110
2023-11-14,WSH,VGK,69,6.5,112,-138
2023-11-14,WSH,VGK,71,6.0,-109,-112
2023-11-14,WSH,VGK,75,6.0,-110,-110
2023-11-14,WSH,VGK,76,5.5,-130,110
2023-11-14,MTL,CGY,15,6.5,104,-126
2023-11-14,MTL,CGY,30,6.0,-120,100
2023-11-14,MTL,CGY,68,6.5,105,-125
2023-11-14,MTL,CGY,69,6.5,104,-128
2023-11-14,MTL,CGY,71,6.5,100,-121
2023-11-14,MTL,CGY,75,6.0,-120,100
2023-11-14,MTL,CGY,76,6.5,-100,-120
2023-11-14,BUF,BOS,15,6.5,110,-130
2023-11-14,BUF,BOS,30,6.0,-120,-100
2023-11-14,BUF,BOS,68,6.0,-112,-108
2023-11-14,BUF,BOS,69,6.5,114,-140
2023-11-14,BUF,BOS,71,6.0,-120,-103
2023-11-14,BUF,BOS,75,6.0,-110,-110
2023-11-14,BUF,BOS,76,6.5,110,-130
2023-11-14,CBJ,PIT,15,6.5,-130,106
2023-11-14,CBJ,PIT,30,6.5,-120,-100
2023-11-14,CBJ,PIT,68,6.5,-125,105
2023-11-14,CBJ,PIT,69,6.5,-130,106
2023-11-14,CBJ,PIT,71,6.5,-134,106
2023-11-14,CBJ,PIT,75,6.5,-125,105
2023-11-14,CBJ,PIT,76,6.5,-140,115
2023-11-14,STL,TB,15,6.5,-122,105
2023-11-14,STL,TB,30,6.5,-110,-110
2023-11-14,STL,TB,68,6.5,-125,105
2023-11-14,STL,TB,69,6.5,-122,-100
2023-11-14,STL,TB,71,6.5,-136,112
2023-11-14,STL,TB,75,6.5,-125,105
2023-11-14,STL,TB,76,6.5,-115,-115
2023-11-14,WPG,NJ,15,6.5,-113,-107
2023-11-14,WPG,NJ,30,6.5,-105,-115
2023-11-14,WPG,NJ,68,6.5,-112,-108
2023-11-14,WPG,NJ,69,6.5,-114,-106
2023-11-14,WPG,NJ,71,6.5,-106,-115
2023-11-14,WPG,NJ,75,6.5,-115,-105
2023-11-14,WPG,NJ,76,6.5,105,-140
2023-11-14,DAL,UTA,15,6.5,-100,-122
2023-11-14,DAL,UTA,30,6.5,-100,-120
2023-11-14,DAL,UTA,68,6.0,-125,105
2023-11-14,DAL,UTA,69,6.5,-100,-122
2023-11-14,DAL,UTA,71,6.0,-122,102
2023-11-14,DAL,UTA,75,6.0,-120,100
2023-11-14,DAL,UTA,76,6.5,-105,-125
2023-11-14,NSH,ANA,15,6.0,-120,-100
2023-11-14,NSH,ANA,30,6.0,-120,100
2023-11-14,NSH,ANA,68,6.0,-120,100
2023-11-14,NSH,ANA,69,6.5,106,-130
2023-11-14,NSH,ANA,71,6.0,-124,102
2023-11-14,NSH,ANA,75,6.0,-120,100
2023-11-14,NSH,ANA,76,5.5,-120,-110
2023-11-14,SJ,FLA,15,6.5,-120,-102
2023-11-14,SJ,FLA,30,6.5,-105,-115
2023-11-14,SJ,FLA,68,6.5,-115,-105
2023-11-14,SJ,FLA,69,6.5,-125,-102
2023-11-14,SJ,FLA,71,6.5,-113,-108
2023-11-14,SJ,FLA,75,6.5,-115,-105
2023-11-14,SJ,FLA,76,6.5,-120,-100
2023-11-15,CAR,PHI,15,6.5,-100,-120
2023-11-15,CAR,PHI,30,6.0,-120,-100
2023-11-15,CAR,PHI,68,6.0,-120,100
2023-11-15,CAR,PHI,69,6.5,-100,-122
2023-11-15,CAR,PHI,71,6.0,-118,-104
2023-11-15,CAR,PHI,75,6.0,-120,100
2023-11-15,CAR,PHI,76,6.5,-100,-120
2023-11-15,EDM,SEA,15,6.5,-137,106
2023-11-15,EDM,SEA,30,6.5,-130,105
2023-11-15,EDM,SEA,68,6.5,-135,114
2023-11-15,EDM,SEA,69,6.5,-130,106
2023-11-15,EDM,SEA,71,6.5,-136,112
2023-11-15,EDM,SEA,75,6.5,-135,110
2023-11-15,EDM,SEA,76,6.5,-140,105
2023-11-15,COL,ANA,15,6.5,-122,-100
2023-11-15,COL,ANA,30,6.5,-110,-110
2023-11-15,COL,ANA,68,6.5,-120,100
2023-11-15,COL,ANA,69,6.5,-122,-100
2023-11-15,COL,ANA,71,6.5,-127,105
2023-11-15,COL,ANA,75,6.5,-125,105
2023-11-15,COL,ANA,76,6.5,-125,-105
2023-11-15,VAN,NYI,15,6.5,107,-134
2023-11-15,VAN,NYI,30,6.0,-120,-100
2023-11-15,VAN,NYI,68,6.0,-112,-108
2023-11-15,VAN,NYI,69,6.5,110,-134
2023-11-15,VAN,NYI,71,6.0,-114,-107
2023-11-15,VAN,NYI,75,6.0,-115,-105
2023-11-15,VAN,NYI,76,6.5,110,-130
2023-11-16,OTT,DET,15,6.5,-128,105
2023-11-16,OTT,DET,30,6.5,-105,-115
2023-11-16,OTT,DET,68,6.5,-130,110
2023-11-16,OTT,DET,69,6.5,-128,104
2023-11-16,OTT,DET,71,7.0,112,-141
2023-11-16,OTT,DET,75,6.5,-135,110
2023-11-16,OTT,DET,76,6.5,-125,105
2023-11-16,CBJ,UTA,15,6.5,-130,104
2023-11-16,CBJ,UTA,30,6.5,-109,-111
2023-11-16,CBJ,UTA,68,6.5,-135,114
2023-11-16,CBJ,UTA,69,6.5,-128,104
2023-11-16,CBJ,UTA,71,6.5,-127,105
2023-11-16,CBJ,UTA,75,6.5,-135,110
2023-11-16,CBJ,UTA,76,6.5,-130,-100
2023-11-16,MTL,VGK,15,6.5,-102,-115
2023-11-16,MTL,VGK,30,6.0,-120,-100
2023-11-16,MTL,VGK,68,6.0,-125,105
2023-11-16,MTL,VGK,69,6.5,-102,-120
2023-11-16,MTL,VGK,71,6.5,100,-121
2023-11-16,MTL,VGK,75,6.5,100,-120
2023-11-16,MTL,VGK,76,6.5,-105,-115
2023-11-16,PIT,NJ,15,6.5,-137,110
2023-11-16,PIT,NJ,30,6.5,-120,-100
2023-11-16,PIT,NJ,68,6.5,-135,114
2023-11-16,PIT,NJ,69,6.5,-130,106
2023-11-16,PIT,NJ,71,6.5,-134,110
2023-11-16,PIT,NJ,75,6.5,-135,110
2023-11-16,PIT,NJ,76,6.5,-145,110
2023-11-16,CHI,TB,15,6.5,-130,105
2023-11-16,CHI,TB,30,6.5,-110,-110
2023-11-16,CHI,TB,68,6.5,-125,105
2023-11-16,CHI,TB,69,6.5,-130,106
2023-11-16,CHI,TB,71,6.5,-136,107
2023-11-16,CHI,TB,75,6.5,-130,105
2023-11-16,CHI,TB,76,6.5,-140,105
2023-11-16,CGY,VAN,15,6.5,-117,-103
2023-11-16,CGY,VAN,30,6.5,-120,-100
2023-11-16,CGY,VAN,68,6.5,-112,-108
2023-11-16,CGY,VAN,69,6.5,-120,-102
2023-11-16,CGY,VAN,71,6.5,-117,-108
2023-11-16,CGY,VAN,75,6.5,-110,-110
2023-11-16,CGY,VAN,76,6.5,-115,-105
2023-11-16,SEA,NYI,15,5.5,-130,106
2023-11-16,SEA,NYI,30,6.0,-110,-110
2023-11-16,SEA,NYI,68,6.0,-105,-115
2023-11-16,SEA,NYI,69,5.5,-130,106
2023-11-16,SEA,NYI,71,6.0,-106,-114
2023-11-16,SEA,NYI,75,6.0,-105,-115
2023-11-16,SEA,NYI,76,5.5,-125,105
2023-11-16,LA,FLA,15,6.5,-122,-100
2023-11-16,LA,FLA,30,6.5,-127,105
2023-11-16,LA,FLA,68,6.5,-118,-102
2023-11-16,LA,FLA,69,6.5,-122,-100
2023-11-16,LA,FLA,71,6.5,-127,105
2023-11-16,LA,FLA,75,6.5,-120,100
2023-11-16,LA,FLA,76,6.5,-125,105
2023-11-16,SJ,STL,15,6.5,-100,-117
2023-11-16,SJ,STL,30,6.0,-120,100
2023-11-16,SJ,STL,68,6.0,-125,105
2023-11-16,SJ,STL,69,6.5,-108,-112
2023-11-16,SJ,STL,71,6.0,-122,102
2023-11-16,SJ,STL,75,6.5,100,-120
2023-11-16,SJ,STL,76,6.5,105,-125
2023-11-17,DET,TOR,15,6.5,-120,101
2023-11-17,DET,TOR,30,6.5,-110,-110
2023-11-17,DET,TOR,68,6.5,-115,-105
2023-11-17,DET,TOR,69,6.5,-120,-102
2023-11-17,DET,TOR,71,4.5,-124,-107
2023-11-17,DET,TOR,75,6.5,-120,100
2023-11-17,DET,TOR,76,6.5,-125,105
2023-11-17,WPG,BUF,15,6.5,-125,105
2023-11-17,WPG,BUF,30,6.5,100,-120
2023-11-17,WPG,BUF,68,6.5,-125,105
2023-11-17,WPG,BUF,69,6.5,-118,-104
2023-11-17,WPG,BUF,71,6.5,-132,110
2023-11-17,WPG,BUF,75,6.5,-130,105
2023-11-17,WPG,BUF,76,6.5,-125,105
2023-11-17,ANA,FLA,15,6.5,-137,112
2023-11-17,ANA,FLA,30,6.5,-127,105
2023-11-17,ANA,FLA,68,6.5,-135,114
2023-11-17,ANA,FLA,69,6.5,-142,118
2023-11-17,ANA,FLA,71,6.5,-134,105
2023-11-17,ANA,FLA,75,6.5,-135,110
2023-11-17,ANA,FLA,76,4.5,-100,-130
2023-11-18,OTT,MIN,15,6.5,-140,115
2023-11-18,OTT,MIN,30,6.5,-100,-120
2023-11-18,OTT,MIN,68,6.5,-142,120
2023-11-18,OTT,MIN,69,6.5,-134,110
2023-11-18,OTT,MIN,71,6.5,-134,110
2023-11-18,OTT,MIN,75,7.0,110,-135
2023-11-18,OTT,MIN,76,6.5,-140,115
2023-11-18,PHI,VGK,15,6.0,-115,-105
2023-11-18,PHI,VGK,30,6.0,-120,-100
2023-11-18,PHI,VGK,68,6.0,-112,-108
2023-11-18,PHI,VGK,69,5.5,-140,114
2023-11-18,PHI,VGK,71,6.0,-117,-108
2023-11-18,PHI,VGK,75,6.0,-110,-110
2023-11-18,PHI,VGK,76,6.5,105,-125
2023-11-18,NSH,CHI,15,6.5,-102,-110
2023-11-18,NSH,CHI,30,6.5,100,-120
2023-11-18,NSH,CHI,68,6.0,-130,110
2023-11-18,NSH,CHI,69,6.5,-102,-120
2023-11-18,NSH,CHI,71,6.0,-122,102
2023-11-18,NSH,CHI,75,6.5,100,-120
2023-11-18,NSH,CHI,76,6.5,-110,-110
2023-11-18,TB,EDM,15,6.5,-160,130
2023-11-18,TB,EDM,30,7.0,-115,-108
2023-11-18,TB,EDM,68,7.0,-102,-118
2023-11-18,TB,EDM,69,6.5,-160,130
2023-11-18,TB,EDM,71,7.0,-103,-120
2023-11-18,TB,EDM,75,7.0,-105,-115
2023-11-18,TB,EDM,76,6.5,-150,125
2023-11-18,WPG,UTA,15,6.5,-120,-102
2023-11-18,WPG,UTA,30,6.5,-110,-110
2023-11-18,WPG,UTA,68,6.5,-125,105
2023-11-18,WPG,UTA,69,6.5,-120,-102
2023-11-18,WPG,UTA,71,6.5,-109,-112
2023-11-18,WPG,UTA,75,6.5,-120,100
2023-11-18,WPG,UTA,76,6.5,-120,-100
2023-11-18,CGY,NYI,15,5.5,-134,110
2023-11-18,CGY,NYI,30,6.5,-104,-118
2023-11-18,CGY,NYI,68,6.0,-105,-115
2023-11-18,CGY,NYI,69,5.5,-134,110
2023-11-18,CGY,NYI,71,6.0,100,-120
2023-11-18,CGY,NYI,75,6.0,-105,-115
2023-11-18,CGY,NYI,76,5.5,-130,110
2023-11-18,BOS,MTL,15,6.5,108,-130
2023-11-18,BOS,MTL,30,6.5,-110,-110
2023-11-18,BOS,MTL,68,6.0,-115,-105
2023-11-18,BOS,MTL,69,6.5,108,-136
2023-11-18,BOS,MTL,71,6.0,-114,-107
2023-11-18,BOS,MTL,75,6.0,-115,-105
2023-11-18,BOS,MTL,76,6.5,110,-130
2023-11-18,NJ,NYR,15,6.5,-104,-118
2023-11-18,NJ,NYR,30,6.5,100,-120
2023-11-18,NJ,NYR,68,6.0,-112,-108
2023-11-18,NJ,NYR,69,6.5,-104,-118
2023-11-18,NJ,NYR,71,6.5,-104,-118
2023-11-18,NJ,NYR,75,6.0,-110,-110
2023-11-18,NJ,NYR,76,6.5,105,-125
2023-11-18,CAR,PIT,15,6.5,-110,-110
2023-11-18,CAR,PIT,30,6.5,-115,-105
2023-11-18,CAR,PIT,68,6.5,-110,-110
2023-11-18,CAR,PIT,69,6.5,-114,-106
2023-11-18,CAR,PIT,71,6.5,-106,-120
2023-11-18,CAR,PIT,75,6.5,-110,-110
2023-11-18,CAR,PIT,76,6.5,-110,-110
2023-11-18,WSH,CBJ,15,6.5,-101,-119
2023-11-18,WSH,CBJ,30,6.5,105,-127
2023-11-18,WSH,CBJ,68,6.5,-102,-118
2023-11-18,WSH,CBJ,69,6.5,-102,-118
2023-11-18,WSH,CBJ,71,6.5,-103,-120
2023-11-18,WSH,CBJ,75,6.0,-120,100
2023-11-18,WSH,CBJ,76,6.5,-100,-120
2023-11-18,DAL,COL,15,6.5,-110,-110
2023-11-18,DAL,COL,30,6.0,-115,-105
2023-11-18,DAL,COL,68,6.0,-122,102
2023-11-18,DAL,COL,69,6.5,114,-140
2023-11-18,DAL,COL,71,6.0,-124,102
2023-11-18,DAL,COL,75,6.0,-120,100
2023-11-18,DAL,COL,76,6.5,-110,-110
2023-11-18,VAN,SEA,15,6.5,-113,-112
2023-11-18,VAN,SEA,30,6.5,-127,105
2023-11-18,VAN,SEA,68,6.5,-112,-108
2023-11-18,VAN,SEA,69,6.5,-110,-112
2023-11-18,VAN,SEA,71,6.5,-109,-112
2023-11-18,VAN,SEA,75,6.5,-115,-105
2023-11-18,VAN,SEA,76,6.5,-115,-115
2023-11-18,LA,STL,15,6.5,104,-125
2023-11-18,LA,STL,30,6.5,-115,-105
2023-11-18,LA,STL,68,6.5,102,-122
2023-11-18,LA,STL,69,6.5,104,-128
2023-11-18,LA,STL,71,6.5,100,-122
2023-11-18,LA,STL,75,6.5,100,-120
2023-11-18,LA,STL,76,6.5,-105,-125
2023-11-19,MIN,TOR,15,6.5,-127,105
2023-11-19,MIN,TOR,30,6.5,-125,105
2023-11-19,MIN,TOR,68,6.5,-125,105
2023-11-19,MIN,TOR,69,6.5,-124,102
2023-11-19,MIN,TOR,71,6.5,-127,105
2023-11-19,MIN,TOR,75,6.5,-130,105
2023-11-19,MIN,TOR,76,6.5,-130,110
2023-11-19,PHI,CBJ,15,6.5,-150,125
2023-11-19,PHI,CBJ,30,6.5,-100,-120
2023-11-19,PHI,CBJ,68,7.0,105,-125
2023-11-19,PHI,CBJ,69,6.5,-138,112
2023-11-19,PHI,CBJ,71,6.5,-130,108
2023-11-19,PHI,CBJ,75,7.0,110,-135
2023-11-19,PHI,CBJ,76,6.5,-150,125
2023-11-19,PIT,VGK,15,6.5,-115,-105
2023-11-19,PIT,VGK,30,6.0,-120,-100
2023-11-19,PIT,VGK,68,6.5,-115,-105
2023-11-19,PIT,VGK,69,6.5,-115,-105
2023-11-19,PIT,VGK,71,6.5,-112,-109
2023-11-19,PIT,VGK,75,6.5,-110,-110
2023-11-19,PIT,VGK,76,6.5,-120,-100
2023-11-19,CHI,BUF,15,6.5,-124,102
2023-11-19,CHI,BUF,30,6.5,-115,-105
2023-11-19,CHI,BUF,68,6.5,-122,102
2023-11-19,CHI,BUF,69,6.5,-124,102
2023-11-19,CHI,BUF,71,6.5,-127,100
2023-11-19,CHI,BUF,75,6.5,-130,105
2023-11-19,CHI,BUF,76,6.5,-140,115
2023-11-19,ANA,STL,15,6.5,-100,-119
2023-11-19,ANA,STL,30,6.5,-100,-120
2023-11-19,ANA,STL,68,6.5,-102,-118
2023-11-19,ANA,STL,69,6.5,-100,-122
2023-11-19,ANA,STL,71,6.5,-106,-115
2023-11-19,ANA,STL,75,6.0,-120,100
2023-11-19,ANA,STL,76,5.5,-140,105
2023-11-20,TB,BOS,15,6.5,103,-131
2023-11-20,TB,BOS,30,6.5,-104,-118
2023-11-20,TB,BOS,68,6.5,102,-122
2023-11-20,TB,BOS,69,6.5,102,-124
2023-11-20,TB,BOS,71,6.0,-122,102
2023-11-20,TB,BOS,75,6.5,100,-120
2023-11-20,TB,BOS,76,6.5,105,-140
2023-11-20,FLA,EDM,15,6.5,-154,126
2023-11-20,FLA,EDM,30,7.0,112,-137
2023-11-20,FLA,EDM,68,7.0,100,-120
2023-11-20,FLA,EDM,69,6.5,-154,126
2023-11-20,FLA,EDM,71,7.0,104,-125
2023-11-20,FLA,EDM,75,7.0,105,-125
2023-11-20,FLA,EDM,76,6.5,-125,-105
2023-11-20,NSH,COL,15,6.5,-110,-110
2023-11-20,NSH,COL,30,6.5,116,-142
2023-11-20,NSH,COL,68,6.5,-110,-110
2023-11-20,NSH,COL,69,6.5,-110,-110
2023-11-20,NSH,COL,71,6.5,-110,-110
2023-11-20,NSH,COL,75,6.5,-110,-110
2023-11-20,NSH,COL,76,6.5,-115,-115
2023-11-20,DAL,NYR,15,5.5,-126,104
2023-11-20,DAL,NYR,30,6.5,-100,-121
2023-11-20,DAL,NYR,68,5.5,-120,100
2023-11-20,DAL,NYR,69,5.5,-128,104
2023-11-20,DAL,NYR,71,6.0,-103,-125
2023-11-20,DAL,NYR,75,5.5,-120,100
2023-11-20,DAL,NYR,76,5.5,-125,-105
2023-11-20,UTA,LA,15,6.5,-120,-101
2023-11-20,UTA,LA,30,6.5,-110,-110
2023-11-20,UTA,LA,68,6.5,-120,100
2023-11-20,UTA,LA,69,6.5,-120,-102
2023-11-20,UTA,LA,71,6.5,-127,104
2023-11-20,UTA,LA,75,6.5,-115,-105
2023-11-20,UTA,LA,76,6.5,-120,-100
2023-11-20,VAN,SJ,15,6.5,-109,-111
2023-11-20,VAN,SJ,30,6.5,-108,-112
2023-11-20,VAN,SJ,68,6.5,-108,-112
2023-11-20,VAN,SJ,69,6.5,-108,-112
2023-11-20,VAN,SJ,71,6.5,-109,-112
2023-11-20,VAN,SJ,75,6.5,-110,-110
2023-11-20,VAN,SJ,76,6.5,-110,-110
2023-11-20,SEA,CGY,15,6.5,-105,-115
2023-11-20,SEA,CGY,30,5.5,-142,116
2023-11-20,SEA,CGY,68,6.0,-125,105
2023-11-20,SEA,CGY,69,6.5,-105,-115
2023-11-20,SEA,CGY,71,6.0,-127,102
2023-11-20,SEA,CGY,75,6.5,100,-120
2023-11-20,SEA,CGY,76,6.5,-100,-120
2023-11-22,CBJ,CHI,15,6.5,-110,-115
2023-11-22,CBJ,CHI,30,6.5,-114,-106
2023-11-22,CBJ,CHI,68,6.5,-105,-115
2023-11-22,CBJ,CHI,69,6.5,-110,-110
2023-11-22,CBJ,CHI,71,6.5,-106,-115
2023-11-22,CBJ,CHI,75,6.5,-105,-115
2023-11-22,CBJ,CHI,76,6.5,-175,135
2023-11-22,WSH,BUF,15,6.0,-120,-100
2023-11-22,WSH,BUF,30,6.5,-103,-117
2023-11-22,WSH,BUF,68,6.0,-120,100
2023-11-22,WSH,BUF,69,6.5,-100,-122
2023-11-22,WSH,BUF,71,6.0,-117,-105
2023-11-22,WSH,BUF,75,6.0,-120,100
2023-11-22,WSH,BUF,76,5.5,-125,-105
2023-11-22,PIT,NYR,15,6.5,-105,-110
2023-11-22,PIT,NYR,30,6.5,-106,-114
2023-11-22,PIT,NYR,68,6.5,-105,-115
2023-11-22,PIT,NYR,69,6.5,-110,-110
2023-11-22,PIT,NYR,71,6.5,100,-121
2023-11-22,PIT,NYR,75,6.5,100,-120
2023-11-22,PIT,NYR,76,5.5,-130,-100
2023-11-22,CAR,EDM,15,6.5,-136,111
2023-11-22,CAR,EDM,30,6.5,-114,-106
2023-11-22,CAR,EDM,68,6.5,-135,114
2023-11-22,CAR,EDM,69,6.5,-138,112
2023-11-22,CAR,EDM,71,6.5,-134,106
2023-11-22,CAR,EDM,75,6.5,-135,110
2023-11-22,CAR,EDM,76,6.5,-130,-100
2023-11-22,TB,WPG,15,6.5,-122,101
2023-11-22,TB,WPG,30,6.5,-100,-121
2023-11-22,TB,WPG,68,6.5,-122,102
2023-11-22,TB,WPG,69,6.5,-122,-100
2023-11-22,TB,WPG,71,6.5,-121,100
2023-11-22,TB,WPG,75,6.5,-125,105
2023-11-22,TB,WPG,76,6.5,-125,-105
2023-11-22,FLA,BOS,15,5.5,-134,-120
2023-11-22,FLA,BOS,30,6.0,-121,-100
2023-11-22,FLA,BOS,68,6.0,-105,-115
2023-11-22,FLA,BOS,69,5.5,-134,110
2023-11-22,FLA,BOS,71,6.0,-117,-105
2023-11-22,FLA,BOS,75,6.0,100,-120
2023-11-22,FLA,BOS,76,5.5,-105,-125
2023-11-22,DET,NJ,15,6.5,-128,-100
2023-11-22,DET,NJ,30,6.5,-120,-102
2023-11-22,DET,NJ,68,6.5,-135,114
2023-11-22,DET,NJ,69,6.5,-128,104
2023-11-22,DET,NJ,71,6.5,-137,114
2023-11-22,DET,NJ,75,6.5,-130,105
2023-11-22,DET,NJ,76,6.5,-115,-115
2023-11-22,NYI,PHI,15,5.5,-119,-101
2023-11-22,NYI,PHI,30,6.5,-100,-121
2023-11-22,NYI,PHI,68,5.5,-118,-102
2023-11-22,NYI,PHI,69,5.5,-118,-104
2023-11-22,NYI,PHI,71,5.5,-120,-103
2023-11-22,NYI,PHI,75,5.5,-120,100
2023-11-22,NYI,PHI,76,5.5,-120,-100
2023-11-22,UTA,STL,15,6.5,-100,-118
2023-11-22,UTA,STL,30,6.5,-106,-114
2023-11-22,UTA,STL,68,6.0,-115,-105
2023-11-22,UTA,STL,69,6.5,-104,-118
2023-11-22,UTA,STL,71,13.0,132,-177
2023-11-22,UTA,STL,75,6.5,100,-120
2023-11-22,UTA,STL,76,6.5,-100,-125
2023-11-22,NSH,CGY,15,6.5,106,-130
2023-11-22,NSH,CGY,30,6.5,114,-140
2023-11-22,NSH,CGY,68,6.0,-115,-105
2023-11-22,NSH,CGY,69,6.5,106,-130
2023-11-22,NSH,CGY,71,6.0,-115,-106
2023-11-22,NSH,CGY,75,6.0,-115,-105
2023-11-22,NSH,CGY,76,6.5,110,-130
2023-11-22,DAL,VGK,15,5.5,-137,110
2023-11-22,DAL,VGK,30,5.5,-140,112
2023-11-22,DAL,VGK,68,6.0,-105,-115
2023-11-22,DAL,VGK,69,5.5,-134,110
2023-11-22,DAL,VGK,71,6.0,-110,-110
2023-11-22,DAL,VGK,75,6.0,-110,-110
2023-11-22,DAL,VGK,76,5.5,-130,110
2023-11-22,SEA,SJ,15,6.5,112,-140
2023-11-22,SEA,SJ,30,6.5,108,-130
2023-11-22,SEA,SJ,68,6.0,-115,-105
2023-11-22,SEA,SJ,69,6.5,112,-140
2023-11-22,SEA,SJ,71,6.0,-114,-110
2023-11-22,SEA,SJ,75,6.0,-115,-105
2023-11-22,SEA,SJ,76,6.5,115,-140
2023-11-22,ANA,MTL,15,6.5,-116,-103
2023-11-22,ANA,MTL,30,6.5,-122,100
2023-11-22,ANA,MTL,68,6.5,-118,-102
2023-11-22,ANA,MTL,69,6.5,-112,-108
2023-11-22,ANA,MTL,71,6.5,-120,-103
2023-11-22,ANA,MTL,75,6.5,-115,-105
2023-11-22,ANA,MTL,76,6.5,-120,-100
2023-11-22,COL,VAN,15,6.5,-130,105
2023-11-22,COL,VAN,30,6.5,116,-142
2023-11-22,COL,VAN,68,6.5,-125,105
2023-11-22,COL,VAN,69,6.5,-132,108
2023-11-22,COL,VAN,71,6.5,-132,105
2023-11-22,COL,VAN,75,6.5,-130,105
2023-11-22,COL,VAN,76,6.5,-125,105
2023-11-24,BOS,DET,15,5.5,-130,106
2023-11-24,BOS,DET,30,5.5,-138,112
2023-11-24,BOS,DET,68,6.0,-110,-110
2023-11-24,BOS,DET,69,5.5,-130,106
2023-11-24,BOS,DET,71,6.0,-105,-117
2023-11-24,BOS,DET,75,6.0,-110,-110
2023-11-24,BOS,DET,76,5.5,-125,105
2023-11-24,PHI,NYR,15,5.5,-130,110
2023-11-24,PHI,NYR,30,5.5,-138,112
2023-11-24,PHI,NYR,68,6.0,-105,-115
2023-11-24,PHI,NYR,69,5.5,-130,106
2023-11-24,PHI,NYR,71,6.0,-105,-117
2023-11-24,PHI,NYR,75,6.0,-105,-115
2023-11-24,PHI,NYR,76,5.5,-130,110
2023-11-24,CHI,TOR,15,6.5,-118,-104
2023-11-24,CHI,TOR,30,6.5,-114,-106
2023-11-24,CHI,TOR,68,6.5,-120,100
2023-11-24,CHI,TOR,69,6.5,-118,-104
2023-11-24,CHI,TOR,71,6.5,-127,100
2023-11-24,CHI,TOR,75,6.5,-120,100
2023-11-24,CHI,TOR,76,6.5,-115,-115
2023-11-24,STL,NSH,15,6.0,-127,105
2023-11-24,STL,NSH,30,6.5,110,-134
2023-11-24,STL,NSH,68,6.0,-125,105
2023-11-24,STL,NSH,69,6.5,106,-130
2023-11-24,STL,NSH,71,6.0,-124,102
2023-11-24,STL,NSH,75,6.0,-110,-110
2023-11-24,STL,NSH,76,5.5,-115,-115
2023-11-24,WSH,EDM,15,6.5,-132,-100
2023-11-24,WSH,EDM,30,6.5,-114,-106
2023-11-24,WSH,EDM,68,6.5,-142,120
2023-11-24,WSH,EDM,69,6.5,-132,108
2023-11-24,WSH,EDM,71,6.5,-134,110
2023-11-24,WSH,EDM,75,6.5,-140,115
2023-11-24,WSH,EDM,76,6.5,-105,-125
2023-11-24,NJ,CBJ,15,6.5,-137,112
2023-11-24,NJ,CBJ,30,6.5,-134,110
2023-11-24,NJ,CBJ,68,6.5,-135,114
2023-11-24,NJ,CBJ,69,6.5,-140,112
2023-11-24,NJ,CBJ,71,6.5,-137,114
2023-11-24,NJ,CBJ,75,7.0,110,-135
2023-11-24,NJ,CBJ,76,6.5,-115,-115
2023-11-24,SJ,MTL,15,6.5,-100,-120
2023-11-24,SJ,MTL,30,6.5,106,-130
2023-11-24,SJ,MTL,68,6.5,100,-120
2023-11-24,SJ,MTL,69,6.5,-100,-122
2023-11-24,SJ,MTL,71,6.0,-122,100
2023-11-24,SJ,MTL,75,6.0,-120,100
2023-11-24,SJ,MTL,76,6.5,-105,-115
2023-11-24,ANA,LA,15,6.5,-100,-120
2023-11-24,ANA,LA,30,6.5,114,-140
2023-11-24,ANA,LA,68,6.0,-125,105
2023-11-24,ANA,LA,69,6.5,-100,-122
2023-11-24,ANA,LA,71,6.0,-103,-129
2023-11-24,ANA,LA,75,6.5,100,-120
2023-11-24,ANA,LA,76,6.5,-100,-120
2023-11-24,BUF,PIT,15,6.5,-136,113
2023-11-24,BUF,PIT,30,6.5,-134,110
2023-11-24,BUF,PIT,68,6.5,-135,114
2023-11-24,BUF,PIT,69,6.5,-138,112
2023-11-24,BUF,PIT,71,6.5,-134,110
2023-11-24,BUF,PIT,75,6.5,-135,110
2023-11-24,BUF,PIT,76,6.5,-105,-125
2023-11-24,OTT,NYI,15,6.0,-135,110
2023-11-24,OTT,NYI,30,6.5,-102,-120
2023-11-24,OTT,NYI,68,6.0,-130,110
2023-11-24,OTT,NYI,69,6.5,-110,-110
2023-11-24,OTT,NYI,71,6.5,-103,-120
2023-11-24,OTT,NYI,75,6.5,-110,-110
2023-11-24,OTT,NYI,76,5.5,-130,-100
2023-11-24,CAR,TB,15,6.5,-100,-120
2023-11-24,CAR,TB,30,6.5,-112,-108
2023-11-24,CAR,TB,68,6.5,100,-120
2023-11-24,CAR,TB,69,6.5,104,-128
2023-11-24,CAR,TB,71,6.5,100,-127
2023-11-24,CAR,TB,75,6.0,-120,100
2023-11-24,CAR,TB,76,5.5,-120,-110
2023-11-24,FLA,WPG,15,6.5,-120,110
2023-11-24,FLA,WPG,30,6.5,-132,108
2023-11-24,FLA,WPG,68,6.5,-130,110
2023-11-24,FLA,WPG,69,6.5,-120,-102
2023-11-24,FLA,WPG,71,6.5,-125,104
2023-11-24,FLA,WPG,75,6.5,-130,105
2023-11-24,FLA,WPG,76,6.5,-115,-115
2023-11-24,MIN,COL,15,6.5,-120,-104
2023-11-24,MIN,COL,30,6.5,-122,-100
2023-11-24,MIN,COL,68,6.5,-120,100
2023-11-24,MIN,COL,69,6.5,-118,-104
2023-11-24,MIN,COL,71,6.5,-118,-104
2023-11-24,MIN,COL,75,6.5,-120,100
2023-11-24,MIN,COL,76,6.5,-125,105
2023-11-24,DAL,CGY,15,6.5,112,110
2023-11-24,DAL,CGY,30,5.5,-138,112
2023-11-24,DAL,CGY,68,6.0,-110,-110
2023-11-24,DAL,CGY,69,6.5,112,-138
2023-11-24,DAL,CGY,71,6.0,-118,-104
2023-11-24,DAL,CGY,75,6.0,-110,-110
2023-11-24,DAL,CGY,76,6.5,-145,110
2023-11-24,SEA,VAN,15,6.5,-122,105
2023-11-24,SEA,VAN,30,6.5,-122,-100
2023-11-24,SEA,VAN,68,6.5,-125,105
2023-11-24,SEA,VAN,69,6.5,-122,-100
2023-11-24,SEA,VAN,71,6.5,-127,100
2023-11-24,SEA,VAN,75,6.5,-125,105
2023-11-24,SEA,VAN,76,6.5,-110,-120
2023-11-25,NYR,BOS,15,5.5,-120,-100
2023-11-25,NYR,BOS,30,6.5,-105,-115
2023-11-25,NYR,BOS,68,5.5,-120,100
2023-11-25,NYR,BOS,69,5.5,-120,-102
2023-11-25,NYR,BOS,71,5.5,-120,-103
2023-11-25,NYR,BOS,75,5.5,-120,100
2023-11-25,NYR,BOS,76,5.5,-120,-100
2023-11-25,LA,MTL,15,6.5,-115,-106
2023-11-25,LA,MTL,30,6.5,-120,-100
2023-11-25,LA,MTL,68,6.5,-115,-105
2023-11-25,LA,MTL,69,6.5,-114,-106
2023-11-25,LA,MTL,71,6.5,-125,104
2023-11-25,LA,MTL,75,6.5,-115,-105
2023-11-25,LA,MTL,76,6.5,-130,110
2023-11-25,NJ,BUF,15,6.5,-140,114
2023-11-25,NJ,BUF,30,7.0,112,-137
2023-11-25,NJ,BUF,68,6.5,-142,120
2023-11-25,NJ,BUF,69,6.5,-140,114
2023-11-25,NJ,BUF,71,6.5,-136,112
2023-11-25,NJ,BUF,75,7.0,110,-135
2023-11-25,NJ,BUF,76,6.5,-130,110
2023-11-25,PIT,TOR,15,6.5,-121,-104
2023-11-25,PIT,TOR,30,6.5,106,-131
2023-11-25,PIT,TOR,68,6.5,-122,102
2023-11-25,PIT,TOR,69,6.5,-118,-104
2023-11-25,PIT,TOR,71,6.5,-114,-107
2023-11-25,PIT,TOR,75,6.5,-120,100
2023-11-25,PIT,TOR,76,6.5,-125,105
2023-11-25,NYI,PHI,15,6.0,-121,101
2023-11-25,NYI,PHI,30,6.0,-110,-110
2023-11-25,NYI,PHI,68,6.0,-122,102
2023-11-25,NYI,PHI,69,5.5,-140,114
2023-11-25,NYI,PHI,71,6.0,-117,-105
2023-11-25,NYI,PHI,75,6.0,-120,100
2023-11-25,NYI,PHI,76,6.5,105,-125
2023-11-25,VGK,UTA,15,6.5,-100,-120
2023-11-25,VGK,UTA,30,6.5,-105,-115
2023-11-25,VGK,UTA,68,6.0,-122,102
2023-11-25,VGK,UTA,69,6.5,-100,-122
2023-11-25,VGK,UTA,71,6.0,-121,100
2023-11-25,VGK,UTA,75,6.0,-115,-105
2023-11-25,VGK,UTA,76,6.5,-100,-120
2023-11-25,SJ,VAN,15,6.5,-110,-110
2023-11-25,SJ,VAN,30,6.5,-127,105
2023-11-25,SJ,VAN,68,6.5,-112,-108
2023-11-25,SJ,VAN,69,6.5,-106,-114
2023-11-25,SJ,VAN,71,6.5,-117,-104
2023-11-25,SJ,VAN,75,6.5,-110,-110
2023-11-25,SJ,VAN,76,6.5,-110,-110
2023-11-25,COL,CGY,15,6.5,-130,108
2023-11-25,COL,CGY,30,6.5,-120,100
2023-11-25,COL,CGY,68,6.5,-125,105
2023-11-25,COL,CGY,69,6.5,-130,106
2023-11-25,COL,CGY,71,6.5,-129,106
2023-11-25,COL,CGY,75,6.5,-130,105
2023-11-25,COL,CGY,76,6.5,-140,115
2023-11-26,DET,MIN,15,6.5,-113,-110
2023-11-26,DET,MIN,30,6.5,-120,-100
2023-11-26,DET,MIN,68,6.5,-112,-108
2023-11-26,DET,MIN,69,6.5,-110,-110
2023-11-26,DET,MIN,71,6.5,-124,-106
2023-11-26,DET,MIN,75,6.5,-115,-105
2023-11-26,DET,MIN,76,7.5,120,-160
2023-11-26,CHI,STL,15,6.5,-110,-112
2023-11-26,CHI,STL,30,6.5,-105,-115
2023-11-26,CHI,STL,68,6.5,-110,-110
2023-11-26,CHI,STL,69,6.5,-108,-112
2023-11-26,CHI,STL,71,6.5,-115,-106
2023-11-26,CHI,STL,75,6.5,-105,-115
2023-11-26,CHI,STL,76,6.5,-175,135
2023-11-26,CAR,CBJ,15,6.5,-110,-110
2023-11-26,CAR,CBJ,30,6.5,-105,-115
2023-11-26,CAR,CBJ,68,6.5,-110,-110
2023-11-26,CAR,CBJ,69,6.5,-104,-118
2023-11-26,CAR,CBJ,71,6.5,-109,-112
2023-11-26,CAR,CBJ,75,6.5,-105,-115
2023-11-26,CAR,CBJ,76,6.5,-110,-110
2023-11-26,NSH,WPG,15,6.5,-115,-105
2023-11-26,NSH,WPG,30,6.0,-130,107
2023-11-26,NSH,WPG,68,6.5,-120,100
2023-11-26,NSH,WPG,69,6.5,-115,-105
2023-11-26,NSH,WPG,71,6.5,-115,-110
2023-11-26,NSH,WPG,75,6.5,-120,100
2023-11-26,NSH,WPG,76,6.5,-100,-130
2023-11-26,EDM,ANA,15,7.0,107,-130
2023-11-26,EDM,ANA,30,7.0,112,-137
2023-11-26,EDM,ANA,68,7.0,110,-130
2023-11-26,EDM,ANA,69,6.5,-148,120
2023-11-26,EDM,ANA,71,7.0,110,-134
2023-11-26,EDM,ANA,75,7.0,110,-135
2023-11-26,EDM,ANA,76,7.5,105,-140
2023-11-27,NYR,BUF,15,6.5,-107,-117
2023-11-27,NYR,BUF,30,6.5,-100,-120
2023-11-27,NYR,BUF,68,6.0,-115,-105
2023-11-27,NYR,BUF,69,6.5,110,-134
2023-11-27,NYR,BUF,71,6.0,-122,102
2023-11-27,NYR,BUF,75,3.0,-10000,1600
2023-11-27,NYR,BUF,76,6.5,-100,-130
2023-11-27,OTT,FLA,15,6.5,-145,120
2023-11-27,OTT,FLA,30,7.0,117,-143
2023-11-27,OTT,FLA,68,6.5,-142,120
2023-11-27,OTT,FLA,69,6.5,-140,112
2023-11-27,OTT,FLA,71,6.5,-139,110
2023-11-27,OTT,FLA,75,7.0,110,-135
2023-11-27,OTT,FLA,76,6.5,-145,120
2023-11-27,CBJ,BOS,15,6.5,-102,-120
2023-11-27,CBJ,BOS,30,6.0,-120,-100
2023-11-27,CBJ,BOS,68,6.5,-102,-118
2023-11-27,CBJ,BOS,69,6.5,-102,-120
2023-11-27,CBJ,BOS,71,6.0,-122,100
2023-11-27,CBJ,BOS,75,6.5,100,-120
2023-11-27,CBJ,BOS,76,6.5,-110,-120
2023-11-27,COL,TB,15,6.5,-110,-113
2023-11-27,COL,TB,30,6.0,-130,105
2023-11-27,COL,TB,68,6.5,-108,-112
2023-11-27,COL,TB,69,6.5,-110,-110
2023-11-27,COL,TB,71,6.5,-110,-110
2023-11-27,COL,TB,75,6.5,-110,-110
2023-11-27,COL,TB,76,6.5,-115,-115
2023-11-27,CGY,VGK,15,6.5,110,-130
2023-11-27,CGY,VGK,30,6.0,-115,-105
2023-11-27,CGY,VGK,68,6.0,-115,-105
2023-11-27,CGY,VGK,69,6.5,112,-138
2023-11-27,CGY,VGK,71,6.0,-109,-110
2023-11-27,CGY,VGK,75,6.0,-115,-105
2023-11-27,CGY,VGK,76,6.5,110,-130
2023-11-27,SJ,WSH,15,5.5,-120,-100
2023-11-27,SJ,WSH,30,6.0,-120,-100
2023-11-27,SJ,WSH,68,5.5,-122,102
2023-11-27,SJ,WSH,69,5.5,-120,-102
2023-11-27,SJ,WSH,71,6.0,-103,-120
2023-11-27,SJ,WSH,75,5.5,-120,100
2023-11-27,SJ,WSH,76,5.5,-115,-105
2023-11-28,NJ,NYI,15,6.5,104,-125
2023-11-28,NJ,NYI,30,5.5,-122,-100
2023-11-28,NJ,NYI,68,6.5,102,-122
2023-11-28,NJ,NYI,69,6.5,104,-128
2023-11-28,NJ,NYI,71,6.0,-120,-103
2023-11-28,NJ,NYI,75,6.0,-120,100
2023-11-28,NJ,NYI,76,6.5,-100,-120
2023-11-28,TOR,FLA,15,6.5,-130,106
2023-11-28,TOR,FLA,30,6.5,-110,-112
2023-11-28,TOR,FLA,68,6.5,-125,105
2023-11-28,TOR,FLA,69,6.5,-130,106
2023-11-28,TOR,FLA,71,6.5,-120,-106
2023-11-28,TOR,FLA,75,6.5,-130,105
2023-11-28,TOR,FLA,76,6.5,-130,110
2023-11-28,PHI,CAR,15,6.5,-100,-120
2023-11-28,PHI,CAR,30,5.5,-115,-105
2023-11-28,PHI,CAR,68,6.0,-125,105
2023-11-28,PHI,CAR,69,6.5,112,-138
2023-11-28,PHI,CAR,71,6.0,-122,-104
2023-11-28,PHI,CAR,75,6.5,100,-120
2023-11-28,PHI,CAR,76,6.5,-100,-120
2023-11-28,WPG,DAL,15,5.5,-138,112
2023-11-28,WPG,DAL,30,5.5,-132,108
2023-11-28,WPG,DAL,68,6.0,-105,-115
2023-11-28,WPG,DAL,69,5.5,-138,112
2023-11-28,WPG,DAL,71,6.0,-103,-120
2023-11-28,WPG,DAL,75,6.0,-105,-115
2023-11-28,WPG,DAL,76,5.5,-130,110
2023-11-28,MIN,STL,15,6.5,-109,-111
2023-11-28,MIN,STL,30,6.5,-108,-112
2023-11-28,MIN,STL,68,6.5,-108,-112
2023-11-28,MIN,STL,69,6.5,-108,-112
2023-11-28,MIN,STL,71,6.5,-110,-118
2023-11-28,MIN,STL,75,6.5,-110,-110
2023-11-28,MIN,STL,76,6.5,-115,-105
2023-11-28,NSH,PIT,15,6.5,105,-122
2023-11-28,NSH,PIT,30,6.5,-138,112
2023-11-28,NSH,PIT,68,6.5,105,-125
2023-11-28,NSH,PIT,69,6.5,-100,-122
2023-11-28,NSH,PIT,71,6.5,-104,-118
2023-11-28,NSH,PIT,75,6.0,-120,100
2023-11-28,NSH,PIT,76,6.5,-105,-115
2023-11-28,CHI,SEA,15,6.5,105,-122
2023-11-28,CHI,SEA,30,6.5,112,-138
2023-11-28,CHI,SEA,68,6.5,105,-125
2023-11-28,CHI,SEA,69,6.5,-100,-122
2023-11-28,CHI,SEA,71,6.0,-124,102
2023-11-28,CHI,SEA,75,6.5,100,-120
2023-11-28,CHI,SEA,76,6.5,-105,-115
2023-11-28,UTA,TB,15,6.5,-130,106
2023-11-28,UTA,TB,30,6.5,-110,-110
2023-11-28,UTA,TB,68,6.5,-135,114
2023-11-28,UTA,TB,69,6.5,-130,106
2023-11-28,UTA,TB,71,6.5,-127,105
2023-11-28,UTA,TB,75,6.5,-135,110
2023-11-28,UTA,TB,76,6.5,-120,-100
2023-11-28,EDM,VGK,15,6.5,-110,-110
2023-11-28,EDM,VGK,30,6.5,-102,-120
2023-11-28,EDM,VGK,68,6.5,-110,-110
2023-11-28,EDM,VGK,69,6.5,-108,-112
2023-11-28,EDM,VGK,71,6.5,-110,-110
2023-11-28,EDM,VGK,75,6.5,-115,-105
2023-11-28,EDM,VGK,76,6.5,-110,-110
2023-11-28,VAN,ANA,15,6.5,-128,104
2023-11-28,VAN,ANA,30,6.5,-108,-112
2023-11-28,VAN,ANA,68,6.5,-122,102
2023-11-28,VAN,ANA,69,6.5,-128,104
2023-11-28,VAN,ANA,71,6.5,-122,102
2023-11-28,VAN,ANA,75,6.5,-125,105
2023-11-28,VAN,ANA,76,6.5,-130,110
2023-11-29,CBJ,MTL,15,6.5,-126,105
2023-11-29,CBJ,MTL,30,6.5,-115,-105
2023-11-29,CBJ,MTL,68,6.5,-125,105
2023-11-29,CBJ,MTL,69,6.5,-128,104
2023-11-29,CBJ,MTL,71,6.5,-118,-104
2023-11-29,CBJ,MTL,75,6.5,-120,100
2023-11-29,CBJ,MTL,76,6.5,-125,105
2023-11-29,NYR,DET,15,6.0,-105,-115
2023-11-29,NYR,DET,30,6.0,-120,-100
2023-11-29,NYR,DET,68,6.0,-105,-115
2023-11-29,NYR,DET,69,6.5,112,-140
2023-11-29,NYR,DET,71,6.0,-114,-107
2023-11-29,NYR,DET,75,6.0,-105,-115
2023-11-29,NYR,DET,76,5.5,-130,-100
2023-11-29,LA,WSH,15,6.5,110,-130
2023-11-29,LA,WSH,30,6.0,-115,-105
2023-11-29,LA,WSH,68,6.0,-112,-108
2023-11-29,LA,WSH,69,6.5,114,-140
2023-11-29,LA,WSH,71,6.0,-114,-107
2023-11-29,LA,WSH,75,6.0,-110,-110
2023-11-29,LA,WSH,76,6.5,110,-130
2023-11-30,MTL,FLA,15,6.5,-110,-110
2023-11-30,MTL,FLA,30,6.5,-118,-104
2023-11-30,MTL,FLA,68,6.5,-108,-112
2023-11-30,MTL,FLA,69,6.5,-110,-110
2023-11-30,MTL,FLA,71,6.5,-104,-118
2023-11-30,MTL,FLA,75,6.5,-110,-110
2023-11-30,MTL,FLA,76,6.5,-110,-110
2023-11-30,PHI,NJ,15,6.5,-105,-115
2023-11-30,PHI,NJ,30,5.5,-134,110
2023-11-30,PHI,NJ,68,6.5,-105,-115
2023-11-30,PHI,NJ,69,6.5,-100,-122
2023-11-30,PHI,NJ,71,6.5,-106,-115
2023-11-30,PHI,NJ,75,6.5,100,-120
2023-11-30,PHI,NJ,76,6.5,-110,-110
2023-11-30,BOS,SJ,15,5.5,-115,-105
2023-11-30,BOS,SJ,30,5.5,-130,106
2023-11-30,BOS,SJ,68,6.0,102,-122
2023-11-30,BOS,SJ,69,5.5,-115,-105
2023-11-30,BOS,SJ,71,6.0,104,-127
2023-11-30,BOS,SJ,75,6.0,100,-120
2023-11-30,BOS,SJ,76,5.5,-115,-105
2023-11-30,TB,PIT,15,6.5,-124,-100
2023-11-30,TB,PIT,30,6.5,-110,-110
2023-11-30,TB,PIT,68,6.5,-118,-102
2023-11-30,TB,PIT,69,6.5,-124,102
2023-11-30,TB,PIT,71,6.5,-118,-108
2023-11-30,TB,PIT,75,6.5,-120,100
2023-11-30,TB,PIT,76,6.5,-130,110
2023-11-30,TOR,SEA,15,6.5,-101,-119
2023-11-30,TOR,SEA,30,6.5,-104,-118
2023-11-30,TOR,SEA,68,6.5,-102,-118
2023-11-30,TOR,SEA,69,6.5,-100,-122
2023-11-30,TOR,SEA,71,6.5,-112,-114
2023-11-30,TOR,SEA,75,6.5,100,-120
2023-11-30,TOR,SEA,76,6.5,-103,-118
2023-11-30,DET,CHI,15,6.5,108,-130
2023-11-30,DET,CHI,30,6.5,-106,-114
2023-11-30,DET,CHI,68,6.5,105,-125
2023-11-30,DET,CHI,69,6.5,108,-132
2023-11-30,DET,CHI,71,6.5,102,-124
2023-11-30,DET,CHI,75,6.0,-105,-115
2023-11-30,DET,CHI,76,6.5,110,-130
2023-11-30,CAR,NYI,15,5.5,-140,114
2023-11-30,CAR,NYI,30,5.5,-134,110
2023-11-30,CAR,NYI,68,6.0,-108,-112
2023-11-30,CAR,NYI,69,5.5,-140,114
2023-11-30,CAR,NYI,71,5.5,-122,100
2023-11-30,CAR,NYI,75,6.0,-110,-110
2023-11-30,CAR,NYI,76,5.5,-130,110
2023-11-30,STL,BUF,15,6.5,-120,-102
2023-11-30,STL,BUF,30,6.5,-118,-104
2023-11-30,STL,BUF,68,6.5,-108,-112
2023-11-30,STL,BUF,69,6.5,-120,-102
2023-11-30,STL,BUF,71,6.5,-118,-108
2023-11-30,STL,BUF,75,6.5,-110,-110
2023-11-30,STL,BUF,76,6.5,-120,-100
2023-11-30,NSH,MIN,15,6.0,-110,-110
2023-11-30,NSH,MIN,30,5.5,-138,112
2023-11-30,NSH,MIN,68,6.0,-110,-110
2023-11-30,NSH,MIN,69,6.5,114,-140
2023-11-30,NSH,MIN,71,6.0,-105,-121
2023-11-30,NSH,MIN,75,6.0,-120,100
2023-11-30,NSH,MIN,76,5.5,-139,120
2023-11-30,WPG,EDM,15,6.5,-122,101
2023-11-30,WPG,EDM,30,6.5,-130,105
2023-11-30,WPG,EDM,68,6.5,-122,102
2023-11-30,WPG,EDM,69,6.5,-122,-100
2023-11-30,WPG,EDM,71,6.5,-127,105
2023-11-30,WPG,EDM,75,6.5,-130,105
2023-11-30,WPG,EDM,76,6.5,-140,115
2023-11-30,CGY,DAL,15,6.5,-100,-120
2023-11-30,CGY,DAL,30,6.0,-120,100
2023-11-30,CGY,DAL,68,6.0,-122,102
2023-11-30,CGY,DAL,69,6.5,106,-130
2023-11-30,CGY,DAL,71,6.0,-115,-106
2023-11-30,CGY,DAL,75,6.0,-120,100
2023-11-30,CGY,DAL,76,6.5,-100,-120
2023-11-30,UTA,COL,15,6.5,-105,-115
2023-11-30,UTA,COL,30,6.5,-102,-120
2023-11-30,UTA,COL,68,6.5,-105,-115
2023-11-30,UTA,COL,69,6.5,-102,-120
2023-11-30,UTA,COL,71,6.5,-104,-118
2023-11-30,UTA,COL,75,6.5,-105,-115
2023-11-30,UTA,COL,76,6.5,-105,-115
2023-11-30,ANA,WSH,15,6.5,105,-125
2023-11-30,ANA,WSH,30,6.0,-120,100
2023-11-30,ANA,WSH,68,6.0,-112,-108
2023-11-30,ANA,WSH,69,6.5,114,-140
2023-11-30,ANA,WSH,71,6.0,-125,102
2023-11-30,ANA,WSH,75,6.0,-115,-105
2023-11-30,ANA,WSH,76,6.5,105,-125
2023-11-30,VAN,VGK,15,6.5,105,-130
2023-11-30,VAN,VGK,30,6.5,102,-124
2023-11-30,VAN,VGK,68,6.5,105,-125
2023-11-30,VAN,VGK,69,6.5,104,-128
2023-11-30,VAN,VGK,71,6.5,102,-127
2023-11-30,VAN,VGK,75,6.0,-120,100
2023-11-30,VAN,VGK,76,6.5,110,-130
2023-12-01,CBJ,OTT,15,6.5,-134,110
2023-12-01,CBJ,OTT,30,6.5,-140,115
2023-12-01,CBJ,OTT,68,7.0,114,-135
2023-12-01,CBJ,OTT,69,6.5,-134,110
2023-12-01,CBJ,OTT,71,6.5,-137,108
2023-12-01,CBJ,OTT,75,7.0,110,-135
2023-12-01,CBJ,OTT,76,6.5,-130,110
2023-12-01,NJ,SJ,15,6.5,-120,-102
2023-12-01,NJ,SJ,30,6.5,-127,105
2023-12-01,NJ,SJ,68,6.5,-120,100
2023-12-01,NJ,SJ,69,6.5,-120,-102
2023-12-01,NJ,SJ,71,6.5,-120,-105
2023-12-01,NJ,SJ,75,6.5,-120,100
2023-12-01,NJ,SJ,76,6.5,-125,105
2023-12-02,DAL,TB,15,6.5,-100,-120
2023-12-02,DAL,TB,30,5.5,-140,114
2023-12-02,DAL,TB,68,6.0,-122,102
2023-12-02,DAL,TB,69,6.5,-100,-122
2023-12-02,DAL,TB,71,6.0,-122,100
2023-12-02,DAL,TB,75,6.0,-105,-115
2023-12-02,DAL,TB,76,6.5,-100,-120
2023-12-02,WPG,CHI,15,6.5,-100,-118
2023-12-02,WPG,CHI,30,6.5,102,-124
2023-12-02,WPG,CHI,68,6.0,-125,105
2023-12-02,WPG,CHI,69,6.5,-104,-118
2023-12-02,WPG,CHI,71,6.5,102,-122
2023-12-02,WPG,CHI,75,6.0,-115,-105
2023-12-02,WPG,CHI,76,6.5,-100,-120
2023-12-02,NSH,NYR,15,5.5,-124,102
2023-12-02,NSH,NYR,30,5.5,-138,112
2023-12-02,NSH,NYR,68,6.0,102,-122
2023-12-02,NSH,NYR,69,5.5,-124,102
2023-12-02,NSH,NYR,71,6.0,100,-122
2023-12-02,NSH,NYR,75,6.0,100,-120
2023-12-02,NSH,NYR,76,5.5,-120,-100
2023-12-02,FLA,NYI,15,6.5,-100,-130
2023-12-02,FLA,NYI,30,5.5,-140,114
2023-12-02,FLA,NYI,68,6.0,-108,-112
2023-12-02,FLA,NYI,69,6.5,110,-134
2023-12-02,FLA,NYI,71,6.0,-112,-109
2023-12-02,FLA,NYI,75,6.0,-110,-110
2023-12-02,FLA,NYI,76,6.5,105,-125
2023-12-02,PIT,PHI,15,6.5,-110,-110
2023-12-02,PIT,PHI,30,6.5,-104,-118
2023-12-02,PIT,PHI,68,6.5,-118,-102
2023-12-02,PIT,PHI,69,6.5,-110,-110
2023-12-02,PIT,PHI,71,6.5,-117,-105
2023-12-02,PIT,PHI,75,6.5,-115,-105
2023-12-02,PIT,PHI,76,6.5,-110,-110
2023-12-02,CAR,BUF,15,6.5,-110,-110
2023-12-02,CAR,BUF,30,6.5,106,-130
2023-12-02,CAR,BUF,68,6.5,-110,-110
2023-12-02,CAR,BUF,69,6.5,-110,-110
2023-12-02,CAR,BUF,71,6.5,-113,-108
2023-12-02,CAR,BUF,75,6.5,-110,-110
2023-12-02,CAR,BUF,76,6.5,-110,-110
2023-12-02,OTT,SEA,15,6.5,-111,-109
2023-12-02,OTT,SEA,30,6.5,110,-134
2023-12-02,OTT,SEA,68,6.5,-112,-108
2023-12-02,OTT,SEA,69,6.5,-110,-110
2023-12-02,OTT,SEA,71,6.5,-115,-106
2023-12-02,OTT,SEA,75,6.5,-110,-110
2023-12-02,OTT,SEA,76,6.5,-120,-100
2023-12-02,TOR,BOS,15,6.0,-101,-119
2023-12-02,TOR,BOS,30,6.5,-105,-115
2023-12-02,TOR,BOS,68,6.0,-102,-118
2023-12-02,TOR,BOS,69,6.5,114,-140
2023-12-02,TOR,BOS,71,6.0,-109,-112
2023-12-02,TOR,BOS,75,6.0,100,-120
2023-12-02,TOR,BOS,76,5.5,-130,110
2023-12-02,MTL,DET,15,6.5,-110,-110
2023-12-02,MTL,DET,30,6.5,-118,-104
2023-12-02,MTL,DET,68,6.5,-105,-115
2023-12-02,MTL,DET,69,6.5,-110,-110
2023-12-02,MTL,DET,71,6.5,-106,-114
2023-12-02,MTL,DET,75,6.5,-105,-115
2023-12-02,MTL,DET,76,6.5,-125,105
2023-12-02,UTA,STL,15,6.5,-103,-116
2023-12-02,UTA,STL,30,6.5,-112,-108
2023-12-02,UTA,STL,68,6.5,-102,-118
2023-12-02,UTA,STL,69,6.5,-112,-108
2023-12-02,UTA,STL,71,6.5,-107,-114
2023-12-02,UTA,STL,75,6.5,-105,-115
2023-12-02,UTA,STL,76,6.5,-100,-120
2023-12-02,CGY,VAN,15,6.5,-112,-108
2023-12-02,CGY,VAN,30,6.5,-115,-105
2023-12-02,CGY,VAN,68,6.5,-108,-112
2023-12-02,CGY,VAN,69,6.5,-112,-108
2023-12-02,CGY,VAN,71,6.5,-103,-120
2023-12-02,CGY,VAN,75,6.5,-110,-110
2023-12-02,CGY,VAN,76,6.5,-115,-105
2023-12-02,ANA,COL,15,6.5,-120,-104
2023-12-02,ANA,COL,30,6.5,110,-134
2023-12-02,ANA,COL,68,6.5,-125,105
2023-12-02,ANA,COL,69,6.5,-118,-104
2023-12-02,ANA,COL,71,6.5,-127,102
2023-12-02,ANA,COL,75,6.5,-120,100
2023-12-02,ANA,COL,76,6.5,-120,-100
2023-12-02,VGK,WSH,15,5.5,-132,108
2023-12-02,VGK,WSH,30,6.5,108,-132
2023-12-02,VGK,WSH,68,6.0,100,-120
2023-12-02,VGK,WSH,69,5.5,-132,108
2023-12-02,VGK,WSH,71,5.5,-122,100
2023-12-02,VGK,WSH,75,6.0,100,-120
2023-12-02,VGK,WSH,76,5.5,-125,105
2023-12-03,MIN,CHI,15,6.5,105,-125
2023-12-03,MIN,CHI,30,6.0,-120,-100
2023-12-03,MIN,CHI,68,6.5,100,-120
2023-12-03,MIN,CHI,69,6.5,108,-132
2023-12-03,MIN,CHI,71,6.0,-115,-105
2023-12-03,MIN,CHI,75,6.5,100,-120
2023-12-03,MIN,CHI,76,6.5,105,-125
2023-12-03,NYR,SJ,15,5.5,-132,110
2023-12-03,NYR,SJ,30,6.0,-120,-101
2023-12-03,NYR,SJ,68,6.0,-105,-115
2023-12-03,NYR,SJ,69,5.5,-132,108
2023-12-03,NYR,SJ,71,6.0,-103,-120
2023-12-03,NYR,SJ,75,6.0,-105,-115
2023-12-03,NYR,SJ,76,5.5,-130,110
2023-12-03,BOS,CBJ,15,6.5,-100,-120
2023-12-03,BOS,CBJ,30,6.0,-110,-110
2023-12-03,BOS,CBJ,68,6.0,-122,102
2023-12-03,BOS,CBJ,69,6.5,-102,-120
2023-12-03,BOS,CBJ,71,6.5,104,-125
2023-12-03,BOS,CBJ,75,6.0,-115,-105
2023-12-03,BOS,CBJ,76,6.5,-100,-120
2023-12-03,BUF,NSH,15,6.5,-110,-110
2023-12-03,BUF,NSH,30,6.5,105,-127
2023-12-03,BUF,NSH,68,6.5,-108,-112
2023-12-03,BUF,NSH,69,6.5,-118,-104
2023-12-03,BUF,NSH,71,6.5,-114,-106
2023-12-03,BUF,NSH,75,6.5,-105,-115
2023-12-03,BUF,NSH,76,6.5,-110,-110
2023-12-03,LA,COL,15,6.5,105,-134
2023-12-03,LA,COL,30,6.0,-127,105
2023-12-03,LA,COL,68,6.0,-108,-112
2023-12-03,LA,COL,69,6.5,110,-134
2023-12-03,LA,COL,71,6.0,-113,-108
2023-12-03,LA,COL,75,6.0,-105,-115
2023-12-03,LA,COL,76,6.5,105,-140
2023-12-04,PHI,PIT,15,6.5,-115,-109
2023-12-04,PHI,PIT,30,6.5,105,-127
2023-12-04,PHI,PIT,68,6.5,-112,-108
2023-12-04,PHI,PIT,69,6.5,-115,-111
2023-12-04,PHI,PIT,71,6.5,-110,-110
2023-12-04,PHI,PIT,75,6.5,-115,-105
2023-12-04,PHI,PIT,76,6.5,-115,-105
2023-12-04,TB,DAL,15,6.5,-105,-115
2023-12-04,TB,DAL,30,6.0,-120,-100
2023-12-04,TB,DAL,68,6.5,-105,-115
2023-12-04,TB,DAL,69,6.5,-102,-120
2023-12-04,TB,DAL,71,6.5,-112,-113
2023-12-04,TB,DAL,75,6.5,100,-120
2023-12-04,TB,DAL,76,6.5,-110,-110
2023-12-04,WPG,CAR,15,6.5,-102,-115
2023-12-04,WPG,CAR,30,6.0,-120,-100
2023-12-04,WPG,CAR,68,6.0,-135,114
2023-12-04,WPG,CAR,69,6.5,-105,-115
2023-12-04,WPG,CAR,71,6.0,-122,102
2023-12-04,WPG,CAR,75,6.0,-110,-110
2023-12-04,WPG,CAR,76,6.5,-100,-120
2023-12-04,MTL,SEA,15,6.5,105,-117
2023-12-04,MTL,SEA,30,6.5,105,-127
2023-12-04,MTL,SEA,68,6.0,-112,-108
2023-12-04,MTL,SEA,69,6.5,106,-130
2023-12-04,MTL,SEA,71,6.0,-124,102
2023-12-04,MTL,SEA,75,6.0,-115,-105
2023-12-04,MTL,SEA,76,6.5,105,-125
2023-12-04,UTA,WSH,15,5.5,-116,-105
2023-12-04,UTA,WSH,30,6.0,-105,-115
2023-12-04,UTA,WSH,68,5.5,-112,-108
2023-12-04,UTA,WSH,69,5.5,-118,-104
2023-12-04,UTA,WSH,71,5.5,-122,100
2023-12-04,UTA,WSH,75,5.5,-110,-110
2023-12-04,UTA,WSH,76,5.5,-115,-105
2023-12-04,VGK,STL,15,6.5,102,-122
2023-12-04,VGK,STL,30,6.0,-110,-110
2023-12-04,VGK,STL,68,6.0,-125,105
2023-12-04,VGK,STL,69,6.5,104,-128
2023-12-04,VGK,STL,71,6.0,-120,-103
2023-12-04,VGK,STL,75,6.0,-120,100
2023-12-04,VGK,STL,76,6.5,-100,-120
2023-12-05,OTT,NYR,15,6.5,-102,-122
2023-12-05,OTT,NYR,30,6.5,100,-120
2023-12-05,OTT,NYR,68,6.5,102,-122
2023-12-05,OTT,NYR,69,6.5,-102,-125
2023-12-05,OTT,NYR,71,6.0,-122,102
2023-12-05,OTT,NYR,75,6.5,100,-120
2023-12-05,OTT,NYR,76,6.5,-100,-120
2023-12-05,CBJ,LA,15,6.5,-100,-120
2023-12-05,CBJ,LA,30,6.5,-115,-105
2023-12-05,CBJ,LA,68,6.0,-112,-108
2023-12-05,CBJ,LA,69,6.5,106,-130
2023-12-05,CBJ,LA,71,6.0,-122,100
2023-12-05,CBJ,LA,75,6.0,-115,-105
2023-12-05,CBJ,LA,76,6.5,-100,-120
2023-12-05,BUF,DET,15,6.5,-120,-102
2023-12-05,BUF,DET,30,6.5,-122,-100
2023-12-05,BUF,DET,68,6.5,-122,102
2023-12-05,BUF,DET,69,6.5,-120,-102
2023-12-05,BUF,DET,71,6.5,-121,100
2023-12-05,BUF,DET,75,6.5,-110,-110
2023-12-05,BUF,DET,76,6.5,-120,-100
2023-12-05,NYI,SJ,15,5.5,-120,-102
2023-12-05,NYI,SJ,30,6.0,-105,-115
2023-12-05,NYI,SJ,68,5.5,-118,-102
2023-12-05,NYI,SJ,69,5.5,-120,-102
2023-12-05,NYI,SJ,71,6.0,102,-122
2023-12-05,NYI,SJ,75,5.5,-120,100
2023-12-05,NYI,SJ,76,5.5,-120,-100
2023-12-05,CHI,NSH,15,6.5,110,-130
2023-12-05,CHI,NSH,30,6.5,-100,-120
2023-12-05,CHI,NSH,68,6.5,110,-130
2023-12-05,CHI,NSH,69,6.5,110,-134
2023-12-05,CHI,NSH,71,6.0,-125,100
2023-12-05,CHI,NSH,75,6.5,100,-120
2023-12-05,CHI,NSH,76,6.5,-105,-115
2023-12-05,CGY,MIN,15,6.5,-104,-118
2023-12-05,CGY,MIN,30,6.0,-127,105
2023-12-05,CGY,MIN,68,6.0,-125,105
2023-12-05,CGY,MIN,69,6.5,-104,-118
2023-12-05,CGY,MIN,71,6.0,-118,-108
2023-12-05,CGY,MIN,75,6.0,-120,100
2023-12-05,CGY,MIN,76,6.5,-105,-115
2023-12-05,COL,ANA,15,6.5,-106,-114
2023-12-05,COL,ANA,30,6.5,-111,-109
2023-12-05,COL,ANA,68,6.5,-102,-118
2023-12-05,COL,ANA,69,6.5,-106,-114
2023-12-05,COL,ANA,71,6.5,-110,-110
2023-12-05,COL,ANA,75,6.5,100,-120
2023-12-05,COL,ANA,76,6.5,-110,-110
2023-12-05,VAN,NJ,15,6.5,-138,114
2023-12-05,VAN,NJ,30,7.0,105,-127
2023-12-05,VAN,NJ,68,6.5,-135,114
2023-12-05,VAN,NJ,69,6.5,-138,112
2023-12-05,VAN,NJ,71,7.0,114,-137
2023-12-05,VAN,NJ,75,7.0,110,-135
2023-12-05,VAN,NJ,76,6.5,-140,115
2023-12-06,TB,PIT,15,6.5,-110,-110
2023-12-06,TB,PIT,30,6.5,-110,-110
2023-12-06,TB,PIT,68,6.5,-108,-112
2023-12-06,TB,PIT,69,6.5,-114,-106
2023-12-06,TB,PIT,71,6.5,-118,-104
2023-12-06,TB,PIT,75,6.5,-110,-110
2023-12-06,TB,PIT,76,6.5,-110,-110
2023-12-06,FLA,DAL,15,6.5,110,-130
2023-12-06,FLA,DAL,30,6.0,-110,-110
2023-12-06,FLA,DAL,68,6.0,-115,-105
2023-12-06,FLA,DAL,69,6.5,110,-134
2023-12-06,FLA,DAL,71,6.0,-114,-107
2023-12-06,FLA,DAL,75,6.0,-115,-105
2023-12-06,FLA,DAL,76,6.5,110,-130
2023-12-06,STL,VGK,15,5.5,-140,114
2023-12-06,STL,VGK,30,6.0,-115,-105
2023-12-06,STL,VGK,68,6.0,-102,-118
2023-12-06,STL,VGK,69,5.5,-140,114
2023-12-06,STL,VGK,71,6.0,-105,-117
2023-12-06,STL,VGK,75,6.0,100,-120
2023-12-06,STL,VGK,76,5.5,-130,110
2023-12-06,EDM,CAR,15,6.5,-150,125
2023-12-06,EDM,CAR,30,6.5,-130,105
2023-12-06,EDM,CAR,68,7.0,102,-122
2023-12-06,EDM,CAR,69,6.5,-140,114
2023-12-06,EDM,CAR,71,7.0,112,-137
2023-12-06,EDM,CAR,75,7.0,110,-135
2023-12-06,EDM,CAR,76,6.5,-150,125
2023-12-07,MTL,LA,15,6.5,105,-125
2023-12-07,MTL,LA,30,6.5,-110,-110
2023-12-07,MTL,LA,68,6.5,105,-125
2023-12-07,MTL,LA,69,6.5,-102,-120
2023-12-07,MTL,LA,71,6.0,-124,102
2023-12-07,MTL,LA,75,6.0,-115,-105
2023-12-07,MTL,LA,76,6.5,105,-125
2023-12-07,OTT,TOR,15,6.5,-128,105
2023-12-07,OTT,TOR,30,6.5,-120,-102
2023-12-07,OTT,TOR,68,6.5,-130,110
2023-12-07,OTT,TOR,69,6.5,-128,104
2023-12-07,OTT,TOR,71,7.0,102,-124
2023-12-07,OTT,TOR,75,6.5,-130,105
2023-12-07,OTT,TOR,76,6.5,-125,105
2023-12-07,DET,SJ,15,6.5,-115,-105
2023-12-07,DET,SJ,30,6.5,-104,-118
2023-12-07,DET,SJ,68,6.5,-115,-105
2023-12-07,DET,SJ,69,6.5,-115,-105
2023-12-07,DET,SJ,71,6.5,-121,100
2023-12-07,DET,SJ,75,6.5,-115,-105
2023-12-07,DET,SJ,76,6.5,-110,-110
2023-12-07,BOS,BUF,15,6.5,-100,-120
2023-12-07,BOS,BUF,30,6.5,110,-134
2023-12-07,BOS,BUF,68,6.0,-120,100
2023-12-07,BOS,BUF,69,6.5,102,-124
2023-12-07,BOS,BUF,71,6.0,-122,100
2023-12-07,BOS,BUF,75,6.0,-120,100
2023-12-07,BOS,BUF,76,6.5,-100,-120
2023-12-07,NYI,CBJ,15,6.5,-102,-120
2023-12-07,NYI,CBJ,30,6.5,-110,-110
2023-12-07,NYI,CBJ,68,6.5,100,-120
2023-12-07,NYI,CBJ,69,6.5,-102,-120
2023-12-07,NYI,CBJ,71,6.5,102,-122
2023-12-07,NYI,CBJ,75,3.0,-10000,1650
2023-12-07,NYI,CBJ,76,6.5,-105,-115
2023-12-07,WSH,DAL,15,5.5,-130,110
2023-12-07,WSH,DAL,30,6.5,-104,-118
2023-12-07,WSH,DAL,68,6.0,-105,-115
2023-12-07,WSH,DAL,69,5.5,-130,106
2023-12-07,WSH,DAL,71,6.0,100,-127
2023-12-07,WSH,DAL,75,6.0,-105,-115
2023-12-07,WSH,DAL,76,5.5,-130,110
2023-12-07,NSH,TB,15,6.5,-106,-114
2023-12-07,NSH,TB,30,6.5,-104,-118
2023-12-07,NSH,TB,68,6.5,-105,-115
2023-12-07,NSH,TB,69,6.5,-106,-114
2023-12-07,NSH,TB,71,6.5,-103,-120
2023-12-07,NSH,TB,75,6.5,-105,-115
2023-12-07,NSH,TB,76,6.5,-110,-110
2023-12-07,CHI,ANA,15,6.5,-106,-113
2023-12-07,CHI,ANA,30,6.5,-112,-108
2023-12-07,CHI,ANA,68,6.5,-108,-112
2023-12-07,CHI,ANA,69,6.5,-105,-115
2023-12-07,CHI,ANA,71,6.5,-105,-121
2023-12-07,CHI,ANA,75,6.5,-105,-115
2023-12-07,CHI,ANA,76,6.5,-110,-110
2023-12-07,CGY,CAR,15,6.5,-104,-118
2023-12-07,CGY,CAR,30,6.5,110,-134
2023-12-07,CGY,CAR,68,6.5,100,-120
2023-12-07,CGY,CAR,69,6.5,-104,-118
2023-12-07,CGY,CAR,71,6.5,102,-124
2023-12-07,CGY,CAR,75,6.5,100,-120
2023-12-07,CGY,CAR,76,6.5,-105,-115
2023-12-07,COL,WPG,15,5.5,-142,116
2023-12-07,COL,WPG,30,5.5,-141,115
2023-12-07,COL,WPG,68,6.0,-112,-108
2023-12-07,COL,WPG,69,5.5,-142,116
2023-12-07,COL,WPG,71,6.0,-113,-113
2023-12-07,COL,WPG,75,6.0,-110,-110
2023-12-07,COL,WPG,76,5.5,-130,110
2023-12-07,UTA,PHI,15,5.5,-138,112
2023-12-07,UTA,PHI,30,5.5,-138,112
2023-12-07,UTA,PHI,68,6.0,-112,-108
2023-12-07,UTA,PHI,69,5.5,-138,112
2023-12-07,UTA,PHI,71,6.0,-110,-110
2023-12-07,UTA,PHI,75,6.0,-110,-110
2023-12-07,UTA,PHI,76,5.5,-130,110
2023-12-07,VAN,MIN,15,6.5,-115,-105
2023-12-07,VAN,MIN,30,6.5,-106,-114
2023-12-07,VAN,MIN,68,6.5,-115,-105
2023-12-07,VAN,MIN,69,6.5,-118,-104
2023-12-07,VAN,MIN,71,6.5,-112,-109
2023-12-07,VAN,MIN,75,6.5,-115,-105
2023-12-07,VAN,MIN,76,6.5,-120,-100
2023-12-07,SEA,NJ,15,6.5,-125,105
2023-12-07,SEA,NJ,30,6.5,112,-138
2023-12-07,SEA,NJ,68,6.5,-130,110
2023-12-07,SEA,NJ,69,6.5,-124,102
2023-12-07,SEA,NJ,71,6.5,-130,108
2023-12-07,SEA,NJ,75,6.5,-135,110
2023-12-07,SEA,NJ,76,6.5,-125,105
2023-12-08,CBJ,STL,15,6.5,-125,105
2023-12-08,CBJ,STL,30,6.5,-105,-115
2023-12-08,CBJ,STL,68,6.5,-125,105
2023-12-08,CBJ,STL,69,6.5,-120,-102
2023-12-08,CBJ,STL,71,6.5,-120,-103
2023-12-08,CBJ,STL,75,6.5,-120,100
2023-12-08,CBJ,STL,76,6.5,-140,115
2023-12-08,FLA,PIT,15,6.5,-120,-100
2023-12-08,FLA,PIT,30,6.5,-105,-115
2023-12-08,FLA,PIT,68,6.5,-108,-112
2023-12-08,FLA,PIT,69,6.5,-122,-100
2023-12-08,FLA,PIT,71,6.5,-106,-115
2023-12-08,FLA,PIT,75,6.5,-110,-110
2023-12-08,FLA,PIT,76,6.5,-120,-100
2023-12-08,EDM,MIN,15,6.5,-142,116
2023-12-08,EDM,MIN,30,6.5,-130,107
2023-12-08,EDM,MIN,68,6.5,-142,120
2023-12-08,EDM,MIN,69,6.5,-142,116
2023-12-08,EDM,MIN,71,7.0,106,-129
2023-12-08,EDM,MIN,75,7.0,105,-130
2023-12-08,EDM,MIN,76,6.5,-140,115
2023-12-09,BOS,UTA,15,5.5,-125,105
2023-12-09,BOS,UTA,30,5.5,-138,112
2023-12-09,BOS,UTA,68,5.5,-125,105
2023-12-09,BOS,UTA,69,5.5,-118,-104
2023-12-09,BOS,UTA,71,5.5,-117,-104
2023-12-09,BOS,UTA,75,5.5,-120,100
2023-12-09,BOS,UTA,76,5.5,-125,105
2023-12-09,CGY,NJ,15,6.5,-124,102
2023-12-09,CGY,NJ,30,6.5,-110,-110
2023-12-09,CGY,NJ,68,6.5,-122,102
2023-12-09,CGY,NJ,69,6.5,-124,102
2023-12-09,CGY,NJ,71,6.5,-124,102
2023-12-09,CGY,NJ,75,6.5,-120,100
2023-12-09,CGY,NJ,76,6.5,-125,105
2023-12-09,DAL,VGK,15,5.5,-130,106
2023-12-09,DAL,VGK,30,6.5,-104,-118
2023-12-09,DAL,VGK,68,6.0,102,-122
2023-12-09,DAL,VGK,69,5.5,-130,106
2023-12-09,DAL,VGK,71,6.0,-105,-117
2023-12-09,DAL,VGK,75,5.5,-120,100
2023-12-09,DAL,VGK,76,5.5,-115,-105
2023-12-09,BUF,MTL,15,6.5,-110,-110
2023-12-09,BUF,MTL,30,6.5,-115,-105
2023-12-09,BUF,MTL,68,6.5,-108,-112
2023-12-09,BUF,MTL,69,6.5,-110,-110
2023-12-09,BUF,MTL,71,6.5,-110,-109
2023-12-09,BUF,MTL,75,6.5,-110,-110
2023-12-09,BUF,MTL,76,6.5,-110,-110
2023-12-09,TOR,NSH,15,6.5,-135,110
2023-12-09,TOR,NSH,30,6.5,-112,-108
2023-12-09,TOR,NSH,68,6.5,-135,114
2023-12-09,TOR,NSH,69,6.5,-128,104
2023-12-09,TOR,NSH,71,6.5,-125,104
2023-12-09,TOR,NSH,75,6.5,-135,110
2023-12-09,TOR,NSH,76,6.5,-140,115
2023-12-09,WSH,NYR,15,5.5,-132,110
2023-12-09,WSH,NYR,30,6.5,102,-124
2023-12-09,WSH,NYR,68,6.0,102,-122
2023-12-09,WSH,NYR,69,5.5,-132,108
2023-12-09,WSH,NYR,71,6.0,-105,-121
2023-12-09,WSH,NYR,75,6.0,100,-120
2023-12-09,WSH,NYR,76,5.5,-130,110
2023-12-09,DET,OTT,15,6.5,-130,106
2023-12-09,DET,OTT,30,6.5,-122,-100
2023-12-09,DET,OTT,68,6.5,-130,110
2023-12-09,DET,OTT,69,6.5,-130,106
2023-12-09,DET,OTT,71,6.5,-134,106
2023-12-09,DET,OTT,75,6.5,-130,105
2023-12-09,DET,OTT,76,6.5,-130,110
2023-12-09,NYI,LA,15,5.5,-134,110
2023-12-09,NYI,LA,30,6.5,-102,-120
2023-12-09,NYI,LA,68,6.0,100,-120
2023-12-09,NYI,LA,69,5.5,-134,110
2023-12-09,NYI,LA,71,6.0,102,-124
2023-12-09,NYI,LA,75,6.0,-105,-115
2023-12-09,NYI,LA,76,5.5,-130,110
2023-12-09,CHI,STL,15,6.5,104,-125
2023-12-09,CHI,STL,30,6.5,-108,-112
2023-12-09,CHI,STL,68,6.0,-112,-108
2023-12-09,CHI,STL,69,6.5,104,-128
2023-12-09,CHI,STL,71,6.0,-106,-115
2023-12-09,CHI,STL,75,6.0,-115,-105
2023-12-09,CHI,STL,76,6.5,105,-125
2023-12-09,COL,PHI,15,6.5,110,-110
2023-12-09,COL,PHI,30,5.5,-142,116
2023-12-09,COL,PHI,68,6.0,-125,105
2023-12-09,COL,PHI,69,6.5,110,-134
2023-12-09,COL,PHI,71,6.0,-114,-107
2023-12-09,COL,PHI,75,6.5,100,-120
2023-12-09,COL,PHI,76,6.5,-100,-120
2023-12-09,SEA,TB,15,6.5,105,-125
2023-12-09,SEA,TB,30,6.5,112,-138
2023-12-09,SEA,TB,68,6.0,-110,-110
2023-12-09,SEA,TB,69,6.5,112,-138
2023-12-09,SEA,TB,71,6.5,102,-124
2023-12-09,SEA,TB,75,6.0,-110,-110
2023-12-09,SEA,TB,76,6.5,105,-125
2023-12-09,VAN,CAR,15,6.5,-105,-115
2023-12-09,VAN,CAR,30,6.5,-110,-110
2023-12-09,VAN,CAR,68,6.5,-102,-118
2023-12-09,VAN,CAR,69,6.5,-105,-115
2023-12-09,VAN,CAR,71,6.5,-108,-113
2023-12-09,VAN,CAR,75,6.5,100,-120
2023-12-09,VAN,CAR,76,6.5,-120,-100
2023-12-10,CBJ,FLA,15,6.5,-130,110
2023-12-10,CBJ,FLA,30,6.5,-120,-102
2023-12-10,CBJ,FLA,68,6.5,-135,114
2023-12-10,CBJ,FLA,69,6.5,-128,104
2023-12-10,CBJ,FLA,71,6.5,-130,108
2023-12-10,CBJ,FLA,75,6.5,-135,110
2023-12-10,CBJ,FLA,76,6.5,-130,110
2023-12-10,EDM,NJ,15,7.5,125,-150
2023-12-10,EDM,NJ,30,7.0,-118,-103
2023-12-10,EDM,NJ,68,7.0,-125,105
2023-12-10,EDM,NJ,69,7.5,132,-162
2023-12-10,EDM,NJ,71,7.0,-127,104
2023-12-10,EDM,NJ,75,7.0,-130,105
2023-12-10,EDM,NJ,76,7.5,125,-150
2023-12-10,NYR,LA,15,6.5,-100,-120
2023-12-10,NYR,LA,30,6.5,-105,-116
2023-12-10,NYR,LA,68,6.0,-115,-105
2023-12-10,NYR,LA,69,6.5,-100,-122
2023-12-10,NYR,LA,71,6.0,-118,-104
2023-12-10,NYR,LA,75,6.0,-115,-105
2023-12-10,NYR,LA,76,6.5,-100,-120
2023-12-10,CHI,WSH,15,6.0,-110,-110
2023-12-10,CHI,WSH,30,6.5,-105,-116
2023-12-10,CHI,WSH,68,6.0,-110,-110
2023-12-10,CHI,WSH,69,5.5,-138,112
2023-12-10,CHI,WSH,71,6.0,-109,-112
2023-12-10,CHI,WSH,75,6.0,-110,-110
2023-12-10,CHI,WSH,76,6.5,105,-125
2023-12-10,MTL,NSH,15,6.5,-102,-120
2023-12-10,MTL,NSH,30,6.5,-111,-109
2023-12-10,MTL,NSH,68,6.5,102,-122
2023-12-10,MTL,NSH,69,6.5,-102,-120
2023-12-10,MTL,NSH,71,6.0,-122,100
2023-12-10,MTL,NSH,75,6.0,-120,100
2023-12-10,MTL,NSH,76,6.5,-100,-120
2023-12-10,ANA,WPG,15,6.0,-120,100
2023-12-10,ANA,WPG,30,6.5,105,-130
2023-12-10,ANA,WPG,68,6.0,-122,102
2023-12-10,ANA,WPG,69,5.5,-142,116
2023-12-10,ANA,WPG,71,6.0,-113,-112
2023-12-10,ANA,WPG,75,6.0,-120,100
2023-12-10,ANA,WPG,76,6.5,110,-130
2023-12-10,SEA,MIN,15,6.0,-110,-110
2023-12-10,SEA,MIN,30,6.5,-101,-120
2023-12-10,SEA,MIN,68,6.0,-110,-110
2023-12-10,SEA,MIN,69,6.5,108,-132
2023-12-10,SEA,MIN,71,6.0,-114,-107
2023-12-10,SEA,MIN,75,6.0,-110,-110
2023-12-10,SEA,MIN,76,5.5,-130,110
2023-12-10,VGK,SJ,15,6.5,-100,-120
2023-12-10,VGK,SJ,30,6.5,-101,-120
2023-12-10,VGK,SJ,68,6.0,-135,114
2023-12-10,VGK,SJ,69,6.5,104,-128
2023-12-10,VGK,SJ,71,6.5,-103,-120
2023-12-10,VGK,SJ,75,6.5,-105,-115
2023-12-10,VGK,SJ,76,6.5,-100,-120
2023-12-11,NYI,TOR,15,6.0,-110,-110
2023-12-11,NYI,TOR,30,6.0,-120,100
2023-12-11,NYI,TOR,68,6.0,-110,-110
2023-12-11,NYI,TOR,69,5.5,-140,112
2023-12-11,NYI,TOR,71,6.0,-110,-110
2023-12-11,NYI,TOR,75,6.0,-110,-110
2023-12-11,NYI,TOR,76,6.5,110,-130
2023-12-11,BUF,UTA,15,6.5,-110,-110
2023-12-11,BUF,UTA,30,6.5,-110,-110
2023-12-11,BUF,UTA,68,6.5,-108,-112
2023-12-11,BUF,UTA,69,6.5,-110,-110
2023-12-11,BUF,UTA,71,6.5,-105,-121
2023-12-11,BUF,UTA,75,6.5,100,-120
2023-12-11,BUF,UTA,76,6.5,-105,-118
2023-12-11,DAL,DET,15,6.5,-102,-117
2023-12-11,DAL,DET,30,6.0,-115,-105
2023-12-11,DAL,DET,68,6.0,-115,-105
2023-12-11,DAL,DET,69,6.5,112,-138
2023-12-11,DAL,DET,71,6.0,-115,-109
2023-12-11,DAL,DET,75,6.0,-110,-105
2023-12-11,DAL,DET,76,6.5,110,-130
2023-12-11,COL,CGY,15,6.5,106,-130
2023-12-11,COL,CGY,30,6.5,-105,-115
2023-12-11,COL,CGY,68,6.0,-118,-102
2023-12-11,COL,CGY,69,6.5,106,-130
2023-12-11,COL,CGY,71,6.0,-117,-105
2023-12-11,COL,CGY,75,6.0,-105,-110
2023-12-11,COL,CGY,76,6.5,110,-130
2023-12-12,NYR,TOR,15,6.5,-100,-120
2023-12-12,NYR,TOR,30,6.5,-130,106
2023-12-12,NYR,TOR,68,6.0,-118,-102
2023-12-12,NYR,TOR,69,6.5,104,-128
2023-12-12,NYR,TOR,71,6.5,102,-124
2023-12-12,NYR,TOR,75,6.0,-115,-105
2023-12-12,NYR,TOR,76,6.5,-100,-120
2023-12-12,OTT,CAR,15,6.5,-118,-102
2023-12-12,OTT,CAR,30,6.5,-114,-106
2023-12-12,OTT,CAR,68,6.5,-115,-105
2023-12-12,OTT,CAR,69,6.5,-114,-105
2023-12-12,OTT,CAR,71,6.5,-115,-109
2023-12-12,OTT,CAR,75,6.5,-120,100
2023-12-12,OTT,CAR,76,6.5,-122,-100
2023-12-12,PIT,UTA,15,6.5,105,-125
2023-12-12,PIT,UTA,30,6.5,-104,-118
2023-12-12,PIT,UTA,68,6.0,-110,-110
2023-12-12,PIT,UTA,69,6.5,108,-132
2023-12-12,PIT,UTA,71,6.0,-118,-104
2023-12-12,PIT,UTA,75,6.0,-110,-110
2023-12-12,PIT,UTA,76,6.5,105,-125
2023-12-12,STL,DET,15,6.5,-108,-112
2023-12-12,STL,DET,30,6.5,-108,-112
2023-12-12,STL,DET,68,6.5,-108,-112
2023-12-12,STL,DET,69,6.5,-108,-112
2023-12-12,STL,DET,71,6.5,-109,-110
2023-12-12,STL,DET,75,6.5,-110,-110
2023-12-12,STL,DET,76,6.5,-115,-105
2023-12-12,NSH,PHI,15,6.5,-100,-120
2023-12-12,NSH,PHI,30,6.5,-106,-114
2023-12-12,NSH,PHI,68,6.0,-122,102
2023-12-12,NSH,PHI,69,6.5,112,-138
2023-12-12,NSH,PHI,71,6.0,-121,-108
2023-12-12,NSH,PHI,75,6.0,-120,100
2023-12-12,NSH,PHI,76,6.5,-100,-120
2023-12-12,SEA,FLA,15,6.5,-100,-122
2023-12-12,SEA,FLA,30,6.5,-106,-114
2023-12-12,SEA,FLA,68,6.0,-120,100
2023-12-12,SEA,FLA,69,6.5,-100,-122
2023-12-12,SEA,FLA,71,6.0,-117,-105
2023-12-12,SEA,FLA,75,6.0,-120,100
2023-12-12,SEA,FLA,76,6.5,105,-125
2023-12-12,VAN,TB,15,6.5,-102,-120
2023-12-12,VAN,TB,30,6.5,-105,-115
2023-12-12,VAN,TB,68,6.5,100,-120
2023-12-12,VAN,TB,69,6.5,-102,-120
2023-12-12,VAN,TB,71,6.5,-106,-115
2023-12-12,VAN,TB,75,6.5,-105,-115
2023-12-12,VAN,TB,76,6.5,-105,-115
2023-12-12,VGK,CGY,15,6.0,-105,-115
2023-12-12,VGK,CGY,30,6.5,114,-140
2023-12-12,VGK,CGY,68,6.0,-105,-115
2023-12-12,VGK,CGY,69,5.5,-134,110
2023-12-12,VGK,CGY,71,6.0,-113,-108
2023-12-12,VGK,CGY,75,6.0,-105,-115
2023-12-12,VGK,CGY,76,6.5,110,-130
2023-12-12,EDM,CHI,15,6.5,-140,115
2023-12-12,EDM,CHI,30,6.5,-128,104
2023-12-12,EDM,CHI,68,6.5,-155,130
2023-12-12,EDM,CHI,69,6.5,-138,112
2023-12-12,EDM,CHI,71,6.5,-130,107
2023-12-12,EDM,CHI,75,7.0,105,-125
2023-12-12,EDM,CHI,76,6.5,-140,115
2023-12-12,SJ,WPG,15,6.5,-102,-120
2023-12-12,SJ,WPG,30,6.5,-108,-112
2023-12-12,SJ,WPG,68,6.0,-122,102
2023-12-12,SJ,WPG,69,6.5,-102,-120
2023-12-12,SJ,WPG,71,6.0,-115,-106
2023-12-12,SJ,WPG,75,6.0,-120,100
2023-12-12,SJ,WPG,76,6.5,105,-125
2023-12-13,MTL,PIT,15,6.5,104,-125
2023-12-13,MTL,PIT,30,6.5,-110,-110
2023-12-13,MTL,PIT,68,6.0,-112,-108
2023-12-13,MTL,PIT,69,6.5,110,-134
2023-12-13,MTL,PIT,71,6.0,-115,-105
2023-12-13,MTL,PIT,75,6.0,-115,-105
2023-12-13,MTL,PIT,76,6.5,105,-125
2023-12-13,NJ,BOS,15,6.5,-100,-120
2023-12-13,NJ,BOS,30,6.0,-127,105
2023-12-13,NJ,BOS,68,6.0,-112,-108
2023-12-13,NJ,BOS,69,6.5,112,-140
2023-12-13,NJ,BOS,71,6.0,-124,102
2023-12-13,NJ,BOS,75,6.0,-110,-110
2023-12-13,NJ,BOS,76,6.5,-100,-120
2023-12-13,NYI,ANA,15,6.0,-120,100
2023-12-13,NYI,ANA,30,6.0,-110,-110
2023-12-13,NYI,ANA,68,6.0,-120,100
2023-12-13,NYI,ANA,69,6.5,110,-134
2023-12-13,NYI,ANA,71,6.0,-113,-108
2023-12-13,NYI,ANA,75,6.5,100,-120
2023-12-13,NYI,ANA,76,6.5,105,-125
2023-12-13,COL,BUF,15,6.5,-142,115
2023-12-13,COL,BUF,30,6.5,-105,-115
2023-12-13,COL,BUF,68,6.5,-142,120
2023-12-13,COL,BUF,69,6.5,-142,116
2023-12-13,COL,BUF,71,6.5,-130,107
2023-12-13,COL,BUF,75,7.0,105,-125
2023-12-13,COL,BUF,76,6.5,-140,115
2023-12-13,LA,WPG,15,5.5,-120,100
2023-12-13,LA,WPG,30,6.0,-120,-100
2023-12-13,LA,WPG,68,5.5,-120,100
2023-12-13,LA,WPG,69,5.5,-120,-102
2023-12-13,LA,WPG,71,5.5,-122,100
2023-12-13,LA,WPG,75,5.5,-120,100
2023-12-13,LA,WPG,76,5.5,-110,-110
2023-12-14,PHI,WSH,15,5.5,-129,105
2023-12-14,PHI,WSH,30,5.5,-130,106
2023-12-14,PHI,WSH,68,5.5,-130,110
2023-12-14,PHI,WSH,69,5.5,-128,104
2023-12-14,PHI,WSH,71,6.0,100,-122
2023-12-14,PHI,WSH,75,6.0,-105,-110
2023-12-14,PHI,WSH,76,5.5,-125,105
2023-12-14,TOR,CBJ,15,6.5,-142,120
2023-12-14,TOR,CBJ,30,6.5,-144,118
2023-12-14,TOR,CBJ,68,6.5,-142,120
2023-12-14,TOR,CBJ,69,6.5,-140,114
2023-12-14,TOR,CBJ,71,6.5,-134,110
2023-12-14,TOR,CBJ,75,6.5,-135,110
2023-12-14,TOR,CBJ,76,6.5,-150,125
2023-12-14,DET,CAR,15,6.5,-105,-115
2023-12-14,DET,CAR,30,6.5,-106,-114
2023-12-14,DET,CAR,68,6.5,-105,-115
2023-12-14,DET,CAR,69,6.5,-102,-120
2023-12-14,DET,CAR,71,6.5,-104,-118
2023-12-14,DET,CAR,75,6.5,-105,-115
2023-12-14,DET,CAR,76,6.5,-110,-110
2023-12-14,STL,OTT,15,6.5,-125,105
2023-12-14,STL,OTT,30,6.5,-130,107
2023-12-14,STL,OTT,68,6.5,-125,105
2023-12-14,STL,OTT,69,6.5,-120,-102
2023-12-14,STL,OTT,71,6.5,-122,102
2023-12-14,STL,OTT,75,6.5,-125,105
2023-12-14,STL,OTT,76,6.5,-140,115
2023-12-14,MIN,CGY,15,6.5,-110,-110
2023-12-14,MIN,CGY,30,5.5,-138,112
2023-12-14,MIN,CGY,68,6.5,-110,-110
2023-12-14,MIN,CGY,69,6.5,-110,-110
2023-12-14,MIN,CGY,71,6.5,-106,-115
2023-12-14,MIN,CGY,75,6.5,-110,-110
2023-12-14,MIN,CGY,76,6.5,-110,-110
2023-12-14,EDM,TB,15,6.5,-138,112
2023-12-14,EDM,TB,30,6.5,-116,-105
2023-12-14,EDM,TB,68,6.5,-135,114
2023-12-14,EDM,TB,69,6.5,-138,112
2023-12-14,EDM,TB,71,6.5,-130,107
2023-12-14,EDM,TB,75,7.0,110,-135
2023-12-14,EDM,TB,76,6.5,-140,115
2023-12-14,SEA,CHI,15,5.5,-115,-105
2023-12-14,SEA,CHI,30,6.0,-120,-100
2023-12-14,SEA,CHI,68,5.5,-115,-105
2023-12-14,SEA,CHI,69,5.5,-114,-106
2023-12-14,SEA,CHI,71,5.5,-121,100
2023-12-14,SEA,CHI,75,5.5,-120,100
2023-12-14,SEA,CHI,76,5.5,-120,-100
2023-12-14,VAN,FLA,15,6.5,100,-120
2023-12-14,VAN,FLA,30,6.5,105,-127
2023-12-14,VAN,FLA,68,6.5,100,-120
2023-12-14,VAN,FLA,69,6.5,-102,-120
2023-12-14,VAN,FLA,71,6.0,-118,-104
2023-12-14,VAN,FLA,75,6.5,100,-120
2023-12-14,VAN,FLA,76,6.5,-105,-115
2023-12-15,NYR,ANA,15,6.5,-110,-110
2023-12-15,NYR,ANA,30,6.0,-115,-105
2023-12-15,NYR,ANA,68,6.0,-120,100
2023-12-15,NYR,ANA,69,6.5,-100,-122
2023-12-15,NYR,ANA,71,6.0,-125,100
2023-12-15,NYR,ANA,75,6.0,-120,100
2023-12-15,NYR,ANA,76,6.5,105,-125
2023-12-15,CAR,NSH,15,6.5,-108,-112
2023-12-15,CAR,NSH,30,6.0,-119,-101
2023-12-15,CAR,NSH,68,6.0,-115,-105
2023-12-15,CAR,NSH,69,6.5,-102,-120
2023-12-15,CAR,NSH,71,6.0,-118,-110
2023-12-15,CAR,NSH,75,6.0,-115,-105
2023-12-15,CAR,NSH,76,6.5,105,-125
2023-12-15,NYI,BOS,15,5.5,-115,-105
2023-12-15,NYI,BOS,30,5.5,-120,100
2023-12-15,NYI,BOS,68,5.5,-115,-105
2023-12-15,NYI,BOS,69,5.5,-115,-105
2023-12-15,NYI,BOS,71,5.5,-109,-112
2023-12-15,NYI,BOS,75,5.5,-120,100
2023-12-15,NYI,BOS,76,5.5,-115,-105
2023-12-15,DAL,OTT,15,6.5,-127,105
2023-12-15,DAL,OTT,30,6.5,105,-130
2023-12-15,DAL,OTT,68,6.5,-125,105
2023-12-15,DAL,OTT,69,6.5,-110,-110
2023-12-15,DAL,OTT,71,6.5,-110,-110
2023-12-15,DAL,OTT,75,6.5,-120,100
2023-12-15,DAL,OTT,76,6.5,-125,105
2023-12-15,UTA,SJ,15,6.5,-100,-121
2023-12-15,UTA,SJ,30,6.5,105,-127
2023-12-15,UTA,SJ,68,6.5,102,-122
2023-12-15,UTA,SJ,69,6.5,-100,-122
2023-12-15,UTA,SJ,71,6.0,-124,102
2023-12-15,UTA,SJ,75,6.0,-120,100
2023-12-15,UTA,SJ,76,6.5,-100,-120
2023-12-15,VGK,BUF,15,6.5,-110,-110
2023-12-15,VGK,BUF,30,6.5,107,-130
2023-12-15,VGK,BUF,68,6.5,-110,-110
2023-12-15,VGK,BUF,69,6.5,-104,-118
2023-12-15,VGK,BUF,71,6.0,-124,102
2023-12-15,VGK,BUF,75,6.5,-105,-115
2023-12-15,VGK,BUF,76,6.5,-110,-110
2023-12-16,MIN,VAN,15,6.5,-100,-115
2023-12-16,MIN,VAN,30,6.5,110,-134
2023-12-16,MIN,VAN,68,6.0,-125,105
2023-12-16,MIN,VAN,69,6.5,-100,-122
2023-12-16,MIN,VAN,71,6.5,100,-121
2023-12-16,MIN,VAN,75,6.5,100,-120
2023-12-16,MIN,VAN,76,6.5,-105,-115
2023-12-16,BOS,NYR,15,5.5,-118,-104
2023-12-16,BOS,NYR,30,6.0,-100,-120
2023-12-16,BOS,NYR,68,5.5,-118,-102
2023-12-16,BOS,NYR,69,5.5,-118,-104
2023-12-16,BOS,NYR,71,5.5,-121,100
2023-12-16,BOS,NYR,75,5.5,-120,100
2023-12-16,BOS,NYR,76,6.5,110,-130
2023-12-16,CBJ,NJ,15,6.5,-142,116
2023-12-16,CBJ,NJ,30,7.0,112,-137
2023-12-16,CBJ,NJ,68,6.5,-142,120
2023-12-16,CBJ,NJ,69,6.5,-142,116
2023-12-16,CBJ,NJ,71,6.5,-137,114
2023-12-16,CBJ,NJ,75,7.0,105,-130
2023-12-16,CBJ,NJ,76,6.5,-140,115
2023-12-16,TOR,PIT,15,6.5,-108,-112
2023-12-16,TOR,PIT,30,6.5,-130,105
2023-12-16,TOR,PIT,68,6.5,-105,-115
2023-12-16,TOR,PIT,69,6.5,-108,-112
2023-12-16,TOR,PIT,71,6.5,-104,-118
2023-12-16,TOR,PIT,75,6.5,-105,-115
2023-12-16,TOR,PIT,76,6.5,-115,-105
2023-12-16,PHI,DET,15,6.5,-105,-115
2023-12-16,PHI,DET,30,6.0,-105,-115
2023-12-16,PHI,DET,68,6.0,-130,110
2023-12-16,PHI,DET,69,6.5,112,-138
2023-12-16,PHI,DET,71,6.0,-117,-109
2023-12-16,PHI,DET,75,6.5,-105,-115
2023-12-16,PHI,DET,76,6.5,-105,-115
2023-12-16,WPG,COL,15,6.5,104,-128
2023-12-16,WPG,COL,30,5.5,-140,112
2023-12-16,WPG,COL,68,6.0,-118,-102
2023-12-16,WPG,COL,69,6.5,104,-128
2023-12-16,WPG,COL,71,6.0,-113,-108
2023-12-16,WPG,COL,75,6.0,-115,-105
2023-12-16,WPG,COL,76,6.5,110,-130
2023-12-16,MTL,NYI,15,6.5,-105,-115
2023-12-16,MTL,NYI,30,6.0,-115,-105
2023-12-16,MTL,NYI,68,6.0,-118,-102
2023-12-16,MTL,NYI,69,6.5,106,-130
2023-12-16,MTL,NYI,71,6.0,-120,-103
2023-12-16,MTL,NYI,75,6.0,-120,100
2023-12-16,MTL,NYI,76,6.5,-105,-115
2023-12-16,STL,DAL,15,6.5,-105,-115
2023-12-16,STL,DAL,30,6.5,-110,-110
2023-12-16,STL,DAL,68,6.5,-105,-115
2023-12-16,STL,DAL,69,6.5,-106,-114
2023-12-16,STL,DAL,71,6.5,-103,-120
2023-12-16,STL,DAL,75,6.5,-105,-115
2023-12-16,STL,DAL,76,6.5,-105,-115
2023-12-16,NSH,WSH,15,6.5,-108,-111
2023-12-16,NSH,WSH,30,6.5,-100,-120
2023-12-16,NSH,WSH,68,6.0,-122,102
2023-12-16,NSH,WSH,69,6.5,104,-128
2023-12-16,NSH,WSH,71,6.0,-113,-108
2023-12-16,NSH,WSH,75,6.0,-120,100
2023-12-16,NSH,WSH,76,6.5,105,-125
2023-12-16,UTA,BUF,15,6.5,-110,-110
2023-12-16,UTA,BUF,30,6.5,-111,-109
2023-12-16,UTA,BUF,68,6.5,-112,-108
2023-12-16,UTA,BUF,69,6.5,-108,-112
2023-12-16,UTA,BUF,71,6.5,-120,100
2023-12-16,UTA,BUF,75,6.5,-115,-105
2023-12-16,UTA,BUF,76,6.5,-120,-100
2023-12-16,EDM,FLA,15,6.5,-155,125
2023-12-16,EDM,FLA,30,6.5,-142,115
2023-12-16,EDM,FLA,68,6.5,-148,124
2023-12-16,EDM,FLA,69,6.5,-160,130
2023-12-16,EDM,FLA,71,7.0,110,-134
2023-12-16,EDM,FLA,75,7.0,100,-120
2023-12-16,EDM,FLA,76,6.5,-145,120
2023-12-16,CGY,TB,15,6.5,-115,-105
2023-12-16,CGY,TB,30,6.5,-120,-100
2023-12-16,CGY,TB,68,6.5,-105,-115
2023-12-16,CGY,TB,69,6.5,-120,-102
2023-12-16,CGY,TB,71,6.5,-117,-105
2023-12-16,CGY,TB,75,6.5,-110,-110
2023-12-16,CGY,TB,76,6.5,-115,-105
2023-12-16,SEA,LA,15,5.5,-125,105
2023-12-16,SEA,LA,30,5.5,-140,114
2023-12-16,SEA,LA,68,5.5,-122,102
2023-12-16,SEA,LA,69,5.5,-130,106
2023-12-16,SEA,LA,71,6.0,102,-124
2023-12-16,SEA,LA,75,6.0,100,-120
2023-12-16,SEA,LA,76,5.5,-125,105
2023-12-17,CHI,VAN,15,6.5,-102,-120
2023-12-17,CHI,VAN,30,6.0,-127,105
2023-12-17,CHI,VAN,68,6.5,-102,-118
2023-12-17,CHI,VAN,69,6.5,-102,-120
2023-12-17,CHI,VAN,71,6.0,-122,102
2023-12-17,CHI,VAN,75,6.5,100,-120
2023-12-17,CHI,VAN,76,6.5,-100,-120
2023-12-17,CAR,WSH,15,5.5,-134,110
2023-12-17,CAR,WSH,30,6.0,-120,-100
2023-12-17,CAR,WSH,68,6.0,-108,-112
2023-12-17,CAR,WSH,69,5.5,-134,110
2023-12-17,CAR,WSH,71,6.0,-104,-118
2023-12-17,CAR,WSH,75,6.0,-110,-110
2023-12-17,CAR,WSH,76,5.5,-130,110
2023-12-17,NJ,ANA,15,6.5,-132,108
2023-12-17,NJ,ANA,30,6.5,-115,-105
2023-12-17,NJ,ANA,68,6.5,-135,114
2023-12-17,NJ,ANA,69,6.5,-132,108
2023-12-17,NJ,ANA,71,6.5,-122,100
2023-12-17,NJ,ANA,75,6.5,-130,105
2023-12-17,NJ,ANA,76,6.5,-120,-100
2023-12-17,COL,SJ,15,6.5,100,-120
2023-12-17,COL,SJ,30,6.5,-110,-110
2023-12-17,COL,SJ,68,6.5,100,-120
2023-12-17,COL,SJ,69,6.5,-104,-118
2023-12-17,COL,SJ,71,6.0,-125,100
2023-12-17,COL,SJ,75,6.5,100,-120
2023-12-17,COL,SJ,76,6.5,-100,-120
2023-12-17,VGK,OTT,15,6.5,-105,-115
2023-12-17,VGK,OTT,30,6.5,-100,-120
2023-12-17,VGK,OTT,68,6.5,-108,-112
2023-12-17,VGK,OTT,69,6.5,-105,-115
2023-12-17,VGK,OTT,71,6.5,-112,-109
2023-12-17,VGK,OTT,75,6.5,-105,-115
2023-12-17,VGK,OTT,76,6.5,-105,-115
2023-12-18,PIT,MIN,15,6.5,110,-130
2023-12-18,PIT,MIN,30,5.5,-132,108
2023-12-18,PIT,MIN,68,6.0,-115,-105
2023-12-18,PIT,MIN,69,6.5,112,-138
2023-12-18,PIT,MIN,71,6.0,-108,-113
2023-12-18,PIT,MIN,75,6.0,-115,-105
2023-12-18,PIT,MIN,76,6.5,110,-130
2023-12-18,DET,ANA,15,6.5,-105,-115
2023-12-18,DET,ANA,30,6.5,-110,-110
2023-12-18,DET,ANA,68,6.5,-105,-115
2023-12-18,DET,ANA,69,6.5,-102,-120
2023-12-18,DET,ANA,71,6.5,-108,-113
2023-12-18,DET,ANA,75,6.5,-110,-110
2023-12-18,DET,ANA,76,6.5,-110,-110
2023-12-18,WPG,MTL,15,6.0,100,-120
2023-12-18,WPG,MTL,30,6.5,-106,-114
2023-12-18,WPG,MTL,68,6.0,100,-120
2023-12-18,WPG,MTL,69,5.5,-134,110
2023-12-18,WPG,MTL,71,6.0,-105,-117
2023-12-18,WPG,MTL,75,6.0,100,-120
2023-12-18,WPG,MTL,76,6.5,110,-130
2023-12-18,DAL,SEA,15,6.5,105,-125
2023-12-18,DAL,SEA,30,6.5,-105,-115
2023-12-18,DAL,SEA,68,6.0,-120,100
2023-12-18,DAL,SEA,69,6.5,110,-134
2023-12-18,DAL,SEA,71,6.0,-120,100
2023-12-18,DAL,SEA,75,6.0,-115,-105
2023-12-18,DAL,SEA,76,6.5,105,-125
2023-12-18,CGY,FLA,15,6.5,100,-122
2023-12-18,CGY,FLA,30,6.5,-115,-105
2023-12-18,CGY,FLA,68,6.5,102,-122
2023-12-18,CGY,FLA,69,6.5,-100,-122
2023-12-18,CGY,FLA,71,6.0,-122,100
2023-12-18,CGY,FLA,75,6.5,100,-120
2023-12-18,CGY,FLA,76,6.5,-105,-115
2023-12-19,BOS,MIN,15,5.5,-130,105
2023-12-19,BOS,MIN,30,6.0,-100,-120
2023-12-19,BOS,MIN,68,5.5,-125,105
2023-12-19,BOS,MIN,69,5.5,-130,106
2023-12-19,BOS,MIN,71,5.5,-120,-103
2023-12-19,BOS,MIN,75,6.0,100,-120
2023-12-19,BOS,MIN,76,5.5,-120,-100
2023-12-19,TOR,NYR,15,6.5,-102,-118
2023-12-19,TOR,NYR,30,6.5,-105,-115
2023-12-19,TOR,NYR,68,6.5,100,-120
2023-12-19,TOR,NYR,69,6.5,-102,-118
2023-12-19,TOR,NYR,71,6.5,-106,-115
2023-12-19,TOR,NYR,75,6.5,100,-120
2023-12-19,TOR,NYR,76,6.5,-115,-105
2023-12-19,TB,STL,15,6.5,-120,-104
2023-12-19,TB,STL,30,6.5,-100,-120
2023-12-19,TB,STL,68,6.5,-122,102
2023-12-19,TB,STL,69,6.5,-118,-104
2023-12-19,TB,STL,71,6.5,-110,-110
2023-12-19,TB,STL,75,6.5,-120,100
2023-12-19,TB,STL,76,6.5,-125,105
2023-12-19,NJ,PHI,15,6.5,-110,-110
2023-12-19,NJ,PHI,30,6.5,105,-127
2023-12-19,NJ,PHI,68,6.5,-112,-108
2023-12-19,NJ,PHI,69,6.5,-110,-110
2023-12-19,NJ,PHI,71,6.5,-109,-112
2023-12-19,NJ,PHI,75,6.5,-110,-110
2023-12-19,NJ,PHI,76,6.5,-110,-110
2023-12-19,BUF,CBJ,15,6.5,-154,125
2023-12-19,BUF,CBJ,30,6.5,-110,-110
2023-12-19,BUF,CBJ,68,6.5,-155,130
2023-12-19,BUF,CBJ,69,6.5,-154,120
2023-12-19,BUF,CBJ,71,7.0,108,-132
2023-12-19,BUF,CBJ,75,7.0,105,-130
2023-12-19,BUF,CBJ,76,6.5,-150,125
2023-12-19,CAR,VGK,15,6.5,-100,-120
2023-12-19,CAR,VGK,30,6.5,-105,-115
2023-12-19,CAR,VGK,68,6.0,-120,100
2023-12-19,CAR,VGK,69,6.5,110,-134
2023-12-19,CAR,VGK,71,6.0,-117,-105
2023-12-19,CAR,VGK,75,6.0,-120,100
2023-12-19,CAR,VGK,76,6.5,-100,-120
2023-12-19,NYI,EDM,15,6.5,-130,110
2023-12-19,NYI,EDM,30,6.5,-105,-115
2023-12-19,NYI,EDM,68,6.5,-142,120
2023-12-19,NYI,EDM,69,6.5,-130,106
2023-12-19,NYI,EDM,71,7.0,112,-136
2023-12-19,NYI,EDM,75,7.0,110,-135
2023-12-19,NYI,EDM,76,6.5,-130,110
2023-12-19,NSH,VAN,15,6.5,100,-120
2023-12-19,NSH,VAN,30,6.0,-120,-100
2023-12-19,NSH,VAN,68,6.5,100,-120
2023-12-19,NSH,VAN,69,6.5,-100,-122
2023-12-19,NSH,VAN,71,6.5,-113,-108
2023-12-19,NSH,VAN,75,6.5,100,-120
2023-12-19,NSH,VAN,76,6.5,-115,-105
2023-12-19,CHI,COL,15,6.5,104,-128
2023-12-19,CHI,COL,30,6.5,-110,-110
2023-12-19,CHI,COL,68,6.0,-118,-102
2023-12-19,CHI,COL,69,6.5,104,-128
2023-12-19,CHI,COL,71,6.0,-125,100
2023-12-19,CHI,COL,75,6.0,-120,100
2023-12-19,CHI,COL,76,6.5,110,-130
2023-12-19,UTA,OTT,15,6.5,-110,-110
2023-12-19,UTA,OTT,30,6.0,-127,105
2023-12-19,UTA,OTT,68,6.5,-112,-108
2023-12-19,UTA,OTT,69,6.5,-110,-110
2023-12-19,UTA,OTT,71,6.5,-115,-106
2023-12-19,UTA,OTT,75,6.5,-110,-110
2023-12-19,UTA,OTT,76,6.5,-110,-110
2023-12-19,SJ,LA,15,6.5,-102,-120
2023-12-19,SJ,LA,30,6.0,-115,-105
2023-12-19,SJ,LA,68,6.0,-130,110
2023-12-19,SJ,LA,69,6.5,-102,-120
2023-12-19,SJ,LA,71,6.5,100,-121
2023-12-19,SJ,LA,75,6.5,-105,-115
2023-12-19,SJ,LA,76,6.5,105,-125
2023-12-20,WPG,DET,15,6.5,-105,-115
2023-12-20,WPG,DET,30,6.5,100,-120
2023-12-20,WPG,DET,68,6.5,-108,-112
2023-12-20,WPG,DET,69,6.5,-105,-115
2023-12-20,WPG,DET,71,6.5,-112,-109
2023-12-20,WPG,DET,75,6.5,-110,-110
2023-12-20,WPG,DET,76,6.5,-110,-110
2023-12-20,WSH,NYI,15,5.5,-130,110
2023-12-20,WSH,NYI,30,5.5,-130,105
2023-12-20,WSH,NYI,68,5.5,-130,110
2023-12-20,WSH,NYI,69,5.5,-140,114
2023-12-20,WSH,NYI,71,6.0,-107,-114
2023-12-20,WSH,NYI,75,6.0,100,-120
2023-12-20,WSH,NYI,76,5.5,-125,105
2023-12-20,LA,SEA,15,6.0,-116,-104
2023-12-20,LA,SEA,30,6.0,-130,105
2023-12-20,LA,SEA,68,6.0,100,-120
2023-12-20,LA,SEA,69,5.5,-134,110
2023-12-20,LA,SEA,71,6.0,-104,-118
2023-12-20,LA,SEA,75,6.0,100,-120
2023-12-20,LA,SEA,76,5.5,-130,110
2023-12-21,FLA,STL,15,6.5,-110,-110
2023-12-21,FLA,STL,30,6.5,-100,-120
2023-12-21,FLA,STL,68,6.5,-110,-110
2023-12-21,FLA,STL,69,6.5,-118,-104
2023-12-21,FLA,STL,71,6.5,-106,-115
2023-12-21,FLA,STL,75,6.5,-110,-110
2023-12-21,FLA,STL,76,6.5,-105,-115
2023-12-21,PIT,CAR,15,6.5,-110,-110
2023-12-21,PIT,CAR,30,6.5,-110,-110
2023-12-21,PIT,CAR,68,6.5,-110,-110
2023-12-21,PIT,CAR,69,6.5,-105,-115
2023-12-21,PIT,CAR,71,6.5,-122,-106
2023-12-21,PIT,CAR,75,6.5,-110,-110
2023-12-21,PIT,CAR,76,6.5,-110,-110
2023-12-21,CBJ,WSH,15,6.5,102,-124
2023-12-21,CBJ,WSH,30,6.0,-120,-100
2023-12-21,CBJ,WSH,68,6.0,-122,102
2023-12-21,CBJ,WSH,69,6.5,102,-124
2023-12-21,CBJ,WSH,71,6.0,-122,-107
2023-12-21,CBJ,WSH,75,6.0,-120,100
2023-12-21,CBJ,WSH,76,6.5,105,-125
2023-12-21,PHI,NSH,15,5.5,-122,104
2023-12-21,PHI,NSH,30,5.5,-127,105
2023-12-21,PHI,NSH,68,5.5,-122,102
2023-12-21,PHI,NSH,69,5.5,-128,104
2023-12-21,PHI,NSH,71,6.0,-103,-127
2023-12-21,PHI,NSH,75,6.0,100,-120
2023-12-21,PHI,NSH,76,5.5,-115,-105
2023-12-21,BUF,TOR,15,6.5,-150,125
2023-12-21,BUF,TOR,30,7.0,117,-143
2023-12-21,BUF,TOR,68,7.0,105,-125
2023-12-21,BUF,TOR,69,6.5,-144,118
2023-12-21,BUF,TOR,71,7.0,105,-127
2023-12-21,BUF,TOR,75,7.0,100,-120
2023-12-21,BUF,TOR,76,6.5,-150,125
2023-12-21,TB,VGK,15,6.5,-120,-110
2023-12-21,TB,VGK,30,6.0,-120,-100
2023-12-21,TB,VGK,68,6.5,-130,110
2023-12-21,TB,VGK,69,6.5,-110,-110
2023-12-21,TB,VGK,71,6.5,-110,-118
2023-12-21,TB,VGK,75,6.5,-115,-105
2023-12-21,TB,VGK,76,6.5,-120,-100
2023-12-21,NJ,EDM,15,6.5,-170,140
2023-12-21,NJ,EDM,30,7.0,107,-130
2023-12-21,NJ,EDM,68,7.0,-112,-108
2023-12-21,NJ,EDM,69,6.5,-170,138
2023-12-21,NJ,EDM,71,7.0,-105,-117
2023-12-21,NJ,EDM,75,7.0,-105,-115
2023-12-21,NJ,EDM,76,6.5,-170,140
2023-12-21,DAL,VAN,15,6.5,102,-122
2023-12-21,DAL,VAN,30,6.5,-105,-115
2023-12-21,DAL,VAN,68,6.5,102,-122
2023-12-21,DAL,VAN,69,6.5,102,-124
2023-12-21,DAL,VAN,71,6.5,-106,-115
2023-12-21,DAL,VAN,75,6.5,100,-120
2023-12-21,DAL,VAN,76,6.5,-105,-115
2023-12-21,MIN,MTL,15,6.0,-110,-108
2023-12-21,MIN,MTL,30,6.5,105,-127
2023-12-21,MIN,MTL,68,6.0,-112,-108
2023-12-21,MIN,MTL,69,5.5,-134,110
2023-12-21,MIN,MTL,71,6.0,-104,-118
2023-12-21,MIN,MTL,75,6.0,-115,-105
2023-12-21,MIN,MTL,76,6.5,110,-130
2023-12-21,COL,OTT,15,6.5,-137,112
2023-12-21,COL,OTT,30,6.5,-115,-105
2023-12-21,COL,OTT,68,6.5,-130,110
2023-12-21,COL,OTT,69,6.5,-144,118
2023-12-21,COL,OTT,71,6.5,-127,105
2023-12-21,COL,OTT,75,6.5,-135,110
2023-12-21,COL,OTT,76,6.5,-140,115
2023-12-21,ANA,CGY,15,6.5,-105,-110
2023-12-21,ANA,CGY,30,6.0,-120,-100
2023-12-21,ANA,CGY,68,6.0,-118,-102
2023-12-21,ANA,CGY,69,6.5,-105,-115
2023-12-21,ANA,CGY,71,6.0,-120,100
2023-12-21,ANA,CGY,75,6.0,-120,100
2023-12-21,ANA,CGY,76,6.5,-110,-110
2023-12-21,SJ,UTA,15,6.5,-100,-120
2023-12-21,SJ,UTA,30,6.0,-120,-100
2023-12-21,SJ,UTA,68,6.0,-118,-102
2023-12-21,SJ,UTA,69,6.5,106,-130
2023-12-21,SJ,UTA,71,6.5,100,-127
2023-12-21,SJ,UTA,75,6.0,-120,100
2023-12-21,SJ,UTA,76,6.5,-100,-120
2023-12-22,DET,PHI,15,6.5,-100,-110
2023-12-22,DET,PHI,30,6.0,-121,101
2023-12-22,DET,PHI,68,6.0,-120,100
2023-12-22,DET,PHI,69,6.5,-100,-122
2023-12-22,DET,PHI,71,6.0,-117,-108
2023-12-22,DET,PHI,75,6.0,-120,100
2023-12-22,DET,PHI,76,6.5,-110,-110
2023-12-22,NYR,EDM,15,6.5,-135,110
2023-12-22,NYR,EDM,30,6.5,-115,-105
2023-12-22,NYR,EDM,68,6.5,-135,114
2023-12-22,NYR,EDM,69,6.5,-132,108
2023-12-22,NYR,EDM,71,6.5,-129,106
2023-12-22,NYR,EDM,75,6.5,-135,110
2023-12-22,NYR,EDM,76,6.5,-140,115
2023-12-22,WPG,BOS,15,5.5,-115,-105
2023-12-22,WPG,BOS,30,5.5,-120,100
2023-12-22,WPG,BOS,68,5.5,-115,-105
2023-12-22,WPG,BOS,69,5.5,-122,-100
2023-12-22,WPG,BOS,71,5.5,-110,-110
2023-12-22,WPG,BOS,75,5.5,-115,-105
2023-12-22,WPG,BOS,76,5.5,-110,-110
2023-12-22,CHI,MTL,15,6.5,105,-125
2023-12-22,CHI,MTL,30,6.5,-105,-115
2023-12-22,CHI,MTL,68,6.0,-115,-105
2023-12-22,CHI,MTL,69,6.5,114,-140
2023-12-22,CHI,MTL,71,6.0,-115,-106
2023-12-22,CHI,MTL,75,6.0,-115,-105
2023-12-22,CHI,MTL,76,6.5,105,-125
2023-12-23,NSH,DAL,15,6.5,104,-115
2023-12-23,NSH,DAL,30,6.5,107,-130
2023-12-23,NSH,DAL,68,6.0,-122,102
2023-12-23,NSH,DAL,69,6.5,104,-128
2023-12-23,NSH,DAL,71,6.0,-117,-105
2023-12-23,NSH,DAL,75,6.5,100,-120
2023-12-23,NSH,DAL,76,6.5,-105,-115
2023-12-23,FLA,VGK,15,6.5,-120,-100
2023-12-23,FLA,VGK,30,6.5,-115,-105
2023-12-23,FLA,VGK,68,6.5,-110,-110
2023-12-23,FLA,VGK,69,6.5,-122,-100
2023-12-23,FLA,VGK,71,6.5,-120,-106
2023-12-23,FLA,VGK,75,6.5,-115,-105
2023-12-23,FLA,VGK,76,6.5,-120,-100
2023-12-23,MIN,BOS,15,5.5,-128,-105
2023-12-23,MIN,BOS,30,6.5,-107,-113
2023-12-23,MIN,BOS,68,6.0,102,-122
2023-12-23,MIN,BOS,69,5.5,-128,102
2023-12-23,MIN,BOS,71,6.0,-108,-112
2023-12-23,MIN,BOS,75,6.0,100,-120
2023-12-23,MIN,BOS,76,5.5,-115,-105
2023-12-23,OTT,PIT,15,6.5,-135,110
2023-12-23,OTT,PIT,30,6.5,-127,105
2023-12-23,OTT,PIT,68,6.5,-135,114
2023-12-23,OTT,PIT,69,6.5,-128,104
2023-12-23,OTT,PIT,71,6.5,-132,110
2023-12-23,OTT,PIT,75,6.5,-135,110
2023-12-23,OTT,PIT,76,6.5,-145,120
2023-12-23,WSH,TB,15,6.5,-105,-115
2023-12-23,WSH,TB,30,6.5,105,-130
2023-12-23,WSH,TB,68,6.5,-105,-115
2023-12-23,WSH,TB,69,6.5,104,-128
2023-12-23,WSH,TB,71,6.0,-122,102
2023-12-23,WSH,TB,75,6.5,-105,-115
2023-12-23,WSH,TB,76,6.5,-110,-110
2023-12-23,CBJ,TOR,15,7.5,130,-160
2023-12-23,CBJ,TOR,30,7.0,-126,104
2023-12-23,CBJ,TOR,68,7.0,-105,-115
2023-12-23,CBJ,TOR,69,7.5,134,-164
2023-12-23,CBJ,TOR,71,7.0,-118,-107
2023-12-23,CBJ,TOR,75,7.0,-105,-115
2023-12-23,CBJ,TOR,76,7.5,130,-160
2023-12-23,NJ,DET,15,6.5,-150,125
2023-12-23,NJ,DET,30,6.5,-126,102
2023-12-23,NJ,DET,68,7.5,160,-192
2023-12-23,NJ,DET,69,6.5,-148,120
2023-12-23,NJ,DET,71,7.0,104,-130
2023-12-23,NJ,DET,75,7.0,100,-120
2023-12-23,NJ,DET,76,6.5,-150,125
2023-12-23,CAR,NYI,15,6.5,104,-125
2023-12-23,CAR,NYI,30,6.0,-115,-105
2023-12-23,CAR,NYI,68,6.0,-118,-102
2023-12-23,CAR,NYI,69,6.5,104,-128
2023-12-23,CAR,NYI,71,6.0,-118,-104
2023-12-23,CAR,NYI,75,6.0,-115,-105
2023-12-23,CAR,NYI,76,6.5,105,-125
2023-12-23,NYR,BUF,15,6.5,-115,-105
2023-12-23,NYR,BUF,30,6.5,-100,-122
2023-12-23,NYR,BUF,68,6.5,-115,-105
2023-12-23,NYR,BUF,69,6.5,-110,-110
2023-12-23,NYR,BUF,71,6.5,-121,100
2023-12-23,NYR,BUF,75,6.5,-110,-110
2023-12-23,NYR,BUF,76,6.5,-120,-100
2023-12-23,ANA,SEA,15,6.0,-111,-106
2023-12-23,ANA,SEA,30,6.0,-120,-100
2023-12-23,ANA,SEA,68,6.0,-112,-108
2023-12-23,ANA,SEA,69,5.5,-134,110
2023-12-23,ANA,SEA,71,6.0,-118,-103
2023-12-23,ANA,SEA,75,6.0,-115,-105
2023-12-23,ANA,SEA,76,6.5,105,-125
2023-12-23,STL,CHI,15,6.5,-100,-120
2023-12-23,STL,CHI,30,6.0,-130,105
2023-12-23,STL,CHI,68,6.0,-125,105
2023-12-23,STL,CHI,69,6.5,102,-124
2023-12-23,STL,CHI,71,6.5,-105,-117
2023-12-23,STL,CHI,75,6.0,-120,100
2023-12-23,STL,CHI,76,6.5,-100,-120
2023-12-23,COL,UTA,15,6.5,-114,-105
2023-12-23,COL,UTA,30,6.5,-115,-105
2023-12-23,COL,UTA,68,6.5,-115,-105
2023-12-23,COL,UTA,69,6.5,-114,-106
2023-12-23,COL,UTA,71,6.5,-120,-103
2023-12-23,COL,UTA,75,6.5,-110,-110
2023-12-23,COL,UTA,76,6.5,-125,105
2023-12-23,VAN,SJ,15,6.5,-110,-110
2023-12-23,VAN,SJ,30,6.5,-108,-112
2023-12-23,VAN,SJ,68,6.5,-112,-108
2023-12-23,VAN,SJ,69,6.5,-106,-114
2023-12-23,VAN,SJ,71,6.5,-114,-107
2023-12-23,VAN,SJ,75,6.5,-110,-110
2023-12-23,VAN,SJ,76,6.5,-115,-105
2023-12-23,LA,CGY,15,6.0,-105,-115
2023-12-23,LA,CGY,30,6.5,114,-140
2023-12-23,LA,CGY,68,6.0,-105,-115
2023-12-23,LA,CGY,69,5.5,-134,110
2023-12-23,LA,CGY,71,6.0,-110,-110
2023-12-23,LA,CGY,75,6.0,-105,-115
2023-12-23,LA,CGY,76,6.5,120,-139
2023-12-27,NYR,WSH,15,5.5,-115,-105
2023-12-27,NYR,WSH,30,6.0,-105,-115
2023-12-27,NYR,WSH,68,5.5,-115,-105
2023-12-27,NYR,WSH,69,5.5,-120,-102
2023-12-27,NYR,WSH,71,5.5,-120,100
2023-12-27,NYR,WSH,75,5.5,-120,100
2023-12-27,NYR,WSH,76,5.5,-115,-105
2023-12-27,TB,FLA,15,6.5,-118,-102
2023-12-27,TB,FLA,30,6.5,-120,100
2023-12-27,TB,FLA,68,6.5,-118,-102
2023-12-27,TB,FLA,69,6.5,-112,-108
2023-12-27,TB,FLA,71,6.5,-113,-108
2023-12-27,TB,FLA,75,6.5,-115,-105
2023-12-27,TB,FLA,76,6.5,-120,-100
2023-12-27,TOR,OTT,15,6.5,-172,140
2023-12-27,TOR,OTT,30,7.0,-105,-115
2023-12-27,TOR,OTT,68,7.0,-102,-118
2023-12-27,TOR,OTT,69,6.5,-164,134
2023-12-27,TOR,OTT,71,7.0,102,-124
2023-12-27,TOR,OTT,75,7.0,100,-120
2023-12-27,TOR,OTT,76,6.5,-160,130
2023-12-27,NJ,CBJ,15,6.5,-140,110
2023-12-27,NJ,CBJ,30,7.0,-100,-120
2023-12-27,NJ,CBJ,68,6.5,-130,110
2023-12-27,NJ,CBJ,69,6.5,-142,116
2023-12-27,NJ,CBJ,71,7.0,107,-130
2023-12-27,NJ,CBJ,75,6.5,-130,105
2023-12-27,NJ,CBJ,76,6.5,-140,110
2023-12-27,BUF,BOS,15,6.5,-105,-115
2023-12-27,BUF,BOS,30,6.0,-120,-100
2023-12-27,BUF,BOS,68,6.0,-112,-108
2023-12-27,BUF,BOS,69,6.5,108,-138
2023-12-27,BUF,BOS,71,6.0,-121,100
2023-12-27,BUF,BOS,75,6.0,-110,-110
2023-12-27,BUF,BOS,76,6.5,-105,-115
2023-12-27,NYI,PIT,15,6.5,104,-125
2023-12-27,NYI,PIT,30,6.0,-120,100
2023-12-27,NYI,PIT,68,6.0,-112,-108
2023-12-27,NYI,PIT,69,6.5,104,-128
2023-12-27,NYI,PIT,71,6.0,-113,-108
2023-12-27,NYI,PIT,75,6.0,-115,-105
2023-12-27,NYI,PIT,76,6.5,105,-125
2023-12-27,NSH,CAR,15,6.0,-112,-105
2023-12-27,NSH,CAR,30,6.5,-100,-120
2023-12-27,NSH,CAR,68,6.0,-112,-108
2023-12-27,NSH,CAR,69,5.5,-138,112
2023-12-27,NSH,CAR,71,6.0,-127,102
2023-12-27,NSH,CAR,75,6.0,-115,-105
2023-12-27,NSH,CAR,76,6.5,105,-125
2023-12-27,MIN,DET,15,6.5,-110,-110
2023-12-27,MIN,DET,30,6.5,-110,-110
2023-12-27,MIN,DET,68,6.5,-115,-105
2023-12-27,MIN,DET,69,6.5,-110,-110
2023-12-27,MIN,DET,71,6.5,-106,-115
2023-12-27,MIN,DET,75,6.5,-110,-110
2023-12-27,MIN,DET,76,6.5,-110,-110
2023-12-27,STL,DAL,15,6.5,-122,100
2023-12-27,STL,DAL,30,6.5,-110,-110
2023-12-27,STL,DAL,68,6.5,-120,100
2023-12-27,STL,DAL,69,6.5,-122,-100
2023-12-27,STL,DAL,71,6.5,-118,-108
2023-12-27,STL,DAL,75,6.5,-120,100
2023-12-27,STL,DAL,76,6.5,-125,105
2023-12-27,CHI,WPG,15,5.5,-130,106
2023-12-27,CHI,WPG,30,6.0,-115,-105
2023-12-27,CHI,WPG,68,6.0,-102,-118
2023-12-27,CHI,WPG,69,5.5,-130,106
2023-12-27,CHI,WPG,71,6.0,-105,-117
2023-12-27,CHI,WPG,75,6.0,-105,-115
2023-12-27,CHI,WPG,76,5.5,-125,105
2023-12-27,UTA,COL,15,6.5,-104,-115
2023-12-27,UTA,COL,30,6.5,-115,-105
2023-12-27,UTA,COL,68,6.5,-102,-118
2023-12-27,UTA,COL,69,6.5,-104,-115
2023-12-27,UTA,COL,71,6.5,-106,-115
2023-12-27,UTA,COL,75,6.5,-105,-115
2023-12-27,UTA,COL,76,6.5,-110,-110
2023-12-27,CGY,SEA,15,5.5,-130,110
2023-12-27,CGY,SEA,30,6.0,-105,-115
2023-12-27,CGY,SEA,68,6.0,102,-122
2023-12-27,CGY,SEA,69,5.5,-130,106
2023-12-27,CGY,SEA,71,6.0,-103,-120
2023-12-27,CGY,SEA,75,5.5,-120,100
2023-12-27,CGY,SEA,76,5.5,-130,110
2023-12-27,LA,SJ,15,6.5,102,-124
2023-12-27,LA,SJ,30,6.5,-105,-115
2023-12-27,LA,SJ,68,6.5,100,-120
2023-12-27,LA,SJ,69,6.5,102,-124
2023-12-27,LA,SJ,71,6.0,-117,-105
2023-12-27,LA,SJ,75,6.0,-120,100
2023-12-27,LA,SJ,76,6.5,110,-130
2023-12-27,ANA,VGK,15,6.5,-105,-115
2023-12-27,ANA,VGK,30,6.0,-120,-100
2023-12-27,ANA,VGK,68,6.5,-105,-115
2023-12-27,ANA,VGK,69,6.5,102,-124
2023-12-27,ANA,VGK,71,6.5,100,-120
2023-12-27,ANA,VGK,75,6.5,100,-120
2023-12-27,ANA,VGK,76,6.5,-110,-110
2023-12-28,CAR,MTL,15,6.5,-110,-110
2023-12-28,CAR,MTL,30,6.5,-101,-119
2023-12-28,CAR,MTL,68,6.5,-105,-115
2023-12-28,CAR,MTL,69,6.5,-105,-115
2023-12-28,CAR,MTL,71,6.5,-105,-121
2023-12-28,CAR,MTL,75,6.5,-105,-115
2023-12-28,CAR,MTL,76,6.5,-110,-110
2023-12-28,VGK,LA,15,6.5,-100,-120
2023-12-28,VGK,LA,30,6.0,-132,109
2023-12-28,VGK,LA,68,6.0,-120,100
2023-12-28,VGK,LA,69,6.5,110,-134
2023-12-28,VGK,LA,71,6.0,-118,-104
2023-12-28,VGK,LA,75,6.0,-120,100
2023-12-28,VGK,LA,76,6.5,-100,-120
2023-12-28,VAN,PHI,15,6.5,110,-120
2023-12-28,VAN,PHI,30,6.0,-120,100
2023-12-28,VAN,PHI,68,6.0,-122,102
2023-12-28,VAN,PHI,69,6.5,110,-134
2023-12-28,VAN,PHI,71,6.5,102,-124
2023-12-28,VAN,PHI,75,6.0,-120,100
2023-12-28,VAN,PHI,76,6.5,-105,-115
2023-12-28,SJ,EDM,15,6.5,-158,128
2023-12-28,SJ,EDM,30,7.0,105,-127
2023-12-28,SJ,EDM,68,7.0,-110,-110
2023-12-28,SJ,EDM,69,6.5,-158,128
2023-12-28,SJ,EDM,71,7.0,104,-125
2023-12-28,SJ,EDM,75,7.0,-110,-110
2023-12-28,SJ,EDM,76,6.5,-145,120
2023-12-29,CBJ,TOR,15,6.5,-130,105
2023-12-29,CBJ,TOR,30,7.0,102,-122
2023-12-29,CBJ,TOR,68,6.5,-125,105
2023-12-29,CBJ,TOR,69,6.5,-132,108
2023-12-29,CBJ,TOR,71,7.0,110,-132
2023-12-29,CBJ,TOR,75,6.5,-130,105
2023-12-29,CBJ,TOR,76,6.5,-120,-100
2023-12-29,OTT,NJ,15,6.5,-160,130
2023-12-29,OTT,NJ,30,7.0,-110,-110
2023-12-29,OTT,NJ,68,7.0,110,-130
2023-12-29,OTT,NJ,69,6.5,-160,130
2023-12-29,OTT,NJ,71,7.0,100,-121
2023-12-29,OTT,NJ,75,7.0,105,-130
2023-12-29,OTT,NJ,76,6.5,-140,115
2023-12-29,DET,NSH,15,6.5,-112,-108
2023-12-29,DET,NSH,30,6.5,-110,-110
2023-12-29,DET,NSH,68,6.5,-125,105
2023-12-29,DET,NSH,69,6.5,-112,-108
2023-12-29,DET,NSH,71,6.5,-127,104
2023-12-29,DET,NSH,75,6.0,-155,125
2023-12-29,DET,NSH,76,6.5,-110,-110
2023-12-29,FLA,NYR,15,6.5,-105,-115
2023-12-29,FLA,NYR,30,6.0,-115,-105
2023-12-29,FLA,NYR,68,6.0,-125,105
2023-12-29,FLA,NYR,69,6.5,106,-130
2023-12-29,FLA,NYR,71,6.0,-121,-105
2023-12-29,FLA,NYR,75,6.5,100,-120
2023-12-29,FLA,NYR,76,6.5,-105,-115
2023-12-29,NYI,WSH,15,5.5,-125,104
2023-12-29,NYI,WSH,30,5.5,-127,105
2023-12-29,NYI,WSH,68,5.5,-120,100
2023-12-29,NYI,WSH,69,5.5,-128,104
2023-12-29,NYI,WSH,71,5.5,-117,-105
2023-12-29,NYI,WSH,75,5.5,-120,100
2023-12-29,NYI,WSH,76,5.5,-125,105
2023-12-29,DAL,CHI,15,6.5,105,-125
2023-12-29,DAL,CHI,30,6.0,-127,105
2023-12-29,DAL,CHI,68,6.0,-122,102
2023-12-29,DAL,CHI,69,6.5,106,-130
2023-12-29,DAL,CHI,71,6.0,-122,102
2023-12-29,DAL,CHI,75,6.0,-120,100
2023-12-29,DAL,CHI,76,6.5,105,-125
2023-12-29,STL,COL,15,6.5,-122,-100
2023-12-29,STL,COL,30,6.5,-110,-110
2023-12-29,STL,COL,68,6.5,-122,102
2023-12-29,STL,COL,69,6.5,-122,-100
2023-12-29,STL,COL,71,6.5,-120,100
2023-12-29,STL,COL,75,6.5,-120,100
2023-12-29,STL,COL,76,6.5,-120,-100
2023-12-29,SEA,PHI,15,5.5,-138,-115
2023-12-29,SEA,PHI,30,6.0,-115,-105
2023-12-29,SEA,PHI,68,6.5,130,-155
2023-12-29,SEA,PHI,69,5.5,-138,112
2023-12-29,SEA,PHI,71,6.0,102,-124
2023-12-29,SEA,PHI,75,6.0,-105,-115
2023-12-29,SEA,PHI,76,5.5,-115,-115
2023-12-29,ANA,UTA,15,6.5,105,-130
2023-12-29,ANA,UTA,30,6.5,100,-120
2023-12-29,ANA,UTA,68,6.5,105,-125
2023-12-29,ANA,UTA,69,6.5,106,-130
2023-12-29,ANA,UTA,71,6.0,-122,102
2023-12-29,ANA,UTA,75,6.0,-120,100
2023-12-29,ANA,UTA,76,6.5,-100,-120
2023-12-30,WPG,MIN,15,6.0,-114,-105
2023-12-30,WPG,MIN,30,6.0,-115,-105
2023-12-30,WPG,MIN,68,6.0,-102,-118
2023-12-30,WPG,MIN,69,5.5,-128,104
2023-12-30,WPG,MIN,71,6.0,-104,-117
2023-12-30,WPG,MIN,75,6.0,100,-120
2023-12-30,WPG,MIN,76,5.5,-120,-100
2023-12-30,BUF,CBJ,15,7.0,106,-128
2023-12-30,BUF,CBJ,30,7.0,112,-137
2023-12-30,BUF,CBJ,68,7.0,102,-122
2023-12-30,BUF,CBJ,69,7.5,138,-170
2023-12-30,BUF,CBJ,71,7.0,-103,-120
2023-12-30,BUF,CBJ,75,7.0,100,-120
2023-12-30,BUF,CBJ,76,6.5,-160,130
2023-12-30,TB,NYR,15,6.5,-109,-113
2023-12-30,TB,NYR,30,6.0,-120,-100
2023-12-30,TB,NYR,68,6.0,-118,-102
2023-12-30,TB,NYR,69,6.5,-100,-122
2023-12-30,TB,NYR,71,6.0,-118,-103
2023-12-30,TB,NYR,75,6.0,-115,-105
2023-12-30,TB,NYR,76,6.5,105,-125
2023-12-30,FLA,MTL,15,6.5,-122,105
2023-12-30,FLA,MTL,30,6.5,-102,-117
2023-12-30,FLA,MTL,68,6.5,-125,105
2023-12-30,FLA,MTL,69,6.5,-122,-100
2023-12-30,FLA,MTL,71,6.5,-112,-109
2023-12-30,FLA,MTL,75,6.5,-130,105
2023-12-30,FLA,MTL,76,6.5,-120,-100
2023-12-30,BOS,NJ,15,6.5,-110,-108
2023-12-30,BOS,NJ,30,6.0,-120,-100
2023-12-30,BOS,NJ,68,6.0,-122,102
2023-12-30,BOS,NJ,69,6.5,-102,-120
2023-12-30,BOS,NJ,71,6.0,-117,-105
2023-12-30,BOS,NJ,75,6.0,-120,100
2023-12-30,BOS,NJ,76,6.5,-100,-120
2023-12-30,PIT,STL,15,6.5,-101,-119
2023-12-30,PIT,STL,30,6.0,-127,105
2023-12-30,PIT,STL,68,6.5,-102,-118
2023-12-30,PIT,STL,69,6.5,-105,-115
2023-12-30,PIT,STL,71,6.0,-124,102
2023-12-30,PIT,STL,75,6.5,100,-120
2023-12-30,PIT,STL,76,6.5,-100,-120
2023-12-30,TOR,CAR,15,6.5,-110,-110
2023-12-30,TOR,CAR,30,6.5,-108,-111
2023-12-30,TOR,CAR,68,6.5,-110,-110
2023-12-30,TOR,CAR,69,6.5,-115,-105
2023-12-30,TOR,CAR,71,6.5,-109,-115
2023-12-30,TOR,CAR,75,6.5,-110,-110
2023-12-30,TOR,CAR,76,6.5,-110,-110
2023-12-30,WSH,NSH,15,6.5,-114,-105
2023-12-30,WSH,NSH,30,6.5,-109,-111
2023-12-30,WSH,NSH,68,6.0,-125,105
2023-12-30,WSH,NSH,69,6.5,-100,-122
2023-12-30,WSH,NSH,71,6.5,102,-122
2023-12-30,WSH,NSH,75,6.0,-120,100
2023-12-30,WSH,NSH,76,6.5,-105,-115
2023-12-30,LA,EDM,15,6.5,-130,107
2023-12-30,LA,EDM,30,6.5,-115,-105
2023-12-30,LA,EDM,68,6.5,-135,114
2023-12-30,LA,EDM,69,6.5,-128,104
2023-12-30,LA,EDM,71,6.5,-124,102
2023-12-30,LA,EDM,75,6.5,-130,105
2023-12-30,LA,EDM,76,6.5,-130,110
2023-12-31,MIN,WPG,15,6.0,-115,-105
2023-12-31,MIN,WPG,30,6.0,-130,105
2023-12-31,MIN,WPG,68,6.0,-115,-105
2023-12-31,MIN,WPG,69,5.5,-134,110
2023-12-31,MIN,WPG,71,6.0,-113,-108
2023-12-31,MIN,WPG,75,6.0,-115,-105
2023-12-31,MIN,WPG,76,6.5,105,-125
2023-12-31,DET,BOS,15,6.5,-100,-110
2023-12-31,DET,BOS,30,6.0,-120,-100
2023-12-31,DET,BOS,68,6.0,-115,-105
2023-12-31,DET,BOS,69,6.5,-100,-122
2023-12-31,DET,BOS,71,6.5,102,-124
2023-12-31,DET,BOS,75,6.0,-115,-105
2023-12-31,DET,BOS,76,6.5,-110,-110
2023-12-31,PIT,NYI,15,6.5,-102,-115
2023-12-31,PIT,NYI,30,6.5,-100,-120
2023-12-31,PIT,NYI,68,6.0,-125,105
2023-12-31,PIT,NYI,69,6.5,-102,-120
2023-12-31,PIT,NYI,71,6.0,-127,102
2023-12-31,PIT,NYI,75,6.5,100,-120
2023-12-31,PIT,NYI,76,6.5,-110,-110
2023-12-31,OTT,BUF,15,6.5,-162,130
2023-12-31,OTT,BUF,30,7.0,107,-130
2023-12-31,OTT,BUF,68,7.0,105,-125
2023-12-31,OTT,BUF,69,6.5,-162,130
2023-12-31,OTT,BUF,71,7.0,100,-121
2023-12-31,OTT,BUF,75,7.0,105,-125
2023-12-31,OTT,BUF,76,6.5,-145,120
2023-12-31,TB,MTL,15,6.5,-125,105
2023-12-31,TB,MTL,30,6.5,-100,-120
2023-12-31,TB,MTL,68,6.5,-125,105
2023-12-31,TB,MTL,69,6.5,-118,-104
2023-12-31,TB,MTL,71,6.5,-129,102
2023-12-31,TB,MTL,75,6.5,-120,100
2023-12-31,TB,MTL,76,6.5,-125,105
2023-12-31,DAL,CHI,15,6.5,-105,-115
2023-12-31,DAL,CHI,30,6.0,-120,-100
2023-12-31,DAL,CHI,68,6.5,-105,-115
2023-12-31,DAL,CHI,69,6.5,-104,-118
2023-12-31,DAL,CHI,71,6.5,-105,-117
2023-12-31,DAL,CHI,75,6.5,-105,-115
2023-12-31,DAL,CHI,76,6.5,-120,-100
2023-12-31,COL,SJ,15,6.5,-108,-112
2023-12-31,COL,SJ,30,6.5,100,-120
2023-12-31,COL,SJ,68,6.5,-105,-115
2023-12-31,COL,SJ,69,6.5,-108,-112
2023-12-31,COL,SJ,71,6.5,-108,-120
2023-12-31,COL,SJ,75,6.5,-105,-115
2023-12-31,COL,SJ,76,6.5,-120,-100
2023-12-31,ANA,EDM,15,6.5,-140,115
2023-12-31,ANA,EDM,30,6.5,-120,-100
2023-12-31,ANA,EDM,68,6.5,-142,120
2023-12-31,ANA,EDM,69,6.5,-132,108
2023-12-31,ANA,EDM,71,6.5,-130,107
2023-12-31,ANA,EDM,75,7.0,110,-135
2023-12-31,ANA,EDM,76,6.5,-140,115
2023-12-31,CGY,PHI,15,5.5,-122,100
2023-12-31,CGY,PHI,30,6.0,-110,-110
2023-12-31,CGY,PHI,68,5.5,-122,102
2023-12-31,CGY,PHI,69,5.5,-122,-100
2023-12-31,CGY,PHI,71,5.5,-121,100
2023-12-31,CGY,PHI,75,5.5,-120,100
2023-12-31,CGY,PHI,76,5.5,-120,-100
2024-01-01,SEA,VGK,15,5.5,-130,106
2024-01-01,SEA,VGK,30,6.5,104,-128
2024-01-01,SEA,VGK,68,6.0,105,-125
2024-01-01,SEA,VGK,69,5.5,-130,106
2024-01-01,SEA,VGK,71,6.0,100,-122
2024-01-01,SEA,VGK,75,6.0,100,-120
2024-01-01,SEA,VGK,76,5.5,-120,-100
2024-01-02,NYR,CAR,15,5.5,-134,110
2024-01-02,NYR,CAR,30,6.0,-115,-105
2024-01-02,NYR,CAR,68,6.0,-108,-112
2024-01-02,NYR,CAR,69,5.5,-134,110
2024-01-02,NYR,CAR,71,6.0,-105,-121
2024-01-02,NYR,CAR,75,6.0,-105,-115
2024-01-02,NYR,CAR,76,5.5,-130,110
2024-01-02,CBJ,BOS,15,6.5,-110,-110
2024-01-02,CBJ,BOS,30,6.5,105,-127
2024-01-02,CBJ,BOS,68,6.5,-102,-118
2024-01-02,CBJ,BOS,69,6.5,-110,-110
2024-01-02,CBJ,BOS,71,6.5,-104,-118
2024-01-02,CBJ,BOS,75,6.5,100,-120
2024-01-02,CBJ,BOS,76,6.5,-110,-110
2024-01-02,PIT,WSH,15,5.5,-132,108
2024-01-02,PIT,WSH,30,6.0,-120,-100
2024-01-02,PIT,WSH,68,6.0,-105,-115
2024-01-02,PIT,WSH,69,5.5,-132,108
2024-01-02,PIT,WSH,71,6.0,-103,-120
2024-01-02,PIT,WSH,75,6.0,100,-120
2024-01-02,PIT,WSH,76,5.5,-120,-100
2024-01-02,NSH,CHI,15,6.5,-102,-120
2024-01-02,NSH,CHI,30,6.5,105,-127
2024-01-02,NSH,CHI,68,6.5,-102,-118
2024-01-02,NSH,CHI,69,6.5,-102,-120
2024-01-02,NSH,CHI,71,7.0,190,-278
2024-01-02,NSH,CHI,75,6.5,100,-120
2024-01-02,NSH,CHI,76,6.5,-110,-110
2024-01-02,MIN,CGY,15,6.0,-110,-110
2024-01-02,MIN,CGY,30,6.0,-120,-100
2024-01-02,MIN,CGY,68,6.0,-110,-110
2024-01-02,MIN,CGY,69,6.5,110,-134
2024-01-02,MIN,CGY,71,5.0,-136,106
2024-01-02,MIN,CGY,75,6.0,-110,-110
2024-01-02,MIN,CGY,76,5.5,-130,110
2024-01-02,WPG,TB,15,6.5,105,-125
2024-01-02,WPG,TB,30,6.5,105,-127
2024-01-02,WPG,TB,68,6.0,-112,-108
2024-01-02,WPG,TB,69,6.5,110,-134
2024-01-02,WPG,TB,71,6.0,-113,-108
2024-01-02,WPG,TB,75,6.0,-120,100
2024-01-02,WPG,TB,76,6.5,105,-125
2024-01-02,DAL,MTL,15,6.5,-115,-105
2024-01-02,DAL,MTL,30,6.5,-100,-120
2024-01-02,DAL,MTL,68,6.5,-120,100
2024-01-02,DAL,MTL,69,6.5,-108,-112
2024-01-02,DAL,MTL,71,6.5,-112,-109
2024-01-02,DAL,MTL,75,6.0,-135,110
2024-01-02,DAL,MTL,76,6.5,-115,-105
2024-01-02,UTA,FLA,15,5.5,-138,112
2024-01-02,UTA,FLA,30,6.5,-105,-115
2024-01-02,UTA,FLA,68,6.0,-112,-108
2024-01-02,UTA,FLA,69,5.5,-138,112
2024-01-02,UTA,FLA,71,6.0,-110,-110
2024-01-02,UTA,FLA,75,6.0,-115,-105
2024-01-02,UTA,FLA,76,5.5,-130,110
2024-01-02,COL,NYI,15,6.5,-102,-115
2024-01-02,COL,NYI,30,6.0,-120,-100
2024-01-02,COL,NYI,68,6.0,-125,105
2024-01-02,COL,NYI,69,6.5,-102,-120
2024-01-02,COL,NYI,71,6.5,-106,-115
2024-01-02,COL,NYI,75,6.5,100,-120
2024-01-02,COL,NYI,76,6.5,-105,-115
2024-01-02,EDM,PHI,15,6.5,-115,-105
2024-01-02,EDM,PHI,30,6.5,-115,-105
2024-01-02,EDM,PHI,68,6.5,-115,-105
2024-01-02,EDM,PHI,69,6.5,-118,-104
2024-01-02,EDM,PHI,71,6.5,-114,-107
2024-01-02,EDM,PHI,75,6.5,-115,-105
2024-01-02,EDM,PHI,76,6.5,-110,-110
2024-01-02,VAN,OTT,15,6.5,-135,110
2024-01-02,VAN,OTT,30,7.0,110,-140
2024-01-02,VAN,OTT,68,6.5,-135,114
2024-01-02,VAN,OTT,69,6.5,-130,106
2024-01-02,VAN,OTT,71,6.5,-127,104
2024-01-02,VAN,OTT,75,6.5,-135,110
2024-01-02,VAN,OTT,76,6.5,-140,115
2024-01-02,LA,TOR,15,6.5,-120,-102
2024-01-02,LA,TOR,30,6.5,-127,105
2024-01-02,LA,TOR,68,6.5,-118,-102
2024-01-02,LA,TOR,69,6.5,-120,-102
2024-01-02,LA,TOR,71,6.5,-117,-108
2024-01-02,LA,TOR,75,6.5,-115,-105
2024-01-02,LA,TOR,76,5.5,-140,105
2024-01-02,SJ,DET,15,6.5,-118,-104
2024-01-02,SJ,DET,30,6.5,-130,105
2024-01-02,SJ,DET,68,6.5,-118,-102
2024-01-02,SJ,DET,69,6.5,-118,-104
2024-01-02,SJ,DET,71,6.5,-127,100
2024-01-02,SJ,DET,75,6.5,-115,-105
2024-01-02,SJ,DET,76,6.5,-105,-125
2024-01-03,WSH,NJ,15,6.5,-112,-108
2024-01-03,WSH,NJ,30,6.0,-120,-100
2024-01-03,WSH,NJ,68,6.5,-112,-108
2024-01-03,WSH,NJ,69,6.5,-112,-108
2024-01-03,WSH,NJ,71,6.5,-110,-110
2024-01-03,WSH,NJ,75,6.5,-115,-105
2024-01-03,WSH,NJ,76,6.5,-110,-110
2024-01-03,ANA,TOR,15,7.0,-114,-107
2024-01-03,ANA,TOR,30,6.5,-120,-100
2024-01-03,ANA,TOR,68,7.0,114,-135
2024-01-03,ANA,TOR,69,6.5,-144,118
2024-01-03,ANA,TOR,71,7.0,110,-132
2024-01-03,ANA,TOR,75,6.5,-140,115
2024-01-03,ANA,TOR,76,6.5,-140,115
2024-01-04,PHI,CBJ,15,6.5,105,-122
2024-01-04,PHI,CBJ,30,6.5,105,-130
2024-01-04,PHI,CBJ,68,6.5,105,-125
2024-01-04,PHI,CBJ,69,6.5,-100,-122
2024-01-04,PHI,CBJ,71,6.0,-124,102
2024-01-04,PHI,CBJ,75,6.0,-115,-105
2024-01-04,PHI,CBJ,76,6.5,-105,-115
2024-01-04,NYR,CHI,15,6.5,105,-125
2024-01-04,NYR,CHI,30,6.5,105,-127
2024-01-04,NYR,CHI,68,6.0,-115,-105
2024-01-04,NYR,CHI,69,6.5,110,-134
2024-01-04,NYR,CHI,71,6.5,102,-124
2024-01-04,NYR,CHI,75,6.0,-115,-105
2024-01-04,NYR,CHI,76,6.5,105,-125
2024-01-04,BOS,PIT,15,5.5,-134,110
2024-01-04,BOS,PIT,30,6.0,-110,-110
2024-01-04,BOS,PIT,68,6.0,102,-122
2024-01-04,BOS,PIT,69,5.5,-134,110
2024-01-04,BOS,PIT,71,6.0,-107,-114
2024-01-04,BOS,PIT,75,6.0,100,-120
2024-01-04,BOS,PIT,76,5.5,-130,-100
2024-01-04,MTL,BUF,15,6.5,-125,105
2024-01-04,MTL,BUF,30,6.5,-115,-105
2024-01-04,MTL,BUF,68,6.5,-125,105
2024-01-04,MTL,BUF,69,6.5,-118,-104
2024-01-04,MTL,BUF,71,6.5,-122,-105
2024-01-04,MTL,BUF,75,6.5,-130,105
2024-01-04,MTL,BUF,76,6.5,-125,105
2024-01-04,DAL,COL,15,6.5,-105,-115
2024-01-04,DAL,COL,30,6.5,100,-120
2024-01-04,DAL,COL,68,6.5,-105,-115
2024-01-04,DAL,COL,69,6.5,-100,-122
2024-01-04,DAL,COL,71,6.5,-107,-114
2024-01-04,DAL,COL,75,6.5,100,-120
2024-01-04,DAL,COL,76,6.5,-115,-105
2024-01-04,MIN,TB,15,6.5,105,-125
2024-01-04,MIN,TB,30,6.5,-100,-120
2024-01-04,MIN,TB,68,6.0,-118,-102
2024-01-04,MIN,TB,69,6.5,106,-130
2024-01-04,MIN,TB,71,6.0,-117,-105
2024-01-04,MIN,TB,75,6.0,-120,100
2024-01-04,MIN,TB,76,6.5,105,-125
2024-01-04,STL,VAN,15,6.5,-110,-110
2024-01-04,STL,VAN,30,6.5,-100,-120
2024-01-04,STL,VAN,68,6.5,-108,-112
2024-01-04,STL,VAN,69,6.5,-110,-110
2024-01-04,STL,VAN,71,6.5,-110,-109
2024-01-04,STL,VAN,75,6.5,-110,-110
2024-01-04,STL,VAN,76,6.5,-115,-115
2024-01-04,NSH,CGY,15,6.0,-115,-105
2024-01-04,NSH,CGY,30,6.0,-127,105
2024-01-04,NSH,CGY,68,6.0,-115,-105
2024-01-04,NSH,CGY,69,5.5,-138,112
2024-01-04,NSH,CGY,71,6.0,-115,-106
2024-01-04,NSH,CGY,75,6.0,-115,-105
2024-01-04,NSH,CGY,76,6.5,110,-130
2024-01-04,UTA,NYI,15,5.5,-138,112
2024-01-04,UTA,NYI,30,6.0,-110,-110
2024-01-04,UTA,NYI,68,6.0,-108,-112
2024-01-04,UTA,NYI,69,5.5,-138,112
2024-01-04,UTA,NYI,71,6.0,100,-125
2024-01-04,UTA,NYI,75,6.0,-110,-110
2024-01-04,UTA,NYI,76,5.5,-130,110
2024-01-04,SEA,OTT,15,6.5,-105,-115
2024-01-04,SEA,OTT,30,6.5,105,-130
2024-01-04,SEA,OTT,68,6.5,-105,-115
2024-01-04,SEA,OTT,69,6.5,-104,-118
2024-01-04,SEA,OTT,71,6.0,-124,102
2024-01-04,SEA,OTT,75,6.5,-105,-115
2024-01-04,SEA,OTT,76,6.5,-110,-110
2024-01-04,VGK,FLA,15,6.5,102,-115
2024-01-04,VGK,FLA,30,6.5,-100,-120
2024-01-04,VGK,FLA,68,6.0,-122,102
2024-01-04,VGK,FLA,69,6.5,102,-124
2024-01-04,VGK,FLA,71,6.0,-124,-103
2024-01-04,VGK,FLA,75,6.5,100,-120
2024-01-04,VGK,FLA,76,6.5,-105,-115
2024-01-04,LA,DET,15,6.5,-106,-120
2024-01-04,LA,DET,30,6.0,-120,-100
2024-01-04,LA,DET,68,7.5,240,-298
2024-01-04,LA,DET,69,6.5,-106,-114
2024-01-04,LA,DET,71,6.5,-103,-120
2024-01-04,LA,DET,75,6.0,-120,100
2024-01-04,LA,DET,76,6.5,-100,-120
2024-01-04,SJ,WPG,15,6.0,-105,-115
2024-01-04,SJ,WPG,30,6.0,-115,-105
2024-01-04,SJ,WPG,68,6.0,-105,-115
2024-01-04,SJ,WPG,69,5.5,-134,110
2024-01-04,SJ,WPG,71,6.0,-113,-108
2024-01-04,SJ,WPG,75,6.0,-110,-110
2024-01-04,SJ,WPG,76,6.5,110,-130
2024-01-05,WSH,CAR,15,6.0,-108,-110
2024-01-05,WSH,CAR,30,5.5,-120,-102
2024-01-05,WSH,CAR,68,6.0,-110,-112
2024-01-05,WSH,CAR,69,5.5,-138,112
2024-01-05,WSH,CAR,71,6.0,-112,-109
2024-01-05,WSH,CAR,75,6.0,-110,-110
2024-01-05,WSH,CAR,76,6.5,110,-130
2024-01-05,NJ,CHI,15,6.5,-118,-104
2024-01-05,NJ,CHI,30,6.5,-115,-105
2024-01-05,NJ,CHI,68,6.5,-122,102
2024-01-05,NJ,CHI,69,6.5,-118,-104
2024-01-05,NJ,CHI,71,6.5,-114,-107
2024-01-05,NJ,CHI,75,6.5,-115,-105
2024-01-05,NJ,CHI,76,6.5,-125,105
2024-01-05,ANA,WPG,15,6.0,-105,-115
2024-01-05,ANA,WPG,30,6.5,-102,-120
2024-01-05,ANA,WPG,68,6.0,-105,-115
2024-01-05,ANA,WPG,69,5.5,-132,108
2024-01-05,ANA,WPG,71,6.0,-106,-115
2024-01-05,ANA,WPG,75,6.0,-105,-115
2024-01-05,ANA,WPG,76,6.5,110,-130
2024-01-06,PHI,CGY,15,5.5,-132,110
2024-01-06,PHI,CGY,30,5.5,-122,-100
2024-01-06,PHI,CGY,68,6.0,-105,-115
2024-01-06,PHI,CGY,69,5.5,-132,108
2024-01-06,PHI,CGY,71,6.0,100,-121
2024-01-06,PHI,CGY,75,6.0,-105,-115
2024-01-06,PHI,CGY,76,5.5,-130,110
2024-01-06,COL,FLA,15,6.5,-110,-110
2024-01-06,COL,FLA,30,6.5,-115,-105
2024-01-06,COL,FLA,68,6.5,-110,-110
2024-01-06,COL,FLA,69,6.5,-108,-112
2024-01-06,COL,FLA,71,6.5,-107,-114
2024-01-06,COL,FLA,75,6.5,-105,-115
2024-01-06,COL,FLA,76,6.5,-110,-110
2024-01-06,CBJ,MIN,15,6.5,-100,-120
2024-01-06,CBJ,MIN,30,6.5,104,-128
2024-01-06,CBJ,MIN,68,6.0,-122,102
2024-01-06,CBJ,MIN,69,6.5,102,-124
2024-01-06,CBJ,MIN,71,6.0,-120,-103
2024-01-06,CBJ,MIN,75,6.5,100,-120
2024-01-06,CBJ,MIN,76,6.5,-100,-120
2024-01-06,MTL,NYR,15,6.5,-100,-120
2024-01-06,MTL,NYR,30,6.5,-100,-122
2024-01-06,MTL,NYR,68,6.0,-125,105
2024-01-06,MTL,NYR,69,6.5,-100,-122
2024-01-06,MTL,NYR,71,6.0,-124,102
2024-01-06,MTL,NYR,75,6.5,100,-120
2024-01-06,MTL,NYR,76,6.5,-100,-120
2024-01-06,NJ,VAN,15,6.5,-122,100
2024-01-06,NJ,VAN,30,6.5,-108,-112
2024-01-06,NJ,VAN,68,6.5,-118,-102
2024-01-06,NJ,VAN,69,6.5,-122,-100
2024-01-06,NJ,VAN,71,6.5,-120,-103
2024-01-06,NJ,VAN,75,6.0,-150,125
2024-01-06,NJ,VAN,76,6.5,-125,105
2024-01-06,SJ,TOR,15,6.5,103,-125
2024-01-06,SJ,TOR,30,6.5,-100,-122
2024-01-06,SJ,TOR,68,6.0,-130,110
2024-01-06,SJ,TOR,69,6.5,106,-130
2024-01-06,SJ,TOR,71,6.0,-125,102
2024-01-06,SJ,TOR,75,6.5,100,-120
2024-01-06,SJ,TOR,76,6.5,115,-140
2024-01-06,BOS,TB,15,6.5,104,-115
2024-01-06,BOS,TB,30,6.5,108,-132
2024-01-06,BOS,TB,68,6.0,-120,100
2024-01-06,BOS,TB,69,6.5,104,-128
2024-01-06,BOS,TB,71,6.0,-120,100
2024-01-06,BOS,TB,75,6.0,-120,100
2024-01-06,BOS,TB,76,6.5,-105,-115
2024-01-06,PIT,BUF,15,6.5,-140,115
2024-01-06,PIT,BUF,30,6.5,-122,-100
2024-01-06,PIT,BUF,68,6.5,-130,110
2024-01-06,PIT,BUF,69,6.5,-142,116
2024-01-06,PIT,BUF,71,7.0,108,-132
2024-01-06,PIT,BUF,75,6.5,-135,110
2024-01-06,PIT,BUF,76,6.5,-140,115
2024-01-06,CAR,STL,15,6.5,-112,-108
2024-01-06,CAR,STL,30,6.5,-106,-114
2024-01-06,CAR,STL,68,6.5,-112,-108
2024-01-06,CAR,STL,69,6.5,-112,-108
2024-01-06,CAR,STL,71,6.5,-110,-114
2024-01-06,CAR,STL,75,6.5,-110,-110
2024-01-06,CAR,STL,76,6.5,-120,-100
2024-01-06,DAL,NSH,15,6.5,-120,105
2024-01-06,DAL,NSH,30,6.5,112,-138
2024-01-06,DAL,NSH,68,6.5,-125,105
2024-01-06,DAL,NSH,69,6.5,-120,-102
2024-01-06,DAL,NSH,71,6.5,-114,-106
2024-01-06,DAL,NSH,75,6.5,-130,105
2024-01-06,DAL,NSH,76,6.5,-115,-105
2024-01-06,VGK,NYI,15,6.0,-112,-110
2024-01-06,VGK,NYI,30,6.5,114,-140
2024-01-06,VGK,NYI,68,6.0,-112,-108
2024-01-06,VGK,NYI,69,6.5,112,-138
2024-01-06,VGK,NYI,71,6.0,-112,-109
2024-01-06,VGK,NYI,75,6.0,-115,-105
2024-01-06,VGK,NYI,76,5.5,-125,-105
2024-01-06,EDM,OTT,15,6.5,-162,132
2024-01-06,EDM,OTT,30,6.5,-132,108
2024-01-06,EDM,OTT,68,7.0,-112,-108
2024-01-06,EDM,OTT,69,6.5,-162,132
2024-01-06,EDM,OTT,71,7.0,-113,-107
2024-01-06,EDM,OTT,75,7.5,135,-160
2024-01-06,EDM,OTT,76,6.5,-160,120
2024-01-07,CHI,CGY,15,5.5,-125,105
2024-01-07,CHI,CGY,30,6.0,-105,-115
2024-01-07,CHI,CGY,68,6.0,102,-122
2024-01-07,CHI,CGY,69,5.5,-124,102
2024-01-07,CHI,CGY,71,5.5,-122,102
2024-01-07,CHI,CGY,75,5.5,-120,100
2024-01-07,CHI,CGY,76,5.5,-125,105
2024-01-07,WSH,LA,15,5.5,-104,-118
2024-01-07,WSH,LA,30,6.0,-110,-110
2024-01-07,WSH,LA,68,5.5,-105,-115
2024-01-07,WSH,LA,69,5.5,-104,-118
2024-01-07,WSH,LA,71,5.5,102,-122
2024-01-07,WSH,LA,75,5.5,-105,-115
2024-01-07,WSH,LA,76,5.5,-100,-120
2024-01-07,UTA,WPG,15,6.0,100,-115
2024-01-07,UTA,WPG,30,6.0,-110,-110
2024-01-07,UTA,WPG,68,6.0,-102,-118
2024-01-07,UTA,WPG,69,5.5,-134,110
2024-01-07,UTA,WPG,71,6.0,-106,-114
2024-01-07,UTA,WPG,75,6.0,-105,-115
2024-01-07,UTA,WPG,76,5.5,-125,105
2024-01-07,ANA,DET,15,6.5,-115,-105
2024-01-07,ANA,DET,30,6.5,-115,-105
2024-01-07,ANA,DET,68,6.5,-115,-105
2024-01-07,ANA,DET,69,6.5,-122,-100
2024-01-07,ANA,DET,71,6.5,-115,-106
2024-01-07,ANA,DET,75,6.5,-115,-105
2024-01-07,ANA,DET,76,6.5,-120,-100
2024-01-08,NYR,VAN,15,6.5,-110,-110
2024-01-08,NYR,VAN,30,6.5,-105,-115
2024-01-08,NYR,VAN,68,6.5,-110,-110
2024-01-08,NYR,VAN,69,6.5,-110,-110
2024-01-08,NYR,VAN,71,6.5,-107,-113
2024-01-08,NYR,VAN,75,6.5,-110,-110
2024-01-08,NYR,VAN,76,6.5,-110,-110
2024-01-08,PHI,PIT,15,6.5,-105,-110
2024-01-08,PHI,PIT,30,6.5,-105,-115
2024-01-08,PHI,PIT,68,6.5,-110,-110
2024-01-08,PHI,PIT,69,6.5,-110,-110
2024-01-08,PHI,PIT,71,6.5,102,-124
2024-01-08,PHI,PIT,75,6.5,-110,-110
2024-01-08,PHI,PIT,76,6.5,-105,-115
2024-01-08,MIN,DAL,15,6.5,-100,-121
2024-01-08,MIN,DAL,30,5.5,-134,110
2024-01-08,MIN,DAL,68,6.5,-102,-118
2024-01-08,MIN,DAL,69,6.5,-100,-122
2024-01-08,MIN,DAL,71,6.5,102,-122
2024-01-08,MIN,DAL,75,6.5,100,-120
2024-01-08,MIN,DAL,76,6.5,-105,-115
2024-01-08,COL,BOS,15,6.5,-111,-107
2024-01-08,COL,BOS,30,6.5,-102,-120
2024-01-08,COL,BOS,68,6.0,-130,110
2024-01-08,COL,BOS,69,6.5,114,-140
2024-01-08,COL,BOS,71,6.0,-120,-103
2024-01-08,COL,BOS,75,6.0,-120,100
2024-01-08,COL,BOS,76,6.5,105,-125
2024-01-09,BUF,SEA,15,6.5,105,-125
2024-01-09,BUF,SEA,30,6.5,105,-127
2024-01-09,BUF,SEA,68,6.0,-122,102
2024-01-09,BUF,SEA,69,6.5,102,-124
2024-01-09,BUF,SEA,71,6.0,-118,-104
2024-01-09,BUF,SEA,75,6.0,-120,100
2024-01-09,BUF,SEA,76,6.5,105,-125
2024-01-09,TOR,SJ,15,6.5,-105,-120
2024-01-09,TOR,SJ,30,6.5,-105,-115
2024-01-09,TOR,SJ,68,6.0,-130,110
2024-01-09,TOR,SJ,69,6.5,-100,-122
2024-01-09,TOR,SJ,71,6.0,-127,105
2024-01-09,TOR,SJ,75,6.0,-120,100
2024-01-09,TOR,SJ,76,6.5,-105,-120
2024-01-09,TB,LA,15,6.5,-100,-120
2024-01-09,TB,LA,30,6.0,-127,105
2024-01-09,TB,LA,68,6.0,-122,102
2024-01-09,TB,LA,69,6.5,102,-124
2024-01-09,TB,LA,71,6.5,100,-121
2024-01-09,TB,LA,75,6.5,100,-120
2024-01-09,TB,LA,76,6.5,-100,-120
2024-01-09,NYI,VAN,15,6.5,-120,-102
2024-01-09,NYI,VAN,30,6.0,-120,-100
2024-01-09,NYI,VAN,68,6.5,-105,-115
2024-01-09,NYI,VAN,69,6.5,-120,-102
2024-01-09,NYI,VAN,71,6.5,-118,-104
2024-01-09,NYI,VAN,75,6.5,-120,100
2024-01-09,NYI,VAN,76,6.5,-130,110
2024-01-09,STL,FLA,15,6.5,105,-125
2024-01-09,STL,FLA,30,6.5,-105,-115
2024-01-09,STL,FLA,68,6.0,-122,102
2024-01-09,STL,FLA,69,6.5,-100,-122
2024-01-09,STL,FLA,71,6.0,-124,102
2024-01-09,STL,FLA,75,6.5,-105,-115
2024-01-09,STL,FLA,76,6.5,105,-125
2024-01-09,WPG,CBJ,15,6.5,105,-130
2024-01-09,WPG,CBJ,30,6.0,-120,-100
2024-01-09,WPG,CBJ,68,6.5,105,-125
2024-01-09,WPG,CBJ,69,6.5,110,-134
2024-01-09,WPG,CBJ,71,6.0,-122,102
2024-01-09,WPG,CBJ,75,6.0,-120,100
2024-01-09,WPG,CBJ,76,6.5,105,-125
2024-01-09,NSH,ANA,15,6.5,-100,-120
2024-01-09,NSH,ANA,30,6.5,-100,-120
2024-01-09,NSH,ANA,68,6.5,-102,-118
2024-01-09,NSH,ANA,69,6.5,104,-128
2024-01-09,NSH,ANA,71,6.5,-103,-120
2024-01-09,NSH,ANA,75,6.5,100,-120
2024-01-09,NSH,ANA,76,6.5,-100,-120
2024-01-09,CHI,EDM,15,6.5,-130,105
2024-01-09,CHI,EDM,30,6.5,-130,107
2024-01-09,CHI,EDM,68,6.5,-130,110
2024-01-09,CHI,EDM,69,6.5,-128,104
2024-01-09,CHI,EDM,71,6.5,-130,107
2024-01-09,CHI,EDM,75,6.5,-125,105
2024-01-09,CHI,EDM,76,6.5,-140,115
2024-01-09,CGY,OTT,15,6.5,-125,-104
2024-01-09,CGY,OTT,30,6.5,-127,105
2024-01-09,CGY,OTT,68,6.5,-115,-105
2024-01-09,CGY,OTT,69,6.5,-118,-104
2024-01-09,CGY,OTT,71,6.5,-114,-106
2024-01-09,CGY,OTT,75,6.5,-120,100
2024-01-09,CGY,OTT,76,6.5,-125,-100
2024-01-09,UTA,BOS,15,5.5,-132,108
2024-01-09,UTA,BOS,30,6.0,-100,-120
2024-01-09,UTA,BOS,68,6.0,-102,-118
2024-01-09,UTA,BOS,69,5.5,-132,108
2024-01-09,UTA,BOS,71,6.0,-106,-115
2024-01-09,UTA,BOS,75,6.0,-105,-115
2024-01-09,UTA,BOS,76,5.5,-125,105
2024-01-10,PHI,MTL,15,6.5,-102,-120
2024-01-10,PHI,MTL,30,6.5,112,-140
2024-01-10,PHI,MTL,68,6.0,-135,114
2024-01-10,PHI,MTL,69,6.5,-102,-120
2024-01-10,PHI,MTL,71,6.5,102,-124
2024-01-10,PHI,MTL,75,6.5,-105,-115
2024-01-10,PHI,MTL,76,6.5,105,-125
2024-01-10,DAL,MIN,15,6.5,105,-125
2024-01-10,DAL,MIN,30,6.5,104,-128
2024-01-10,DAL,MIN,68,6.5,105,-125
2024-01-10,DAL,MIN,69,6.5,104,-128
2024-01-10,DAL,MIN,71,6.5,-104,-118
2024-01-10,DAL,MIN,75,6.0,-120,100
2024-01-10,DAL,MIN,76,6.5,-105,-115
2024-01-10,COL,VGK,15,6.5,-110,-110
2024-01-10,COL,VGK,30,6.5,116,-142
2024-01-10,COL,VGK,68,6.5,-115,-105
2024-01-10,COL,VGK,69,6.5,-100,-120
2024-01-10,COL,VGK,71,6.5,-103,-120
2024-01-10,COL,VGK,75,6.5,-110,-110
2024-01-10,COL,VGK,76,6.5,-110,-110
2024-01-11,BUF,OTT,15,6.5,-145,120
2024-01-11,BUF,OTT,30,6.5,-120,-100
2024-01-11,BUF,OTT,68,7.0,105,-125
2024-01-11,BUF,OTT,69,6.5,-142,116
2024-01-11,BUF,OTT,71,7.0,102,-124
2024-01-11,BUF,OTT,75,7.0,105,-125
2024-01-11,BUF,OTT,76,6.5,-145,120
2024-01-11,FLA,LA,15,6.5,110,-130
2024-01-11,FLA,LA,30,6.0,-125,105
2024-01-11,FLA,LA,68,6.0,-112,-108
2024-01-11,FLA,LA,69,6.5,110,-134
2024-01-11,FLA,LA,71,6.0,-108,-113
2024-01-11,FLA,LA,75,6.0,-115,-105
2024-01-11,FLA,LA,76,6.5,110,-130
2024-01-11,DET,EDM,15,7.0,100,-120
2024-01-11,DET,EDM,30,6.5,-110,-110
2024-01-11,DET,EDM,68,7.0,100,-120
2024-01-11,DET,EDM,69,6.5,-158,128
2024-01-11,DET,EDM,71,7.0,-105,-115
2024-01-11,DET,EDM,75,7.0,100,-120
2024-01-11,DET,EDM,76,7.5,130,-160
2024-01-11,CAR,ANA,15,6.5,105,-122
2024-01-11,CAR,ANA,30,6.0,-120,-100
2024-01-11,CAR,ANA,68,6.5,105,-125
2024-01-11,CAR,ANA,69,6.5,-100,-122
2024-01-11,CAR,ANA,71,6.5,-104,-118
2024-01-11,CAR,ANA,75,6.5,100,-120
2024-01-11,CAR,ANA,76,6.5,-110,-110
2024-01-11,MTL,SJ,15,6.0,-110,-110
2024-01-11,MTL,SJ,30,6.5,105,-125
2024-01-11,MTL,SJ,68,6.0,-110,-110
2024-01-11,MTL,SJ,69,5.5,-134,110
2024-01-11,MTL,SJ,71,6.0,-105,-121
2024-01-11,MTL,SJ,75,6.0,-110,-110
2024-01-11,MTL,SJ,76,6.5,115,-140
2024-01-11,WSH,SEA,15,5.5,-115,-105
2024-01-11,WSH,SEA,30,5.5,-120,-100
2024-01-11,WSH,SEA,68,5.5,-115,-105
2024-01-11,WSH,SEA,69,5.5,-115,-105
2024-01-11,WSH,SEA,71,5.5,-118,-104
2024-01-11,WSH,SEA,75,5.5,-115,-105
2024-01-11,WSH,SEA,76,5.5,-115,-105
2024-01-11,TB,NJ,15,6.5,-125,105
2024-01-11,TB,NJ,30,6.5,-115,-105
2024-01-11,TB,NJ,68,6.5,-125,105
2024-01-11,TB,NJ,69,6.5,-122,-100
2024-01-11,TB,NJ,71,6.5,-125,104
2024-01-11,TB,NJ,75,6.5,-130,105
2024-01-11,TB,NJ,76,6.5,-130,110
2024-01-11,PIT,VAN,15,6.5,-122,100
2024-01-11,PIT,VAN,30,6.5,-100,-120
2024-01-11,PIT,VAN,68,6.5,-120,100
2024-01-11,PIT,VAN,69,6.5,-128,104
2024-01-11,PIT,VAN,71,6.5,-124,102
2024-01-11,PIT,VAN,75,6.5,-120,100
2024-01-11,PIT,VAN,76,6.5,-122,-100
2024-01-11,NYI,TOR,15,6.5,-122,-104
2024-01-11,NYI,TOR,30,6.0,-115,-105
2024-01-11,NYI,TOR,68,6.5,-122,102
2024-01-11,NYI,TOR,69,6.5,-118,-104
2024-01-11,NYI,TOR,71,6.5,-139,115
2024-01-11,NYI,TOR,75,6.5,-120,100
2024-01-11,NYI,TOR,76,6.5,-140,115
2024-01-11,WPG,CHI,15,5.5,-113,-106
2024-01-11,WPG,CHI,30,6.0,-110,-110
2024-01-11,WPG,CHI,68,5.5,-112,-108
2024-01-11,WPG,CHI,69,5.5,-110,-110
2024-01-11,WPG,CHI,71,5.5,-117,-105
2024-01-11,WPG,CHI,75,5.5,-115,-105
2024-01-11,WPG,CHI,76,5.5,-120,-100
2024-01-11,STL,NYR,15,6.5,-107,-116
2024-01-11,STL,NYR,30,6.0,-125,105
2024-01-11,STL,NYR,68,6.0,-112,-108
2024-01-11,STL,NYR,69,6.5,104,-128
2024-01-11,STL,NYR,71,6.0,-113,-108
2024-01-11,STL,NYR,75,6.0,-120,100
2024-01-11,STL,NYR,76,6.5,105,-125
2024-01-11,UTA,CGY,15,6.5,102,-112
2024-01-11,UTA,CGY,30,6.0,-115,-105
2024-01-11,UTA,CGY,68,6.0,-142,120
2024-01-11,UTA,CGY,69,6.5,102,-124
2024-01-11,UTA,CGY,71,6.5,102,-125
2024-01-11,UTA,CGY,75,6.5,-105,-115
2024-01-11,UTA,CGY,76,6.5,-110,-110
2024-01-11,VGK,BOS,15,6.5,102,-124
2024-01-11,VGK,BOS,30,6.0,-110,-110
2024-01-11,VGK,BOS,68,6.0,-115,-105
2024-01-11,VGK,BOS,69,6.5,102,-124
2024-01-11,VGK,BOS,71,6.0,-117,-105
2024-01-11,VGK,BOS,75,6.0,-120,100
2024-01-11,VGK,BOS,76,6.5,105,-125
2024-01-12,MIN,PHI,15,5.5,-122,102
2024-01-12,MIN,PHI,30,6.0,-127,104
2024-01-12,MIN,PHI,68,5.5,-122,102
2024-01-12,MIN,PHI,69,5.5,-122,-100
2024-01-12,MIN,PHI,71,5.5,-118,-104
2024-01-12,MIN,PHI,75,6.0,100,-120
2024-01-12,MIN,PHI,76,5.5,-100,-130
2024-01-12,DAL,NSH,15,6.5,-110,-110
2024-01-12,DAL,NSH,30,6.5,-110,-110
2024-01-12,DAL,NSH,68,6.5,-120,100
2024-01-12,DAL,NSH,69,6.5,-110,-110
2024-01-12,DAL,NSH,71,6.5,-115,-106
2024-01-12,DAL,NSH,75,6.5,-110,-110
2024-01-12,DAL,NSH,76,6.5,105,-140
2024-01-13,WSH,NYR,15,6.0,-110,-110
2024-01-13,WSH,NYR,30,6.5,110,-134
2024-01-13,WSH,NYR,68,6.0,-110,-110
2024-01-13,WSH,NYR,69,5.5,-130,106
2024-01-13,WSH,NYR,71,6.0,-109,-112
2024-01-13,WSH,NYR,75,6.0,-110,-110
2024-01-13,WSH,NYR,76,6.5,110,-130
2024-01-13,BUF,VAN,15,6.5,-130,110
2024-01-13,BUF,VAN,30,6.5,102,-124
2024-01-13,BUF,VAN,68,6.5,-135,114
2024-01-13,BUF,VAN,69,6.5,-128,104
2024-01-13,BUF,VAN,71,6.5,-139,110
2024-01-13,BUF,VAN,75,7.0,110,-135
2024-01-13,BUF,VAN,76,6.5,-130,110
2024-01-13,OTT,SJ,15,6.5,-120,-102
2024-01-13,OTT,SJ,30,6.5,-105,-115
2024-01-13,OTT,SJ,68,6.5,-120,100
2024-01-13,OTT,SJ,69,6.5,-120,-102
2024-01-13,OTT,SJ,71,6.5,-127,105
2024-01-13,OTT,SJ,75,6.5,-135,110
2024-01-13,OTT,SJ,76,6.5,-140,115
2024-01-13,FLA,NJ,15,6.5,-110,-110
2024-01-13,FLA,NJ,30,6.5,-100,-122
2024-01-13,FLA,NJ,68,6.5,-115,-105
2024-01-13,FLA,NJ,69,6.5,-110,-110
2024-01-13,FLA,NJ,71,6.5,-121,100
2024-01-13,FLA,NJ,75,6.5,-110,-110
2024-01-13,FLA,NJ,76,6.5,-110,-110
2024-01-13,CAR,PIT,15,6.5,-120,105
2024-01-13,CAR,PIT,30,6.5,104,-128
2024-01-13,CAR,PIT,68,6.5,-125,105
2024-01-13,CAR,PIT,69,6.5,-120,-102
2024-01-13,CAR,PIT,71,6.5,-110,-114
2024-01-13,CAR,PIT,75,6.5,-115,-105
2024-01-13,CAR,PIT,76,6.5,-115,-105
2024-01-13,DET,LA,15,6.5,-110,-110
2024-01-13,DET,LA,30,6.5,-110,-110
2024-01-13,DET,LA,68,6.5,-108,-112
2024-01-13,DET,LA,69,6.5,-110,-110
2024-01-13,DET,LA,71,6.5,-103,-120
2024-01-13,DET,LA,75,6.5,-110,-110
2024-01-13,DET,LA,76,6.5,-110,-110
2024-01-13,WPG,PHI,15,5.5,-115,-105
2024-01-13,WPG,PHI,30,6.0,-110,-110
2024-01-13,WPG,PHI,68,5.5,-112,-108
2024-01-13,WPG,PHI,69,5.5,-118,-104
2024-01-13,WPG,PHI,71,5.5,-121,-105
2024-01-13,WPG,PHI,75,5.5,-115,-105
2024-01-13,WPG,PHI,76,5.5,-115,-105
2024-01-13,CBJ,SEA,15,6.5,105,-125
2024-01-13,CBJ,SEA,30,6.5,-100,-122
2024-01-13,CBJ,SEA,68,6.0,-118,-102
2024-01-13,CBJ,SEA,69,6.5,106,-130
2024-01-13,CBJ,SEA,71,6.0,-120,-103
2024-01-13,CBJ,SEA,75,6.0,-120,100
2024-01-13,CBJ,SEA,76,6.5,105,-125
2024-01-13,MTL,EDM,15,6.5,-125,105
2024-01-13,MTL,EDM,30,6.5,-130,106
2024-01-13,MTL,EDM,68,6.5,-125,105
2024-01-13,MTL,EDM,69,6.5,-122,-100
2024-01-13,MTL,EDM,71,6.5,-120,-103
2024-01-13,MTL,EDM,75,6.5,-125,105
2024-01-13,MTL,EDM,76,6.5,-130,110
2024-01-13,TOR,COL,15,6.5,-138,112
2024-01-13,TOR,COL,30,6.5,-128,104
2024-01-13,TOR,COL,68,6.5,-130,110
2024-01-13,TOR,COL,69,6.5,-138,112
2024-01-13,TOR,COL,71,6.5,-136,112
2024-01-13,TOR,COL,75,6.5,-135,110
2024-01-13,TOR,COL,76,6.5,-140,115
2024-01-13,TB,ANA,15,6.5,100,-120
2024-01-13,TB,ANA,30,6.5,-106,-114
2024-01-13,TB,ANA,68,6.5,100,-120
2024-01-13,TB,ANA,69,6.5,-100,-122
2024-01-13,TB,ANA,71,6.5,-103,-120
2024-01-13,TB,ANA,75,6.5,100,-120
2024-01-13,TB,ANA,76,6.5,-105,-115
2024-01-13,MIN,UTA,15,5.5,-140,115
2024-01-13,MIN,UTA,30,6.5,102,-124
2024-01-13,MIN,UTA,68,6.0,-108,-112
2024-01-13,MIN,UTA,69,5.5,-138,112
2024-01-13,MIN,UTA,71,6.0,-108,-113
2024-01-13,MIN,UTA,75,6.0,-110,-110
2024-01-13,MIN,UTA,76,5.5,-140,115
2024-01-13,STL,BOS,15,6.5,-100,-122
2024-01-13,STL,BOS,30,6.5,104,-128
2024-01-13,STL,BOS,68,6.0,-120,100
2024-01-13,STL,BOS,69,6.5,-100,-122
2024-01-13,STL,BOS,71,6.0,-114,-106
2024-01-13,STL,BOS,75,6.0,-115,-105
2024-01-13,STL,BOS,76,6.5,110,-130
2024-01-13,CHI,DAL,15,6.0,-112,-108
2024-01-13,CHI,DAL,30,6.5,104,-128
2024-01-13,CHI,DAL,68,6.0,-110,-110
2024-01-13,CHI,DAL,69,5.5,-134,110
2024-01-13,CHI,DAL,71,6.0,-115,-109
2024-01-13,CHI,DAL,75,6.0,-115,-105
2024-01-13,CHI,DAL,76,6.5,110,-130
2024-01-13,NSH,NYI,15,6.5,-102,-115
2024-01-13,NSH,NYI,30,6.5,-110,-110
2024-01-13,NSH,NYI,68,6.0,-120,100
2024-01-13,NSH,NYI,69,6.5,-102,-120
2024-01-13,NSH,NYI,71,6.0,-124,102
2024-01-13,NSH,NYI,75,6.5,100,-120
2024-01-13,NSH,NYI,76,6.5,-105,-115
2024-01-13,VGK,CGY,15,6.5,105,-125
2024-01-13,VGK,CGY,30,6.5,102,-124
2024-01-13,VGK,CGY,68,6.0,-122,102
2024-01-13,VGK,CGY,69,6.5,114,-140
2024-01-13,VGK,CGY,71,6.0,-117,-105
2024-01-13,VGK,CGY,75,6.0,-120,100
2024-01-13,VGK,CGY,76,6.5,105,-125
2024-01-14,NYR,WSH,15,5.5,-134,110
2024-01-14,NYR,WSH,30,6.0,-110,-110
2024-01-14,NYR,WSH,68,6.0,100,-120
2024-01-14,NYR,WSH,69,5.5,-134,110
2024-01-14,NYR,WSH,71,6.0,-110,-110
2024-01-14,NYR,WSH,75,6.0,-105,-115
2024-01-14,NYR,WSH,76,5.5,-130,110
2024-01-14,TOR,DET,15,6.5,-154,126
2024-01-14,TOR,DET,30,7.0,110,-130
2024-01-14,TOR,DET,68,7.0,100,-120
2024-01-14,TOR,DET,69,6.5,-154,126
2024-01-14,TOR,DET,71,7.0,-113,-108
2024-01-14,TOR,DET,75,7.0,100,-120
2024-01-14,TOR,DET,76,6.5,-150,125
2024-01-15,BUF,SJ,15,6.5,-115,-105
2024-01-15,BUF,SJ,30,6.5,-108,-112
2024-01-15,BUF,SJ,68,6.5,-115,-105
2024-01-15,BUF,SJ,69,6.5,-110,-110
2024-01-15,BUF,SJ,71,6.5,-107,-114
2024-01-15,BUF,SJ,75,6.5,-115,-105
2024-01-15,BUF,SJ,76,6.5,-120,-100
2024-01-15,FLA,ANA,15,6.5,-104,-118
2024-01-15,FLA,ANA,30,6.5,100,-120
2024-01-15,FLA,ANA,68,6.5,-102,-118
2024-01-15,FLA,ANA,69,6.5,-104,-118
2024-01-15,FLA,ANA,71,6.5,100,-122
2024-01-15,FLA,ANA,75,6.5,-105,-115
2024-01-15,FLA,ANA,76,6.5,-105,-120
2024-01-15,CBJ,VAN,15,6.5,-144,118
2024-01-15,CBJ,VAN,30,6.5,-120,100
2024-01-15,CBJ,VAN,68,6.5,-148,124
2024-01-15,CBJ,VAN,69,6.5,-144,118
2024-01-15,CBJ,VAN,71,7.0,106,-129
2024-01-15,CBJ,VAN,75,7.0,105,-130
2024-01-15,CBJ,VAN,76,6.5,-150,125
2024-01-15,BOS,NJ,15,6.5,-100,-120
2024-01-15,BOS,NJ,30,6.0,-122,102
2024-01-15,BOS,NJ,68,6.0,-112,-108
2024-01-15,BOS,NJ,69,6.5,106,-130
2024-01-15,BOS,NJ,71,6.0,-121,100
2024-01-15,BOS,NJ,75,6.0,-115,-105
2024-01-15,BOS,NJ,76,6.5,105,-125
2024-01-15,PIT,SEA,15,6.0,-112,-108
2024-01-15,PIT,SEA,30,6.0,-120,100
2024-01-15,PIT,SEA,68,6.0,-112,-108
2024-01-15,PIT,SEA,69,5.5,-128,104
2024-01-15,PIT,SEA,71,6.0,102,-124
2024-01-15,PIT,SEA,75,6.0,-110,-110
2024-01-15,PIT,SEA,76,5.5,-130,110
2024-01-15,CAR,LA,15,6.5,-100,-122
2024-01-15,CAR,LA,30,6.5,-102,-118
2024-01-15,CAR,LA,68,6.0,-125,105
2024-01-15,CAR,LA,69,6.5,-100,-122
2024-01-15,CAR,LA,71,6.0,-120,-103
2024-01-15,CAR,LA,75,6.5,100,-120
2024-01-15,CAR,LA,76,6.5,105,-125
2024-01-15,MIN,NYI,15,6.5,106,-130
2024-01-15,MIN,NYI,30,6.5,105,-125
2024-01-15,MIN,NYI,68,6.0,-112,-108
2024-01-15,MIN,NYI,69,6.5,106,-130
2024-01-15,MIN,NYI,71,6.0,-117,-108
2024-01-15,MIN,NYI,75,6.0,-120,100
2024-01-15,MIN,NYI,76,6.5,110,-130
2024-01-15,VGK,NSH,15,5.5,-140,115
2024-01-15,VGK,NSH,30,6.0,-115,-105
2024-01-15,VGK,NSH,68,6.0,102,-122
2024-01-15,VGK,NSH,69,5.5,-128,104
2024-01-15,VGK,NSH,71,6.0,-103,-120
2024-01-15,VGK,NSH,75,6.0,100,-120
2024-01-15,VGK,NSH,76,5.5,-140,115
2024-01-15,MTL,COL,15,6.5,102,-124
2024-01-15,MTL,COL,30,6.5,-105,-115
2024-01-15,MTL,COL,68,6.5,100,-120
2024-01-15,MTL,COL,69,6.5,102,-124
2024-01-15,MTL,COL,71,6.5,102,-125
2024-01-15,MTL,COL,75,6.5,100,-120
2024-01-15,MTL,COL,76,6.5,-100,-120
2024-01-15,STL,PHI,15,6.5,-100,-130
2024-01-15,STL,PHI,30,6.0,-125,105
2024-01-15,STL,PHI,68,6.0,-112,-108
2024-01-15,STL,PHI,69,6.5,110,-134
2024-01-15,STL,PHI,71,6.0,-115,-106
2024-01-15,STL,PHI,75,6.0,-115,-105
2024-01-15,STL,PHI,76,6.5,105,-125
2024-01-16,OTT,COL,15,6.5,-152,125
2024-01-16,OTT,COL,30,6.5,-126,105
2024-01-16,OTT,COL,68,7.0,100,-120
2024-01-16,OTT,COL,69,6.5,-152,124
2024-01-16,OTT,COL,71,7.0,107,-130
2024-01-16,OTT,COL,75,7.0,100,-120
2024-01-16,OTT,COL,76,6.5,-150,125
2024-01-16,WSH,ANA,15,6.5,115,-140
2024-01-16,WSH,ANA,30,6.5,-107,-116
2024-01-16,WSH,ANA,68,6.0,-110,-110
2024-01-16,WSH,ANA,69,6.5,116,-142
2024-01-16,WSH,ANA,71,6.0,-108,-113
2024-01-16,WSH,ANA,75,6.0,-110,-110
2024-01-16,WSH,ANA,76,6.5,115,-140
2024-01-16,NYR,SEA,15,5.5,-125,105
2024-01-16,NYR,SEA,30,5.5,-120,-102
2024-01-16,NYR,SEA,68,6.0,102,-122
2024-01-16,NYR,SEA,69,5.5,-124,102
2024-01-16,NYR,SEA,71,5.5,-122,100
2024-01-16,NYR,SEA,75,5.5,-120,100
2024-01-16,NYR,SEA,76,5.5,-125,105
2024-01-16,DAL,LA,15,6.5,105,-122
2024-01-16,DAL,LA,30,6.5,106,-130
2024-01-16,DAL,LA,68,6.5,105,-125
2024-01-16,DAL,LA,69,6.5,-100,-122
2024-01-16,DAL,LA,71,6.5,-106,-114
2024-01-16,DAL,LA,75,6.0,-120,100
2024-01-16,DAL,LA,76,6.5,-110,-110
2024-01-16,WPG,NYI,15,6.0,100,-120
2024-01-16,WPG,NYI,30,6.5,108,-132
2024-01-16,WPG,NYI,68,6.0,100,-120
2024-01-16,WPG,NYI,69,5.5,-124,102
2024-01-16,WPG,NYI,71,6.0,-105,-121
2024-01-16,WPG,NYI,75,6.0,100,-120
2024-01-16,WPG,NYI,76,5.5,-125,105
2024-01-16,CHI,SJ,15,5.5,-110,-110
2024-01-16,CHI,SJ,30,5.5,-140,114
2024-01-16,CHI,SJ,68,5.5,-112,-108
2024-01-16,CHI,SJ,69,5.5,-110,-110
2024-01-16,CHI,SJ,71,5.5,-110,-110
2024-01-16,CHI,SJ,75,5.5,-115,-105
2024-01-16,CHI,SJ,76,5.5,-110,-110
2024-01-16,EDM,TOR,15,6.5,-160,130
2024-01-16,EDM,TOR,30,7.5,128,-158
2024-01-16,EDM,TOR,68,7.0,110,-130
2024-01-16,EDM,TOR,69,6.5,-160,130
2024-01-16,EDM,TOR,71,7.0,100,-121
2024-01-16,EDM,TOR,75,7.0,110,-135
2024-01-16,EDM,TOR,76,6.5,-160,130
2024-01-16,CGY,UTA,15,6.5,-110,-110
2024-01-16,CGY,UTA,30,6.5,-105,-114
2024-01-16,CGY,UTA,68,6.5,-115,-105
2024-01-16,CGY,UTA,69,6.5,102,-124
2024-01-16,CGY,UTA,71,6.5,-106,-115
2024-01-16,CGY,UTA,75,6.5,100,-120
2024-01-16,CGY,UTA,76,6.5,-110,-110
2024-01-17,NJ,MTL,15,6.5,-106,-115
2024-01-17,NJ,MTL,30,6.5,-120,100
2024-01-17,NJ,MTL,68,6.5,-115,-105
2024-01-17,NJ,MTL,69,6.5,-102,-120
2024-01-17,NJ,MTL,71,6.5,-104,-118
2024-01-17,NJ,MTL,75,6.5,100,-120
2024-01-17,NJ,MTL,76,6.5,-110,-110
2024-01-17,FLA,DET,15,6.5,-115,-105
2024-01-17,FLA,DET,30,6.5,-120,100
2024-01-17,FLA,DET,68,6.5,-115,-105
2024-01-17,FLA,DET,69,6.5,-115,-105
2024-01-17,FLA,DET,71,6.5,-121,100
2024-01-17,FLA,DET,75,6.5,-115,-105
2024-01-17,FLA,DET,76,6.5,-115,-105
2024-01-18,TB,MIN,15,6.5,-110,-110
2024-01-18,TB,MIN,30,6.5,-102,-117
2024-01-18,TB,MIN,68,6.5,-120,100
2024-01-18,TB,MIN,69,6.5,-104,-118
2024-01-18,TB,MIN,71,6.5,-105,-121
2024-01-18,TB,MIN,75,6.0,-145,105
2024-01-18,TB,MIN,76,6.5,-110,-110
2024-01-18,WSH,STL,15,5.5,-125,105
2024-01-18,WSH,STL,30,6.0,-100,-120
2024-01-18,WSH,STL,68,5.5,-125,105
2024-01-18,WSH,STL,69,5.5,-128,104
2024-01-18,WSH,STL,71,6.0,102,-124
2024-01-18,WSH,STL,75,6.0,100,-120
2024-01-18,WSH,STL,76,5.5,-125,105
2024-01-18,OTT,MTL,15,6.5,-148,124
2024-01-18,OTT,MTL,30,6.5,-125,105
2024-01-18,OTT,MTL,68,6.5,-148,124
2024-01-18,OTT,MTL,69,6.5,-140,114
2024-01-18,OTT,MTL,71,7.0,114,-137
2024-01-18,OTT,MTL,75,7.0,105,-145
2024-01-18,OTT,MTL,76,6.5,-150,125
2024-01-18,BOS,COL,15,6.5,-102,-118
2024-01-18,BOS,COL,30,6.0,-130,110
2024-01-18,BOS,COL,68,6.5,-102,-118
2024-01-18,BOS,COL,69,6.5,-102,-120
2024-01-18,BOS,COL,71,6.0,-127,102
2024-01-18,BOS,COL,75,6.5,100,-120
2024-01-18,BOS,COL,76,6.5,-105,-115
2024-01-18,PHI,DAL,15,5.5,-134,110
2024-01-18,PHI,DAL,30,6.0,-117,-102
2024-01-18,PHI,DAL,68,6.0,102,-122
2024-01-18,PHI,DAL,69,5.5,-134,110
2024-01-18,PHI,DAL,71,6.0,-104,-118
2024-01-18,PHI,DAL,75,6.0,100,-120
2024-01-18,PHI,DAL,76,5.5,-130,110
2024-01-18,BUF,CHI,15,5.5,-145,116
2024-01-18,BUF,CHI,30,6.0,-110,-105
2024-01-18,BUF,CHI,68,6.0,-115,-105
2024-01-18,BUF,CHI,69,5.5,-142,116
2024-01-18,BUF,CHI,71,6.0,-108,-113
2024-01-18,BUF,CHI,75,6.0,-110,-110
2024-01-18,BUF,CHI,76,5.5,-145,110
2024-01-18,CGY,TOR,15,6.5,-115,-105
2024-01-18,CGY,TOR,30,6.5,-115,-105
2024-01-18,CGY,TOR,68,6.5,-110,-110
2024-01-18,CGY,TOR,69,6.5,-115,-105
2024-01-18,CGY,TOR,71,6.5,-117,-105
2024-01-18,CGY,TOR,75,6.5,-110,-110
2024-01-18,CGY,TOR,76,6.5,-125,105
2024-01-18,EDM,SEA,15,6.5,-105,-115
2024-01-18,EDM,SEA,30,6.5,-115,-105
2024-01-18,EDM,SEA,68,6.5,-105,-115
2024-01-18,EDM,SEA,69,6.5,-104,-118
2024-01-18,EDM,SEA,71,6.5,-108,-113
2024-01-18,EDM,SEA,75,6.5,-105,-115
2024-01-18,EDM,SEA,76,6.5,-110,-110
2024-01-18,LA,NSH,15,6.5,110,-130
2024-01-18,LA,NSH,30,6.0,-117,-102
2024-01-18,LA,NSH,68,6.0,-112,-108
2024-01-18,LA,NSH,69,6.5,112,-140
2024-01-18,LA,NSH,71,6.0,-112,-109
2024-01-18,LA,NSH,75,6.0,-110,-110
2024-01-18,LA,NSH,76,6.5,110,-130
2024-01-18,VGK,NYR,15,5.5,-128,105
2024-01-18,VGK,NYR,30,6.0,-110,-110
2024-01-18,VGK,NYR,68,6.0,105,-125
2024-01-18,VGK,NYR,69,5.5,-128,104
2024-01-18,VGK,NYR,71,5.5,-120,-103
2024-01-18,VGK,NYR,75,6.0,100,-120
2024-01-18,VGK,NYR,76,5.5,-125,105
2024-01-18,VAN,UTA,15,6.5,102,-120
2024-01-18,VAN,UTA,30,6.5,105,-125
2024-01-18,VAN,UTA,68,6.5,102,-122
2024-01-18,VAN,UTA,69,6.5,-102,-120
2024-01-18,VAN,UTA,71,6.0,-121,-105
2024-01-18,VAN,UTA,75,6.5,100,-120
2024-01-18,VAN,UTA,76,6.5,-105,-115
2024-01-19,FLA,MIN,15,6.0,-110,-110
2024-01-19,FLA,MIN,30,6.0,-120,-100
2024-01-19,FLA,MIN,68,6.0,-110,-110
2024-01-19,FLA,MIN,69,5.5,-138,112
2024-01-19,FLA,MIN,71,6.0,-112,-109
2024-01-19,FLA,MIN,75,6.0,-110,-110
2024-01-19,FLA,MIN,76,6.5,110,-130
2024-01-19,CBJ,NJ,15,6.5,-130,108
2024-01-19,CBJ,NJ,30,6.5,-130,110
2024-01-19,CBJ,NJ,68,6.5,-130,110
2024-01-19,CBJ,NJ,69,6.5,-130,106
2024-01-19,CBJ,NJ,71,6.5,-134,110
2024-01-19,CBJ,NJ,75,6.5,-135,110
2024-01-19,CBJ,NJ,76,6.5,-125,105
2024-01-19,CAR,DET,15,6.5,-115,-105
2024-01-19,CAR,DET,30,6.5,105,-125
2024-01-19,CAR,DET,68,6.5,-125,105
2024-01-19,CAR,DET,69,6.5,-115,-105
2024-01-19,CAR,DET,71,6.5,-108,-113
2024-01-19,CAR,DET,75,6.5,-125,105
2024-01-19,CAR,DET,76,6.5,-115,-105
2024-01-19,CHI,NYI,15,5.5,-110,-110
2024-01-19,CHI,NYI,30,6.0,-105,-115
2024-01-19,CHI,NYI,68,5.5,-110,-110
2024-01-19,CHI,NYI,69,5.5,-110,-110
2024-01-19,CHI,NYI,71,5.5,-105,-117
2024-01-19,CHI,NYI,75,5.5,-110,-110
2024-01-19,CHI,NYI,76,5.5,-120,-100
2024-01-20,BUF,TB,15,6.5,-120,102
2024-01-20,BUF,TB,30,6.5,-100,-120
2024-01-20,BUF,TB,68,6.5,-122,102
2024-01-20,BUF,TB,69,6.5,-118,-104
2024-01-20,BUF,TB,71,6.5,-118,-104
2024-01-20,BUF,TB,75,6.5,-115,-105
2024-01-20,BUF,TB,76,6.5,-120,-100
2024-01-20,PHI,COL,15,6.5,104,-115
2024-01-20,PHI,COL,30,6.0,-120,100
2024-01-20,PHI,COL,68,6.0,-125,105
2024-01-20,PHI,COL,69,6.5,104,-128
2024-01-20,PHI,COL,71,6.0,-120,-103
2024-01-20,PHI,COL,75,6.5,100,-120
2024-01-20,PHI,COL,76,6.5,-100,-120
2024-01-20,OTT,WPG,15,6.5,106,-130
2024-01-20,OTT,WPG,30,6.5,-120,-100
2024-01-20,OTT,WPG,68,6.0,-122,102
2024-01-20,OTT,WPG,69,6.5,106,-130
2024-01-20,OTT,WPG,71,6.0,-108,-113
2024-01-20,OTT,WPG,75,6.0,-120,100
2024-01-20,OTT,WPG,76,6.5,110,-130
2024-01-20,UTA,NSH,15,6.0,-112,-108
2024-01-20,UTA,NSH,30,6.0,-100,-120
2024-01-20,UTA,NSH,68,6.0,-112,-108
2024-01-20,UTA,NSH,69,5.5,-140,114
2024-01-20,UTA,NSH,71,6.0,-104,-118
2024-01-20,UTA,NSH,75,6.0,-110,-110
2024-01-20,UTA,NSH,76,6.5,115,-140
2024-01-20,NJ,DAL,15,6.5,-108,-112
2024-01-20,NJ,DAL,30,6.5,-125,105
2024-01-20,NJ,DAL,68,6.5,-108,-112
2024-01-20,NJ,DAL,69,6.5,-106,-114
2024-01-20,NJ,DAL,71,6.5,-106,-115
2024-01-20,NJ,DAL,75,6.5,-110,-110
2024-01-20,NJ,DAL,76,6.5,-110,-110
2024-01-20,VAN,TOR,15,6.5,-130,110
2024-01-20,VAN,TOR,30,6.5,-120,-101
2024-01-20,VAN,TOR,68,6.5,-130,110
2024-01-20,VAN,TOR,69,6.5,-130,106
2024-01-20,VAN,TOR,71,6.5,-125,104
2024-01-20,VAN,TOR,75,6.5,-130,105
2024-01-20,VAN,TOR,76,6.5,-140,115
2024-01-20,BOS,MTL,15,6.0,-118,-102
2024-01-20,BOS,MTL,30,6.0,-125,105
2024-01-20,BOS,MTL,68,6.0,-115,-105
2024-01-20,BOS,MTL,69,5.5,-142,116
2024-01-20,BOS,MTL,71,6.0,-110,-110
2024-01-20,BOS,MTL,75,6.0,-120,100
2024-01-20,BOS,MTL,76,6.5,110,-130
2024-01-20,STL,WSH,15,5.5,-130,110
2024-01-20,STL,WSH,30,6.0,-100,-120
2024-01-20,STL,WSH,68,5.5,-130,110
2024-01-20,STL,WSH,69,5.5,-128,104
2024-01-20,STL,WSH,71,5.5,-124,102
2024-01-20,STL,WSH,75,6.0,100,-120
2024-01-20,STL,WSH,76,5.5,-130,110
2024-01-20,CGY,EDM,15,6.5,-135,114
2024-01-20,CGY,EDM,30,7.0,105,-125
2024-01-20,CGY,EDM,68,6.5,-135,114
2024-01-20,CGY,EDM,69,6.5,-134,110
2024-01-20,CGY,EDM,71,6.5,-134,110
2024-01-20,CGY,EDM,75,6.5,-135,110
2024-01-20,CGY,EDM,76,6.5,-145,120
2024-01-20,SJ,ANA,15,6.0,-115,-105
2024-01-20,SJ,ANA,30,6.5,105,-125
2024-01-20,SJ,ANA,68,6.0,-115,-105
2024-01-20,SJ,ANA,69,5.5,-134,110
2024-01-20,SJ,ANA,71,6.0,-105,-117
2024-01-20,SJ,ANA,75,6.0,-110,-110
2024-01-20,SJ,ANA,76,6.5,115,-140
2024-01-20,VGK,PIT,15,6.5,110,-130
2024-01-20,VGK,PIT,30,6.0,-115,-105
2024-01-20,VGK,PIT,68,6.0,-110,-110
2024-01-20,VGK,PIT,69,6.5,110,-134
2024-01-20,VGK,PIT,71,6.0,-105,-121
2024-01-20,VGK,PIT,75,6.0,-110,-110
2024-01-20,VGK,PIT,76,6.5,110,-130
2024-01-20,LA,NYR,15,6.5,104,-128
2024-01-20,LA,NYR,30,6.0,-105,-115
2024-01-20,LA,NYR,68,6.0,-115,-105
2024-01-20,LA,NYR,69,6.5,104,-128
2024-01-20,LA,NYR,71,6.0,-115,-106
2024-01-20,LA,NYR,75,6.0,-115,-105
2024-01-20,LA,NYR,76,6.5,110,-130
2024-01-21,PHI,OTT,15,6.5,-122,102
2024-01-21,PHI,OTT,30,6.5,-105,-115
2024-01-21,PHI,OTT,68,6.5,-122,102
2024-01-21,PHI,OTT,69,6.5,-124,102
2024-01-21,PHI,OTT,71,6.5,-120,100
2024-01-21,PHI,OTT,75,6.5,-120,100
2024-01-21,PHI,OTT,76,6.5,-120,-100
2024-01-21,CAR,MIN,15,6.5,-108,-112
2024-01-21,CAR,MIN,30,6.5,-112,-107
2024-01-21,CAR,MIN,68,6.5,-110,-110
2024-01-21,CAR,MIN,69,6.5,-106,-114
2024-01-21,CAR,MIN,71,6.5,-113,-108
2024-01-21,CAR,MIN,75,6.5,-105,-115
2024-01-21,CAR,MIN,76,6.5,-110,-110
2024-01-21,DET,TB,15,6.5,-115,-105
2024-01-21,DET,TB,30,6.5,-120,-100
2024-01-21,DET,TB,68,6.5,-112,-108
2024-01-21,DET,TB,69,6.5,-118,-104
2024-01-21,DET,TB,71,6.5,-115,-106
2024-01-21,DET,TB,75,6.5,-110,-110
2024-01-21,DET,TB,76,6.5,-115,-105
2024-01-21,NYI,DAL,15,6.5,-101,-120
2024-01-21,NYI,DAL,30,6.0,-115,-105
2024-01-21,NYI,DAL,68,6.0,-112,-108
2024-01-21,NYI,DAL,69,6.5,114,-140
2024-01-21,NYI,DAL,71,6.0,-112,-109
2024-01-21,NYI,DAL,75,6.0,-110,-110
2024-01-21,NYI,DAL,76,6.5,110,-130
2024-01-21,ANA,NYR,15,6.0,-100,-117
2024-01-21,ANA,NYR,30,6.0,-110,-110
2024-01-21,ANA,NYR,68,6.0,100,-120
2024-01-21,ANA,NYR,69,5.5,-142,116
2024-01-21,ANA,NYR,71,6.0,100,-122
2024-01-21,ANA,NYR,75,6.0,100,-120
2024-01-21,ANA,NYR,76,6.5,115,-140
2024-01-21,SEA,TOR,15,6.5,-112,-106
2024-01-21,SEA,TOR,30,6.5,-100,-120
2024-01-21,SEA,TOR,68,6.0,-125,105
2024-01-21,SEA,TOR,69,6.5,-102,-118
2024-01-21,SEA,TOR,71,6.0,-117,-105
2024-01-21,SEA,TOR,75,6.0,-120,100
2024-01-21,SEA,TOR,76,6.5,-100,-120
2024-01-22,BOS,WPG,15,5.5,100,-120
2024-01-22,BOS,WPG,30,6.0,-110,-110
2024-01-22,BOS,WPG,68,5.5,100,-120
2024-01-22,BOS,WPG,69,5.5,-100,-122
2024-01-22,BOS,WPG,71,5.5,-103,-120
2024-01-22,BOS,WPG,75,5.5,100,-120
2024-01-22,BOS,WPG,76,5.5,-105,-115
2024-01-22,NJ,VGK,15,6.5,110,-130
2024-01-22,NJ,VGK,30,6.5,110,-130
2024-01-22,NJ,VGK,68,6.0,-115,-105
2024-01-22,NJ,VGK,69,6.5,110,-134
2024-01-22,NJ,VGK,71,6.0,-112,-109
2024-01-22,NJ,VGK,75,6.0,-115,-105
2024-01-22,NJ,VGK,76,6.5,110,-130
2024-01-22,NSH,FLA,15,5.5,-140,114
2024-01-22,NSH,FLA,30,6.0,-120,100
2024-01-22,NSH,FLA,68,6.0,-112,-108
2024-01-22,NSH,FLA,69,5.5,-140,114
2024-01-22,NSH,FLA,71,6.0,-103,-124
2024-01-22,NSH,FLA,75,3.0,-5000,1450
2024-01-22,NSH,FLA,76,5.5,-130,-100
2024-01-22,UTA,PIT,15,6.5,104,-128
2024-01-22,UTA,PIT,30,6.5,105,-125
2024-01-22,UTA,PIT,68,6.0,-112,-108
2024-01-22,UTA,PIT,69,6.5,104,-128
2024-01-22,UTA,PIT,71,6.0,-106,-121
2024-01-22,UTA,PIT,75,6.0,-110,-110
2024-01-22,UTA,PIT,76,6.5,115,-140
2024-01-22,VAN,CHI,15,6.0,-112,-108
2024-01-22,VAN,CHI,30,6.0,-125,105
2024-01-22,VAN,CHI,68,6.0,-112,-108
2024-01-22,VAN,CHI,69,5.5,-144,118
2024-01-22,VAN,CHI,71,6.0,-117,-109
2024-01-22,VAN,CHI,75,6.0,-120,100
2024-01-22,VAN,CHI,76,6.5,115,-140
2024-01-22,LA,SJ,15,5.5,-140,115
2024-01-22,LA,SJ,30,6.0,-120,100
2024-01-22,LA,SJ,68,6.0,-112,-108
2024-01-22,LA,SJ,69,5.5,-140,112
2024-01-22,LA,SJ,71,6.0,-106,-115
2024-01-22,LA,SJ,75,6.0,100,-120
2024-01-22,LA,SJ,76,5.5,-140,115
2024-01-23,MTL,OTT,15,6.5,-142,120
2024-01-23,MTL,OTT,30,6.5,-140,115
2024-01-23,MTL,OTT,68,6.5,-142,120
2024-01-23,MTL,OTT,69,6.5,-142,116
2024-01-23,MTL,OTT,71,7.0,114,-137
2024-01-23,MTL,OTT,75,7.0,105,-130
2024-01-23,MTL,OTT,76,6.5,-150,125
2024-01-23,PHI,TB,15,6.5,105,-125
2024-01-23,PHI,TB,30,6.0,-120,-100
2024-01-23,PHI,TB,68,6.5,105,-125
2024-01-23,PHI,TB,69,6.5,104,-128
2024-01-23,PHI,TB,71,6.0,-112,-109
2024-01-23,PHI,TB,75,6.0,-115,-105
2024-01-23,PHI,TB,76,6.5,105,-125
2024-01-23,DET,DAL,15,6.5,-108,-112
2024-01-23,DET,DAL,30,6.5,-110,-110
2024-01-23,DET,DAL,68,6.5,-108,-112
2024-01-23,DET,DAL,69,6.5,-106,-114
2024-01-23,DET,DAL,71,6.5,-104,-118
2024-01-23,DET,DAL,75,6.5,-110,-110
2024-01-23,DET,DAL,76,6.5,-110,-110
2024-01-23,NYI,VGK,15,5.5,-122,-100
2024-01-23,NYI,VGK,30,6.0,-115,-105
2024-01-23,NYI,VGK,68,6.0,105,-125
2024-01-23,NYI,VGK,69,5.5,-122,-100
2024-01-23,NYI,VGK,71,5.5,-115,-106
2024-01-23,NYI,VGK,75,5.5,-120,100
2024-01-23,NYI,VGK,76,5.5,-120,-100
2024-01-23,MIN,WSH,15,5.5,-125,105
2024-01-23,MIN,WSH,30,6.0,-105,-115
2024-01-23,MIN,WSH,68,6.0,102,-122
2024-01-23,MIN,WSH,69,5.5,-122,-100
2024-01-23,MIN,WSH,71,5.5,-120,-103
2024-01-23,MIN,WSH,75,5.5,-120,100
2024-01-23,MIN,WSH,76,5.5,-125,105
2024-01-23,EDM,CBJ,15,6.5,-160,130
2024-01-23,EDM,CBJ,30,7.0,105,-125
2024-01-23,EDM,CBJ,68,7.0,105,-125
2024-01-23,EDM,CBJ,69,6.5,-148,120
2024-01-23,EDM,CBJ,71,7.0,-105,-117
2024-01-23,EDM,CBJ,75,7.0,105,-125
2024-01-23,EDM,CBJ,76,6.5,-160,130
2024-01-23,CGY,STL,15,6.5,108,-132
2024-01-23,CGY,STL,30,6.0,-110,-110
2024-01-23,CGY,STL,68,6.0,-110,-110
2024-01-23,CGY,STL,69,6.5,108,-132
2024-01-23,CGY,STL,71,6.0,-122,-104
2024-01-23,CGY,STL,75,6.0,-110,-110
2024-01-23,CGY,STL,76,6.5,115,-140
2024-01-23,ANA,BUF,15,6.5,105,-125
2024-01-23,ANA,BUF,30,6.5,-110,-110
2024-01-23,ANA,BUF,68,6.0,-112,-108
2024-01-23,ANA,BUF,69,6.5,110,-134
2024-01-23,ANA,BUF,71,6.0,-109,-112
2024-01-23,ANA,BUF,75,6.0,-115,-105
2024-01-23,ANA,BUF,76,6.5,105,-125
2024-01-23,SJ,NYR,15,5.5,-140,115
2024-01-23,SJ,NYR,30,6.0,-105,-115
2024-01-23,SJ,NYR,68,6.0,-108,-112
2024-01-23,SJ,NYR,69,5.5,-140,114
2024-01-23,SJ,NYR,71,6.0,-109,-112
2024-01-23,SJ,NYR,75,6.0,-105,-115
2024-01-23,SJ,NYR,76,5.5,-140,115
2024-01-24,FLA,UTA,15,6.5,112,-138
2024-01-24,FLA,UTA,30,6.5,-104,-118
2024-01-24,FLA,UTA,68,6.0,-122,102
2024-01-24,FLA,UTA,69,6.5,112,-138
2024-01-24,FLA,UTA,71,6.0,-121,100
2024-01-24,FLA,UTA,75,6.0,-120,100
2024-01-24,FLA,UTA,76,6.5,115,-143
2024-01-24,TOR,WPG,15,6.5,-105,-115
2024-01-24,TOR,WPG,30,6.5,-105,-115
2024-01-24,TOR,WPG,68,6.5,-105,-115
2024-01-24,TOR,WPG,69,6.5,-100,-122
2024-01-24,TOR,WPG,71,6.0,-121,100
2024-01-24,TOR,WPG,75,6.5,-110,-110
2024-01-24,TOR,WPG,76,6.5,-110,-110
2024-01-24,BOS,CAR,15,6.0,-110,-108
2024-01-24,BOS,CAR,30,5.5,-124,102
2024-01-24,BOS,CAR,68,6.0,-110,-108
2024-01-24,BOS,CAR,69,5.5,-140,112
2024-01-24,BOS,CAR,71,6.0,-115,-106
2024-01-24,BOS,CAR,75,6.0,-115,-105
2024-01-24,BOS,CAR,76,6.5,105,-140
2024-01-24,COL,WSH,15,6.5,-100,-120
2024-01-24,COL,WSH,30,5.5,-142,116
2024-01-24,COL,WSH,68,6.0,-120,100
2024-01-24,COL,WSH,69,6.5,104,-128
2024-01-24,COL,WSH,71,6.0,-124,102
2024-01-24,COL,WSH,75,6.0,-120,100
2024-01-24,COL,WSH,76,6.5,-100,-120
2024-01-24,VAN,STL,15,6.5,-102,-116
2024-01-24,VAN,STL,30,6.5,104,-128
2024-01-24,VAN,STL,68,6.0,-125,105
2024-01-24,VAN,STL,69,6.5,-104,-118
2024-01-24,VAN,STL,71,6.5,-103,-124
2024-01-24,VAN,STL,75,6.5,100,-120
2024-01-24,VAN,STL,76,6.5,-105,-115
2024-01-24,SEA,CHI,15,5.5,-115,-105
2024-01-24,SEA,CHI,30,5.5,-128,102
2024-01-24,SEA,CHI,68,5.5,-115,-105
2024-01-24,SEA,CHI,69,5.5,-118,-104
2024-01-24,SEA,CHI,71,5.5,-114,-107
2024-01-24,SEA,CHI,75,5.5,-115,-105
2024-01-24,SEA,CHI,76,5.5,-110,-110
2024-01-24,LA,BUF,15,6.5,-105,-115
2024-01-24,LA,BUF,30,6.5,-100,-122
2024-01-24,LA,BUF,68,6.5,-105,-115
2024-01-24,LA,BUF,69,6.5,-102,-120
2024-01-24,LA,BUF,71,6.0,-124,102
2024-01-24,LA,BUF,75,6.5,100,-120
2024-01-24,LA,BUF,76,6.5,-105,-115
2024-01-25,DET,PHI,15,6.5,-105,-115
2024-01-25,DET,PHI,30,6.5,-120,-100
2024-01-25,DET,PHI,68,6.5,-105,-115
2024-01-25,DET,PHI,69,6.5,-105,-115
2024-01-25,DET,PHI,71,6.5,-110,-110
2024-01-25,DET,PHI,75,6.5,-105,-115
2024-01-25,DET,PHI,76,6.5,-120,-110
2024-01-25,OTT,BOS,15,6.5,-107,-114
2024-01-25,OTT,BOS,30,6.5,-105,-115
2024-01-25,OTT,BOS,68,6.5,-108,-112
2024-01-25,OTT,BOS,69,6.5,-106,-114
2024-01-25,OTT,BOS,71,6.5,-105,-117
2024-01-25,OTT,BOS,75,6.5,-105,-115
2024-01-25,OTT,BOS,76,6.5,-115,-115
2024-01-25,MTL,NYI,15,6.5,102,-122
2024-01-25,MTL,NYI,30,6.0,-125,105
2024-01-25,MTL,NYI,68,6.0,-125,105
2024-01-25,MTL,NYI,69,6.5,104,-128
2024-01-25,MTL,NYI,71,6.0,-120,100
2024-01-25,MTL,NYI,75,6.5,100,-120
2024-01-25,MTL,NYI,76,6.5,-105,-125
2024-01-25,TB,UTA,15,6.5,-103,-120
2024-01-25,TB,UTA,30,6.5,-102,-119
2024-01-25,TB,UTA,68,6.5,-105,-115
2024-01-25,TB,UTA,69,6.5,-102,-120
2024-01-25,TB,UTA,71,6.5,-105,-117
2024-01-25,TB,UTA,75,6.5,100,-120
2024-01-25,TB,UTA,76,6.5,-105,-115
2024-01-25,CAR,NJ,15,6.5,-105,-119
2024-01-25,CAR,NJ,30,6.5,-130,110
2024-01-25,CAR,NJ,68,6.5,-108,-112
2024-01-25,CAR,NJ,69,6.5,-102,-118
2024-01-25,CAR,NJ,71,6.5,-107,-114
2024-01-25,CAR,NJ,75,6.5,100,-120
2024-01-25,CAR,NJ,76,6.5,-115,-115
2024-01-25,MIN,NSH,15,6.0,-119,-102
2024-01-25,MIN,NSH,30,6.0,-110,-110
2024-01-25,MIN,NSH,68,6.0,-105,-115
2024-01-25,MIN,NSH,69,5.5,-134,110
2024-01-25,MIN,NSH,71,6.0,-105,-117
2024-01-25,MIN,NSH,75,6.0,-105,-115
2024-01-25,MIN,NSH,76,5.5,-130,-100
2024-01-25,DAL,ANA,15,6.5,-115,-105
2024-01-25,DAL,ANA,30,6.5,-110,-110
2024-01-25,DAL,ANA,68,6.5,-112,-108
2024-01-25,DAL,ANA,69,6.5,-115,-105
2024-01-25,DAL,ANA,71,6.5,-107,-114
2024-01-25,DAL,ANA,75,6.5,-115,-105
2024-01-25,DAL,ANA,76,6.5,-115,-105
2024-01-25,CGY,CBJ,15,6.5,-115,-106
2024-01-25,CGY,CBJ,30,6.5,-110,-110
2024-01-25,CGY,CBJ,68,6.5,-115,-105
2024-01-25,CGY,CBJ,69,6.5,-112,-108
2024-01-25,CGY,CBJ,71,6.5,-114,-107
2024-01-25,CGY,CBJ,75,6.5,-115,-105
2024-01-25,CGY,CBJ,76,6.5,-120,-110
2024-01-25,EDM,CHI,15,6.5,-112,-109
2024-01-25,EDM,CHI,30,6.5,-115,-105
2024-01-25,EDM,CHI,68,6.5,-112,-108
2024-01-25,EDM,CHI,69,6.5,-110,-110
2024-01-25,EDM,CHI,71,6.5,-115,-106
2024-01-25,EDM,CHI,75,6.5,-115,-105
2024-01-25,EDM,CHI,76,6.5,-115,-115
2024-01-26,PIT,FLA,15,6.5,-100,-120
2024-01-26,PIT,FLA,30,6.5,-100,-122
2024-01-26,PIT,FLA,68,6.0,-125,105
2024-01-26,PIT,FLA,69,6.5,104,-128
2024-01-26,PIT,FLA,71,6.0,-120,100
2024-01-26,PIT,FLA,75,6.5,100,-120
2024-01-26,PIT,FLA,76,6.5,-100,-120
2024-01-26,NYR,VGK,15,5.5,-130,106
2024-01-26,NYR,VGK,30,5.5,-132,108
2024-01-26,NYR,VGK,68,6.0,110,-130
2024-01-26,NYR,VGK,69,5.5,-130,106
2024-01-26,NYR,VGK,71,5.5,-122,100
2024-01-26,NYR,VGK,75,5.5,-115,-105
2024-01-26,NYR,VGK,76,5.5,-125,105
2024-01-26,COL,LA,15,6.5,-105,-115
2024-01-26,COL,LA,30,5.5,-140,114
2024-01-26,COL,LA,68,6.5,-105,-115
2024-01-26,COL,LA,69,6.5,-100,-122
2024-01-26,COL,LA,71,6.0,-124,102
2024-01-26,COL,LA,75,6.5,-105,-115
2024-01-26,COL,LA,76,6.5,-105,-115
2024-01-26,SEA,STL,15,6.0,-105,-118
2024-01-26,SEA,STL,30,5.5,-134,110
2024-01-26,SEA,STL,68,6.0,-102,-118
2024-01-26,SEA,STL,69,6.5,114,-140
2024-01-26,SEA,STL,71,5.5,-125,102
2024-01-26,SEA,STL,75,6.0,-105,-115
2024-01-26,SEA,STL,76,5.5,-125,105
2024-01-27,PHI,BOS,15,5.5,-130,105
2024-01-27,PHI,BOS,30,5.5,-130,110
2024-01-27,PHI,BOS,68,6.0,102,-122
2024-01-27,PHI,BOS,69,5.5,-130,-100
2024-01-27,PHI,BOS,71,6.0,102,-124
2024-01-27,PHI,BOS,75,5.5,-120,100
2024-01-27,PHI,BOS,76,5.5,-125,105
2024-01-27,DAL,WSH,15,6.5,100,-120
2024-01-27,DAL,WSH,30,6.5,-100,-122
2024-01-27,DAL,WSH,68,6.5,100,-120
2024-01-27,DAL,WSH,69,6.5,-100,-122
2024-01-27,DAL,WSH,71,6.5,100,-121
2024-01-27,DAL,WSH,75,6.5,100,-120
2024-01-27,DAL,WSH,76,6.5,-100,-120
2024-01-27,SJ,BUF,15,6.5,-100,-120
2024-01-27,SJ,BUF,30,6.5,-100,-122
2024-01-27,SJ,BUF,68,6.0,-122,102
2024-01-27,SJ,BUF,69,6.5,106,-130
2024-01-27,SJ,BUF,71,6.0,-118,-104
2024-01-27,SJ,BUF,75,6.0,-120,100
2024-01-27,SJ,BUF,76,6.5,-100,-120
2024-01-27,EDM,NSH,15,6.5,-110,-110
2024-01-27,EDM,NSH,30,6.5,-106,-114
2024-01-27,EDM,NSH,68,6.5,-108,-115
2024-01-27,EDM,NSH,69,6.5,-114,-106
2024-01-27,EDM,NSH,71,6.5,-104,-118
2024-01-27,EDM,NSH,75,6.5,-105,-115
2024-01-27,EDM,NSH,76,6.5,-110,-110
2024-01-27,TB,NJ,15,6.5,-135,112
2024-01-27,TB,NJ,30,6.5,-128,104
2024-01-27,TB,NJ,68,6.5,-135,114
2024-01-27,TB,NJ,69,6.5,-130,106
2024-01-27,TB,NJ,71,6.5,-132,108
2024-01-27,TB,NJ,75,6.5,-135,110
2024-01-27,TB,NJ,76,6.5,-125,105
2024-01-27,CAR,UTA,15,6.5,-100,-120
2024-01-27,CAR,UTA,30,6.5,-100,-122
2024-01-27,CAR,UTA,68,6.0,-125,105
2024-01-27,CAR,UTA,69,6.5,104,-128
2024-01-27,CAR,UTA,71,6.0,-121,100
2024-01-27,CAR,UTA,75,6.5,100,-120
2024-01-27,CAR,UTA,76,6.5,-100,-120
2024-01-27,WPG,TOR,15,6.0,-110,-110
2024-01-27,WPG,TOR,30,6.5,114,-140
2024-01-27,WPG,TOR,68,6.0,-110,-110
2024-01-27,WPG,TOR,69,5.5,-134,110
2024-01-27,WPG,TOR,71,6.0,-117,-105
2024-01-27,WPG,TOR,75,6.0,-110,-110
2024-01-27,WPG,TOR,76,6.5,105,-125
2024-01-27,PIT,MTL,15,6.5,-105,-115
2024-01-27,PIT,MTL,30,6.5,-105,-115
2024-01-27,PIT,MTL,68,6.5,-105,-115
2024-01-27,PIT,MTL,69,6.5,-110,-110
2024-01-27,PIT,MTL,71,6.5,-107,-120
2024-01-27,PIT,MTL,75,6.5,-105,-115
2024-01-27,PIT,MTL,76,6.5,-105,-115
2024-01-27,OTT,NYR,15,6.5,-122,-100
2024-01-27,OTT,NYR,30,6.5,-115,-105
2024-01-27,OTT,NYR,68,6.5,-122,102
2024-01-27,OTT,NYR,69,6.5,-122,-100
2024-01-27,OTT,NYR,71,6.5,-117,-108
2024-01-27,OTT,NYR,75,6.5,-125,105
2024-01-27,OTT,NYR,76,6.5,-120,-100
2024-01-27,NYI,FLA,15,6.5,-100,-122
2024-01-27,NYI,FLA,30,5.5,-120,-102
2024-01-27,NYI,FLA,68,6.0,-125,105
2024-01-27,NYI,FLA,69,6.5,-100,-122
2024-01-27,NYI,FLA,71,6.0,-122,100
2024-01-27,NYI,FLA,75,6.5,100,-120
2024-01-27,NYI,FLA,76,6.5,105,-125
2024-01-27,DET,VGK,15,6.0,-115,-105
2024-01-27,DET,VGK,30,5.5,-122,-100
2024-01-27,DET,VGK,68,6.0,-115,-105
2024-01-27,DET,VGK,69,6.5,108,-132
2024-01-27,DET,VGK,71,6.0,-114,-107
2024-01-27,DET,VGK,75,6.0,-115,-105
2024-01-27,DET,VGK,76,6.5,105,-125
2024-01-27,MIN,ANA,15,6.5,110,-130
2024-01-27,MIN,ANA,30,6.5,108,-132
2024-01-27,MIN,ANA,68,6.0,-108,-112
2024-01-27,MIN,ANA,69,6.5,110,-134
2024-01-27,MIN,ANA,71,6.0,-113,-108
2024-01-27,MIN,ANA,75,6.0,-110,-110
2024-01-27,MIN,ANA,76,6.5,110,-130
2024-01-27,CGY,CHI,15,5.5,-134,110
2024-01-27,CGY,CHI,30,6.5,-102,-120
2024-01-27,CGY,CHI,68,6.0,100,-120
2024-01-27,CGY,CHI,69,5.5,-134,110
2024-01-27,CGY,CHI,71,6.0,-107,-118
2024-01-27,CGY,CHI,75,6.0,100,-120
2024-01-27,CGY,CHI,76,5.5,-125,105
2024-01-27,VAN,CBJ,15,6.5,-130,110
2024-01-27,VAN,CBJ,30,6.5,-120,-102
2024-01-27,VAN,CBJ,68,6.5,-135,114
2024-01-27,VAN,CBJ,69,6.5,-128,104
2024-01-27,VAN,CBJ,71,6.5,-134,110
2024-01-27,VAN,CBJ,75,6.5,-135,110
2024-01-27,VAN,CBJ,76,6.5,-130,110
2024-01-28,STL,LA,15,6.5,-100,-122
2024-01-28,STL,LA,30,6.5,-108,-112
2024-01-28,STL,LA,68,6.0,-122,102
2024-01-28,STL,LA,69,6.5,-100,-122
2024-01-28,STL,LA,71,6.0,-117,-105
2024-01-28,STL,LA,75,6.0,-120,100
2024-01-28,STL,LA,76,6.5,105,-125
2024-01-28,SEA,CBJ,15,6.5,-100,-120
2024-01-28,SEA,CBJ,30,6.5,-101,-119
2024-01-28,SEA,CBJ,68,6.0,-122,102
2024-01-28,SEA,CBJ,69,6.5,106,-130
2024-01-28,SEA,CBJ,71,6.0,-117,-105
2024-01-28,SEA,CBJ,75,6.0,-120,100
2024-01-28,SEA,CBJ,76,6.5,-100,-120
2024-01-29,OTT,NSH,15,6.5,-120,-100
2024-01-29,OTT,NSH,30,6.5,-125,105
2024-01-29,OTT,NSH,68,6.5,-120,100
2024-01-29,OTT,NSH,69,6.5,-115,-105
2024-01-29,OTT,NSH,71,6.5,-120,100
2024-01-29,OTT,NSH,75,6.5,-120,100
2024-01-29,OTT,NSH,76,6.5,-120,-100
2024-01-30,STL,CBJ,15,6.5,-118,-102
2024-01-30,STL,CBJ,30,6.5,-124,102
2024-01-30,STL,CBJ,68,6.5,-118,-102
2024-01-30,STL,CBJ,69,6.5,-110,-110
2024-01-30,STL,CBJ,71,6.5,-124,-103
2024-01-30,STL,CBJ,75,6.5,-120,100
2024-01-30,STL,CBJ,76,6.5,-120,-100
2024-01-30,SJ,SEA,15,5.5,-126,105
2024-01-30,SJ,SEA,30,5.5,-115,-105
2024-01-30,SJ,SEA,68,5.5,-125,105
2024-01-30,SJ,SEA,69,5.5,-128,104
2024-01-30,SJ,SEA,71,5.5,-124,102
2024-01-30,SJ,SEA,75,6.0,100,-120
2024-01-30,SJ,SEA,76,5.5,-125,105
2024-01-31,DET,OTT,15,7.0,105,-125
2024-01-31,DET,OTT,30,6.5,-142,116
2024-01-31,DET,OTT,68,7.0,105,-125
2024-01-31,DET,OTT,69,6.5,-154,126
2024-01-31,DET,OTT,71,7.0,110,-134
2024-01-31,DET,OTT,75,7.0,105,-125
2024-01-31,DET,OTT,76,6.5,-145,120
2024-01-31,NSH,LA,15,6.0,-105,-115
2024-01-31,NSH,LA,30,6.5,102,-124
2024-01-31,NSH,LA,68,6.0,-105,-115
2024-01-31,NSH,LA,69,5.5,-140,114
2024-01-31,NSH,LA,71,6.0,-105,-117
2024-01-31,NSH,LA,75,6.0,-105,-115
2024-01-31,NSH,LA,76,5.5,-130,110
2024-01-31,ANA,SJ,15,6.0,-124,103
2024-01-31,ANA,SJ,30,5.5,-142,116
2024-01-31,ANA,SJ,68,6.0,-112,-108
2024-01-31,ANA,SJ,69,5.5,-140,114
2024-01-31,ANA,SJ,71,6.0,-109,-112
2024-01-31,ANA,SJ,75,6.0,-110,-110
2024-01-31,ANA,SJ,76,5.5,-125,105
2024-02-05,TOR,NYI,15,6.5,-115,-105
2024-02-05,TOR,NYI,30,6.5,102,-124
2024-02-05,TOR,NYI,68,6.5,-115,-105
2024-02-05,TOR,NYI,69,6.5,-108,-112
2024-02-05,TOR,NYI,71,6.5,-121,100
2024-02-05,TOR,NYI,75,6.5,-115,-105
2024-02-05,TOR,NYI,76,6.5,-115,-105
2024-02-05,NYR,COL,15,6.5,-120,105
2024-02-05,NYR,COL,30,6.5,106,-130
2024-02-05,NYR,COL,68,6.5,-112,-108
2024-02-05,NYR,COL,69,6.5,-120,-102
2024-02-05,NYR,COL,71,6.5,-122,102
2024-02-05,NYR,COL,75,6.5,-120,100
2024-02-05,NYR,COL,76,6.5,-125,105
2024-02-06,CAR,VAN,15,6.5,-102,-120
2024-02-06,CAR,VAN,30,5.5,-140,114
2024-02-06,CAR,VAN,68,6.5,-102,-118
2024-02-06,CAR,VAN,69,6.5,-102,-120
2024-02-06,CAR,VAN,71,6.5,-104,-122
2024-02-06,CAR,VAN,75,6.5,-105,-115
2024-02-06,CAR,VAN,76,6.5,105,-125
2024-02-06,FLA,PHI,15,6.5,110,-130
2024-02-06,FLA,PHI,30,6.5,114,-140
2024-02-06,FLA,PHI,68,6.0,-115,-105
2024-02-06,FLA,PHI,69,6.5,112,-138
2024-02-06,FLA,PHI,71,6.0,-113,-108
2024-02-06,FLA,PHI,75,6.0,-115,-105
2024-02-06,FLA,PHI,76,6.5,110,-130
2024-02-06,BUF,DAL,15,6.5,-105,-115
2024-02-06,BUF,DAL,30,6.5,-110,-110
2024-02-06,BUF,DAL,68,6.5,-105,-115
2024-02-06,BUF,DAL,69,6.5,-104,-118
2024-02-06,BUF,DAL,71,6.5,-105,-117
2024-02-06,BUF,DAL,75,6.5,-105,-115
2024-02-06,BUF,DAL,76,6.5,-105,-115
2024-02-06,PIT,WPG,15,5.5,-122,105
2024-02-06,PIT,WPG,30,5.5,-142,116
2024-02-06,PIT,WPG,68,5.5,-122,102
2024-02-06,PIT,WPG,69,5.5,-115,-105
2024-02-06,PIT,WPG,71,5.5,-121,100
2024-02-06,PIT,WPG,75,5.5,-120,100
2024-02-06,PIT,WPG,76,5.5,-125,105
2024-02-06,BOS,CGY,15,5.5,-140,115
2024-02-06,BOS,CGY,30,6.5,102,-124
2024-02-06,BOS,CGY,68,6.0,-108,-112
2024-02-06,BOS,CGY,69,5.5,-134,110
2024-02-06,BOS,CGY,71,6.0,-108,-113
2024-02-06,BOS,CGY,75,6.0,-110,-110
2024-02-06,BOS,CGY,76,5.5,-140,115
2024-02-06,WSH,MTL,15,5.5,-120,100
2024-02-06,WSH,MTL,30,5.5,-138,112
2024-02-06,WSH,MTL,68,5.5,-120,100
2024-02-06,WSH,MTL,69,5.5,-118,-104
2024-02-06,WSH,MTL,71,5.5,-118,-104
2024-02-06,WSH,MTL,75,5.5,-120,100
2024-02-06,WSH,MTL,76,5.5,-120,-100
2024-02-06,NJ,COL,15,6.5,-142,116
2024-02-06,NJ,COL,30,6.5,-105,-115
2024-02-06,NJ,COL,68,6.5,-148,124
2024-02-06,NJ,COL,69,6.5,-142,116
2024-02-06,NJ,COL,71,6.5,-130,107
2024-02-06,NJ,COL,75,6.5,-140,110
2024-02-06,NJ,COL,76,6.5,-130,110
2024-02-06,VGK,EDM,15,6.5,-100,-120
2024-02-06,VGK,EDM,30,6.5,-120,-102
2024-02-06,VGK,EDM,68,6.0,-125,105
2024-02-06,VGK,EDM,69,6.5,104,-128
2024-02-06,VGK,EDM,71,6.0,-118,-104
2024-02-06,VGK,EDM,75,6.0,-120,100
2024-02-06,VGK,EDM,76,6.5,-100,-120
2024-02-07,NYR,TB,15,6.5,-104,-118
2024-02-07,NYR,TB,30,6.5,116,-142
2024-02-07,NYR,TB,68,6.5,-102,-118
2024-02-07,NYR,TB,69,6.5,-104,-118
2024-02-07,NYR,TB,71,6.0,-125,102
2024-02-07,NYR,TB,75,6.5,-105,-115
2024-02-07,NYR,TB,76,6.5,-105,-115
2024-02-07,TOR,DAL,15,6.5,-118,-104
2024-02-07,TOR,DAL,30,6.5,-108,-112
2024-02-07,TOR,DAL,68,6.5,-118,-102
2024-02-07,TOR,DAL,69,6.5,-118,-104
2024-02-07,TOR,DAL,71,6.5,-118,-104
2024-02-07,TOR,DAL,75,6.5,-115,-105
2024-02-07,TOR,DAL,76,6.5,-110,-110
2024-02-07,CHI,MIN,15,5.5,-115,-105
2024-02-07,CHI,MIN,30,5.5,-118,-104
2024-02-07,CHI,MIN,68,5.5,-115,-105
2024-02-07,CHI,MIN,69,5.5,-114,-106
2024-02-07,CHI,MIN,71,5.5,-115,-106
2024-02-07,CHI,MIN,75,5.5,-115,-105
2024-02-07,CHI,MIN,76,5.5,-130,-100
2024-02-08,NJ,CGY,15,6.5,-129,107
2024-02-08,NJ,CGY,30,6.5,-100,-120
2024-02-08,NJ,CGY,68,6.5,-130,110
2024-02-08,NJ,CGY,69,6.5,-128,104
2024-02-08,NJ,CGY,71,6.5,-122,-104
2024-02-08,NJ,CGY,75,6.5,-125,105
2024-02-08,NJ,CGY,76,6.5,-140,115
2024-02-08,BOS,VAN,15,6.0,-110,-110
2024-02-08,BOS,VAN,30,6.0,-110,-110
2024-02-08,BOS,VAN,68,6.0,-110,-110
2024-02-08,BOS,VAN,69,6.5,108,-132
2024-02-08,BOS,VAN,71,6.0,-107,-114
2024-02-08,BOS,VAN,75,6.0,-110,-110
2024-02-08,BOS,VAN,76,6.5,110,-130
2024-02-08,FLA,WSH,15,6.5,-102,-120
2024-02-08,FLA,WSH,30,6.0,-100,-120
2024-02-08,FLA,WSH,68,6.0,-110,-110
2024-02-08,FLA,WSH,69,6.5,114,-140
2024-02-08,FLA,WSH,71,6.0,-108,-113
2024-02-08,FLA,WSH,75,6.0,-115,-105
2024-02-08,FLA,WSH,76,6.5,110,-130
2024-02-08,PHI,WPG,15,5.5,-115,-105
2024-02-08,PHI,WPG,30,6.0,110,-130
2024-02-08,PHI,WPG,68,5.5,-115,-105
2024-02-08,PHI,WPG,69,5.5,-118,-104
2024-02-08,PHI,WPG,71,5.5,-113,-108
2024-02-08,PHI,WPG,75,5.5,-115,-105
2024-02-08,PHI,WPG,76,5.5,-110,-110
2024-02-08,CAR,COL,15,6.5,101,-119
2024-02-08,CAR,COL,30,6.5,105,-125
2024-02-08,CAR,COL,68,6.5,-102,-118
2024-02-08,CAR,COL,69,6.5,104,-128
2024-02-08,CAR,COL,71,6.5,-104,-118
2024-02-08,CAR,COL,75,6.5,100,-120
2024-02-08,CAR,COL,76,6.5,-105,-115
2024-02-08,NYI,TB,15,6.5,-110,-110
2024-02-08,NYI,TB,30,6.0,-110,-110
2024-02-08,NYI,TB,68,6.5,-110,-110
2024-02-08,NYI,TB,69,6.5,-110,-110
2024-02-08,NYI,TB,71,6.5,-112,-109
2024-02-08,NYI,TB,75,6.5,-110,-110
2024-02-08,NYI,TB,76,6.5,-110,-110
2024-02-08,UTA,VGK,15,5.5,-119,-101
2024-02-08,UTA,VGK,30,6.0,105,-125
2024-02-08,UTA,VGK,68,5.5,-118,-102
2024-02-08,UTA,VGK,69,5.5,-122,-100
2024-02-08,UTA,VGK,71,5.5,-118,-104
2024-02-08,UTA,VGK,75,5.5,-115,-105
2024-02-08,UTA,VGK,76,5.5,-120,-100
2024-02-09,MIN,PIT,15,6.5,-100,-120
2024-02-09,MIN,PIT,30,6.0,-120,-100
2024-02-09,MIN,PIT,68,6.0,-115,-105
2024-02-09,MIN,PIT,69,6.5,110,-134
2024-02-09,MIN,PIT,71,6.0,-108,-113
2024-02-09,MIN,PIT,75,6.0,-110,-110
2024-02-09,MIN,PIT,76,6.5,-100,-120
2024-02-09,CHI,NYR,15,5.5,-112,-108
2024-02-09,CHI,NYR,30,6.0,-105,-115
2024-02-09,CHI,NYR,68,5.5,-112,-108
2024-02-09,CHI,NYR,69,5.5,-115,-105
2024-02-09,CHI,NYR,71,5.5,-115,-110
2024-02-09,CHI,NYR,75,5.5,-115,-105
2024-02-09,CHI,NYR,76,5.5,-110,-110
2024-02-09,ANA,EDM,15,6.5,-108,-112
2024-02-09,ANA,EDM,30,6.5,-100,-120
2024-02-09,ANA,EDM,68,6.5,-108,-112
2024-02-09,ANA,EDM,69,6.5,-108,-112
2024-02-09,ANA,EDM,71,6.5,-105,-121
2024-02-09,ANA,EDM,75,6.5,-105,-115
2024-02-09,ANA,EDM,76,6.5,-110,-110
2024-02-10,DET,VAN,15,6.5,-120,102
2024-02-10,DET,VAN,30,6.5,-120,-100
2024-02-10,DET,VAN,68,6.5,-122,102
2024-02-10,DET,VAN,69,6.5,-120,-102
2024-02-10,DET,VAN,71,6.5,-115,-106
2024-02-10,DET,VAN,75,6.5,-120,100
2024-02-10,DET,VAN,76,6.5,-115,-105
2024-02-10,NYI,CGY,15,5.5,-132,110
2024-02-10,NYI,CGY,30,6.0,-120,100
2024-02-10,NYI,CGY,68,6.0,100,-120
2024-02-10,NYI,CGY,69,5.5,-132,108
2024-02-10,NYI,CGY,71,6.0,-120,100
2024-02-10,NYI,CGY,75,6.0,-105,-115
2024-02-10,NYI,CGY,76,5.5,-130,110
2024-02-10,BUF,STL,15,6.5,-108,-112
2024-02-10,BUF,STL,30,6.0,-120,-100
2024-02-10,BUF,STL,68,6.5,-108,-112
2024-02-10,BUF,STL,69,6.5,-108,-112
2024-02-10,BUF,STL,71,6.0,-124,102
2024-02-10,BUF,STL,75,6.5,-105,-115
2024-02-10,BUF,STL,76,6.5,-110,-110
2024-02-10,MTL,DAL,15,6.5,-110,-110
2024-02-10,MTL,DAL,30,6.5,-105,-115
2024-02-10,MTL,DAL,68,6.5,-110,-110
2024-02-10,MTL,DAL,69,6.5,-100,-122
2024-02-10,MTL,DAL,71,6.5,-106,-121
2024-02-10,MTL,DAL,75,6.5,-105,-115
2024-02-10,MTL,DAL,76,6.5,-115,-105
2024-02-10,BOS,WSH,15,5.5,-122,101
2024-02-10,BOS,WSH,30,6.0,-100,-120
2024-02-10,BOS,WSH,68,5.5,-122,102
2024-02-10,BOS,WSH,69,5.5,-122,-100
2024-02-10,BOS,WSH,71,6.0,-103,-120
2024-02-10,BOS,WSH,75,5.5,-120,100
2024-02-10,BOS,WSH,76,5.5,-125,105
2024-02-10,FLA,COL,15,6.5,-118,-102
2024-02-10,FLA,COL,30,6.5,-115,-105
2024-02-10,FLA,COL,68,6.5,-118,-102
2024-02-10,FLA,COL,69,6.5,-118,-108
2024-02-10,FLA,COL,71,6.5,-120,-103
2024-02-10,FLA,COL,75,6.5,-120,100
2024-02-10,FLA,COL,76,6.5,-120,-100
2024-02-10,PHI,SEA,15,5.5,-115,-105
2024-02-10,PHI,SEA,30,5.5,-115,-105
2024-02-10,PHI,SEA,68,5.5,-115,-105
2024-02-10,PHI,SEA,69,5.5,-115,-105
2024-02-10,PHI,SEA,71,5.5,-110,-110
2024-02-10,PHI,SEA,75,5.5,-115,-105
2024-02-10,PHI,SEA,76,5.5,-110,-110
2024-02-10,OTT,TOR,15,6.5,-140,115
2024-02-10,OTT,TOR,30,6.5,-135,110
2024-02-10,OTT,TOR,68,6.5,-135,114
2024-02-10,OTT,TOR,69,6.5,-142,116
2024-02-10,OTT,TOR,71,6.5,-137,114
2024-02-10,OTT,TOR,75,7.0,110,-135
2024-02-10,OTT,TOR,76,6.5,-140,115
2024-02-10,WPG,PIT,15,5.5,-115,-105
2024-02-10,WPG,PIT,30,6.0,-120,-100
2024-02-10,WPG,PIT,68,5.5,-110,-110
2024-02-10,WPG,PIT,69,5.5,-120,-102
2024-02-10,WPG,PIT,71,5.5,-115,-106
2024-02-10,WPG,PIT,75,5.5,-115,-105
2024-02-10,WPG,PIT,76,5.5,-115,-105
2024-02-10,CAR,NJ,15,6.5,-135,114
2024-02-10,CAR,NJ,30,6.5,-115,-105
2024-02-10,CAR,NJ,68,6.5,-135,114
2024-02-10,CAR,NJ,69,6.5,-128,104
2024-02-10,CAR,NJ,71,6.5,-132,105
2024-02-10,CAR,NJ,75,6.5,-130,105
2024-02-10,CAR,NJ,76,6.5,-140,115
2024-02-10,CBJ,TB,15,6.5,-125,105
2024-02-10,CBJ,TB,30,6.5,-125,105
2024-02-10,CBJ,TB,68,6.5,-125,105
2024-02-10,CBJ,TB,69,6.5,-128,104
2024-02-10,CBJ,TB,71,6.5,-124,102
2024-02-10,CBJ,TB,75,6.5,-130,105
2024-02-10,CBJ,TB,76,6.5,-125,105
2024-02-10,NSH,UTA,15,5.5,-140,115
2024-02-10,NSH,UTA,30,6.0,-110,-110
2024-02-10,NSH,UTA,68,6.0,-105,-115
2024-02-10,NSH,UTA,69,5.5,-130,106
2024-02-10,NSH,UTA,71,6.0,102,-124
2024-02-10,NSH,UTA,75,6.0,-105,-115
2024-02-10,NSH,UTA,76,5.5,-140,115
2024-02-10,LA,EDM,15,6.5,102,-122
2024-02-10,LA,EDM,30,6.0,-125,105
2024-02-10,LA,EDM,68,6.5,102,-122
2024-02-10,LA,EDM,69,6.5,104,-128
2024-02-10,LA,EDM,71,6.5,-105,-121
2024-02-10,LA,EDM,75,6.0,-120,100
2024-02-10,LA,EDM,76,6.5,-100,-120
2024-02-11,MTL,STL,15,6.5,106,-130
2024-02-11,MTL,STL,30,6.5,106,-130
2024-02-11,MTL,STL,68,6.0,-110,-110
2024-02-11,MTL,STL,69,6.5,106,-130
2024-02-11,MTL,STL,71,6.0,-112,-109
2024-02-11,MTL,STL,75,3.0,-5000,1450
2024-02-11,MTL,STL,76,6.5,110,-130
2024-02-11,WSH,VAN,15,6.5,115,-140
2024-02-11,WSH,VAN,30,6.0,-105,-115
2024-02-11,WSH,VAN,68,6.0,-110,-110
2024-02-11,WSH,VAN,69,6.5,116,-142
2024-02-11,WSH,VAN,71,6.0,-104,-118
2024-02-11,WSH,VAN,75,6.0,-110,-110
2024-02-11,WSH,VAN,76,6.5,115,-140
2024-02-12,NJ,SEA,15,6.5,-102,-118
2024-02-12,NJ,SEA,30,6.5,-105,-115
2024-02-12,NJ,SEA,68,6.5,-102,-118
2024-02-12,NJ,SEA,69,6.5,-102,-120
2024-02-12,NJ,SEA,71,6.5,-103,-120
2024-02-12,NJ,SEA,75,6.5,-105,-115
2024-02-12,NJ,SEA,76,6.5,-105,-115
2024-02-12,PHI,UTA,15,5.5,-128,105
2024-02-12,PHI,UTA,30,5.5,-120,-100
2024-02-12,PHI,UTA,68,6.0,-105,-115
2024-02-12,PHI,UTA,69,5.5,-128,104
2024-02-12,PHI,UTA,71,5.5,-122,100
2024-02-12,PHI,UTA,75,6.0,-105,-115
2024-02-12,PHI,UTA,76,5.5,-125,105
2024-02-12,NYR,CGY,15,5.5,-132,108
2024-02-12,NYR,CGY,30,6.0,-115,-105
2024-02-12,NYR,CGY,68,6.0,102,-122
2024-02-12,NYR,CGY,69,5.5,-132,108
2024-02-12,NYR,CGY,71,5.5,-122,100
2024-02-12,NYR,CGY,75,6.0,-110,-110
2024-02-12,NYR,CGY,76,5.5,-125,105
2024-02-12,VGK,MIN,15,5.5,-120,100
2024-02-12,VGK,MIN,30,6.0,-105,-115
2024-02-12,VGK,MIN,68,5.5,-120,100
2024-02-12,VGK,MIN,69,5.5,-128,104
2024-02-12,VGK,MIN,71,5.5,-121,100
2024-02-12,VGK,MIN,75,5.5,-120,100
2024-02-12,VGK,MIN,76,5.5,-120,-100
2024-02-13,MTL,ANA,15,6.5,-105,-115
2024-02-13,MTL,ANA,30,6.0,-120,-100
2024-02-13,MTL,ANA,68,6.5,-105,-115
2024-02-13,MTL,ANA,69,6.5,-104,-115
2024-02-13,MTL,ANA,71,6.0,-122,100
2024-02-13,MTL,ANA,75,6.5,-105,-115
2024-02-13,MTL,ANA,76,6.5,-105,-115
2024-02-13,TOR,STL,15,6.5,102,-122
2024-02-13,TOR,STL,30,6.5,-108,-112
2024-02-13,TOR,STL,68,6.5,102,-120
2024-02-13,TOR,STL,69,6.5,106,-130
2024-02-13,TOR,STL,71,6.5,-105,-117
2024-02-13,TOR,STL,75,6.0,-120,100
2024-02-13,TOR,STL,76,6.5,-100,-120
2024-02-13,BOS,TB,15,6.0,-115,-115
2024-02-13,BOS,TB,30,6.5,102,-124
2024-02-13,BOS,TB,68,6.0,-105,-115
2024-02-13,BOS,TB,69,6.5,112,-140
2024-02-13,BOS,TB,71,6.0,-117,-108
2024-02-13,BOS,TB,75,6.0,-115,-105
2024-02-13,BOS,TB,76,5.5,-130,110
2024-02-13,BUF,LA,15,6.5,105,-125
2024-02-13,BUF,LA,30,6.0,-110,-110
2024-02-13,BUF,LA,68,6.0,-115,-105
2024-02-13,BUF,LA,69,6.5,106,-130
2024-02-13,BUF,LA,71,6.0,-114,-107
2024-02-13,BUF,LA,75,6.0,-115,-105
2024-02-13,BUF,LA,76,6.5,105,-125
2024-02-13,WSH,COL,15,6.5,105,-132
2024-02-13,WSH,COL,30,6.0,-120,-100
2024-02-13,WSH,COL,68,6.0,-112,-108
2024-02-13,WSH,COL,69,6.5,108,-132
2024-02-13,WSH,COL,71,6.0,-113,-108
2024-02-13,WSH,COL,75,6.0,-115,-105
2024-02-13,WSH,COL,76,6.5,105,-140
2024-02-13,OTT,CBJ,15,6.5,-150,125
2024-02-13,OTT,CBJ,30,6.5,-135,114
2024-02-13,OTT,CBJ,68,7.0,-105,-115
2024-02-13,OTT,CBJ,69,6.5,-148,122
2024-02-13,OTT,CBJ,71,7.0,105,-127
2024-02-13,OTT,CBJ,75,7.0,100,-120
2024-02-13,OTT,CBJ,76,6.5,-150,125
2024-02-13,NYI,SEA,15,5.5,-110,-110
2024-02-13,NYI,SEA,30,6.0,-121,-101
2024-02-13,NYI,SEA,68,5.5,-115,-105
2024-02-13,NYI,SEA,69,5.5,-110,-110
2024-02-13,NYI,SEA,71,5.5,-117,-105
2024-02-13,NYI,SEA,75,5.5,-115,-105
2024-02-13,NYI,SEA,76,5.5,-110,-110
2024-02-13,NSH,NJ,15,6.5,-102,-118
2024-02-13,NSH,NJ,30,6.0,-120,100
2024-02-13,NSH,NJ,68,6.5,-102,-118
2024-02-13,NSH,NJ,69,6.5,-105,-115
2024-02-13,NSH,NJ,71,6.5,-106,-115
2024-02-13,NSH,NJ,75,6.5,-105,-115
2024-02-13,NSH,NJ,76,6.5,-100,-120
2024-02-13,DAL,CAR,15,6.5,-105,-115
2024-02-13,DAL,CAR,30,6.5,102,-124
2024-02-13,DAL,CAR,68,6.5,-105,-115
2024-02-13,DAL,CAR,69,6.5,-108,-112
2024-02-13,DAL,CAR,71,6.5,-108,-117
2024-02-13,DAL,CAR,75,6.5,-105,-115
2024-02-13,DAL,CAR,76,6.5,-105,-115
2024-02-13,CHI,VAN,15,5.5,-122,102
2024-02-13,CHI,VAN,30,6.0,-117,-103
2024-02-13,CHI,VAN,68,5.5,-122,102
2024-02-13,CHI,VAN,69,5.5,-122,-100
2024-02-13,CHI,VAN,71,5.5,-124,102
2024-02-13,CHI,VAN,75,5.5,-125,100
2024-02-13,CHI,VAN,76,5.5,-125,105
2024-02-13,EDM,DET,15,6.5,-130,110
2024-02-13,EDM,DET,30,6.5,-130,110
2024-02-13,EDM,DET,68,6.5,-130,110
2024-02-13,EDM,DET,69,6.5,-128,104
2024-02-13,EDM,DET,71,6.5,-124,-103
2024-02-13,EDM,DET,75,7.0,110,-135
2024-02-13,EDM,DET,76,6.5,-140,115
2024-02-14,PIT,FLA,15,5.5,-130,110
2024-02-14,PIT,FLA,30,6.5,105,-125
2024-02-14,PIT,FLA,68,6.0,-108,-112
2024-02-14,PIT,FLA,69,5.5,-128,104
2024-02-14,PIT,FLA,71,6.0,102,-124
2024-02-14,PIT,FLA,75,6.0,100,-120
2024-02-14,PIT,FLA,76,5.5,-130,110
2024-02-14,WPG,SJ,15,5.5,-110,-110
2024-02-14,WPG,SJ,30,6.0,-105,-115
2024-02-14,WPG,SJ,68,5.5,-110,-110
2024-02-14,WPG,SJ,69,5.5,-118,-104
2024-02-14,WPG,SJ,71,5.5,-113,-108
2024-02-14,WPG,SJ,75,5.5,-110,-110
2024-02-14,WPG,SJ,76,5.5,-110,-110
2024-02-14,UTA,MIN,15,6.0,-110,-110
2024-02-14,UTA,MIN,30,6.0,-100,-120
2024-02-14,UTA,MIN,68,6.0,-110,-110
2024-02-14,UTA,MIN,69,5.5,-142,116
2024-02-14,UTA,MIN,71,6.0,-109,-112
2024-02-14,UTA,MIN,75,6.0,-110,-110
2024-02-14,UTA,MIN,76,6.5,110,-130
2024-02-15,BUF,FLA,15,6.5,-108,-112
2024-02-15,BUF,FLA,30,6.5,-110,-110
2024-02-15,BUF,FLA,68,6.5,-105,-115
2024-02-15,BUF,FLA,69,6.5,-108,-112
2024-02-15,BUF,FLA,71,6.5,100,-121
2024-02-15,BUF,FLA,75,6.5,100,-120
2024-02-15,BUF,FLA,76,6.5,-110,-110
2024-02-15,BOS,SEA,15,5.5,-110,-110
2024-02-15,BOS,SEA,30,5.5,-115,-105
2024-02-15,BOS,SEA,68,5.5,-105,-115
2024-02-15,BOS,SEA,69,5.5,-110,-110
2024-02-15,BOS,SEA,71,5.5,-106,-115
2024-02-15,BOS,SEA,75,5.5,-105,-115
2024-02-15,BOS,SEA,76,5.5,-110,-110
2024-02-15,OTT,ANA,15,6.5,-140,115
2024-02-15,OTT,ANA,30,6.5,-125,105
2024-02-15,OTT,ANA,68,6.5,-148,124
2024-02-15,OTT,ANA,69,6.5,-134,110
2024-02-15,OTT,ANA,71,6.5,-132,108
2024-02-15,OTT,ANA,75,7.0,105,-130
2024-02-15,OTT,ANA,76,6.5,-140,115
2024-02-15,NJ,LA,15,6.5,-114,-105
2024-02-15,NJ,LA,30,6.0,-110,-110
2024-02-15,NJ,LA,68,6.5,-112,-108
2024-02-15,NJ,LA,69,6.5,-114,-105
2024-02-15,NJ,LA,71,6.5,-115,-109
2024-02-15,NJ,LA,75,6.5,-110,-110
2024-02-15,NJ,LA,76,6.5,-115,-105
2024-02-15,NYR,MTL,15,6.5,104,-128
2024-02-15,NYR,MTL,30,6.0,-100,-120
2024-02-15,NYR,MTL,68,6.0,-115,-105
2024-02-15,NYR,MTL,69,6.5,104,-128
2024-02-15,NYR,MTL,71,6.0,-110,-115
2024-02-15,NYR,MTL,75,6.0,-115,-105
2024-02-15,NYR,MTL,76,6.5,115,-140
2024-02-15,TOR,PHI,15,6.5,104,-125
2024-02-15,TOR,PHI,30,6.5,-100,-120
2024-02-15,TOR,PHI,68,6.0,-115,-105
2024-02-15,TOR,PHI,69,6.5,104,-128
2024-02-15,TOR,PHI,71,6.0,-122,-104
2024-02-15,TOR,PHI,75,6.0,-115,-105
2024-02-15,TOR,PHI,76,6.5,105,-125
2024-02-15,TB,COL,15,6.5,-140,114
2024-02-15,TB,COL,30,6.5,-120,-100
2024-02-15,TB,COL,68,6.5,-135,114
2024-02-15,TB,COL,69,6.5,-140,110
2024-02-15,TB,COL,71,7.0,112,-136
2024-02-15,TB,COL,75,6.5,-135,110
2024-02-15,TB,COL,76,6.5,-145,120
2024-02-15,STL,EDM,15,6.5,-110,-110
2024-02-15,STL,EDM,30,6.5,-105,-115
2024-02-15,STL,EDM,68,6.5,-110,-110
2024-02-15,STL,EDM,69,6.5,-114,-106
2024-02-15,STL,EDM,71,6.5,100,-121
2024-02-15,STL,EDM,75,6.5,-110,-110
2024-02-15,STL,EDM,76,6.5,-110,-110
2024-02-15,NSH,DAL,15,6.5,104,-126
2024-02-15,NSH,DAL,30,6.5,-100,-120
2024-02-15,NSH,DAL,68,6.5,105,-125
2024-02-15,NSH,DAL,69,6.5,104,-128
2024-02-15,NSH,DAL,71,6.0,-117,-108
2024-02-15,NSH,DAL,75,6.0,-115,-105
2024-02-15,NSH,DAL,76,6.5,110,-130
2024-02-15,CHI,PIT,15,5.5,-122,102
2024-02-15,CHI,PIT,30,5.5,-125,105
2024-02-15,CHI,PIT,68,5.5,-122,102
2024-02-15,CHI,PIT,69,5.5,-130,106
2024-02-15,CHI,PIT,71,5.5,-118,-104
2024-02-15,CHI,PIT,75,5.5,-120,100
2024-02-15,CHI,PIT,76,5.5,-120,-100
2024-02-15,CGY,SJ,15,5.5,-120,100
2024-02-15,CGY,SJ,30,5.5,-125,105
2024-02-15,CGY,SJ,68,5.5,-120,100
2024-02-15,CGY,SJ,69,5.5,-122,-100
2024-02-15,CGY,SJ,71,6.0,105,-127
2024-02-15,CGY,SJ,75,5.5,-120,100
2024-02-15,CGY,SJ,76,5.5,-120,-100
2024-02-15,VAN,DET,15,6.5,-122,102
2024-02-15,VAN,DET,30,7.0,120,-142
2024-02-15,VAN,DET,68,6.5,-122,102
2024-02-15,VAN,DET,69,6.5,-122,-100
2024-02-15,VAN,DET,71,6.5,-134,110
2024-02-15,VAN,DET,75,6.5,-120,100
2024-02-15,VAN,DET,76,6.5,-140,115
2024-02-16,UTA,CAR,15,6.5,-110,-108
2024-02-16,UTA,CAR,30,6.0,-120,100
2024-02-16,UTA,CAR,68,6.0,-122,102
2024-02-16,UTA,CAR,69,6.5,104,-128
2024-02-16,UTA,CAR,71,6.5,102,-124
2024-02-16,UTA,CAR,75,6.0,-120,100
2024-02-16,UTA,CAR,76,6.5,-100,-120
2024-02-17,BOS,LA,15,5.5,-110,-110
2024-02-17,BOS,LA,30,5.5,-112,-107
2024-02-17,BOS,LA,68,5.5,-108,-112
2024-02-17,BOS,LA,69,5.5,-114,-106
2024-02-17,BOS,LA,71,5.5,-115,-106
2024-02-17,BOS,LA,75,5.5,-110,-110
2024-02-17,BOS,LA,76,5.5,-110,-110
2024-02-17,DAL,EDM,15,6.5,-145,120
2024-02-17,DAL,EDM,30,6.5,-125,105
2024-02-17,DAL,EDM,68,6.5,-148,124
2024-02-17,DAL,EDM,69,6.5,-134,110
2024-02-17,DAL,EDM,71,7.0,114,-137
2024-02-17,DAL,EDM,75,7.0,105,-130
2024-02-17,DAL,EDM,76,6.5,-145,120
2024-02-17,CHI,OTT,15,6.5,102,-124
2024-02-17,CHI,OTT,30,6.5,-110,-110
2024-02-17,CHI,OTT,68,6.5,105,-125
2024-02-17,CHI,OTT,69,6.5,102,-124
2024-02-17,CHI,OTT,71,6.5,100,-120
2024-02-17,CHI,OTT,75,6.0,-120,100
2024-02-17,CHI,OTT,76,6.5,-100,-120
2024-02-17,CGY,DET,15,6.5,-110,-110
2024-02-17,CGY,DET,30,6.5,-120,100
2024-02-17,CGY,DET,68,6.5,-110,-110
2024-02-17,CGY,DET,69,6.5,-115,-105
2024-02-17,CGY,DET,71,6.5,-112,-109
2024-02-17,CGY,DET,75,6.5,-110,-110
2024-02-17,CGY,DET,76,6.5,-110,-110
2024-02-17,STL,NSH,15,6.5,-100,-122
2024-02-17,STL,NSH,30,6.0,-120,-100
2024-02-17,STL,NSH,68,6.0,-118,-102
2024-02-17,STL,NSH,69,6.5,-100,-122
2024-02-17,STL,NSH,71,6.0,-112,-109
2024-02-17,STL,NSH,75,6.0,-110,-110
2024-02-17,STL,NSH,76,6.5,105,-125
2024-02-17,TB,FLA,15,6.5,100,-120
2024-02-17,TB,FLA,30,6.5,-110,-110
2024-02-17,TB,FLA,68,6.5,100,-120
2024-02-17,TB,FLA,69,6.5,-100,-122
2024-02-17,TB,FLA,71,6.5,102,-124
2024-02-17,TB,FLA,75,6.0,-120,100
2024-02-17,TB,FLA,76,6.5,-100,-120
2024-02-17,MIN,BUF,15,6.5,-100,-122
2024-02-17,MIN,BUF,30,6.0,-125,105
2024-02-17,MIN,BUF,68,6.0,-125,105
2024-02-17,MIN,BUF,69,6.5,-100,-122
2024-02-17,MIN,BUF,71,6.5,-104,-118
2024-02-17,MIN,BUF,75,6.5,100,-120
2024-02-17,MIN,BUF,76,6.5,105,-125
2024-02-17,TOR,ANA,15,6.5,-110,-110
2024-02-17,TOR,ANA,30,6.5,-100,-120
2024-02-17,TOR,ANA,68,6.5,-110,-110
2024-02-17,TOR,ANA,69,6.5,-115,-105
2024-02-17,TOR,ANA,71,6.5,-117,-108
2024-02-17,TOR,ANA,75,6.5,-115,-105
2024-02-17,TOR,ANA,76,6.5,-110,-110
2024-02-17,MTL,WSH,15,5.5,-140,114
2024-02-17,MTL,WSH,30,6.0,-110,-110
2024-02-17,MTL,WSH,68,6.0,-108,-112
2024-02-17,MTL,WSH,69,5.5,-140,114
2024-02-17,MTL,WSH,71,6.0,-107,-114
2024-02-17,MTL,WSH,75,6.0,-110,-110
2024-02-17,MTL,WSH,76,5.5,-130,110
2024-02-17,NJ,PHI,15,6.5,-100,-120
2024-02-17,NJ,PHI,30,6.0,-110,-111
2024-02-17,NJ,PHI,68,6.0,-125,102
2024-02-17,NJ,PHI,69,6.5,108,-132
2024-02-17,NJ,PHI,71,6.0,-114,-107
2024-02-17,NJ,PHI,75,6.0,-120,100
2024-02-17,NJ,PHI,76,6.5,-100,-120
2024-02-17,VAN,WPG,15,5.5,-112,-108
2024-02-17,VAN,WPG,30,6.0,-100,-120
2024-02-17,VAN,WPG,68,5.5,-112,-108
2024-02-17,VAN,WPG,69,5.5,-112,-108
2024-02-17,VAN,WPG,71,5.5,-109,-112
2024-02-17,VAN,WPG,75,5.5,-115,-105
2024-02-17,VAN,WPG,76,5.5,-120,-100
2024-02-17,SJ,CBJ,15,6.5,-100,-122
2024-02-17,SJ,CBJ,30,6.5,100,-120
2024-02-17,SJ,CBJ,68,6.5,105,-125
2024-02-17,SJ,CBJ,69,6.5,-100,-122
2024-02-17,SJ,CBJ,71,6.0,-120,-106
2024-02-17,SJ,CBJ,75,6.0,-115,-105
2024-02-17,SJ,CBJ,76,6.5,-100,-120
2024-02-17,VGK,CAR,15,6.0,-105,-115
2024-02-17,VGK,CAR,30,6.0,-120,-100
2024-02-17,VGK,CAR,68,6.0,-105,-115
2024-02-17,VGK,CAR,69,6.5,116,-142
2024-02-17,VGK,CAR,71,6.0,-108,-113
2024-02-17,VGK,CAR,75,6.0,-105,-115
2024-02-17,VGK,CAR,76,5.5,-125,105
2024-02-18,NYI,NYR,15,5.5,-125,105
2024-02-18,NYI,NYR,30,5.5,-106,-114
2024-02-18,NYI,NYR,68,5.5,-125,105
2024-02-18,NYI,NYR,69,5.5,-128,104
2024-02-18,NYI,NYR,71,6.0,-107,-114
2024-02-18,NYI,NYR,75,5.5,-120,100
2024-02-18,NYI,NYR,76,5.5,-125,105
2024-02-18,COL,UTA,15,6.5,-118,-104
2024-02-18,COL,UTA,30,6.5,105,-127
2024-02-18,COL,UTA,68,6.5,-122,102
2024-02-18,COL,UTA,69,6.5,-118,-104
2024-02-18,COL,UTA,71,6.5,-129,102
2024-02-18,COL,UTA,75,6.5,-120,100
2024-02-18,COL,UTA,76,6.5,-120,-100
2024-02-18,PIT,LA,15,5.5,-134,110
2024-02-18,PIT,LA,30,6.5,-110,-110
2024-02-18,PIT,LA,68,6.0,-108,-112
2024-02-18,PIT,LA,69,5.5,-134,110
2024-02-18,PIT,LA,71,6.0,-107,-114
2024-02-18,PIT,LA,75,6.0,-105,-115
2024-02-18,PIT,LA,76,5.5,-130,110
2024-02-19,BUF,ANA,15,6.5,105,-125
2024-02-19,BUF,ANA,30,6.5,-115,-105
2024-02-19,BUF,ANA,68,6.5,105,-125
2024-02-19,BUF,ANA,69,6.5,-106,-114
2024-02-19,BUF,ANA,71,6.5,102,-124
2024-02-19,BUF,ANA,75,6.5,100,-120
2024-02-19,BUF,ANA,76,6.5,-100,-120
2024-02-19,STL,TOR,15,6.5,-120,-100
2024-02-19,STL,TOR,30,6.5,104,-128
2024-02-19,STL,TOR,68,6.5,-120,100
2024-02-19,STL,TOR,69,6.5,-114,-106
2024-02-19,STL,TOR,71,6.5,-109,-112
2024-02-19,STL,TOR,75,6.5,-120,100
2024-02-19,STL,TOR,76,6.5,-125,-100
2024-02-19,BOS,DAL,15,6.0,-108,-112
2024-02-19,BOS,DAL,30,5.5,-124,102
2024-02-19,BOS,DAL,68,6.0,-108,-112
2024-02-19,BOS,DAL,69,5.5,-124,102
2024-02-19,BOS,DAL,71,6.0,102,-124
2024-02-19,BOS,DAL,75,5.5,-120,100
2024-02-19,BOS,DAL,76,6.5,110,-130
2024-02-19,MIN,VAN,15,6.5,104,105
2024-02-19,MIN,VAN,30,6.5,-100,-122
2024-02-19,MIN,VAN,68,6.0,-122,102
2024-02-19,MIN,VAN,69,6.5,104,-128
2024-02-19,MIN,VAN,71,6.0,-122,102
2024-02-19,MIN,VAN,75,6.0,-115,-105
2024-02-19,MIN,VAN,76,6.5,-140,105
2024-02-19,SEA,DET,15,6.5,105,-125
2024-02-19,SEA,DET,30,6.5,104,-128
2024-02-19,SEA,DET,68,6.0,-118,-102
2024-02-19,SEA,DET,69,6.5,110,-134
2024-02-19,SEA,DET,71,6.0,-121,100
2024-02-19,SEA,DET,75,6.0,-120,100
2024-02-19,SEA,DET,76,6.5,105,-125
2024-02-19,CGY,WPG,15,5.5,100,-120
2024-02-19,CGY,WPG,30,5.5,-138,112
2024-02-19,CGY,WPG,68,5.5,100,-120
2024-02-19,CGY,WPG,69,5.5,-100,-122
2024-02-19,CGY,WPG,71,5.5,-105,-117
2024-02-19,CGY,WPG,75,5.5,100,-120
2024-02-19,CGY,WPG,76,5.5,-100,-120
2024-02-19,SJ,VGK,15,5.5,-122,102
2024-02-19,SJ,VGK,30,5.5,-128,104
2024-02-19,SJ,VGK,68,5.5,-122,102
2024-02-19,SJ,VGK,69,5.5,-122,-100
2024-02-19,SJ,VGK,71,5.5,-120,-103
2024-02-19,SJ,VGK,75,5.5,-125,105
2024-02-19,SJ,VGK,76,5.5,-110,-110
2024-02-19,UTA,EDM,15,6.5,-130,106
2024-02-19,UTA,EDM,30,6.5,-115,-105
2024-02-19,UTA,EDM,68,6.5,-130,110
2024-02-19,UTA,EDM,69,6.5,-130,106
2024-02-19,UTA,EDM,71,6.5,-134,110
2024-02-19,UTA,EDM,75,6.5,-125,105
2024-02-19,UTA,EDM,76,6.5,-125,105
2024-02-19,CAR,CHI,15,5.5,-125,105
2024-02-19,CAR,CHI,30,5.5,-122,-100
2024-02-19,CAR,CHI,68,5.5,-125,105
2024-02-19,CAR,CHI,69,5.5,-128,104
2024-02-19,CAR,CHI,71,5.5,-124,102
2024-02-19,CAR,CHI,75,5.5,-125,105
2024-02-19,CAR,CHI,76,5.5,-125,105
2024-02-19,TB,OTT,15,6.5,-150,120
2024-02-19,TB,OTT,30,6.5,-122,-100
2024-02-19,TB,OTT,68,7.0,120,-142
2024-02-19,TB,OTT,69,6.5,-150,118
2024-02-19,TB,OTT,71,7.0,112,-141
2024-02-19,TB,OTT,75,7.0,115,-140
2024-02-19,TB,OTT,76,6.5,-145,120
2024-02-20,NYR,DAL,15,6.5,102,-122
2024-02-20,NYR,DAL,30,6.5,-100,-122
2024-02-20,NYR,DAL,68,6.5,102,-122
2024-02-20,NYR,DAL,69,6.5,104,-128
2024-02-20,NYR,DAL,71,6.0,-124,102
2024-02-20,NYR,DAL,75,6.0,-125,105
2024-02-20,NYR,DAL,76,6.5,-100,-120
2024-02-20,PIT,NYI,15,5.5,-125,105
2024-02-20,PIT,NYI,30,6.5,116,-142
2024-02-20,PIT,NYI,68,5.5,-125,105
2024-02-20,PIT,NYI,69,5.5,-122,-100
2024-02-20,PIT,NYI,71,5.5,-120,-106
2024-02-20,PIT,NYI,75,6.0,100,-120
2024-02-20,PIT,NYI,76,5.5,-125,105
2024-02-20,WSH,NJ,15,6.5,-112,-108
2024-02-20,WSH,NJ,30,6.5,104,-128
2024-02-20,WSH,NJ,68,6.5,-112,-108
2024-02-20,WSH,NJ,69,6.5,-110,-110
2024-02-20,WSH,NJ,71,6.5,-109,-112
2024-02-20,WSH,NJ,75,6.5,-110,-110
2024-02-20,WSH,NJ,76,6.5,-115,-105
2024-02-20,FLA,OTT,15,6.5,-135,114
2024-02-20,FLA,OTT,30,6.5,-122,-100
2024-02-20,FLA,OTT,68,6.5,-135,114
2024-02-20,FLA,OTT,69,6.5,-128,104
2024-02-20,FLA,OTT,71,6.5,-129,106
2024-02-20,FLA,OTT,75,6.5,-130,105
2024-02-20,FLA,OTT,76,6.5,-140,115
2024-02-20,WPG,MIN,15,5.5,-125,105
2024-02-20,WPG,MIN,30,5.5,-132,108
2024-02-20,WPG,MIN,68,6.0,102,-122
2024-02-20,WPG,MIN,69,5.5,-120,-102
2024-02-20,WPG,MIN,71,5.5,-117,-105
2024-02-20,WPG,MIN,75,5.5,-120,100
2024-02-20,WPG,MIN,76,5.5,-125,105
2024-02-20,COL,VAN,15,6.5,-125,105
2024-02-20,COL,VAN,30,6.5,-102,-120
2024-02-20,COL,VAN,68,6.5,-125,105
2024-02-20,COL,VAN,69,6.5,-128,104
2024-02-20,COL,VAN,71,6.5,-120,100
2024-02-20,COL,VAN,75,6.5,-125,105
2024-02-20,COL,VAN,76,6.5,-125,105
2024-02-20,VGK,NSH,15,6.5,104,-128
2024-02-20,VGK,NSH,30,5.5,-124,102
2024-02-20,VGK,NSH,68,6.0,-105,-115
2024-02-20,VGK,NSH,69,6.5,104,-128
2024-02-20,VGK,NSH,71,6.0,-104,-122
2024-02-20,VGK,NSH,75,6.0,-105,-115
2024-02-20,VGK,NSH,76,6.5,110,-130
2024-02-20,LA,CBJ,15,6.5,-110,-110
2024-02-20,LA,CBJ,30,6.5,-112,-108
2024-02-20,LA,CBJ,68,6.5,-108,-112
2024-02-20,LA,CBJ,69,6.5,-110,-110
2024-02-20,LA,CBJ,71,6.5,-108,-113
2024-02-20,LA,CBJ,75,6.5,-110,-110
2024-02-20,LA,CBJ,76,6.5,-115,-105
2024-02-21,MTL,BUF,15,6.5,-120,-102
2024-02-21,MTL,BUF,30,6.5,-130,105
2024-02-21,MTL,BUF,68,6.5,-130,110
2024-02-21,MTL,BUF,69,6.5,-120,-102
2024-02-21,MTL,BUF,71,6.5,-117,-104
2024-02-21,MTL,BUF,75,6.5,-125,105
2024-02-21,MTL,BUF,76,6.5,-120,-100
2024-02-21,CHI,PHI,15,5.5,-132,110
2024-02-21,CHI,PHI,30,6.5,110,-130
2024-02-21,CHI,PHI,68,6.0,-108,-112
2024-02-21,CHI,PHI,69,5.5,-132,108
2024-02-21,CHI,PHI,71,6.0,-104,-118
2024-02-21,CHI,PHI,75,6.0,-110,-110
2024-02-21,CHI,PHI,76,5.5,-130,110
2024-02-21,EDM,BOS,15,6.5,102,-122
2024-02-21,EDM,BOS,30,6.0,-130,105
2024-02-21,EDM,BOS,68,6.5,102,-122
2024-02-21,EDM,BOS,69,6.5,104,-128
2024-02-21,EDM,BOS,71,6.5,100,-121
2024-02-21,EDM,BOS,75,6.0,-120,100
2024-02-21,EDM,BOS,76,6.5,-100,-120
2024-02-21,ANA,CBJ,15,6.5,-118,-102
2024-02-21,ANA,CBJ,30,6.5,-110,-110
2024-02-21,ANA,CBJ,68,6.5,-118,-102
2024-02-21,ANA,CBJ,69,6.5,-118,-104
2024-02-21,ANA,CBJ,71,6.5,-120,-103
2024-02-21,ANA,CBJ,75,6.5,-120,100
2024-02-21,ANA,CBJ,76,6.5,-120,-100
2024-02-21,UTA,TOR,15,6.5,-124,102
2024-02-21,UTA,TOR,30,6.5,-125,105
2024-02-21,UTA,TOR,68,6.5,-125,105
2024-02-21,UTA,TOR,69,6.5,-124,102
2024-02-21,UTA,TOR,71,6.5,-121,100
2024-02-21,UTA,TOR,75,6.5,-125,105
2024-02-21,UTA,TOR,76,6.5,-120,-100
2024-02-22,DET,COL,15,6.5,-148,120
2024-02-22,DET,COL,30,6.5,-130,110
2024-02-22,DET,COL,68,6.5,-162,136
2024-02-22,DET,COL,69,6.5,-148,120
2024-02-22,DET,COL,71,7.0,112,-137
2024-02-22,DET,COL,75,7.0,105,-125
2024-02-22,DET,COL,76,6.5,-140,115
2024-02-22,TB,WSH,15,6.5,-105,-115
2024-02-22,TB,WSH,30,6.5,-100,-120
2024-02-22,TB,WSH,68,6.5,-105,-115
2024-02-22,TB,WSH,69,6.5,-110,-112
2024-02-22,TB,WSH,71,6.5,-106,-115
2024-02-22,TB,WSH,75,6.5,-105,-115
2024-02-22,TB,WSH,76,6.5,-110,-110
2024-02-22,PIT,MTL,15,6.5,104,-125
2024-02-22,PIT,MTL,30,6.5,-105,-115
2024-02-22,PIT,MTL,68,6.0,-122,102
2024-02-22,PIT,MTL,69,6.5,104,-128
2024-02-22,PIT,MTL,71,6.0,-113,-108
2024-02-22,PIT,MTL,75,6.0,-120,100
2024-02-22,PIT,MTL,76,6.5,-100,-120
2024-02-22,CAR,FLA,15,6.0,-115,-105
2024-02-22,CAR,FLA,30,6.0,-120,-100
2024-02-22,CAR,FLA,68,6.0,-115,-105
2024-02-22,CAR,FLA,69,5.5,-140,114
2024-02-22,CAR,FLA,71,6.0,-115,-106
2024-02-22,CAR,FLA,75,6.0,-115,-105
2024-02-22,CAR,FLA,76,5.5,-130,110
2024-02-22,NJ,NYR,15,6.5,-110,-110
2024-02-22,NJ,NYR,30,6.5,-110,-110
2024-02-22,NJ,NYR,68,6.5,-112,-108
2024-02-22,NJ,NYR,69,6.5,-110,-110
2024-02-22,NJ,NYR,71,6.5,-110,-115
2024-02-22,NJ,NYR,75,6.5,-110,-110
2024-02-22,NJ,NYR,76,6.5,-115,-105
2024-02-22,OTT,DAL,15,6.5,-142,120
2024-02-22,OTT,DAL,30,6.5,-130,110
2024-02-22,OTT,DAL,68,6.5,-142,120
2024-02-22,OTT,DAL,69,6.5,-134,110
2024-02-22,OTT,DAL,71,6.5,-132,108
2024-02-22,OTT,DAL,75,7.0,110,-135
2024-02-22,OTT,DAL,76,6.5,-140,115
2024-02-22,STL,NYI,15,6.5,105,-125
2024-02-22,STL,NYI,30,6.5,-100,-120
2024-02-22,STL,NYI,68,6.0,-112,-108
2024-02-22,STL,NYI,69,6.5,110,-134
2024-02-22,STL,NYI,71,6.0,-124,102
2024-02-22,STL,NYI,75,6.0,-115,-105
2024-02-22,STL,NYI,76,6.5,115,-140
2024-02-22,CGY,BOS,15,5.5,-120,-105
2024-02-22,CGY,BOS,30,6.0,-110,-110
2024-02-22,CGY,BOS,68,5.5,-115,-105
2024-02-22,CGY,BOS,69,5.5,-120,-102
2024-02-22,CGY,BOS,71,5.5,-120,-103
2024-02-22,CGY,BOS,75,5.5,-115,-105
2024-02-22,CGY,BOS,76,5.5,-110,-110
2024-02-22,VGK,TOR,15,6.5,105,-125
2024-02-22,VGK,TOR,30,6.5,-101,-120
2024-02-22,VGK,TOR,68,6.0,-105,-115
2024-02-22,VGK,TOR,69,6.5,108,-132
2024-02-22,VGK,TOR,71,6.0,-110,-109
2024-02-22,VGK,TOR,75,6.0,-115,-105
2024-02-22,VGK,TOR,76,5.5,-140,115
2024-02-22,SEA,VAN,15,6.5,105,-125
2024-02-22,SEA,VAN,30,6.5,-100,-120
2024-02-22,SEA,VAN,68,6.0,-112,-108
2024-02-22,SEA,VAN,69,6.5,110,-134
2024-02-22,SEA,VAN,71,6.0,-114,-107
2024-02-22,SEA,VAN,75,6.0,-115,-105
2024-02-22,SEA,VAN,76,6.5,110,-130
2024-02-22,LA,NSH,15,5.5,-140,114
2024-02-22,LA,NSH,30,6.0,-100,-120
2024-02-22,LA,NSH,68,6.0,-108,-112
2024-02-22,LA,NSH,69,5.5,-140,114
2024-02-22,LA,NSH,71,6.0,-107,-114
2024-02-22,LA,NSH,75,6.0,-105,-115
2024-02-22,LA,NSH,76,5.5,-130,110
2024-02-23,CBJ,BUF,15,6.5,-123,102
2024-02-23,CBJ,BUF,30,6.5,-120,100
2024-02-23,CBJ,BUF,68,6.5,-125,105
2024-02-23,CBJ,BUF,69,6.5,-122,-100
2024-02-23,CBJ,BUF,71,6.5,-130,108
2024-02-23,CBJ,BUF,75,6.5,-125,105
2024-02-23,CBJ,BUF,76,6.5,-130,110
2024-02-23,CHI,WPG,15,5.5,101,-122
2024-02-23,CHI,WPG,30,6.0,-105,-115
2024-02-23,CHI,WPG,68,5.5,102,-122
2024-02-23,CHI,WPG,69,5.5,-100,-122
2024-02-23,CHI,WPG,71,5.5,-103,-122
2024-02-23,CHI,WPG,75,5.5,-105,-115
2024-02-23,CHI,WPG,76,5.5,-110,-110
2024-02-23,EDM,MIN,15,6.5,-137,114
2024-02-23,EDM,MIN,30,6.5,-115,-105
2024-02-23,EDM,MIN,68,6.5,-142,120
2024-02-23,EDM,MIN,69,6.5,-132,108
2024-02-23,EDM,MIN,71,7.0,114,-137
2024-02-23,EDM,MIN,75,6.5,-140,115
2024-02-23,EDM,MIN,76,6.5,-145,120
2024-02-24,DET,STL,15,6.5,-104,-118
2024-02-24,DET,STL,30,6.5,-115,-105
2024-02-24,DET,STL,68,6.5,-112,-108
2024-02-24,DET,STL,69,6.5,104,-128
2024-02-24,DET,STL,71,6.5,-106,-115
2024-02-24,DET,STL,75,6.5,-115,-105
2024-02-24,DET,STL,76,6.5,-110,-110
2024-02-24,NJ,MTL,15,6.5,-130,108
2024-02-24,NJ,MTL,30,6.5,-110,-110
2024-02-24,NJ,MTL,68,6.5,-130,110
2024-02-24,NJ,MTL,69,6.5,-130,106
2024-02-24,NJ,MTL,71,6.5,-125,104
2024-02-24,NJ,MTL,75,6.5,-130,110
2024-02-24,NJ,MTL,76,6.5,-120,-100
2024-02-24,NYI,TB,15,6.5,-108,-112
2024-02-24,NYI,TB,30,6.5,-115,-105
2024-02-24,NYI,TB,68,6.5,-110,-110
2024-02-24,NYI,TB,69,6.5,-106,-114
2024-02-24,NYI,TB,71,6.5,-112,-109
2024-02-24,NYI,TB,75,6.5,-110,-110
2024-02-24,NYI,TB,76,6.5,-110,-110
2024-02-24,PHI,NYR,15,6.0,-109,-112
2024-02-24,PHI,NYR,30,6.0,-110,-110
2024-02-24,PHI,NYR,68,6.0,100,-120
2024-02-24,PHI,NYR,69,5.5,-118,-104
2024-02-24,PHI,NYR,71,5.5,-127,102
2024-02-24,PHI,NYR,75,6.0,100,-120
2024-02-24,PHI,NYR,76,5.5,-140,115
2024-02-24,FLA,WSH,15,6.5,102,-124
2024-02-24,FLA,WSH,30,6.5,100,-120
2024-02-24,FLA,WSH,68,6.0,-108,-112
2024-02-24,FLA,WSH,69,6.5,112,-138
2024-02-24,FLA,WSH,71,6.0,-117,-105
2024-02-24,FLA,WSH,75,6.0,-110,-110
2024-02-24,FLA,WSH,76,6.5,115,-140
2024-02-24,OTT,VGK,15,6.5,104,-126
2024-02-24,OTT,VGK,30,6.5,-110,-110
2024-02-24,OTT,VGK,68,6.5,105,-125
2024-02-24,OTT,VGK,69,6.5,104,-128
2024-02-24,OTT,VGK,71,6.5,-106,-115
2024-02-24,OTT,VGK,75,6.0,-120,100
2024-02-24,OTT,VGK,76,6.5,-105,-115
2024-02-24,VAN,BOS,15,6.0,-118,-103
2024-02-24,VAN,BOS,30,6.5,-105,-115
2024-02-24,VAN,BOS,68,6.0,-105,-115
2024-02-24,VAN,BOS,69,5.5,-132,108
2024-02-24,VAN,BOS,71,6.0,-105,-117
2024-02-24,VAN,BOS,75,6.0,-105,-115
2024-02-24,VAN,BOS,76,5.5,-130,110
2024-02-24,COL,TOR,15,6.5,-145,120
2024-02-24,COL,TOR,30,6.5,-120,-100
2024-02-24,COL,TOR,68,6.5,-148,124
2024-02-24,COL,TOR,69,6.5,-142,116
2024-02-24,COL,TOR,71,7.0,112,-137
2024-02-24,COL,TOR,75,6.5,-140,115
2024-02-24,COL,TOR,76,6.5,-145,120
2024-02-24,CAR,DAL,15,6.5,-103,-117
2024-02-24,CAR,DAL,30,6.0,-115,-105
2024-02-24,CAR,DAL,68,6.0,-115,-105
2024-02-24,CAR,DAL,69,6.5,108,-130
2024-02-24,CAR,DAL,71,6.0,-118,-107
2024-02-24,CAR,DAL,75,6.0,-115,-105
2024-02-24,CAR,DAL,76,6.5,105,-125
2024-02-24,EDM,CGY,15,6.5,-128,106
2024-02-24,EDM,CGY,30,6.5,-115,-105
2024-02-24,EDM,CGY,68,6.5,-125,105
2024-02-24,EDM,CGY,69,6.5,-132,108
2024-02-24,EDM,CGY,71,6.5,-130,107
2024-02-24,EDM,CGY,75,6.5,-130,105
2024-02-24,EDM,CGY,76,6.5,-140,115
2024-02-24,SEA,MIN,15,6.0,-118,-104
2024-02-24,SEA,MIN,30,6.0,-115,-105
2024-02-24,SEA,MIN,68,6.0,-108,-112
2024-02-24,SEA,MIN,69,5.5,-128,104
2024-02-24,SEA,MIN,71,6.0,100,-120
2024-02-24,SEA,MIN,75,6.0,-110,-110
2024-02-24,SEA,MIN,76,6.5,110,-130
2024-02-24,SJ,NSH,15,6.0,-121,-100
2024-02-24,SJ,NSH,30,6.0,-105,-115
2024-02-24,SJ,NSH,68,6.0,-105,-115
2024-02-24,SJ,NSH,69,5.5,-140,114
2024-02-24,SJ,NSH,71,5.5,-122,100
2024-02-24,SJ,NSH,75,6.0,-105,-115
2024-02-24,SJ,NSH,76,5.5,-130,110
2024-02-24,LA,ANA,15,6.0,-126,104
2024-02-24,LA,ANA,30,6.0,-110,-110
2024-02-24,LA,ANA,68,6.0,-112,-108
2024-02-24,LA,ANA,69,5.5,-142,116
2024-02-24,LA,ANA,71,6.0,-105,-117
2024-02-24,LA,ANA,75,6.0,-110,-110
2024-02-24,LA,ANA,76,6.5,115,-140
2024-02-25,NJ,TB,15,6.5,-147,122
2024-02-25,NJ,TB,30,6.5,-135,114
2024-02-25,NJ,TB,68,6.5,-142,120
2024-02-25,NJ,TB,69,6.5,-152,124
2024-02-25,NJ,TB,71,7.0,108,-132
2024-02-25,NJ,TB,75,7.0,110,-130
2024-02-25,NJ,TB,76,6.5,-140,115
2024-02-25,PIT,PHI,15,6.0,-111,-109
2024-02-25,PIT,PHI,30,6.0,-100,-120
2024-02-25,PIT,PHI,68,6.0,105,-125
2024-02-25,PIT,PHI,69,5.5,-130,106
2024-02-25,PIT,PHI,71,5.5,-120,100
2024-02-25,PIT,PHI,75,6.0,100,-120
2024-02-25,PIT,PHI,76,5.5,-125,105
2024-02-25,CBJ,NYR,15,6.5,-103,-118
2024-02-25,CBJ,NYR,30,6.5,-110,-110
2024-02-25,CBJ,NYR,68,6.5,-102,-118
2024-02-25,CBJ,NYR,69,6.5,-104,-118
2024-02-25,CBJ,NYR,71,6.0,-121,100
2024-02-25,CBJ,NYR,75,6.5,-105,-115
2024-02-25,CBJ,NYR,76,6.5,-100,-120
2024-02-25,WPG,UTA,15,5.5,-115,-105
2024-02-25,WPG,UTA,30,5.5,-125,105
2024-02-25,WPG,UTA,68,5.5,-115,-105
2024-02-25,WPG,UTA,69,5.5,-115,-105
2024-02-25,WPG,UTA,71,5.5,-120,-103
2024-02-25,WPG,UTA,75,5.5,-115,-105
2024-02-25,WPG,UTA,76,5.5,-115,-105
2024-02-25,CHI,DET,15,6.5,-100,-122
2024-02-25,CHI,DET,30,6.0,-110,-110
2024-02-25,CHI,DET,68,6.0,-112,-108
2024-02-25,CHI,DET,69,6.5,112,-138
2024-02-25,CHI,DET,71,6.0,-110,-110
2024-02-25,CHI,DET,75,6.0,-110,-110
2024-02-25,CHI,DET,76,6.5,115,-140
2024-02-25,BUF,CAR,15,6.5,-104,-117
2024-02-25,BUF,CAR,30,6.5,-102,-120
2024-02-25,BUF,CAR,68,6.0,-115,-105
2024-02-25,BUF,CAR,69,6.5,106,-130
2024-02-25,BUF,CAR,71,5.5,-122,100
2024-02-25,BUF,CAR,75,6.0,-115,-105
2024-02-25,BUF,CAR,76,6.5,110,-130
2024-02-25,ANA,NSH,15,6.5,-102,-118
2024-02-25,ANA,NSH,30,6.5,-110,-110
2024-02-25,ANA,NSH,68,6.5,-105,-115
2024-02-25,ANA,NSH,69,6.5,-100,-122
2024-02-25,ANA,NSH,71,6.5,-107,-120
2024-02-25,ANA,NSH,75,6.5,100,-120
2024-02-25,ANA,NSH,76,6.5,-110,-110
2024-02-26,WSH,OTT,15,6.5,-103,-116
2024-02-26,WSH,OTT,30,6.5,-115,-105
2024-02-26,WSH,OTT,68,6.5,-102,-118
2024-02-26,WSH,OTT,69,6.5,-105,-115
2024-02-26,WSH,OTT,71,6.5,102,-124
2024-02-26,WSH,OTT,75,6.5,-105,-115
2024-02-26,WSH,OTT,76,6.5,-100,-120
2024-02-26,DAL,NYI,15,6.5,-108,-112
2024-02-26,DAL,NYI,30,6.5,106,-130
2024-02-26,DAL,NYI,68,6.5,-108,-112
2024-02-26,DAL,NYI,69,6.5,-108,-112
2024-02-26,DAL,NYI,71,6.5,-113,-108
2024-02-26,DAL,NYI,75,6.5,-110,-110
2024-02-26,DAL,NYI,76,6.5,-110,-110
2024-02-26,EDM,LA,15,6.5,-110,-110
2024-02-26,EDM,LA,30,6.5,-110,-110
2024-02-26,EDM,LA,68,6.5,-110,-110
2024-02-26,EDM,LA,69,6.5,-110,-110
2024-02-26,EDM,LA,71,6.5,-112,-109
2024-02-26,EDM,LA,75,6.5,-115,-105
2024-02-26,EDM,LA,76,6.5,-115,-105
2024-02-26,SEA,BOS,15,5.5,-110,-110
2024-02-26,SEA,BOS,30,5.5,-115,-105
2024-02-26,SEA,BOS,68,5.5,-108,-112
2024-02-26,SEA,BOS,69,5.5,-112,-108
2024-02-26,SEA,BOS,71,5.5,-120,-106
2024-02-26,SEA,BOS,75,5.5,-110,-110
2024-02-26,SEA,BOS,76,5.5,-110,-110
2024-02-27,PHI,TB,15,6.5,-100,-121
2024-02-27,PHI,TB,30,6.0,-120,-100
2024-02-27,PHI,TB,68,6.0,-115,-105
2024-02-27,PHI,TB,69,6.5,114,-140
2024-02-27,PHI,TB,71,6.0,-109,-115
2024-02-27,PHI,TB,75,6.0,-115,-105
2024-02-27,PHI,TB,76,6.5,110,-130
2024-02-27,TOR,VGK,15,6.5,-104,-117
2024-02-27,TOR,VGK,30,6.5,-110,-110
2024-02-27,TOR,VGK,68,6.0,-118,-102
2024-02-27,TOR,VGK,69,6.5,110,-134
2024-02-27,TOR,VGK,71,6.0,-124,102
2024-02-27,TOR,VGK,75,6.0,-120,100
2024-02-27,TOR,VGK,76,6.5,105,-125
2024-02-27,DET,WSH,15,6.5,104,-126
2024-02-27,DET,WSH,30,6.5,-100,-120
2024-02-27,DET,WSH,68,6.5,102,-122
2024-02-27,DET,WSH,69,6.5,106,-130
2024-02-27,DET,WSH,71,6.0,-121,100
2024-02-27,DET,WSH,75,6.0,-120,100
2024-02-27,DET,WSH,76,6.5,-100,-120
2024-02-27,FLA,BUF,15,6.5,-103,-118
2024-02-27,FLA,BUF,30,6.5,-100,-120
2024-02-27,FLA,BUF,68,6.0,-115,-105
2024-02-27,FLA,BUF,69,6.5,108,-132
2024-02-27,FLA,BUF,71,6.0,-115,-105
2024-02-27,FLA,BUF,75,6.0,-115,-105
2024-02-27,FLA,BUF,76,6.5,105,-125
2024-02-27,MTL,UTA,15,6.5,-108,-112
2024-02-27,MTL,UTA,30,6.0,-120,100
2024-02-27,MTL,UTA,68,6.0,-118,-102
2024-02-27,MTL,UTA,69,6.5,102,-124
2024-02-27,MTL,UTA,71,6.0,-118,-104
2024-02-27,MTL,UTA,75,6.5,-105,-115
2024-02-27,MTL,UTA,76,6.5,105,-125
2024-02-27,WPG,STL,15,5.5,-134,111
2024-02-27,WPG,STL,30,6.0,-110,-110
2024-02-27,WPG,STL,68,5.5,-130,110
2024-02-27,WPG,STL,69,5.5,-138,112
2024-02-27,WPG,STL,71,5.5,-124,102
2024-02-27,WPG,STL,75,6.0,100,-120
2024-02-27,WPG,STL,76,5.5,-130,110
2024-02-27,MIN,CAR,15,6.5,102,-124
2024-02-27,MIN,CAR,30,6.0,-110,-110
2024-02-27,MIN,CAR,68,6.0,-110,-110
2024-02-27,MIN,CAR,69,6.5,114,-140
2024-02-27,MIN,CAR,71,6.0,-110,-110
2024-02-27,MIN,CAR,75,6.0,-110,-110
2024-02-27,MIN,CAR,76,6.5,110,-130
2024-02-27,NSH,OTT,15,6.5,-113,-106
2024-02-27,NSH,OTT,30,6.5,-110,-110
2024-02-27,NSH,OTT,68,6.5,-112,-108
2024-02-27,NSH,OTT,69,6.5,-115,-105
2024-02-27,NSH,OTT,71,6.5,-115,-106
2024-02-27,NSH,OTT,75,6.5,-115,-105
2024-02-27,NSH,OTT,76,6.5,-120,-100
2024-02-27,CGY,LA,15,6.0,-105,-114
2024-02-27,CGY,LA,30,6.0,-110,-110
2024-02-27,CGY,LA,68,6.0,110,-130
2024-02-27,CGY,LA,69,5.5,-122,-100
2024-02-27,CGY,LA,71,5.5,-120,-103
2024-02-27,CGY,LA,75,5.5,-120,100
2024-02-27,CGY,LA,76,5.5,-120,-100
2024-02-27,COL,DAL,15,6.5,-115,-106
2024-02-27,COL,DAL,30,6.0,-110,-110
2024-02-27,COL,DAL,68,6.5,-112,-108
2024-02-27,COL,DAL,69,6.5,-118,-104
2024-02-27,COL,DAL,71,6.5,-115,-106
2024-02-27,COL,DAL,75,6.5,-115,-105
2024-02-27,COL,DAL,76,6.5,-120,-100
2024-02-27,VAN,PIT,15,6.5,-107,-113
2024-02-27,VAN,PIT,30,6.5,-100,-120
2024-02-27,VAN,PIT,68,6.0,-122,102
2024-02-27,VAN,PIT,69,6.5,106,-130
2024-02-27,VAN,PIT,71,6.0,-122,-104
2024-02-27,VAN,PIT,75,6.0,-120,100
2024-02-27,VAN,PIT,76,6.5,-100,-120
2024-02-27,SJ,NJ,15,6.5,-102,-119
2024-02-27,SJ,NJ,30,6.5,-105,-115
2024-02-27,SJ,NJ,68,6.5,-102,-118
2024-02-27,SJ,NJ,69,6.5,-102,-120
2024-02-27,SJ,NJ,71,6.5,100,-121
2024-02-27,SJ,NJ,75,6.5,-105,-115
2024-02-27,SJ,NJ,76,6.5,-100,-120
2024-02-28,NYR,CBJ,15,6.5,-102,-118
2024-02-28,NYR,CBJ,30,6.0,-120,100
2024-02-28,NYR,CBJ,68,6.5,-102,-118
2024-02-28,NYR,CBJ,69,6.5,-110,-110
2024-02-28,NYR,CBJ,71,6.5,-112,-114
2024-02-28,NYR,CBJ,75,6.5,100,-120
2024-02-28,NYR,CBJ,76,6.5,-110,-110
2024-02-28,EDM,STL,15,6.5,-112,-108
2024-02-28,EDM,STL,30,6.5,-100,-120
2024-02-28,EDM,STL,68,6.5,-112,-108
2024-02-28,EDM,STL,69,6.5,-114,-106
2024-02-28,EDM,STL,71,6.5,-118,-107
2024-02-28,EDM,STL,75,6.5,-110,-110
2024-02-28,EDM,STL,76,6.5,-110,-110
2024-02-29,CBJ,CAR,15,6.5,-104,-116
2024-02-29,CBJ,CAR,30,6.5,-110,-110
2024-02-29,CBJ,CAR,68,6.5,-105,-115
2024-02-29,CBJ,CAR,69,6.5,-104,-118
2024-02-29,CBJ,CAR,71,6.5,-106,-115
2024-02-29,CBJ,CAR,75,6.5,-105,-115
2024-02-29,CBJ,CAR,76,6.5,-110,-110
2024-02-29,DET,NYI,15,6.5,-109,-112
2024-02-29,DET,NYI,30,6.0,-105,-115
2024-02-29,DET,NYI,68,6.0,-118,-102
2024-02-29,DET,NYI,69,6.5,-100,-122
2024-02-29,DET,NYI,71,6.5,-104,-122
2024-02-29,DET,NYI,75,6.0,-120,100
2024-02-29,DET,NYI,76,6.5,-105,-115
2024-02-29,TB,BUF,15,6.5,-100,-121
2024-02-29,TB,BUF,30,6.5,100,-120
2024-02-29,TB,BUF,68,6.5,100,-120
2024-02-29,TB,BUF,69,6.5,-100,-122
2024-02-29,TB,BUF,71,6.5,102,-122
2024-02-29,TB,BUF,75,6.5,100,-120
2024-02-29,TB,BUF,76,6.5,-100,-120
2024-02-29,BOS,VGK,15,5.5,-105,-114
2024-02-29,BOS,VGK,30,6.0,-105,-115
2024-02-29,BOS,VGK,68,5.5,-105,-115
2024-02-29,BOS,VGK,69,5.5,-106,-114
2024-02-29,BOS,VGK,71,5.5,-108,-113
2024-02-29,BOS,VGK,75,5.5,-105,-115
2024-02-29,BOS,VGK,76,5.5,-110,-110
2024-02-29,TOR,UTA,15,6.5,-121,-100
2024-02-29,TOR,UTA,30,6.5,-120,-100
2024-02-29,TOR,UTA,68,6.5,-120,100
2024-02-29,TOR,UTA,69,6.5,-122,-100
2024-02-29,TOR,UTA,71,6.5,-120,-103
2024-02-29,TOR,UTA,75,6.5,-120,100
2024-02-29,TOR,UTA,76,6.5,-110,-110
2024-02-29,FLA,MTL,15,6.5,-107,-113
2024-02-29,FLA,MTL,30,6.5,-110,-110
2024-02-29,FLA,MTL,68,6.0,-120,100
2024-02-29,FLA,MTL,69,6.5,104,-128
2024-02-29,FLA,MTL,71,6.0,-122,102
2024-02-29,FLA,MTL,75,6.0,-120,100
2024-02-29,FLA,MTL,76,6.5,110,-130
2024-02-29,NSH,MIN,15,6.5,-106,-114
2024-02-29,NSH,MIN,30,6.0,-110,-110
2024-02-29,NSH,MIN,68,6.0,-115,-105
2024-02-29,NSH,MIN,69,6.5,102,-124
2024-02-29,NSH,MIN,71,6.0,-122,-104
2024-02-29,NSH,MIN,75,6.0,-115,-105
2024-02-29,NSH,MIN,76,6.5,105,-125
2024-02-29,DAL,WPG,15,6.0,-114,-106
2024-02-29,DAL,WPG,30,6.0,-110,-110
2024-02-29,DAL,WPG,68,6.0,100,-120
2024-02-29,DAL,WPG,69,5.5,-130,106
2024-02-29,DAL,WPG,71,6.0,100,-121
2024-02-29,DAL,WPG,75,6.0,-105,-115
2024-02-29,DAL,WPG,76,5.5,-130,110
2024-02-29,CHI,COL,15,6.5,-112,-108
2024-02-29,CHI,COL,30,6.0,-110,-110
2024-02-29,CHI,COL,68,6.0,-125,105
2024-02-29,CHI,COL,69,6.5,-100,-122
2024-02-29,CHI,COL,71,6.0,-124,102
2024-02-29,CHI,COL,75,6.0,-125,105
2024-02-29,CHI,COL,76,6.5,-100,-120
2024-02-29,SEA,PIT,15,6.0,-114,-106
2024-02-29,SEA,PIT,30,6.0,-110,-110
2024-02-29,SEA,PIT,68,6.0,100,-120
2024-02-29,SEA,PIT,69,5.5,-130,106
2024-02-29,SEA,PIT,71,6.0,100,-121
2024-02-29,SEA,PIT,75,6.0,100,-120
2024-02-29,SEA,PIT,76,5.5,-130,110
2024-02-29,VAN,LA,15,6.5,-102,-119
2024-02-29,VAN,LA,30,6.5,-100,-120
2024-02-29,VAN,LA,68,6.0,-115,-105
2024-02-29,VAN,LA,69,6.5,110,-134
2024-02-29,VAN,LA,71,6.0,-114,-107
2024-02-29,VAN,LA,75,6.0,-115,-105
2024-02-29,VAN,LA,76,6.5,105,-125
2024-02-29,SJ,ANA,15,6.5,105,-128
2024-02-29,SJ,ANA,30,6.0,-110,-110
2024-02-29,SJ,ANA,68,6.0,-102,-118
2024-02-29,SJ,ANA,69,6.5,112,-140
2024-02-29,SJ,ANA,71,6.0,-113,-108
2024-02-29,SJ,ANA,75,6.0,-115,-105
2024-02-29,SJ,ANA,76,6.5,110,-130
2024-03-01,OTT,UTA,15,6.5,-118,-103
2024-03-01,OTT,UTA,30,6.5,-102,-120
2024-03-01,OTT,UTA,68,6.5,-118,-102
2024-03-01,OTT,UTA,69,6.5,-118,-104
2024-03-01,OTT,UTA,71,6.5,-121,100
2024-03-01,OTT,UTA,75,6.5,-120,100
2024-03-01,OTT,UTA,76,6.5,-125,105
2024-03-01,WSH,PHI,15,6.0,-118,-103
2024-03-01,WSH,PHI,30,5.5,-130,106
2024-03-01,WSH,PHI,68,6.0,-108,-112
2024-03-01,WSH,PHI,69,5.5,-130,106
2024-03-01,WSH,PHI,71,6.0,-103,-120
2024-03-01,WSH,PHI,75,6.0,-110,-110
2024-03-01,WSH,PHI,76,5.5,-130,110
2024-03-01,ANA,NJ,15,6.5,-125,103
2024-03-01,ANA,NJ,30,6.5,-118,-104
2024-03-01,ANA,NJ,68,6.5,-122,102
2024-03-01,ANA,NJ,69,6.5,-128,104
2024-03-01,ANA,NJ,71,6.5,-124,-103
2024-03-01,ANA,NJ,75,6.5,-120,100
2024-03-01,ANA,NJ,76,6.5,-125,105
2024-03-02,CAR,WPG,15,5.5,-100,-121
2024-03-02,CAR,WPG,30,6.0,-100,-120
2024-03-02,CAR,WPG,68,5.5,-102,-118
2024-03-02,CAR,WPG,69,5.5,102,-124
2024-03-02,CAR,WPG,71,5.5,-106,-115
2024-03-02,CAR,WPG,75,5.5,100,-120
2024-03-02,CAR,WPG,76,5.5,-100,-120
2024-03-02,DET,FLA,15,6.5,-105,-114
2024-03-02,DET,FLA,30,6.5,-120,-100
2024-03-02,DET,FLA,68,6.5,-105,-115
2024-03-02,DET,FLA,69,6.5,-106,-114
2024-03-02,DET,FLA,71,6.5,-103,-120
2024-03-02,DET,FLA,75,6.5,-105,-115
2024-03-02,DET,FLA,76,6.5,-110,-110
2024-03-02,SEA,EDM,15,6.5,-105,-115
2024-03-02,SEA,EDM,30,6.0,-115,-105
2024-03-02,SEA,EDM,68,6.5,-105,-115
2024-03-02,SEA,EDM,69,6.5,-105,-115
2024-03-02,SEA,EDM,71,6.5,100,-121
2024-03-02,SEA,EDM,75,6.5,-105,-115
2024-03-02,SEA,EDM,76,6.5,-105,-115
2024-03-02,STL,MIN,15,6.5,-109,-111
2024-03-02,STL,MIN,30,6.0,-120,-100
2024-03-02,STL,MIN,68,6.0,-118,-102
2024-03-02,STL,MIN,69,6.5,-100,-120
2024-03-02,STL,MIN,71,6.0,-115,-106
2024-03-02,STL,MIN,75,6.0,-115,-105
2024-03-02,STL,MIN,76,6.5,-100,-120
2024-03-02,NSH,COL,15,6.5,-104,-116
2024-03-02,NSH,COL,30,6.0,-110,-110
2024-03-02,NSH,COL,68,6.5,-105,-115
2024-03-02,NSH,COL,69,6.5,-104,-118
2024-03-02,NSH,COL,71,6.5,-107,-114
2024-03-02,NSH,COL,75,6.5,-105,-115
2024-03-02,NSH,COL,76,6.5,-110,-110
2024-03-02,TB,MTL,15,6.5,-113,-106
2024-03-02,TB,MTL,30,6.5,-110,-110
2024-03-02,TB,MTL,68,6.5,-115,-105
2024-03-02,TB,MTL,69,6.5,-112,-108
2024-03-02,TB,MTL,71,6.5,-117,-105
2024-03-02,TB,MTL,75,6.5,-115,-105
2024-03-02,TB,MTL,76,6.5,-120,-100
2024-03-02,PHI,OTT,15,6.5,-123,102
2024-03-02,PHI,OTT,30,6.5,-110,-110
2024-03-02,PHI,OTT,68,6.5,-125,105
2024-03-02,PHI,OTT,69,6.5,-122,-100
2024-03-02,PHI,OTT,71,6.5,-118,-107
2024-03-02,PHI,OTT,75,6.5,-120,100
2024-03-02,PHI,OTT,76,6.5,-130,110
2024-03-02,TOR,NYR,15,6.5,-102,-119
2024-03-02,TOR,NYR,30,6.0,-120,-100
2024-03-02,TOR,NYR,68,6.5,-102,-118
2024-03-02,TOR,NYR,69,6.5,-102,-120
2024-03-02,TOR,NYR,71,6.5,-106,-115
2024-03-02,TOR,NYR,75,6.5,100,-120
2024-03-02,TOR,NYR,76,6.5,-105,-115
2024-03-02,BUF,VGK,15,6.5,-100,-122
2024-03-02,BUF,VGK,30,6.0,-120,-100
2024-03-02,BUF,VGK,68,6.0,-112,-108
2024-03-02,BUF,VGK,69,6.5,112,-138
2024-03-02,BUF,VGK,71,6.0,-115,-110
2024-03-02,BUF,VGK,75,6.0,-110,-110
2024-03-02,BUF,VGK,76,6.5,105,-140
2024-03-02,NYI,BOS,15,5.5,-122,101
2024-03-02,NYI,BOS,30,5.5,-120,100
2024-03-02,NYI,BOS,68,5.5,-122,102
2024-03-02,NYI,BOS,69,5.5,-122,-100
2024-03-02,NYI,BOS,71,5.5,-124,102
2024-03-02,NYI,BOS,75,5.5,-120,100
2024-03-02,NYI,BOS,76,5.5,-125,105
2024-03-02,CHI,CBJ,15,6.0,-120,-102
2024-03-02,CHI,CBJ,30,6.0,-120,-100
2024-03-02,CHI,CBJ,68,6.0,-118,-102
2024-03-02,CHI,CBJ,69,6.5,106,-130
2024-03-02,CHI,CBJ,71,6.0,-114,-106
2024-03-02,CHI,CBJ,75,6.0,-120,100
2024-03-02,CHI,CBJ,76,6.5,-105,-115
2024-03-02,DAL,SJ,15,6.5,-105,-116
2024-03-02,DAL,SJ,30,6.5,-105,-115
2024-03-02,DAL,SJ,68,6.5,-108,-112
2024-03-02,DAL,SJ,69,6.5,-102,-120
2024-03-02,DAL,SJ,71,6.5,-104,-122
2024-03-02,DAL,SJ,75,6.5,-105,-115
2024-03-02,DAL,SJ,76,6.5,-100,-120
2024-03-02,CGY,PIT,15,6.0,-122,101
2024-03-02,CGY,PIT,30,6.0,-100,-120
2024-03-02,CGY,PIT,68,6.0,-112,-108
2024-03-02,CGY,PIT,69,5.5,-134,110
2024-03-02,CGY,PIT,71,6.0,-104,-118
2024-03-02,CGY,PIT,75,6.0,-110,-110
2024-03-02,CGY,PIT,76,6.5,110,-130
2024-03-03,WSH,UTA,15,6.5,102,-124
2024-03-03,WSH,UTA,30,6.0,105,-125
2024-03-03,WSH,UTA,68,6.0,-112,-108
2024-03-03,WSH,UTA,69,6.5,116,-142
2024-03-03,WSH,UTA,71,6.0,-103,-120
2024-03-03,WSH,UTA,75,6.0,-115,-105
2024-03-03,WSH,UTA,76,6.5,105,-125
2024-03-03,LA,NJ,15,6.5,-105,-115
2024-03-03,LA,NJ,30,6.5,-115,-105
2024-03-03,LA,NJ,68,6.5,-105,-115
2024-03-03,LA,NJ,69,6.5,-105,-115
2024-03-03,LA,NJ,71,6.5,-106,-115
2024-03-03,LA,NJ,75,6.5,-105,-115
2024-03-03,LA,NJ,76,6.5,-105,-115
2024-03-03,BUF,WPG,15,6.0,-115,-115
2024-03-03,BUF,WPG,30,6.5,102,-124
2024-03-03,BUF,WPG,68,6.0,-115,-105
2024-03-03,BUF,WPG,69,6.5,114,-140
2024-03-03,BUF,WPG,71,6.0,-107,-114
2024-03-03,BUF,WPG,75,6.0,-105,-115
2024-03-03,BUF,WPG,76,5.5,-140,115
2024-03-03,MIN,SJ,15,6.0,-122,102
2024-03-03,MIN,SJ,30,6.5,102,-124
2024-03-03,MIN,SJ,68,6.0,-122,102
2024-03-03,MIN,SJ,69,6.5,102,-124
2024-03-03,MIN,SJ,71,6.0,-122,102
2024-03-03,MIN,SJ,75,6.0,-120,100
2024-03-03,MIN,SJ,76,6.5,-100,-120
2024-03-03,ANA,VAN,15,6.5,-106,-113
2024-03-03,ANA,VAN,30,6.5,100,-120
2024-03-03,ANA,VAN,68,6.5,-108,-112
2024-03-03,ANA,VAN,69,6.5,-105,-115
2024-03-03,ANA,VAN,71,6.5,-104,-118
2024-03-03,ANA,VAN,75,6.5,-105,-115
2024-03-03,ANA,VAN,76,6.5,-100,-120
2024-03-03,EDM,PIT,15,6.5,-110,-110
2024-03-03,EDM,PIT,30,6.0,-125,105
2024-03-03,EDM,PIT,68,6.5,-105,-115
2024-03-03,EDM,PIT,69,6.5,-115,-105
2024-03-03,EDM,PIT,71,6.5,-113,-108
2024-03-03,EDM,PIT,75,6.5,-105,-115
2024-03-03,EDM,PIT,76,5.5,-130,-100
2024-03-04,NYR,FLA,15,6.0,-112,-108
2024-03-04,NYR,FLA,30,6.5,110,-134
2024-03-04,NYR,FLA,68,6.0,102,-122
2024-03-04,NYR,FLA,69,5.5,-128,104
2024-03-04,NYR,FLA,71,5.5,-124,102
2024-03-04,NYR,FLA,75,6.0,100,-120
2024-03-04,NYR,FLA,76,5.5,-120,-100
2024-03-04,CBJ,VGK,15,6.5,-112,-109
2024-03-04,CBJ,VGK,30,6.5,102,-124
2024-03-04,CBJ,VGK,68,6.5,-112,-108
2024-03-04,CBJ,VGK,69,6.5,-112,-110
2024-03-04,CBJ,VGK,71,6.5,-114,-107
2024-03-04,CBJ,VGK,75,6.5,-115,-105
2024-03-04,CBJ,VGK,76,6.5,-120,-110
2024-03-04,TOR,BOS,15,6.5,101,-122
2024-03-04,TOR,BOS,30,6.5,106,-130
2024-03-04,TOR,BOS,68,6.5,102,-122
2024-03-04,TOR,BOS,69,6.5,-100,-122
2024-03-04,TOR,BOS,71,6.5,-112,-114
2024-03-04,TOR,BOS,75,6.5,-110,-110
2024-03-04,TOR,BOS,76,6.5,-110,-110
2024-03-04,PHI,STL,15,6.0,-112,-108
2024-03-04,PHI,STL,30,5.5,-138,112
2024-03-04,PHI,STL,68,6.0,102,-122
2024-03-04,PHI,STL,69,5.5,-128,104
2024-03-04,PHI,STL,71,6.0,-106,-115
2024-03-04,PHI,STL,75,6.0,100,-120
2024-03-04,PHI,STL,76,5.5,-120,-100
2024-03-04,COL,CHI,15,6.0,-125,105
2024-03-04,COL,CHI,30,6.5,106,-130
2024-03-04,COL,CHI,68,6.0,-130,105
2024-03-04,COL,CHI,69,6.5,106,-130
2024-03-04,COL,CHI,71,6.0,-127,100
2024-03-04,COL,CHI,75,6.0,-125,105
2024-03-04,COL,CHI,76,6.5,105,-125
2024-03-04,CGY,SEA,15,5.5,-125,-106
2024-03-04,CGY,SEA,30,5.5,-140,114
2024-03-04,CGY,SEA,68,6.0,105,-125
2024-03-04,CGY,SEA,69,5.5,-114,-106
2024-03-04,CGY,SEA,71,5.5,-124,102
2024-03-04,CGY,SEA,75,5.5,-125,105
2024-03-04,CGY,SEA,76,5.5,-110,-110
2024-03-05,NJ,FLA,15,6.5,-112,-108
2024-03-05,NJ,FLA,30,6.5,-110,-110
2024-03-05,NJ,FLA,68,6.5,-115,-105
2024-03-05,NJ,FLA,69,6.5,-112,-108
2024-03-05,NJ,FLA,71,6.5,-110,-109
2024-03-05,NJ,FLA,75,6.5,-115,-105
2024-03-05,NJ,FLA,76,6.5,-110,-110
2024-03-05,PIT,CBJ,15,6.5,-118,-101
2024-03-05,PIT,CBJ,30,6.5,-108,-112
2024-03-05,PIT,CBJ,68,6.5,-120,100
2024-03-05,PIT,CBJ,69,6.5,-115,-105
2024-03-05,PIT,CBJ,71,6.5,-118,-103
2024-03-05,PIT,CBJ,75,6.5,-115,-105
2024-03-05,PIT,CBJ,76,6.5,-120,-100
2024-03-05,NYI,STL,15,6.0,-119,-102
2024-03-05,NYI,STL,30,5.5,-140,112
2024-03-05,NYI,STL,68,6.0,-108,-112
2024-03-05,NYI,STL,69,5.5,-132,108
2024-03-05,NYI,STL,71,6.0,-105,-117
2024-03-05,NYI,STL,75,6.0,-110,-110
2024-03-05,NYI,STL,76,6.5,115,-140
2024-03-05,BOS,EDM,15,6.5,-106,-114
2024-03-05,BOS,EDM,30,6.5,106,-130
2024-03-05,BOS,EDM,68,6.0,-120,100
2024-03-05,BOS,EDM,69,6.5,106,-130
2024-03-05,BOS,EDM,71,6.5,102,-122
2024-03-05,BOS,EDM,75,6.0,-120,100
2024-03-05,BOS,EDM,76,6.5,-100,-120
2024-03-05,NSH,MTL,15,6.5,-119,-101
2024-03-05,NSH,MTL,30,6.5,-102,-120
2024-03-05,NSH,MTL,68,6.0,-142,120
2024-03-05,NSH,MTL,69,6.5,-100,-122
2024-03-05,NSH,MTL,71,6.5,-105,-127
2024-03-05,NSH,MTL,75,6.0,-120,100
2024-03-05,NSH,MTL,76,6.5,-100,-120
2024-03-05,WPG,SEA,15,5.5,-104,-116
2024-03-05,WPG,SEA,30,5.5,-115,-105
2024-03-05,WPG,SEA,68,5.5,-105,-115
2024-03-05,WPG,SEA,69,5.5,-104,-118
2024-03-05,WPG,SEA,71,5.5,-113,-108
2024-03-05,WPG,SEA,75,5.5,-105,-115
2024-03-05,WPG,SEA,76,5.5,-105,-115
2024-03-05,UTA,CHI,15,6.5,-104,-117
2024-03-05,UTA,CHI,30,5.5,-128,104
2024-03-05,UTA,CHI,68,6.0,-118,-102
2024-03-05,UTA,CHI,69,6.5,110,-134
2024-03-05,UTA,CHI,71,6.0,-113,-108
2024-03-05,UTA,CHI,75,6.0,-110,-110
2024-03-05,UTA,CHI,76,6.5,105,-125
2024-03-05,LA,VAN,15,6.0,-114,-106
2024-03-05,LA,VAN,30,6.5,110,-134
2024-03-05,LA,VAN,68,6.0,102,-122
2024-03-05,LA,VAN,69,5.5,-132,108
2024-03-05,LA,VAN,71,6.0,100,-121
2024-03-05,LA,VAN,75,6.0,100,-120
2024-03-05,LA,VAN,76,5.5,-125,105
2024-03-05,SJ,DAL,15,6.5,-103,-118
2024-03-05,SJ,DAL,30,6.5,-102,-120
2024-03-05,SJ,DAL,68,6.0,-112,-108
2024-03-05,SJ,DAL,69,6.5,106,-130
2024-03-05,SJ,DAL,71,6.0,-115,-105
2024-03-05,SJ,DAL,75,6.0,-115,-105
2024-03-05,SJ,DAL,76,6.5,115,-140
2024-03-06,TOR,BUF,15,6.5,-120,102
2024-03-06,TOR,BUF,30,6.5,-120,-102
2024-03-06,TOR,BUF,68,6.5,-122,102
2024-03-06,TOR,BUF,69,6.5,-120,-102
2024-03-06,TOR,BUF,71,4.5,-167,138
2024-03-06,TOR,BUF,75,6.5,-115,-105
2024-03-06,TOR,BUF,76,6.5,-110,-110
2024-03-06,COL,DET,15,6.5,-115,-105
2024-03-06,COL,DET,30,6.5,-122,-100
2024-03-06,COL,DET,68,6.5,-115,-105
2024-03-06,COL,DET,69,6.5,-115,-105
2024-03-06,COL,DET,71,7.0,-148,112
2024-03-06,COL,DET,75,6.5,-115,-105
2024-03-06,COL,DET,76,6.5,-120,-100
2024-03-06,ANA,OTT,15,6.5,-105,-115
2024-03-06,ANA,OTT,30,6.5,-122,-100
2024-03-06,ANA,OTT,68,6.5,-105,-115
2024-03-06,ANA,OTT,69,6.5,-105,-115
2024-03-06,ANA,OTT,71,6.0,-125,102
2024-03-06,ANA,OTT,75,6.5,-115,-105
2024-03-06,ANA,OTT,76,6.5,-105,-115
2024-03-07,NJ,STL,15,6.5,-110,-110
2024-03-07,NJ,STL,30,6.5,-110,-110
2024-03-07,NJ,STL,68,6.5,-110,-110
2024-03-07,NJ,STL,69,6.5,-110,-110
2024-03-07,NJ,STL,71,6.5,-108,-118
2024-03-07,NJ,STL,75,6.5,-105,-115
2024-03-07,NJ,STL,76,6.5,-110,-110
2024-03-07,FLA,PHI,15,6.0,-122,101
2024-03-07,FLA,PHI,30,6.5,-115,-105
2024-03-07,FLA,PHI,68,6.0,-112,-108
2024-03-07,FLA,PHI,69,5.5,-134,110
2024-03-07,FLA,PHI,71,6.0,-120,-103
2024-03-07,FLA,PHI,75,6.0,-115,-105
2024-03-07,FLA,PHI,76,6.5,110,-130
2024-03-07,BOS,TOR,15,6.5,102,-124
2024-03-07,BOS,TOR,30,6.5,-110,-110
2024-03-07,BOS,TOR,68,6.0,-105,-115
2024-03-07,BOS,TOR,69,6.5,110,-134
2024-03-07,BOS,TOR,71,6.0,-107,-114
2024-03-07,BOS,TOR,75,6.0,-110,-110
2024-03-07,BOS,TOR,76,6.5,110,-130
2024-03-07,TB,CGY,15,6.5,-105,-114
2024-03-07,TB,CGY,30,6.5,-110,-110
2024-03-07,TB,CGY,68,6.5,-105,-115
2024-03-07,TB,CGY,69,6.5,-106,-114
2024-03-07,TB,CGY,71,6.5,-106,-115
2024-03-07,TB,CGY,75,6.5,-105,-115
2024-03-07,TB,CGY,76,6.5,-110,-110
2024-03-07,CBJ,EDM,15,6.5,-149,123
2024-03-07,CBJ,EDM,30,6.5,-125,105
2024-03-07,CBJ,EDM,68,6.5,-148,124
2024-03-07,CBJ,EDM,69,6.5,-150,122
2024-03-07,CBJ,EDM,71,7.0,102,-124
2024-03-07,CBJ,EDM,75,7.0,110,-135
2024-03-07,CBJ,EDM,76,6.5,-150,125
2024-03-07,CAR,MTL,15,6.5,-106,-114
2024-03-07,CAR,MTL,30,6.5,-110,-110
2024-03-07,CAR,MTL,68,6.0,-122,102
2024-03-07,CAR,MTL,69,6.5,108,-132
2024-03-07,CAR,MTL,71,6.0,-122,102
2024-03-07,CAR,MTL,75,6.0,-120,100
2024-03-07,CAR,MTL,76,6.5,105,-125
2024-03-07,PIT,WSH,15,6.0,-121,-100
2024-03-07,PIT,WSH,30,6.5,-115,-105
2024-03-07,PIT,WSH,68,6.0,-105,-115
2024-03-07,PIT,WSH,69,5.5,-140,114
2024-03-07,PIT,WSH,71,6.0,-114,-106
2024-03-07,PIT,WSH,75,6.0,-115,-105
2024-03-07,PIT,WSH,76,5.5,-130,110
2024-03-07,NSH,BUF,15,6.5,104,-120
2024-03-07,NSH,BUF,30,6.5,-120,-100
2024-03-07,NSH,BUF,68,6.5,100,-120
2024-03-07,NSH,BUF,69,6.5,104,-128
2024-03-07,NSH,BUF,71,6.5,102,-124
2024-03-07,NSH,BUF,75,6.5,-105,-115
2024-03-07,NSH,BUF,76,6.5,-110,-110
2024-03-07,UTA,MIN,15,6.5,-100,-118
2024-03-07,UTA,MIN,30,6.0,-120,-100
2024-03-07,UTA,MIN,68,6.0,-135,114
2024-03-07,UTA,MIN,69,6.5,-104,-118
2024-03-07,UTA,MIN,71,6.5,102,-124
2024-03-07,UTA,MIN,75,6.5,100,-120
2024-03-07,UTA,MIN,76,6.5,105,-125
2024-03-07,VGK,VAN,15,6.0,-110,-112
2024-03-07,VGK,VAN,30,6.0,-120,100
2024-03-07,VGK,VAN,68,6.0,-108,-112
2024-03-07,VGK,VAN,69,6.5,108,-132
2024-03-07,VGK,VAN,71,6.0,-106,-114
2024-03-07,VGK,VAN,75,6.0,-110,-110
2024-03-07,VGK,VAN,76,5.5,-130,110
2024-03-07,SJ,NYI,15,6.0,-115,-112
2024-03-07,SJ,NYI,30,6.0,-115,-105
2024-03-07,SJ,NYI,68,6.0,-108,-112
2024-03-07,SJ,NYI,69,6.5,108,-132
2024-03-07,SJ,NYI,71,6.0,-108,-113
2024-03-07,SJ,NYI,75,6.0,-115,-105
2024-03-07,SJ,NYI,76,6.5,110,-130
2024-03-07,LA,OTT,15,6.0,-120,-105
2024-03-07,LA,OTT,30,6.5,-110,-110
2024-03-07,LA,OTT,68,6.0,-115,-105
2024-03-07,LA,OTT,69,6.5,104,-128
2024-03-07,LA,OTT,71,6.0,-125,102
2024-03-07,LA,OTT,75,6.0,-120,100
2024-03-07,LA,OTT,76,5.5,-140,115
2024-03-08,UTA,DET,15,6.5,-115,-105
2024-03-08,UTA,DET,30,6.5,-105,-115
2024-03-08,UTA,DET,68,6.5,-112,-108
2024-03-08,UTA,DET,69,6.5,-118,-102
2024-03-08,UTA,DET,71,6.5,-112,-109
2024-03-08,UTA,DET,75,6.5,-110,-110
2024-03-08,UTA,DET,76,6.5,-110,-110
2024-03-08,COL,MIN,15,6.5,-129,107
2024-03-08,COL,MIN,30,6.5,102,-124
2024-03-08,COL,MIN,68,6.5,-130,110
2024-03-08,COL,MIN,69,6.5,-128,104
2024-03-08,COL,MIN,71,6.5,-118,-104
2024-03-08,COL,MIN,75,6.5,-125,105
2024-03-08,COL,MIN,76,6.5,-120,-100
2024-03-08,ANA,DAL,15,6.5,106,-127
2024-03-08,ANA,DAL,30,6.5,-110,-110
2024-03-08,ANA,DAL,68,6.5,110,-130
2024-03-08,ANA,DAL,69,6.5,102,-124
2024-03-08,ANA,DAL,71,6.5,102,-129
2024-03-08,ANA,DAL,75,6.5,105,-125
2024-03-08,ANA,DAL,76,6.5,105,-125
2024-03-08,SEA,WPG,15,5.5,-114,-105
2024-03-08,SEA,WPG,30,5.5,-122,-100
2024-03-08,SEA,WPG,68,5.5,-115,-105
2024-03-08,SEA,WPG,69,5.5,-114,-106
2024-03-08,SEA,WPG,71,5.5,-107,-114
2024-03-08,SEA,WPG,75,5.5,-115,-105
2024-03-08,SEA,WPG,76,5.5,-110,-110
2024-03-09,NJ,CAR,15,6.5,-102,-119
2024-03-09,NJ,CAR,30,6.5,-102,-120
2024-03-09,NJ,CAR,68,6.5,100,-120
2024-03-09,NJ,CAR,69,6.5,-104,-118
2024-03-09,NJ,CAR,71,6.5,-109,-112
2024-03-09,NJ,CAR,75,6.5,100,-120
2024-03-09,NJ,CAR,76,6.5,-110,-110
2024-03-09,BUF,EDM,15,6.5,101,-122
2024-03-09,BUF,EDM,30,6.5,-110,-110
2024-03-09,BUF,EDM,68,6.5,102,-122
2024-03-09,BUF,EDM,69,6.5,-100,-122
2024-03-09,BUF,EDM,71,6.5,100,-127
2024-03-09,BUF,EDM,75,6.5,100,-120
2024-03-09,BUF,EDM,76,6.5,-100,-120
2024-03-09,CBJ,NSH,15,6.5,-123,102
2024-03-09,CBJ,NSH,30,6.5,-110,-110
2024-03-09,CBJ,NSH,68,6.5,-122,102
2024-03-09,CBJ,NSH,69,6.5,-124,102
2024-03-09,CBJ,NSH,71,6.5,-113,-108
2024-03-09,CBJ,NSH,75,6.5,-125,105
2024-03-09,CBJ,NSH,76,6.5,-110,-110
2024-03-09,BOS,PIT,15,6.0,-116,-104
2024-03-09,BOS,PIT,30,5.5,-122,-100
2024-03-09,BOS,PIT,68,6.0,100,-120
2024-03-09,BOS,PIT,69,5.5,-134,110
2024-03-09,BOS,PIT,71,6.0,102,-124
2024-03-09,BOS,PIT,75,6.0,100,-120
2024-03-09,BOS,PIT,76,5.5,-125,105
2024-03-09,FLA,CGY,15,6.5,101,-123
2024-03-09,FLA,CGY,30,6.5,110,-134
2024-03-09,FLA,CGY,68,6.0,-112,-108
2024-03-09,FLA,CGY,69,6.5,114,-140
2024-03-09,FLA,CGY,71,6.0,-110,-110
2024-03-09,FLA,CGY,75,6.0,-110,-110
2024-03-09,FLA,CGY,76,6.5,110,-130
2024-03-09,WSH,CHI,15,5.5,-120,-103
2024-03-09,WSH,CHI,30,5.5,-128,104
2024-03-09,WSH,CHI,68,5.5,-122,102
2024-03-09,WSH,CHI,69,5.5,-118,-108
2024-03-09,WSH,CHI,71,5.5,-124,102
2024-03-09,WSH,CHI,75,5.5,-120,100
2024-03-09,WSH,CHI,76,5.5,-120,-100
2024-03-09,SJ,OTT,15,6.5,-116,-103
2024-03-09,SJ,OTT,30,6.5,-124,102
2024-03-09,SJ,OTT,68,6.5,-118,-102
2024-03-09,SJ,OTT,69,6.5,-115,-105
2024-03-09,SJ,OTT,71,6.5,-124,102
2024-03-09,SJ,OTT,75,6.5,-115,-105
2024-03-09,SJ,OTT,76,6.5,-125,105
2024-03-09,MTL,TOR,15,6.5,-115,-105
2024-03-09,MTL,TOR,30,6.5,-115,-105
2024-03-09,MTL,TOR,68,6.5,-115,-105
2024-03-09,MTL,TOR,69,6.5,-112,-108
2024-03-09,MTL,TOR,71,6.5,-122,100
2024-03-09,MTL,TOR,75,6.5,-115,-105
2024-03-09,MTL,TOR,76,6.5,-110,-110
2024-03-09,TB,PHI,15,6.5,-103,-117
2024-03-09,TB,PHI,30,6.5,110,-134
2024-03-09,TB,PHI,68,6.5,-105,-115
2024-03-09,TB,PHI,69,6.5,-102,-120
2024-03-09,TB,PHI,71,6.0,-120,-106
2024-03-09,TB,PHI,75,6.5,100,-120
2024-03-09,TB,PHI,76,6.5,-100,-120
2024-03-09,NYR,STL,15,6.0,-109,-111
2024-03-09,NYR,STL,30,5.5,-140,114
2024-03-09,NYR,STL,68,6.0,105,-125
2024-03-09,NYR,STL,69,5.5,-124,102
2024-03-09,NYR,STL,71,6.0,-108,-113
2024-03-09,NYR,STL,75,6.0,105,-125
2024-03-09,NYR,STL,76,5.5,-110,-110
2024-03-09,VGK,DET,15,6.5,-101,-120
2024-03-09,VGK,DET,30,6.5,106,-130
2024-03-09,VGK,DET,68,6.5,-102,-118
2024-03-09,VGK,DET,69,6.5,-100,-122
2024-03-09,VGK,DET,71,6.0,-122,-104
2024-03-09,VGK,DET,75,6.5,100,-120
2024-03-09,VGK,DET,76,6.5,-110,-110
2024-03-09,VAN,WPG,15,6.0,-110,-110
2024-03-09,VAN,WPG,30,5.5,-128,104
2024-03-09,VAN,WPG,68,6.0,100,-120
2024-03-09,VAN,WPG,69,5.5,-122,-100
2024-03-09,VAN,WPG,71,6.0,102,-124
2024-03-09,VAN,WPG,75,5.5,-120,100
2024-03-09,VAN,WPG,76,5.5,-125,105
2024-03-09,LA,DAL,15,6.5,101,-123
2024-03-09,LA,DAL,30,6.5,-100,-122
2024-03-09,LA,DAL,68,6.0,-105,-115
2024-03-09,LA,DAL,69,6.5,108,-132
2024-03-09,LA,DAL,71,6.0,-112,-109
2024-03-09,LA,DAL,75,6.0,-105,-115
2024-03-09,LA,DAL,76,6.5,110,-130
2024-03-10,PIT,EDM,15,6.5,-104,-116
2024-03-10,PIT,EDM,30,6.5,-110,-110
2024-03-10,PIT,EDM,68,6.5,-105,-115
2024-03-10,PIT,EDM,69,6.5,-104,-118
2024-03-10,PIT,EDM,71,6.5,-104,-122
2024-03-10,PIT,EDM,75,6.5,-105,-115
2024-03-10,PIT,EDM,76,6.5,-105,-115
2024-03-10,MIN,NSH,15,6.0,-110,-110
2024-03-10,MIN,NSH,30,5.5,-134,110
2024-03-10,MIN,NSH,68,6.0,105,-125
2024-03-10,MIN,NSH,69,5.5,-128,104
2024-03-10,MIN,NSH,71,6.0,-103,-120
2024-03-10,MIN,NSH,75,6.0,100,-120
2024-03-10,MIN,NSH,76,6.5,110,-130
2024-03-10,CAR,CGY,15,6.5,-109,-111
2024-03-10,CAR,CGY,30,6.5,-105,-115
2024-03-10,CAR,CGY,68,6.0,-125,105
2024-03-10,CAR,CGY,69,6.5,106,-130
2024-03-10,CAR,CGY,71,6.0,-121,100
2024-03-10,CAR,CGY,75,6.5,100,-120
2024-03-10,CAR,CGY,76,6.5,-100,-120
2024-03-10,CHI,UTA,15,6.0,-105,-112
2024-03-10,CHI,UTA,30,5.5,-138,112
2024-03-10,CHI,UTA,68,6.0,-108,-112
2024-03-10,CHI,UTA,69,5.5,-138,112
2024-03-10,CHI,UTA,71,6.0,-104,-118
2024-03-10,CHI,UTA,75,6.0,-105,-115
2024-03-10,CHI,UTA,76,5.5,-125,105
2024-03-10,ANA,NYI,15,6.5,-100,-120
2024-03-10,ANA,NYI,30,6.5,-104,-118
2024-03-10,ANA,NYI,68,6.5,-102,-118
2024-03-10,ANA,NYI,69,6.5,-100,-122
2024-03-10,ANA,NYI,71,6.5,-108,-113
2024-03-10,ANA,NYI,75,6.5,100,-120
2024-03-10,ANA,NYI,76,6.5,-110,-110
2024-03-11,BOS,STL,15,5.5,-124,102
2024-03-11,BOS,STL,30,5.5,-140,114
2024-03-11,BOS,STL,68,5.5,-122,102
2024-03-11,BOS,STL,69,5.5,-124,102
2024-03-11,BOS,STL,71,5.5,-122,102
2024-03-11,BOS,STL,75,5.5,-125,100
2024-03-11,BOS,STL,76,5.5,-120,-100
2024-03-11,NYR,NJ,15,6.5,-112,-108
2024-03-11,NYR,NJ,30,6.5,-105,-115
2024-03-11,NYR,NJ,68,6.5,-112,-108
2024-03-11,NYR,NJ,69,6.5,-110,-110
2024-03-11,NYR,NJ,71,6.5,-112,-109
2024-03-11,NYR,NJ,75,6.5,-115,-105
2024-03-11,NYR,NJ,76,6.5,-110,-110
2024-03-11,WPG,WSH,15,5.5,-120,102
2024-03-11,WPG,WSH,30,5.5,-120,-102
2024-03-11,WPG,WSH,68,5.5,-122,102
2024-03-11,WPG,WSH,69,5.5,-118,-104
2024-03-11,WPG,WSH,71,5.5,-120,-103
2024-03-11,WPG,WSH,75,5.5,-120,100
2024-03-11,WPG,WSH,76,5.5,-120,-100
2024-03-11,LA,NYI,15,6.0,105,-125
2024-03-11,LA,NYI,30,5.5,-128,104
2024-03-11,LA,NYI,68,6.0,105,-125
2024-03-11,LA,NYI,69,5.5,-120,-102
2024-03-11,LA,NYI,71,6.0,102,-124
2024-03-11,LA,NYI,75,6.0,100,-125
2024-03-11,LA,NYI,76,5.5,-125,105
2024-03-12,MTL,CBJ,15,6.5,-118,-102
2024-03-12,MTL,CBJ,30,6.5,-110,-110
2024-03-12,MTL,CBJ,68,6.5,-118,-102
2024-03-12,MTL,CBJ,69,6.5,-115,-105
2024-03-12,MTL,CBJ,71,6.5,-120,-103
2024-03-12,MTL,CBJ,75,6.5,-120,100
2024-03-12,MTL,CBJ,76,6.5,-120,-100
2024-03-12,CAR,NYR,15,6.0,100,-120
2024-03-12,CAR,NYR,30,5.5,-134,110
2024-03-12,CAR,NYR,68,6.0,100,-120
2024-03-12,CAR,NYR,69,5.5,-128,104
2024-03-12,CAR,NYR,71,6.0,-103,-125
2024-03-12,CAR,NYR,75,6.0,100,-120
2024-03-12,CAR,NYR,76,5.5,-120,-100
2024-03-12,BUF,DET,15,6.5,-100,-120
2024-03-12,BUF,DET,30,6.5,-110,-110
2024-03-12,BUF,DET,68,6.5,100,-120
2024-03-12,BUF,DET,69,6.5,-100,-122
2024-03-12,BUF,DET,71,6.5,-106,-120
2024-03-12,BUF,DET,75,6.5,100,-120
2024-03-12,BUF,DET,76,6.5,-105,-115
2024-03-12,PHI,SJ,15,6.0,-110,-110
2024-03-12,PHI,SJ,30,6.0,-115,-105
2024-03-12,PHI,SJ,68,6.0,-110,-110
2024-03-12,PHI,SJ,69,6.5,114,-140
2024-03-12,PHI,SJ,71,6.0,-112,-109
2024-03-12,PHI,SJ,75,6.0,-110,-110
2024-03-12,PHI,SJ,76,5.5,-140,115
2024-03-12,OTT,PIT,15,6.5,-105,-115
2024-03-12,OTT,PIT,30,6.5,-115,-105
2024-03-12,OTT,PIT,68,6.5,-105,-115
2024-03-12,OTT,PIT,69,6.5,-105,-115
2024-03-12,OTT,PIT,71,6.5,100,-120
2024-03-12,OTT,PIT,75,6.5,-105,-115
2024-03-12,OTT,PIT,76,6.5,-110,-110
2024-03-12,DAL,FLA,15,6.0,-115,-105
2024-03-12,DAL,FLA,30,6.0,-115,-105
2024-03-12,DAL,FLA,68,6.0,-115,-105
2024-03-12,DAL,FLA,69,6.5,110,-134
2024-03-12,DAL,FLA,71,6.0,-120,100
2024-03-12,DAL,FLA,75,6.0,-110,-110
2024-03-12,DAL,FLA,76,5.5,-130,110
2024-03-12,MIN,UTA,15,6.5,-105,-115
2024-03-12,MIN,UTA,30,6.5,105,-125
2024-03-12,MIN,UTA,68,6.5,-110,-110
2024-03-12,MIN,UTA,69,6.5,-105,-115
2024-03-12,MIN,UTA,71,6.5,-104,-118
2024-03-12,MIN,UTA,75,6.5,-110,-110
2024-03-12,MIN,UTA,76,6.5,-110,-110
2024-03-12,CHI,ANA,15,6.0,100,-120
2024-03-12,CHI,ANA,30,6.0,-105,-115
2024-03-12,CHI,ANA,68,6.0,102,-122
2024-03-12,CHI,ANA,69,5.5,-132,108
2024-03-12,CHI,ANA,71,6.0,-104,-118
2024-03-12,CHI,ANA,75,6.0,100,-120
2024-03-12,CHI,ANA,76,5.5,-120,-100
2024-03-12,CGY,COL,15,6.5,-120,-102
2024-03-12,CGY,COL,30,6.5,-107,-112
2024-03-12,CGY,COL,68,6.5,-125,105
2024-03-12,CGY,COL,69,6.5,-120,-102
2024-03-12,CGY,COL,71,6.5,-114,-107
2024-03-12,CGY,COL,75,6.5,-120,100
2024-03-12,CGY,COL,76,6.5,-120,-100
2024-03-12,SEA,VGK,15,6.0,-108,-110
2024-03-12,SEA,VGK,30,6.0,-100,-120
2024-03-12,SEA,VGK,68,6.0,-108,-112
2024-03-12,SEA,VGK,69,5.5,-132,108
2024-03-12,SEA,VGK,71,6.0,100,-125
2024-03-12,SEA,VGK,75,6.0,100,-120
2024-03-12,SEA,VGK,76,5.5,-125,105
2024-03-13,WPG,NSH,15,5.5,-115,-105
2024-03-13,WPG,NSH,30,5.5,-140,112
2024-03-13,WPG,NSH,68,5.5,-115,-105
2024-03-13,WPG,NSH,69,5.5,-104,-118
2024-03-13,WPG,NSH,71,5.5,-118,-107
2024-03-13,WPG,NSH,75,5.5,-115,-105
2024-03-13,WPG,NSH,76,5.5,-110,-110
2024-03-13,STL,LA,15,5.5,-115,-114
2024-03-13,STL,LA,30,6.5,-100,-122
2024-03-13,STL,LA,68,6.0,114,-135
2024-03-13,STL,LA,69,5.5,-106,-114
2024-03-13,STL,LA,71,5.5,-117,-108
2024-03-13,STL,LA,75,5.5,-115,-105
2024-03-13,STL,LA,76,5.5,-110,-110
2024-03-13,EDM,WSH,15,6.5,102,-120
2024-03-13,EDM,WSH,30,6.5,-100,-122
2024-03-13,EDM,WSH,68,6.5,102,-122
2024-03-13,EDM,WSH,69,6.5,-105,-115
2024-03-13,EDM,WSH,71,6.5,-103,-120
2024-03-13,EDM,WSH,75,6.5,100,-120
2024-03-13,EDM,WSH,76,6.5,-100,-120
2024-03-13,VAN,COL,15,6.5,-130,110
2024-03-13,VAN,COL,30,6.5,-115,-105
2024-03-13,VAN,COL,68,6.5,-130,110
2024-03-13,VAN,COL,69,6.5,-128,104
2024-03-13,VAN,COL,71,6.5,-125,100
2024-03-13,VAN,COL,75,6.5,-130,100
2024-03-13,VAN,COL,76,6.5,-120,-100
2024-03-14,DET,UTA,15,6.5,-122,-100
2024-03-14,DET,UTA,30,6.5,110,-134
2024-03-14,DET,UTA,68,6.5,-122,102
2024-03-14,DET,UTA,69,6.5,-122,-100
2024-03-14,DET,UTA,71,6.5,-118,-103
2024-03-14,DET,UTA,75,6.5,-120,100
2024-03-14,DET,UTA,76,6.5,-130,110
2024-03-14,MTL,BOS,15,6.0,100,-120
2024-03-14,MTL,BOS,30,5.5,-130,106
2024-03-14,MTL,BOS,68,6.0,100,-120
2024-03-14,MTL,BOS,69,5.5,-128,104
2024-03-14,MTL,BOS,71,6.0,-107,-114
2024-03-14,MTL,BOS,75,6.0,100,-120
2024-03-14,MTL,BOS,76,6.5,110,-130
2024-03-14,TB,NYR,15,6.0,100,-120
2024-03-14,TB,NYR,30,5.5,-134,110
2024-03-14,TB,NYR,68,6.0,100,-120
2024-03-14,TB,NYR,69,5.5,-124,102
2024-03-14,TB,NYR,71,6.0,-110,-109
2024-03-14,TB,NYR,75,6.0,100,-120
2024-03-14,TB,NYR,76,5.5,-130,110
2024-03-14,CAR,FLA,15,5.5,-120,100
2024-03-14,CAR,FLA,30,5.5,-134,110
2024-03-14,CAR,FLA,68,5.5,-120,100
2024-03-14,CAR,FLA,69,5.5,-118,-104
2024-03-14,CAR,FLA,71,5.5,-117,-104
2024-03-14,CAR,FLA,75,5.5,-120,100
2024-03-14,CAR,FLA,76,5.5,-115,-105
2024-03-14,CBJ,OTT,15,6.5,-130,110
2024-03-14,CBJ,OTT,30,6.5,-130,106
2024-03-14,CBJ,OTT,68,6.5,-130,110
2024-03-14,CBJ,OTT,69,6.5,-128,104
2024-03-14,CBJ,OTT,71,6.5,-141,112
2024-03-14,CBJ,OTT,75,6.5,-130,105
2024-03-14,CBJ,OTT,76,6.5,-140,115
2024-03-14,PIT,SJ,15,6.0,-115,-105
2024-03-14,PIT,SJ,30,6.5,102,-124
2024-03-14,PIT,SJ,68,6.0,-115,-105
2024-03-14,PIT,SJ,69,6.5,106,-130
2024-03-14,PIT,SJ,71,6.0,-113,-108
2024-03-14,PIT,SJ,75,6.0,-115,-105
2024-03-14,PIT,SJ,76,6.5,105,-125
2024-03-14,BUF,NYI,15,6.0,-102,-115
2024-03-14,BUF,NYI,30,6.5,108,-132
2024-03-14,BUF,NYI,68,6.0,-102,-118
2024-03-14,BUF,NYI,69,5.5,-122,-100
2024-03-14,BUF,NYI,71,6.0,-103,-120
2024-03-14,BUF,NYI,75,6.0,-105,-115
2024-03-14,BUF,NYI,76,5.5,-130,110
2024-03-14,PHI,TOR,15,6.0,-120,100
2024-03-14,PHI,TOR,30,6.5,-100,-122
2024-03-14,PHI,TOR,68,6.0,-120,100
2024-03-14,PHI,TOR,69,6.5,-100,-122
2024-03-14,PHI,TOR,71,6.0,-124,-103
2024-03-14,PHI,TOR,75,6.0,-120,100
2024-03-14,PHI,TOR,76,6.5,-100,-120
2024-03-14,MIN,ANA,15,6.0,-120,-100
2024-03-14,MIN,ANA,30,6.5,106,-130
2024-03-14,MIN,ANA,68,6.0,-120,100
2024-03-14,MIN,ANA,69,6.5,102,-124
2024-03-14,MIN,ANA,71,6.0,-124,102
2024-03-14,MIN,ANA,75,6.0,-120,100
2024-03-14,MIN,ANA,76,6.5,-100,-120
2024-03-14,DAL,NJ,15,6.5,-115,-105
2024-03-14,DAL,NJ,30,6.5,-114,-106
2024-03-14,DAL,NJ,68,6.5,-110,-110
2024-03-14,DAL,NJ,69,6.5,-118,-104
2024-03-14,DAL,NJ,71,6.5,-112,-109
2024-03-14,DAL,NJ,75,6.5,-115,-105
2024-03-14,DAL,NJ,76,6.5,-105,-115
2024-03-14,CGY,VGK,15,6.5,-120,-102
2024-03-14,CGY,VGK,30,6.5,-105,-115
2024-03-14,CGY,VGK,68,6.5,-118,-102
2024-03-14,CGY,VGK,69,6.5,-120,-102
2024-03-14,CGY,VGK,71,6.5,-112,-109
2024-03-14,CGY,VGK,75,6.5,-120,100
2024-03-14,CGY,VGK,76,6.5,-125,105
2024-03-14,SEA,WSH,15,5.5,-110,-110
2024-03-14,SEA,WSH,30,5.5,-110,-110
2024-03-14,SEA,WSH,68,5.5,-110,-110
2024-03-14,SEA,WSH,69,5.5,-110,-110
2024-03-14,SEA,WSH,71,5.5,-114,-106
2024-03-14,SEA,WSH,75,5.5,-110,-110
2024-03-14,SEA,WSH,76,5.5,-120,-100
2024-03-15,WPG,ANA,15,5.5,-125,105
2024-03-15,WPG,ANA,30,5.5,-118,-104
2024-03-15,WPG,ANA,68,5.5,-130,105
2024-03-15,WPG,ANA,69,5.5,-124,102
2024-03-15,WPG,ANA,71,5.5,-124,-103
2024-03-15,WPG,ANA,75,5.5,-125,105
2024-03-15,WPG,ANA,76,5.5,-125,105
2024-03-15,CHI,LA,15,5.5,-125,105
2024-03-15,CHI,LA,30,5.5,-134,110
2024-03-15,CHI,LA,68,5.5,-125,105
2024-03-15,CHI,LA,69,5.5,-124,102
2024-03-15,CHI,LA,71,5.5,-125,-103
2024-03-15,CHI,LA,75,6.0,100,-120
2024-03-15,CHI,LA,76,5.5,-120,-100
2024-03-16,DET,BUF,15,6.0,-122,102
2024-03-16,DET,BUF,30,6.5,-115,-105
2024-03-16,DET,BUF,68,6.0,-122,102
2024-03-16,DET,BUF,69,6.5,-102,-120
2024-03-16,DET,BUF,71,6.5,-103,-124
2024-03-16,DET,BUF,75,6.0,-120,100
2024-03-16,DET,BUF,76,6.5,-105,-115
2024-03-16,NYI,OTT,15,6.0,-120,-105
2024-03-16,NYI,OTT,30,6.5,-102,-120
2024-03-16,NYI,OTT,68,6.0,-115,-105
2024-03-16,NYI,OTT,69,6.5,-102,-120
2024-03-16,NYI,OTT,71,6.0,-121,100
2024-03-16,NYI,OTT,75,6.0,-120,100
2024-03-16,NYI,OTT,76,6.5,105,-125
2024-03-16,PIT,NYR,15,5.5,-120,-102
2024-03-16,PIT,NYR,30,5.5,-134,110
2024-03-16,PIT,NYR,68,5.5,-122,102
2024-03-16,PIT,NYR,69,5.5,-120,-102
2024-03-16,PIT,NYR,71,5.5,-120,-103
2024-03-16,PIT,NYR,75,5.5,-120,100
2024-03-16,PIT,NYR,76,5.5,-115,-105
2024-03-16,UTA,NJ,15,6.5,-108,-112
2024-03-16,UTA,NJ,30,6.5,-110,-110
2024-03-16,UTA,NJ,68,6.5,-108,-112
2024-03-16,UTA,NJ,69,6.5,-108,-112
2024-03-16,UTA,NJ,71,6.5,-109,-115
2024-03-16,UTA,NJ,75,6.5,-105,-115
2024-03-16,UTA,NJ,76,6.5,-105,-115
2024-03-16,FLA,TB,15,6.0,-125,105
2024-03-16,FLA,TB,30,6.5,104,-128
2024-03-16,FLA,TB,68,6.0,-122,102
2024-03-16,FLA,TB,69,6.5,-100,-122
2024-03-16,FLA,TB,71,6.5,102,-124
2024-03-16,FLA,TB,75,6.0,-120,100
2024-03-16,FLA,TB,76,6.5,105,-125
2024-03-16,BOS,PHI,15,5.5,-115,-105
2024-03-16,BOS,PHI,30,5.5,-118,-104
2024-03-16,BOS,PHI,68,5.5,-115,-105
2024-03-16,BOS,PHI,69,5.5,-118,-104
2024-03-16,BOS,PHI,71,5.5,-117,-109
2024-03-16,BOS,PHI,75,5.5,-115,-105
2024-03-16,BOS,PHI,76,5.5,-115,-105
2024-03-16,CGY,MTL,15,6.0,-125,105
2024-03-16,CGY,MTL,30,6.5,-106,-114
2024-03-16,CGY,MTL,68,6.0,-125,105
2024-03-16,CGY,MTL,69,6.5,-106,-114
2024-03-16,CGY,MTL,71,6.5,102,-124
2024-03-16,CGY,MTL,75,6.0,-125,100
2024-03-16,CGY,MTL,76,6.5,-100,-120
2024-03-16,CBJ,SJ,15,6.5,-110,-110
2024-03-16,CBJ,SJ,30,6.5,-120,-102
2024-03-16,CBJ,SJ,68,6.5,-108,-112
2024-03-16,CBJ,SJ,69,6.5,-115,-104
2024-03-16,CBJ,SJ,71,6.5,-109,-112
2024-03-16,CBJ,SJ,75,6.5,-110,-110
2024-03-16,CBJ,SJ,76,6.5,-110,-110
2024-03-16,TOR,CAR,15,6.0,-119,-103
2024-03-16,TOR,CAR,30,5.5,-132,108
2024-03-16,TOR,CAR,68,6.0,-118,-102
2024-03-16,TOR,CAR,69,6.5,104,-128
2024-03-16,TOR,CAR,71,6.0,-114,-107
2024-03-16,TOR,CAR,75,6.0,-115,-105
2024-03-16,TOR,CAR,76,6.5,105,-125
2024-03-16,DAL,LA,15,6.0,-105,-115
2024-03-16,DAL,LA,30,5.5,-132,108
2024-03-16,DAL,LA,68,6.0,-105,-115
2024-03-16,DAL,LA,69,5.5,-142,116
2024-03-16,DAL,LA,71,6.0,-114,-107
2024-03-16,DAL,LA,75,6.0,-105,-115
2024-03-16,DAL,LA,76,5.5,-125,105
2024-03-16,STL,MIN,15,5.5,-118,-102
2024-03-16,STL,MIN,30,6.5,108,-132
2024-03-16,STL,MIN,68,5.5,-118,-102
2024-03-16,STL,MIN,69,5.5,-118,-104
2024-03-16,STL,MIN,71,6.0,102,-122
2024-03-16,STL,MIN,75,5.5,-115,-105
2024-03-16,STL,MIN,76,5.5,-115,-105
2024-03-16,SEA,NSH,15,5.5,-112,-108
2024-03-16,SEA,NSH,30,5.5,-120,-102
2024-03-16,SEA,NSH,68,5.5,-110,-110
2024-03-16,SEA,NSH,69,5.5,-112,-108
2024-03-16,SEA,NSH,71,5.5,-118,-107
2024-03-16,SEA,NSH,75,5.5,-110,-110
2024-03-16,SEA,NSH,76,5.5,-120,-100
2024-03-16,VAN,WSH,15,6.0,-110,-110
2024-03-16,VAN,WSH,30,5.5,-128,104
2024-03-16,VAN,WSH,68,6.0,-110,-110
2024-03-16,VAN,WSH,69,5.5,-138,112
2024-03-16,VAN,WSH,71,6.0,-108,-113
2024-03-16,VAN,WSH,75,6.0,-110,-110
2024-03-16,VAN,WSH,76,5.5,-140,115
2024-03-16,EDM,COL,15,7.0,105,-125
2024-03-16,EDM,COL,30,6.5,-128,104
2024-03-16,EDM,COL,68,7.0,105,-125
2024-03-16,EDM,COL,69,6.5,-148,120
2024-03-16,EDM,COL,71,7.0,114,-137
2024-03-16,EDM,COL,75,7.0,110,-130
2024-03-16,EDM,COL,76,6.5,-145,120
2024-03-17,NYR,NYI,15,5.5,-116,-103
2024-03-17,NYR,NYI,30,5.5,-120,-102
2024-03-17,NYR,NYI,68,5.5,-118,-102
2024-03-17,NYR,NYI,69,5.5,-114,-106
2024-03-17,NYR,NYI,71,5.5,-120,-103
2024-03-17,NYR,NYI,75,5.5,-115,-105
2024-03-17,NYR,NYI,76,5.5,-120,-100
2024-03-17,VGK,NJ,15,6.5,-121,102
2024-03-17,VGK,NJ,30,6.5,-106,-114
2024-03-17,VGK,NJ,68,6.5,-122,102
2024-03-17,VGK,NJ,69,6.5,-115,-105
2024-03-17,VGK,NJ,71,6.5,-109,-112
2024-03-17,VGK,NJ,75,6.5,-120,100
2024-03-17,VGK,NJ,76,6.5,-115,-105
2024-03-17,CBJ,WPG,15,6.0,-121,101
2024-03-17,CBJ,WPG,30,5.5,-128,102
2024-03-17,CBJ,WPG,68,6.0,-122,102
2024-03-17,CBJ,WPG,69,5.5,-138,112
2024-03-17,CBJ,WPG,71,6.0,-110,-110
2024-03-17,CBJ,WPG,75,6.0,-120,100
2024-03-17,CBJ,WPG,76,6.5,110,-130
2024-03-17,OTT,CAR,15,6.5,110,-131
2024-03-17,OTT,CAR,30,6.5,104,-128
2024-03-17,OTT,CAR,68,6.5,110,-130
2024-03-17,OTT,CAR,69,6.5,108,-132
2024-03-17,OTT,CAR,71,6.0,-120,100
2024-03-17,OTT,CAR,75,6.0,-120,100
2024-03-17,OTT,CAR,76,5.5,-125,105
2024-03-17,CHI,SJ,15,6.0,-110,-105
2024-03-17,CHI,SJ,30,5.5,-128,104
2024-03-17,CHI,SJ,68,6.0,-115,-105
2024-03-17,CHI,SJ,69,5.5,-140,114
2024-03-17,CHI,SJ,71,6.0,-112,-109
2024-03-17,CHI,SJ,75,6.0,-105,-115
2024-03-17,CHI,SJ,76,5.5,-130,110
2024-03-17,PIT,DET,15,6.5,-100,-120
2024-03-17,PIT,DET,30,6.5,112,-138
2024-03-17,PIT,DET,68,6.5,100,-120
2024-03-17,PIT,DET,69,6.5,-104,-118
2024-03-17,PIT,DET,71,6.5,102,-122
2024-03-17,PIT,DET,75,6.5,100,-120
2024-03-17,PIT,DET,76,6.5,-100,-120
2024-03-17,STL,ANA,15,6.0,102,-118
2024-03-17,STL,ANA,30,6.5,110,-134
2024-03-17,STL,ANA,68,6.0,102,-122
2024-03-17,STL,ANA,69,5.5,-132,108
2024-03-17,STL,ANA,71,6.0,-104,-118
2024-03-17,STL,ANA,75,6.0,-110,-110
2024-03-17,STL,ANA,76,5.5,-125,105
2024-03-18,CGY,WSH,15,6.0,-106,-112
2024-03-18,CGY,WSH,30,5.5,-138,112
2024-03-18,CGY,WSH,68,6.0,-108,-112
2024-03-18,CGY,WSH,69,5.5,-140,114
2024-03-18,CGY,WSH,71,6.0,-109,-112
2024-03-18,CGY,WSH,75,6.0,-105,-115
2024-03-18,CGY,WSH,76,6.5,105,-125
2024-03-18,SEA,BUF,15,5.5,-118,-100
2024-03-18,SEA,BUF,30,5.5,-138,112
2024-03-18,SEA,BUF,68,5.5,-118,-102
2024-03-18,SEA,BUF,69,5.5,-124,102
2024-03-18,SEA,BUF,71,5.5,-121,100
2024-03-18,SEA,BUF,75,5.5,-115,-105
2024-03-18,SEA,BUF,76,5.5,-115,-105
2024-03-19,BOS,OTT,15,6.0,-105,-115
2024-03-19,BOS,OTT,30,6.5,-106,-114
2024-03-19,BOS,OTT,68,6.0,-105,-115
2024-03-19,BOS,OTT,69,5.5,-134,110
2024-03-19,BOS,OTT,71,6.0,-113,-108
2024-03-19,BOS,OTT,75,6.0,-105,-115
2024-03-19,BOS,OTT,76,6.5,105,-125
2024-03-19,PHI,TOR,15,6.5,-100,-121
2024-03-19,PHI,TOR,30,6.5,-100,-122
2024-03-19,PHI,TOR,68,6.5,102,-122
2024-03-19,PHI,TOR,69,6.5,-102,-120
2024-03-19,PHI,TOR,71,6.5,-104,-118
2024-03-19,PHI,TOR,75,6.5,100,-120
2024-03-19,PHI,TOR,76,6.5,-105,-115
2024-03-19,NYR,WPG,15,5.5,-112,-108
2024-03-19,NYR,WPG,30,5.5,-118,-104
2024-03-19,NYR,WPG,68,5.5,-112,-108
2024-03-19,NYR,WPG,69,5.5,-112,-108
2024-03-19,NYR,WPG,71,5.5,-107,-114
2024-03-19,NYR,WPG,75,5.5,-110,-110
2024-03-19,NYR,WPG,76,5.5,-110,-110
2024-03-19,NJ,PIT,15,6.5,-105,-115
2024-03-19,NJ,PIT,30,6.5,-104,-118
2024-03-19,NJ,PIT,68,6.5,-105,-115
2024-03-19,NJ,PIT,69,6.5,-106,-114
2024-03-19,NJ,PIT,71,6.5,-112,-109
2024-03-19,NJ,PIT,75,6.5,-105,-115
2024-03-19,NJ,PIT,76,6.5,-110,-110
2024-03-19,DET,CBJ,15,6.5,-125,105
2024-03-19,DET,CBJ,30,6.5,-122,-100
2024-03-19,DET,CBJ,68,6.5,-125,105
2024-03-19,DET,CBJ,69,6.5,-128,-100
2024-03-19,DET,CBJ,71,6.5,-124,-103
2024-03-19,DET,CBJ,75,6.5,-125,105
2024-03-19,DET,CBJ,76,6.5,-120,-100
2024-03-19,NYI,CAR,15,6.0,-105,-112
2024-03-19,NYI,CAR,30,6.5,106,-130
2024-03-19,NYI,CAR,68,6.0,-105,-115
2024-03-19,NYI,CAR,69,5.5,-130,106
2024-03-19,NYI,CAR,71,6.0,-104,-118
2024-03-19,NYI,CAR,75,6.0,-105,-115
2024-03-19,NYI,CAR,76,5.5,-120,-100
2024-03-19,NSH,SJ,15,6.0,-115,-107
2024-03-19,NSH,SJ,30,5.5,-142,116
2024-03-19,NSH,SJ,68,6.0,-115,-105
2024-03-19,NSH,SJ,69,6.5,108,-132
2024-03-19,NSH,SJ,71,6.0,-112,-109
2024-03-19,NSH,SJ,75,6.0,-110,-110
2024-03-19,NSH,SJ,76,6.5,115,-140
2024-03-19,STL,COL,15,6.5,-110,-110
2024-03-19,STL,COL,30,6.5,106,-130
2024-03-19,STL,COL,68,6.5,-110,-110
2024-03-19,STL,COL,69,6.5,-118,-104
2024-03-19,STL,COL,71,6.5,-104,-117
2024-03-19,STL,COL,75,6.5,-110,-110
2024-03-19,STL,COL,76,6.5,-100,-120
2024-03-19,EDM,MTL,15,6.5,-105,-115
2024-03-19,EDM,MTL,30,6.5,-105,-115
2024-03-19,EDM,MTL,68,6.5,-105,-115
2024-03-19,EDM,MTL,69,6.5,-102,-120
2024-03-19,EDM,MTL,71,6.5,-110,-110
2024-03-19,EDM,MTL,75,6.5,-105,-115
2024-03-19,EDM,MTL,76,6.5,-110,-110
2024-03-19,VGK,TB,15,6.5,-105,-115
2024-03-19,VGK,TB,30,6.5,106,-130
2024-03-19,VGK,TB,68,6.5,-105,-115
2024-03-19,VGK,TB,69,6.5,-102,-120
2024-03-19,VGK,TB,71,6.5,-103,-120
2024-03-19,VGK,TB,75,6.5,-105,-115
2024-03-19,VGK,TB,76,6.5,-105,-115
2024-03-19,ANA,MIN,15,6.0,102,-122
2024-03-19,ANA,MIN,30,6.5,-104,-118
2024-03-19,ANA,MIN,68,6.0,105,-125
2024-03-19,ANA,MIN,69,5.5,-122,-100
2024-03-19,ANA,MIN,71,5.5,-121,100
2024-03-19,ANA,MIN,75,5.5,-120,100
2024-03-19,ANA,MIN,76,5.5,-130,110
2024-03-19,LA,CHI,15,5.5,-118,-102
2024-03-19,LA,CHI,30,5.5,-122,-100
2024-03-19,LA,CHI,68,5.5,-118,-102
2024-03-19,LA,CHI,69,5.5,-120,-102
2024-03-19,LA,CHI,71,5.5,-121,100
2024-03-19,LA,CHI,75,5.5,-115,-105
2024-03-19,LA,CHI,76,5.5,-120,-100
2024-03-19,VAN,BUF,15,6.0,-115,-105
2024-03-19,VAN,BUF,30,6.5,-110,-110
2024-03-19,VAN,BUF,68,6.0,-115,-105
2024-03-19,VAN,BUF,69,6.5,106,-130
2024-03-19,VAN,BUF,71,6.5,100,-121
2024-03-19,VAN,BUF,75,6.0,-115,-105
2024-03-19,VAN,BUF,76,6.5,105,-125
2024-03-20,WSH,TOR,15,6.0,-107,-115
2024-03-20,WSH,TOR,30,6.5,105,-125
2024-03-20,WSH,TOR,68,6.0,-105,-115
2024-03-20,WSH,TOR,69,6.5,112,-138
2024-03-20,WSH,TOR,71,6.0,-121,-106
2024-03-20,WSH,TOR,75,6.0,-115,-105
2024-03-20,WSH,TOR,76,6.5,-170,130
2024-03-20,DAL,UTA,15,6.5,102,-122
2024-03-20,DAL,UTA,30,6.5,100,-120
2024-03-20,DAL,UTA,68,6.5,100,-120
2024-03-20,DAL,UTA,69,6.5,106,-130
2024-03-20,DAL,UTA,71,6.5,-104,-117
2024-03-20,DAL,UTA,75,6.5,100,-120
2024-03-20,DAL,UTA,76,6.5,-100,-120
2024-03-20,LA,MIN,15,5.5,-112,-108
2024-03-20,LA,MIN,30,6.0,-110,-110
2024-03-20,LA,MIN,68,5.5,-112,-108
2024-03-20,LA,MIN,69,5.5,-112,-108
2024-03-20,LA,MIN,71,5.5,-118,-104
2024-03-20,LA,MIN,75,5.5,-115,-105
2024-03-20,LA,MIN,76,5.5,-110,-110
2024-03-21,NJ,WPG,15,6.0,-122,102
2024-03-21,NJ,WPG,30,6.0,-110,-110
2024-03-21,NJ,WPG,68,6.0,-120,100
2024-03-21,NJ,WPG,69,6.5,104,-128
2024-03-21,NJ,WPG,71,6.0,-110,-110
2024-03-21,NJ,WPG,75,6.0,-110,-110
2024-03-21,NJ,WPG,76,6.5,105,-125
2024-03-21,CAR,PHI,15,6.0,-112,-106
2024-03-21,CAR,PHI,30,6.0,-125,105
2024-03-21,CAR,PHI,68,6.0,-112,-108
2024-03-21,CAR,PHI,69,5.5,-134,110
2024-03-21,CAR,PHI,71,6.0,-108,-113
2024-03-21,CAR,PHI,75,6.0,-120,100
2024-03-21,CAR,PHI,76,6.5,115,-140
2024-03-21,BOS,NYR,15,5.5,-130,110
2024-03-21,BOS,NYR,30,5.5,-120,100
2024-03-21,BOS,NYR,68,5.5,-130,110
2024-03-21,BOS,NYR,69,5.5,-122,-100
2024-03-21,BOS,NYR,71,5.5,-120,100
2024-03-21,BOS,NYR,75,5.5,-120,100
2024-03-21,BOS,NYR,76,6.5,110,-130
2024-03-21,DET,NYI,15,6.5,-102,-118
2024-03-21,DET,NYI,30,6.0,-125,105
2024-03-21,DET,NYI,68,6.5,-102,-118
2024-03-21,DET,NYI,69,6.5,-104,-118
2024-03-21,DET,NYI,71,6.0,-122,100
2024-03-21,DET,NYI,75,6.5,100,-120
2024-03-21,DET,NYI,76,6.5,-105,-115
2024-03-21,OTT,STL,15,6.5,-105,-115
2024-03-21,OTT,STL,30,6.5,-115,-105
2024-03-21,OTT,STL,68,6.5,-105,-115
2024-03-21,OTT,STL,69,6.5,-100,-122
2024-03-21,OTT,STL,71,6.5,-106,-115
2024-03-21,OTT,STL,75,6.5,-110,-110
2024-03-21,OTT,STL,76,6.5,-100,-120
2024-03-21,FLA,NSH,15,6.0,-130,110
2024-03-21,FLA,NSH,30,6.5,-120,100
2024-03-21,FLA,NSH,68,6.0,-130,110
2024-03-21,FLA,NSH,69,6.5,-105,-115
2024-03-21,FLA,NSH,71,6.5,102,-124
2024-03-21,FLA,NSH,75,6.5,-110,-110
2024-03-21,FLA,NSH,76,6.5,-100,-120
2024-03-21,EDM,BUF,15,6.0,-122,102
2024-03-21,EDM,BUF,30,6.5,-100,-120
2024-03-21,EDM,BUF,68,6.0,-122,102
2024-03-21,EDM,BUF,69,6.5,104,-128
2024-03-21,EDM,BUF,71,6.0,-124,102
2024-03-21,EDM,BUF,75,6.0,-120,100
2024-03-21,EDM,BUF,76,6.5,-100,-120
2024-03-21,VAN,MTL,15,6.5,102,-122
2024-03-21,VAN,MTL,30,6.5,100,-120
2024-03-21,VAN,MTL,68,6.5,102,-122
2024-03-21,VAN,MTL,69,6.5,104,-128
2024-03-21,VAN,MTL,71,6.5,-103,-120
2024-03-21,VAN,MTL,75,6.5,100,-120
2024-03-21,VAN,MTL,76,6.5,105,-125
2024-03-21,ANA,CHI,15,6.0,-115,-105
2024-03-21,ANA,CHI,30,6.0,-105,-115
2024-03-21,ANA,CHI,68,6.0,-115,-105
2024-03-21,ANA,CHI,69,6.5,104,-128
2024-03-21,ANA,CHI,71,6.0,-108,-113
2024-03-21,ANA,CHI,75,6.0,-115,-105
2024-03-21,ANA,CHI,76,6.5,110,-130
2024-03-21,SJ,TB,15,6.5,-106,-113
2024-03-21,SJ,TB,30,6.5,-110,-110
2024-03-21,SJ,TB,68,6.5,-108,-112
2024-03-21,SJ,TB,69,6.5,-104,-118
2024-03-21,SJ,TB,71,6.5,-120,-103
2024-03-21,SJ,TB,75,6.5,-120,100
2024-03-21,SJ,TB,76,6.5,-110,-110
2024-03-21,VGK,SEA,15,6.0,-105,-112
2024-03-21,VGK,SEA,30,6.5,-105,-115
2024-03-21,VGK,SEA,68,6.0,-105,-115
2024-03-21,VGK,SEA,69,5.5,-128,104
2024-03-21,VGK,SEA,71,6.0,100,-127
2024-03-21,VGK,SEA,75,6.0,-105,-115
2024-03-21,VGK,SEA,76,5.5,-130,110
2024-03-22,WSH,CAR,15,6.0,-108,-112
2024-03-22,WSH,CAR,30,5.5,-120,-100
2024-03-22,WSH,CAR,68,6.0,-108,-112
2024-03-22,WSH,CAR,69,5.5,-130,106
2024-03-22,WSH,CAR,71,5.5,-124,102
2024-03-22,WSH,CAR,75,6.0,-110,-110
2024-03-22,WSH,CAR,76,5.5,-130,110
2024-03-22,DAL,PIT,15,6.5,-106,-113
2024-03-22,DAL,PIT,30,6.5,100,-120
2024-03-22,DAL,PIT,68,6.5,-108,-112
2024-03-22,DAL,PIT,69,6.5,-105,-115
2024-03-22,DAL,PIT,71,6.5,-108,-113
2024-03-22,DAL,PIT,75,6.5,-105,-115
2024-03-22,DAL,PIT,76,6.5,-105,-115
2024-03-22,COL,CBJ,15,7.0,-106,-112
2024-03-22,COL,CBJ,30,6.5,-115,-105
2024-03-22,COL,CBJ,68,7.0,-108,-112
2024-03-22,COL,CBJ,69,6.5,-152,124
2024-03-22,COL,CBJ,71,7.0,100,-122
2024-03-22,COL,CBJ,75,7.0,110,-135
2024-03-22,COL,CBJ,76,6.5,-140,115
2024-03-22,UTA,SEA,15,5.5,-120,-100
2024-03-22,UTA,SEA,30,5.5,-120,-102
2024-03-22,UTA,SEA,68,5.5,-120,100
2024-03-22,UTA,SEA,69,5.5,-120,-102
2024-03-22,UTA,SEA,71,5.5,-120,-103
2024-03-22,UTA,SEA,75,5.5,-120,100
2024-03-22,UTA,SEA,76,5.5,-120,-100
2024-03-23,NYI,WPG,15,5.5,-108,-112
2024-03-23,NYI,WPG,30,5.5,-122,102
2024-03-23,NYI,WPG,68,5.5,-108,-112
2024-03-23,NYI,WPG,69,5.5,-108,-112
2024-03-23,NYI,WPG,71,5.5,102,-124
2024-03-23,NYI,WPG,75,5.5,-110,-110
2024-03-23,NYI,WPG,76,5.5,-110,-110
2024-03-23,PHI,BOS,15,6.0,-106,-112
2024-03-23,PHI,BOS,30,6.0,-115,-105
2024-03-23,PHI,BOS,68,6.0,-108,-112
2024-03-23,PHI,BOS,69,5.5,-140,110
2024-03-23,PHI,BOS,71,6.0,-103,-125
2024-03-23,PHI,BOS,75,6.0,-105,-115
2024-03-23,PHI,BOS,76,5.5,-125,105
2024-03-23,MIN,STL,15,5.5,-122,102
2024-03-23,MIN,STL,30,6.0,100,-120
2024-03-23,MIN,STL,68,5.5,-122,102
2024-03-23,MIN,STL,69,5.5,-128,104
2024-03-23,MIN,STL,71,6.0,100,-125
2024-03-23,MIN,STL,75,5.5,-125,105
2024-03-23,MIN,STL,76,5.5,-125,105
2024-03-23,NSH,DET,15,6.5,-115,-105
2024-03-23,NSH,DET,30,6.0,-120,100
2024-03-23,NSH,DET,68,6.5,-115,-105
2024-03-23,NSH,DET,69,6.5,-112,-108
2024-03-23,NSH,DET,71,6.5,-104,-117
2024-03-23,NSH,DET,75,6.5,-110,-110
2024-03-23,NSH,DET,76,6.5,-115,-105
2024-03-23,NJ,OTT,15,6.5,-118,-102
2024-03-23,NJ,OTT,30,6.0,-120,100
2024-03-23,NJ,OTT,68,6.5,-118,-102
2024-03-23,NJ,OTT,69,6.5,-120,-102
2024-03-23,NJ,OTT,71,6.5,-125,104
2024-03-23,NJ,OTT,75,6.5,-120,100
2024-03-23,NJ,OTT,76,6.5,-120,-100
2024-03-23,TOR,EDM,15,6.5,-113,-106
2024-03-23,TOR,EDM,30,6.5,-110,-110
2024-03-23,TOR,EDM,68,6.5,-115,-105
2024-03-23,TOR,EDM,69,6.5,-112,-108
2024-03-23,TOR,EDM,71,6.5,-127,100
2024-03-23,TOR,EDM,75,6.5,-120,100
2024-03-23,TOR,EDM,76,6.5,-125,105
2024-03-23,NYR,FLA,15,6.0,-102,-116
2024-03-23,NYR,FLA,30,6.0,-120,-100
2024-03-23,NYR,FLA,68,6.0,-102,-118
2024-03-23,NYR,FLA,69,5.5,-124,102
2024-03-23,NYR,FLA,71,6.0,-108,-118
2024-03-23,NYR,FLA,75,6.0,-105,-115
2024-03-23,NYR,FLA,76,5.5,-125,105
2024-03-23,VAN,CGY,15,6.0,-119,-102
2024-03-23,VAN,CGY,30,6.0,-125,105
2024-03-23,VAN,CGY,68,6.0,-118,-102
2024-03-23,VAN,CGY,69,6.5,110,-134
2024-03-23,VAN,CGY,71,6.5,100,-127
2024-03-23,VAN,CGY,75,6.0,-120,100
2024-03-23,VAN,CGY,76,6.5,-100,-120
2024-03-23,VGK,CBJ,15,6.5,-115,-105
2024-03-23,VGK,CBJ,30,6.0,-125,105
2024-03-23,VGK,CBJ,68,6.5,-115,-105
2024-03-23,VGK,CBJ,69,6.5,-114,-106
2024-03-23,VGK,CBJ,71,6.5,-112,-114
2024-03-23,VGK,CBJ,75,6.5,-105,-115
2024-03-23,VGK,CBJ,76,6.5,-115,-105
2024-03-23,SJ,CHI,15,6.0,-109,-112
2024-03-23,SJ,CHI,30,6.5,-100,-120
2024-03-23,SJ,CHI,68,6.0,-108,-112
2024-03-23,SJ,CHI,69,6.5,106,-130
2024-03-23,SJ,CHI,71,6.0,-118,-107
2024-03-23,SJ,CHI,75,6.0,-110,-110
2024-03-23,SJ,CHI,76,6.5,110,-130
2024-03-23,LA,TB,15,6.0,-100,-117
2024-03-23,LA,TB,30,6.0,-115,-105
2024-03-23,LA,TB,68,6.0,100,-120
2024-03-23,LA,TB,69,5.5,-130,106
2024-03-23,LA,TB,71,6.0,-112,-109
2024-03-23,LA,TB,75,6.0,-105,-115
2024-03-23,LA,TB,76,5.5,-125,105
2024-03-24,WSH,WPG,15,5.5,-116,-103
2024-03-24,WSH,WPG,30,5.5,-120,100
2024-03-24,WSH,WPG,68,5.5,-118,-102
2024-03-24,WSH,WPG,69,5.5,-110,-110
2024-03-24,WSH,WPG,71,5.5,-122,100
2024-03-24,WSH,WPG,75,5.5,-120,100
2024-03-24,WSH,WPG,76,5.5,-120,-100
2024-03-24,COL,PIT,15,6.5,-135,114
2024-03-24,COL,PIT,30,6.5,-105,-115
2024-03-24,COL,PIT,68,6.5,-135,114
2024-03-24,COL,PIT,69,6.5,-138,112
2024-03-24,COL,PIT,71,6.5,-125,102
2024-03-24,COL,PIT,75,6.5,-115,-105
2024-03-24,COL,PIT,76,6.5,-140,115
2024-03-24,NYI,NJ,15,6.5,-105,-115
2024-03-24,NYI,NJ,30,6.5,-105,-115
2024-03-24,NYI,NJ,68,6.5,-105,-115
2024-03-24,NYI,NJ,69,6.5,-110,-110
2024-03-24,NYI,NJ,71,6.5,-106,-115
2024-03-24,NYI,NJ,75,6.5,-105,-115
2024-03-24,NYI,NJ,76,6.5,-110,-110
2024-03-24,PHI,FLA,15,6.0,-105,-115
2024-03-24,PHI,FLA,30,6.0,100,-120
2024-03-24,PHI,FLA,68,6.0,-105,-115
2024-03-24,PHI,FLA,69,5.5,-140,114
2024-03-24,PHI,FLA,71,6.0,-104,-118
2024-03-24,PHI,FLA,75,6.0,-105,-115
2024-03-24,PHI,FLA,76,5.5,-130,110
2024-03-24,OTT,EDM,15,6.5,-130,108
2024-03-24,OTT,EDM,30,6.5,-120,100
2024-03-24,OTT,EDM,68,6.5,-130,110
2024-03-24,OTT,EDM,69,6.5,-132,108
2024-03-24,OTT,EDM,71,7.0,115,-139
2024-03-24,OTT,EDM,75,6.5,-130,105
2024-03-24,OTT,EDM,76,6.5,-130,110
2024-03-24,CAR,TOR,15,6.5,100,-122
2024-03-24,CAR,TOR,30,6.5,-105,-115
2024-03-24,CAR,TOR,68,6.5,102,-122
2024-03-24,CAR,TOR,69,6.5,-100,-122
2024-03-24,CAR,TOR,71,6.0,-127,100
2024-03-24,CAR,TOR,75,6.5,100,-120
2024-03-24,CAR,TOR,76,6.5,-105,-115
2024-03-24,UTA,DAL,15,6.5,-115,-105
2024-03-24,UTA,DAL,30,6.0,-120,100
2024-03-24,UTA,DAL,68,6.5,-115,-105
2024-03-24,UTA,DAL,69,6.5,-108,-112
2024-03-24,UTA,DAL,71,6.5,-118,-104
2024-03-24,UTA,DAL,75,6.5,-125,105
2024-03-24,UTA,DAL,76,6.5,-130,110
2024-03-24,ANA,TB,15,6.5,-112,-108
2024-03-24,ANA,TB,30,6.5,-110,-110
2024-03-24,ANA,TB,68,6.5,-112,-108
2024-03-24,ANA,TB,69,6.5,-112,-108
2024-03-24,ANA,TB,71,6.5,-113,-108
2024-03-24,ANA,TB,75,6.5,-110,-110
2024-03-24,ANA,TB,76,6.5,-110,-110
2024-03-24,CGY,BUF,15,6.0,-122,102
2024-03-24,CGY,BUF,30,6.5,100,-120
2024-03-24,CGY,BUF,68,6.0,-122,102
2024-03-24,CGY,BUF,69,6.5,-106,-114
2024-03-24,CGY,BUF,71,6.0,-121,100
2024-03-24,CGY,BUF,75,6.0,-120,100
2024-03-24,CGY,BUF,76,6.5,-100,-120
2024-03-24,SEA,MTL,15,5.5,-115,-105
2024-03-24,SEA,MTL,30,6.0,-110,-110
2024-03-24,SEA,MTL,68,5.5,-115,-105
2024-03-24,SEA,MTL,69,5.5,-115,-105
2024-03-24,SEA,MTL,71,5.5,-120,-103
2024-03-24,SEA,MTL,75,5.5,-115,-105
2024-03-24,SEA,MTL,76,5.5,-120,-100
2024-03-25,STL,VGK,15,6.0,-120,-100
2024-03-25,STL,VGK,30,6.5,108,-132
2024-03-25,STL,VGK,68,6.0,-120,100
2024-03-25,STL,VGK,69,6.5,112,-138
2024-03-25,STL,VGK,71,6.0,-110,-110
2024-03-25,STL,VGK,75,6.0,-120,100
2024-03-25,STL,VGK,76,6.5,105,-125
2024-03-25,VAN,LA,15,5.5,-100,-120
2024-03-25,VAN,LA,30,6.5,-112,-110
2024-03-25,VAN,LA,68,5.5,100,-120
2024-03-25,VAN,LA,69,5.5,106,-130
2024-03-25,VAN,LA,71,5.5,-110,-110
2024-03-25,VAN,LA,75,5.5,100,-120
2024-03-25,VAN,LA,76,5.5,-105,-115
2024-03-26,WSH,DET,15,6.0,-115,-105
2024-03-26,WSH,DET,30,6.0,-115,-105
2024-03-26,WSH,DET,68,6.0,-115,-105
2024-03-26,WSH,DET,69,6.5,110,-134
2024-03-26,WSH,DET,71,6.0,-121,-106
2024-03-26,WSH,DET,75,6.0,-115,-105
2024-03-26,WSH,DET,76,6.5,-100,-120
2024-03-26,PIT,CAR,15,6.0,-122,102
2024-03-26,PIT,CAR,30,6.5,100,-120
2024-03-26,PIT,CAR,68,6.0,-122,102
2024-03-26,PIT,CAR,69,6.5,106,-130
2024-03-26,PIT,CAR,71,6.0,-127,102
2024-03-26,PIT,CAR,75,6.0,-120,100
2024-03-26,PIT,CAR,76,6.5,-100,-120
2024-03-26,FLA,BOS,15,6.0,-100,-117
2024-03-26,FLA,BOS,30,6.0,-120,100
2024-03-26,FLA,BOS,68,6.0,100,-120
2024-03-26,FLA,BOS,69,5.5,-132,108
2024-03-26,FLA,BOS,71,6.0,100,-122
2024-03-26,FLA,BOS,75,6.0,-105,-115
2024-03-26,FLA,BOS,76,5.5,-130,110
2024-03-26,NYR,PHI,15,5.5,-118,-102
2024-03-26,NYR,PHI,30,6.0,-105,-115
2024-03-26,NYR,PHI,68,5.5,-118,-102
2024-03-26,NYR,PHI,69,5.5,-118,-104
2024-03-26,NYR,PHI,71,5.5,-124,-103
2024-03-26,NYR,PHI,75,5.5,-120,100
2024-03-26,NYR,PHI,76,5.5,-120,-100
2024-03-26,TOR,NJ,15,6.5,-115,-105
2024-03-26,TOR,NJ,30,6.5,105,-125
2024-03-26,TOR,NJ,68,6.5,-112,-108
2024-03-26,TOR,NJ,69,6.5,-120,-102
2024-03-26,TOR,NJ,71,6.5,-124,102
2024-03-26,TOR,NJ,75,6.5,-120,100
2024-03-26,TOR,NJ,76,6.5,-125,105
2024-03-26,WPG,EDM,15,6.0,-113,-108
2024-03-26,WPG,EDM,30,6.5,-105,-115
2024-03-26,WPG,EDM,68,6.0,-112,-108
2024-03-26,WPG,EDM,69,6.5,114,-140
2024-03-26,WPG,EDM,71,6.0,-110,-109
2024-03-26,WPG,EDM,75,6.0,-115,-105
2024-03-26,WPG,EDM,76,6.5,110,-130
2024-03-26,NSH,VGK,15,6.0,-132,112
2024-03-26,NSH,VGK,30,6.0,-110,-110
2024-03-26,NSH,VGK,68,6.0,-130,110
2024-03-26,NSH,VGK,69,6.5,106,-130
2024-03-26,NSH,VGK,71,6.0,-117,-105
2024-03-26,NSH,VGK,75,6.0,-120,100
2024-03-26,NSH,VGK,76,6.5,-100,-120
2024-03-26,CHI,CGY,15,6.0,-115,-102
2024-03-26,CHI,CGY,30,6.0,-110,-110
2024-03-26,CHI,CGY,68,6.0,-115,-105
2024-03-26,CHI,CGY,69,5.5,-140,114
2024-03-26,CHI,CGY,71,6.0,-108,-112
2024-03-26,CHI,CGY,75,6.0,-115,-105
2024-03-26,CHI,CGY,76,6.5,105,-125
2024-03-26,COL,MTL,15,6.5,-115,-105
2024-03-26,COL,MTL,30,6.5,-115,-105
2024-03-26,COL,MTL,68,6.5,-115,-105
2024-03-26,COL,MTL,69,6.5,-120,-104
2024-03-26,COL,MTL,71,6.5,-120,-103
2024-03-26,COL,MTL,75,6.5,-115,-105
2024-03-26,COL,MTL,76,6.5,-115,-105
2024-03-26,UTA,CBJ,15,6.5,-118,-102
2024-03-26,UTA,CBJ,30,6.5,-115,-105
2024-03-26,UTA,CBJ,68,6.5,-118,-102
2024-03-26,UTA,CBJ,69,6.5,-122,-100
2024-03-26,UTA,CBJ,71,6.5,-118,-104
2024-03-26,UTA,CBJ,75,6.5,-115,-105
2024-03-26,UTA,CBJ,76,6.5,-120,-100
2024-03-26,SEA,ANA,15,5.5,-112,-108
2024-03-26,SEA,ANA,30,6.0,-116,-104
2024-03-26,SEA,ANA,68,5.5,-112,-108
2024-03-26,SEA,ANA,69,5.5,-112,-108
2024-03-26,SEA,ANA,71,5.5,-114,-106
2024-03-26,SEA,ANA,75,5.5,-115,-105
2024-03-26,SEA,ANA,76,5.5,-115,-105
2024-03-26,SJ,DAL,15,6.5,105,-125
2024-03-26,SJ,DAL,30,6.5,104,-128
2024-03-26,SJ,DAL,68,6.5,105,-125
2024-03-26,SJ,DAL,69,6.5,-102,-120
2024-03-26,SJ,DAL,71,6.5,-106,-115
2024-03-26,SJ,DAL,75,6.5,100,-120
2024-03-26,SJ,DAL,76,8.5,350,-450
2024-03-27,BUF,OTT,15,6.5,105,-125
2024-03-27,BUF,OTT,30,6.5,-122,-100
2024-03-27,BUF,OTT,68,6.5,105,-125
2024-03-27,BUF,OTT,69,6.5,110,-134
2024-03-27,BUF,OTT,71,6.5,-103,-120
2024-03-27,BUF,OTT,75,6.5,105,-125
2024-03-27,BUF,OTT,76,6.5,-100,-120
2024-03-27,TB,BOS,15,6.0,-113,-108
2024-03-27,TB,BOS,30,5.5,-132,108
2024-03-27,TB,BOS,68,6.0,-112,-108
2024-03-27,TB,BOS,69,6.5,114,-140
2024-03-27,TB,BOS,71,6.0,-110,-110
2024-03-27,TB,BOS,75,6.0,-110,-110
2024-03-27,TB,BOS,76,6.5,110,-130
2024-03-28,TOR,WSH,15,6.5,101,-121
2024-03-28,TOR,WSH,30,6.5,105,-125
2024-03-28,TOR,WSH,68,6.5,-102,-118
2024-03-28,TOR,WSH,69,6.5,106,-130
2024-03-28,TOR,WSH,71,6.5,100,-120
2024-03-28,TOR,WSH,75,6.5,100,-120
2024-03-28,TOR,WSH,76,6.5,-110,-110
2024-03-28,MTL,PHI,15,6.0,-108,-111
2024-03-28,MTL,PHI,30,6.0,-110,-110
2024-03-28,MTL,PHI,68,6.0,-108,-112
2024-03-28,MTL,PHI,69,5.5,-134,110
2024-03-28,MTL,PHI,71,6.0,-108,-113
2024-03-28,MTL,PHI,75,6.0,-110,-110
2024-03-28,MTL,PHI,76,6.5,110,-130
2024-03-28,FLA,NYI,15,6.0,-112,-106
2024-03-28,FLA,NYI,30,6.5,100,-120
2024-03-28,FLA,NYI,68,6.0,-112,-108
2024-03-28,FLA,NYI,69,5.5,-140,114
2024-03-28,FLA,NYI,71,6.0,-117,-108
2024-03-28,FLA,NYI,75,6.0,-115,-105
2024-03-28,FLA,NYI,76,6.5,110,-130
2024-03-28,OTT,CHI,15,6.5,-105,-115
2024-03-28,OTT,CHI,30,6.5,110,-130
2024-03-28,OTT,CHI,68,6.5,-105,-115
2024-03-28,OTT,CHI,69,6.5,-102,-120
2024-03-28,OTT,CHI,71,6.5,-109,-112
2024-03-28,OTT,CHI,75,6.5,100,-120
2024-03-28,OTT,CHI,76,6.5,-110,-110
2024-03-28,PIT,CBJ,15,6.5,-122,-100
2024-03-28,PIT,CBJ,30,6.0,-130,110
2024-03-28,PIT,CBJ,68,6.5,-122,102
2024-03-28,PIT,CBJ,69,6.5,-120,-102
2024-03-28,PIT,CBJ,71,6.5,-121,100
2024-03-28,PIT,CBJ,75,6.5,-125,105
2024-03-28,PIT,CBJ,76,6.5,-125,105
2024-03-28,CAR,DET,15,6.0,-125,105
2024-03-28,CAR,DET,30,6.0,-115,-105
2024-03-28,CAR,DET,68,6.0,-125,105
2024-03-28,CAR,DET,69,6.5,104,-128
2024-03-28,CAR,DET,71,6.5,100,-121
2024-03-28,CAR,DET,75,6.0,-125,100
2024-03-28,CAR,DET,76,6.5,-105,-115
2024-03-28,MIN,SJ,15,6.0,-115,-105
2024-03-28,MIN,SJ,30,6.0,-120,-100
2024-03-28,MIN,SJ,68,6.0,-115,-105
2024-03-28,MIN,SJ,69,6.5,108,-132
2024-03-28,MIN,SJ,71,6.0,-114,-112
2024-03-28,MIN,SJ,75,6.0,-115,-105
2024-03-28,MIN,SJ,76,6.5,110,-130
2024-03-28,STL,CGY,15,6.0,-118,-103
2024-03-28,STL,CGY,30,6.0,-110,-110
2024-03-28,STL,CGY,68,6.0,-118,-102
2024-03-28,STL,CGY,69,6.5,104,-128
2024-03-28,STL,CGY,71,6.0,-112,-109
2024-03-28,STL,CGY,75,6.0,-115,-105
2024-03-28,STL,CGY,76,6.5,105,-125
2024-03-28,WPG,VGK,15,5.5,-120,-100
2024-03-28,WPG,VGK,30,6.0,100,-120
2024-03-28,WPG,VGK,68,5.5,-120,100
2024-03-28,WPG,VGK,69,5.5,-120,-102
2024-03-28,WPG,VGK,71,5.5,-115,-106
2024-03-28,WPG,VGK,75,5.5,-120,100
2024-03-28,WPG,VGK,76,5.5,-115,-105
2024-03-28,COL,NYR,15,6.5,-105,-115
2024-03-28,COL,NYR,30,6.5,105,-125
2024-03-28,COL,NYR,68,6.5,-105,-115
2024-03-28,COL,NYR,69,6.5,-106,-114
2024-03-28,COL,NYR,71,6.5,-103,-120
2024-03-28,COL,NYR,75,6.5,-105,-115
2024-03-28,COL,NYR,76,6.5,-110,-110
2024-03-28,EDM,LA,15,6.0,-122,102
2024-03-28,EDM,LA,30,6.5,-110,-110
2024-03-28,EDM,LA,68,6.0,-122,102
2024-03-28,EDM,LA,69,6.5,106,-130
2024-03-28,EDM,LA,71,6.0,-127,100
2024-03-28,EDM,LA,75,6.0,-120,100
2024-03-28,EDM,LA,76,6.5,-110,-110
2024-03-28,UTA,NSH,15,6.0,-110,-110
2024-03-28,UTA,NSH,30,6.0,-110,-110
2024-03-28,UTA,NSH,68,6.0,-110,-110
2024-03-28,UTA,NSH,69,6.5,116,-142
2024-03-28,UTA,NSH,71,6.0,-105,-121
2024-03-28,UTA,NSH,75,6.0,-110,-110
2024-03-28,UTA,NSH,76,6.0,-115,-105
2024-03-28,SEA,ANA,15,5.5,-115,-105
2024-03-28,SEA,ANA,30,6.0,-105,-115
2024-03-28,SEA,ANA,68,5.5,-115,-105
2024-03-28,SEA,ANA,69,5.5,-115,-105
2024-03-28,SEA,ANA,71,5.5,-115,-110
2024-03-28,SEA,ANA,75,5.5,-115,-105
2024-03-28,SEA,ANA,76,5.5,-115,-105
2024-03-28,VAN,DAL,15,6.0,-115,-105
2024-03-28,VAN,DAL,30,6.0,-110,-110
2024-03-28,VAN,DAL,68,6.0,-115,-105
2024-03-28,VAN,DAL,69,6.5,104,-128
2024-03-28,VAN,DAL,71,6.0,-112,-109
2024-03-28,VAN,DAL,75,6.0,-115,-105
2024-03-28,VAN,DAL,76,5.5,-130,110
2024-03-29,BUF,NJ,15,6.5,-123,102
2024-03-29,BUF,NJ,30,6.5,-115,-105
2024-03-29,BUF,NJ,68,6.5,-125,105
2024-03-29,BUF,NJ,69,6.5,-122,-100
2024-03-29,BUF,NJ,71,6.5,-117,-105
2024-03-29,BUF,NJ,75,6.5,-115,-105
2024-03-29,BUF,NJ,76,6.5,-115,-105
2024-03-30,FLA,DET,15,6.0,-122,102
2024-03-30,FLA,DET,30,6.0,-110,-110
2024-03-30,FLA,DET,68,6.0,-122,102
2024-03-30,FLA,DET,69,6.5,106,-130
2024-03-30,FLA,DET,71,6.0,-122,-104
2024-03-30,FLA,DET,75,6.0,-120,100
2024-03-30,FLA,DET,76,5.5,-115,-115
2024-03-30,MIN,VGK,15,5.5,-120,-100
2024-03-30,MIN,VGK,30,5.5,-120,100
2024-03-30,MIN,VGK,68,5.5,-120,100
2024-03-30,MIN,VGK,69,5.5,-115,-105
2024-03-30,MIN,VGK,71,5.5,-122,102
2024-03-30,MIN,VGK,75,5.5,-120,100
2024-03-30,MIN,VGK,76,5.5,-120,-100
2024-03-30,EDM,ANA,15,6.5,-103,-116
2024-03-30,EDM,ANA,30,6.5,-105,-115
2024-03-30,EDM,ANA,68,6.5,-102,-118
2024-03-30,EDM,ANA,69,6.5,-105,-115
2024-03-30,EDM,ANA,71,6.5,-107,-114
2024-03-30,EDM,ANA,75,6.5,-105,-115
2024-03-30,EDM,ANA,76,6.5,-105,-115
2024-03-30,UTA,NYR,15,6.0,-110,-110
2024-03-30,UTA,NYR,30,6.0,-110,-110
2024-03-30,UTA,NYR,68,6.0,-110,-110
2024-03-30,UTA,NYR,69,6.5,106,-130
2024-03-30,UTA,NYR,71,6.0,-108,-117
2024-03-30,UTA,NYR,75,6.0,-110,-110
2024-03-30,UTA,NYR,76,6.5,110,-130
2024-03-30,COL,NSH,15,6.5,-106,-113
2024-03-30,COL,NSH,30,6.0,-125,105
2024-03-30,COL,NSH,68,6.5,-105,-115
2024-03-30,COL,NSH,69,6.5,-108,-112
2024-03-30,COL,NSH,71,6.5,-103,-120
2024-03-30,COL,NSH,75,6.5,-105,-115
2024-03-30,COL,NSH,76,6.5,-110,-110
2024-03-30,BUF,TOR,15,6.5,-112,-108
2024-03-30,BUF,TOR,30,6.5,100,-120
2024-03-30,BUF,TOR,68,6.5,-112,-108
2024-03-30,BUF,TOR,69,6.5,-110,-110
2024-03-30,BUF,TOR,71,6.5,-106,-120
2024-03-30,BUF,TOR,75,6.5,-110,-110
2024-03-30,BUF,TOR,76,6.5,-115,-105
2024-03-30,WSH,BOS,15,5.5,-105,-115
2024-03-30,WSH,BOS,30,5.5,-114,-106
2024-03-30,WSH,BOS,68,5.5,-105,-115
2024-03-30,WSH,BOS,69,5.5,-110,-110
2024-03-30,WSH,BOS,71,5.5,-118,-107
2024-03-30,WSH,BOS,75,5.5,-115,-105
2024-03-30,WSH,BOS,76,5.5,-110,-110
2024-03-30,PHI,CHI,15,6.0,-135,114
2024-03-30,PHI,CHI,30,5.5,-130,110
2024-03-30,PHI,CHI,68,6.0,-135,114
2024-03-30,PHI,CHI,69,6.5,108,-132
2024-03-30,PHI,CHI,71,6.0,-118,-104
2024-03-30,PHI,CHI,75,6.5,100,-120
2024-03-30,PHI,CHI,76,6.5,-100,-120
2024-03-30,TB,NYI,15,6.5,108,-130
2024-03-30,TB,NYI,30,6.5,-100,-122
2024-03-30,TB,NYI,68,6.5,110,-130
2024-03-30,TB,NYI,69,6.5,106,-130
2024-03-30,TB,NYI,71,6.5,-103,-124
2024-03-30,TB,NYI,75,6.0,-120,100
2024-03-30,TB,NYI,76,6.5,-100,-120
2024-03-30,WPG,OTT,15,6.0,-112,-110
2024-03-30,WPG,OTT,30,6.0,-110,-110
2024-03-30,WPG,OTT,68,6.0,-110,-110
2024-03-30,WPG,OTT,69,6.5,108,-132
2024-03-30,WPG,OTT,71,6.0,-108,-113
2024-03-30,WPG,OTT,75,6.0,-110,-110
2024-03-30,WPG,OTT,76,6.5,110,-130
2024-03-30,CBJ,PIT,15,6.5,-116,-103
2024-03-30,CBJ,PIT,30,6.5,-110,-110
2024-03-30,CBJ,PIT,68,6.5,-118,-102
2024-03-30,CBJ,PIT,69,6.5,-115,-105
2024-03-30,CBJ,PIT,71,6.5,-120,-103
2024-03-30,CBJ,PIT,75,6.5,-115,-105
2024-03-30,CBJ,PIT,76,6.5,-120,-100
2024-03-30,MTL,CAR,15,6.0,-105,-115
2024-03-30,MTL,CAR,30,6.0,-110,-110
2024-03-30,MTL,CAR,68,6.0,-105,-115
2024-03-30,MTL,CAR,69,5.5,-128,104
2024-03-30,MTL,CAR,71,6.0,-107,-118
2024-03-30,MTL,CAR,75,6.0,-105,-115
2024-03-30,MTL,CAR,76,5.5,-130,110
2024-03-30,STL,SJ,15,6.0,105,-125
2024-03-30,STL,SJ,30,6.0,-110,-110
2024-03-30,STL,SJ,68,6.0,110,-130
2024-03-30,STL,SJ,69,5.5,-142,116
2024-03-30,STL,SJ,71,6.0,-114,-112
2024-03-30,STL,SJ,75,6.0,100,-120
2024-03-30,STL,SJ,76,5.5,-125,105
2024-03-30,CGY,LA,15,5.5,-118,-102
2024-03-30,CGY,LA,30,5.5,-115,-105
2024-03-30,CGY,LA,68,5.5,-118,-102
2024-03-30,CGY,LA,69,5.5,-118,-104
2024-03-30,CGY,LA,71,5.5,-118,-108
2024-03-30,CGY,LA,75,5.5,-115,-105
2024-03-30,CGY,LA,76,5.5,-115,-105
2024-03-30,SEA,DAL,15,6.0,101,-121
2024-03-30,SEA,DAL,30,6.0,-115,-105
2024-03-30,SEA,DAL,68,6.0,102,-122
2024-03-30,SEA,DAL,69,5.5,-132,108
2024-03-30,SEA,DAL,71,6.0,-110,-110
2024-03-30,SEA,DAL,75,6.0,-105,-115
2024-03-30,SEA,DAL,76,5.5,-125,105
2024-03-31,VAN,ANA,15,6.0,-120,-100
2024-03-31,VAN,ANA,30,6.0,-120,100
2024-03-31,VAN,ANA,68,6.0,-120,100
2024-03-31,VAN,ANA,69,6.5,102,-124
2024-03-31,VAN,ANA,71,6.0,-121,100
2024-03-31,VAN,ANA,75,6.0,-120,100
2024-03-31,VAN,ANA,76,6.0,-125,105
2024-04-01,NYR,PIT,15,6.0,-120,-105
2024-04-01,NYR,PIT,30,5.5,-128,104
2024-04-01,NYR,PIT,68,6.0,-115,-105
2024-04-01,NYR,PIT,69,6.5,112,-138
2024-04-01,NYR,PIT,71,6.0,-107,-114
2024-04-01,NYR,PIT,75,6.0,-115,-105
2024-04-01,NYR,PIT,76,6.5,105,-125
2024-04-01,TB,DET,15,6.5,-106,-113
2024-04-01,TB,DET,30,6.5,-102,-120
2024-04-01,TB,DET,68,6.5,-108,-112
2024-04-01,TB,DET,69,6.5,-104,-118
2024-04-01,TB,DET,71,6.5,-107,-118
2024-04-01,TB,DET,75,6.5,-105,-115
2024-04-01,TB,DET,76,6.5,-110,-110
2024-04-01,TOR,FLA,15,6.5,-100,-120
2024-04-01,TOR,FLA,30,6.5,104,-128
2024-04-01,TOR,FLA,68,6.5,100,-120
2024-04-01,TOR,FLA,69,6.5,106,-130
2024-04-01,TOR,FLA,71,6.5,-103,-120
2024-04-01,TOR,FLA,75,6.0,-120,100
2024-04-01,TOR,FLA,76,6.5,-100,-120
2024-04-01,CBJ,COL,15,6.5,-136,114
2024-04-01,CBJ,COL,30,6.5,-132,108
2024-04-01,CBJ,COL,68,6.5,-135,114
2024-04-01,CBJ,COL,69,6.5,-138,112
2024-04-01,CBJ,COL,71,6.5,-130,107
2024-04-01,CBJ,COL,75,6.5,-135,110
2024-04-01,CBJ,COL,76,6.5,-145,120
2024-04-01,PHI,NYI,15,6.0,-119,-102
2024-04-01,PHI,NYI,30,5.5,-122,-100
2024-04-01,PHI,NYI,68,6.0,-105,-115
2024-04-01,PHI,NYI,69,5.5,-134,110
2024-04-01,PHI,NYI,71,6.0,102,-122
2024-04-01,PHI,NYI,75,5.5,-125,100
2024-04-01,PHI,NYI,76,6.0,-100,-120
2024-04-01,WPG,LA,15,5.5,-107,-112
2024-04-01,WPG,LA,30,5.5,-128,104
2024-04-01,WPG,LA,68,5.5,-105,-115
2024-04-01,WPG,LA,69,5.5,-112,-108
2024-04-01,WPG,LA,71,5.5,-103,-120
2024-04-01,WPG,LA,75,5.5,-105,-115
2024-04-01,WPG,LA,76,5.5,-110,-110
2024-04-01,STL,EDM,15,6.5,-100,-120
2024-04-01,STL,EDM,30,6.5,102,-124
2024-04-01,STL,EDM,68,6.5,100,-120
2024-04-01,STL,EDM,69,6.5,102,-124
2024-04-01,STL,EDM,71,6.0,-124,102
2024-04-01,STL,EDM,75,6.5,100,-120
2024-04-01,STL,EDM,76,6.5,-100,-120
2024-04-01,SJ,SEA,15,5.5,-105,-115
2024-04-01,SJ,SEA,30,5.5,-132,108
2024-04-01,SJ,SEA,68,5.5,-105,-115
2024-04-01,SJ,SEA,69,5.5,-108,-112
2024-04-01,SJ,SEA,71,5.5,-113,-107
2024-04-01,SJ,SEA,75,5.5,-105,-115
2024-04-01,SJ,SEA,76,5.5,-110,-110
2024-04-02,NJ,PIT,15,6.5,-108,-112
2024-04-02,NJ,PIT,30,6.5,-100,-122
2024-04-02,NJ,PIT,68,6.5,-108,-112
2024-04-02,NJ,PIT,69,6.5,-105,-115
2024-04-02,NJ,PIT,71,6.5,-103,-120
2024-04-02,NJ,PIT,75,6.5,-105,-115
2024-04-02,NJ,PIT,76,6.5,-115,-115
2024-04-02,MTL,FLA,15,5.5,-110,-110
2024-04-02,MTL,FLA,30,6.0,-115,-105
2024-04-02,MTL,FLA,68,5.5,-110,-110
2024-04-02,MTL,FLA,69,5.5,-118,-104
2024-04-02,MTL,FLA,71,5.5,-118,-104
2024-04-02,MTL,FLA,75,5.5,-110,-110
2024-04-02,MTL,FLA,76,5.5,-110,-110
2024-04-02,BUF,WSH,15,6.0,-107,-110
2024-04-02,BUF,WSH,30,6.5,110,-134
2024-04-02,BUF,WSH,68,6.0,-110,-110
2024-04-02,BUF,WSH,69,5.5,-140,114
2024-04-02,BUF,WSH,71,6.0,-103,-120
2024-04-02,BUF,WSH,75,6.0,-105,-115
2024-04-02,BUF,WSH,76,6.5,105,-125
2024-04-02,NYI,CHI,15,6.0,-112,-107
2024-04-02,NYI,CHI,30,5.5,-120,100
2024-04-02,NYI,CHI,68,6.0,100,-120
2024-04-02,NYI,CHI,69,5.5,-122,-100
2024-04-02,NYI,CHI,71,6.0,102,-124
2024-04-02,NYI,CHI,75,5.5,-120,100
2024-04-02,NYI,CHI,76,5.5,-125,105
2024-04-02,MIN,OTT,15,6.0,-125,105
2024-04-02,MIN,OTT,30,6.5,-115,-105
2024-04-02,MIN,OTT,68,6.0,-125,105
2024-04-02,MIN,OTT,69,6.5,104,-128
2024-04-02,MIN,OTT,71,6.0,-124,102
2024-04-02,MIN,OTT,75,6.0,-125,105
2024-04-02,MIN,OTT,76,6.5,105,-125
2024-04-02,NSH,BOS,15,5.5,-120,-100
2024-04-02,NSH,BOS,30,5.5,-120,-102
2024-04-02,NSH,BOS,68,5.5,-120,100
2024-04-02,NSH,BOS,69,5.5,-118,-104
2024-04-02,NSH,BOS,71,5.5,-124,102
2024-04-02,NSH,BOS,75,5.5,-120,100
2024-04-02,NSH,BOS,76,5.5,-115,-105
2024-04-02,CGY,ANA,15,6.0,-113,-108
2024-04-02,CGY,ANA,30,6.0,-115,-105
2024-04-02,CGY,ANA,68,6.0,-112,-108
2024-04-02,CGY,ANA,69,6.5,108,-132
2024-04-02,CGY,ANA,71,6.0,-115,-106
2024-04-02,CGY,ANA,75,6.0,-110,-110
2024-04-02,CGY,ANA,76,6.5,-110,-110
2024-04-02,VGK,VAN,15,5.5,-115,-105
2024-04-02,VGK,VAN,30,5.5,-120,-102
2024-04-02,VGK,VAN,68,5.5,-115,-105
2024-04-02,VGK,VAN,69,5.5,-122,-100
2024-04-02,VGK,VAN,71,5.5,-114,-107
2024-04-02,VGK,VAN,75,5.5,-115,-105
2024-04-02,VGK,VAN,76,5.5,-115,-105
2024-04-03,NYR,NJ,15,6.5,-108,-112
2024-04-03,NYR,NJ,30,6.5,-105,-115
2024-04-03,NYR,NJ,68,6.5,-108,-112
2024-04-03,NYR,NJ,69,6.5,-105,-115
2024-04-03,NYR,NJ,71,6.5,-104,-118
2024-04-03,NYR,NJ,75,6.5,-110,-110
2024-04-03,NYR,NJ,76,6.5,-110,-110
2024-04-03,TOR,TB,15,6.5,-110,-110
2024-04-03,TOR,TB,30,6.5,-104,-118
2024-04-03,TOR,TB,68,6.5,-110,-110
2024-04-03,TOR,TB,69,6.5,-115,-105
2024-04-03,TOR,TB,71,6.5,-118,-104
2024-04-03,TOR,TB,75,6.5,-120,100
2024-04-03,TOR,TB,76,6.5,-110,-110
2024-04-03,DAL,EDM,15,6.5,-110,-110
2024-04-03,DAL,EDM,30,6.5,-106,-114
2024-04-03,DAL,EDM,68,6.5,-110,-112
2024-04-03,DAL,EDM,69,6.5,-114,-106
2024-04-03,DAL,EDM,71,6.5,-118,-108
2024-04-03,DAL,EDM,75,6.5,-110,-110
2024-04-03,DAL,EDM,76,6.5,-110,-110
2024-04-03,LA,SEA,15,5.5,100,-120
2024-04-03,LA,SEA,30,5.5,-134,110
2024-04-03,LA,SEA,68,5.5,100,-120
2024-04-03,LA,SEA,69,5.5,-100,-122
2024-04-03,LA,SEA,71,5.5,-106,-121
2024-04-03,LA,SEA,75,5.5,100,-120
2024-04-03,LA,SEA,76,5.5,-105,-115
2024-04-03,UTA,VAN,15,6.0,-130,110
2024-04-03,UTA,VAN,30,6.5,-100,-122
2024-04-03,UTA,VAN,68,6.0,-130,110
2024-04-03,UTA,VAN,69,6.5,102,-124
2024-04-03,UTA,VAN,71,6.0,-124,102
2024-04-03,UTA,VAN,75,6.0,-120,100
2024-04-03,UTA,VAN,76,6.5,-105,-115
2024-04-04,OTT,FLA,15,6.5,102,-123
2024-04-04,OTT,FLA,30,6.5,116,-142
2024-04-04,OTT,FLA,68,6.5,102,-122
2024-04-04,OTT,FLA,69,6.5,102,-124
2024-04-04,OTT,FLA,71,6.0,-127,100
2024-04-04,OTT,FLA,75,6.0,-120,100
2024-04-04,OTT,FLA,76,6.5,-105,-115
2024-04-04,WSH,PIT,15,6.0,-102,-116
2024-04-04,WSH,PIT,30,5.5,-134,110
2024-04-04,WSH,PIT,68,6.0,-102,-118
2024-04-04,WSH,PIT,69,5.5,-138,112
2024-04-04,WSH,PIT,71,6.0,-105,-117
2024-04-04,WSH,PIT,75,6.0,-105,-115
2024-04-04,WSH,PIT,76,5.5,-125,105
2024-04-04,CAR,BOS,15,5.5,-112,-108
2024-04-04,CAR,BOS,30,5.5,-125,105
2024-04-04,CAR,BOS,68,5.5,-112,-108
2024-04-04,CAR,BOS,69,5.5,-112,-108
2024-04-04,CAR,BOS,71,5.5,-115,-106
2024-04-04,CAR,BOS,75,5.5,-120,100
2024-04-04,CAR,BOS,76,5.5,-110,-110
2024-04-04,MTL,TB,15,6.5,-105,-115
2024-04-04,MTL,TB,30,6.5,-100,-122
2024-04-04,MTL,TB,68,6.5,-105,-115
2024-04-04,MTL,TB,69,6.5,-102,-120
2024-04-04,MTL,TB,71,6.5,-107,-118
2024-04-04,MTL,TB,75,6.5,-105,-115
2024-04-04,MTL,TB,76,6.5,-105,-115
2024-04-04,CBJ,NYI,15,6.0,-119,-102
2024-04-04,CBJ,NYI,30,6.0,-120,-101
2024-04-04,CBJ,NYI,68,6.0,-118,-102
2024-04-04,CBJ,NYI,69,6.5,104,-128
2024-04-04,CBJ,NYI,71,6.0,-122,100
2024-04-04,CBJ,NYI,75,6.0,-110,-110
2024-04-04,CBJ,NYI,76,6.5,-100,-120
2024-04-04,MIN,COL,15,6.0,-130,110
2024-04-04,MIN,COL,30,6.5,-100,-122
2024-04-04,MIN,COL,68,6.0,-130,110
2024-04-04,MIN,COL,69,6.5,104,-128
2024-04-04,MIN,COL,71,6.5,100,-127
2024-04-04,MIN,COL,75,6.0,-120,100
2024-04-04,MIN,COL,76,6.5,105,-125
2024-04-04,WPG,CGY,15,6.0,-106,-112
2024-04-04,WPG,CGY,30,5.5,-118,-104
2024-04-04,WPG,CGY,68,6.0,-108,-112
2024-04-04,WPG,CGY,69,5.5,-130,106
2024-04-04,WPG,CGY,71,6.0,102,-124
2024-04-04,WPG,CGY,75,6.0,-105,-115
2024-04-04,WPG,CGY,76,5.5,-130,110
2024-04-04,NSH,STL,15,6.0,-105,-110
2024-04-04,NSH,STL,30,5.5,-132,108
2024-04-04,NSH,STL,68,6.0,-105,-115
2024-04-04,NSH,STL,69,5.5,-130,106
2024-04-04,NSH,STL,71,6.0,-103,-120
2024-04-04,NSH,STL,75,6.0,-105,-115
2024-04-04,NSH,STL,76,5.5,-130,110
2024-04-04,SJ,LA,15,5.5,-104,-116
2024-04-04,SJ,LA,30,5.5,-122,-100
2024-04-04,SJ,LA,68,5.5,-105,-115
2024-04-04,SJ,LA,69,5.5,-104,-118
2024-04-04,SJ,LA,71,5.5,-113,-108
2024-04-04,SJ,LA,75,5.5,100,-120
2024-04-04,SJ,LA,76,5.5,-110,-110
2024-04-05,CAR,WSH,15,6.0,-102,-116
2024-04-05,CAR,WSH,30,6.0,-110,-110
2024-04-05,CAR,WSH,68,6.0,-102,-118
2024-04-05,CAR,WSH,69,5.5,-134,110
2024-04-05,CAR,WSH,71,6.0,102,-122
2024-04-05,CAR,WSH,75,6.0,-105,-115
2024-04-05,CAR,WSH,76,5.5,-140,115
2024-04-05,BUF,PHI,15,6.0,-117,-105
2024-04-05,BUF,PHI,30,6.5,-105,-115
2024-04-05,BUF,PHI,68,6.0,-115,-105
2024-04-05,BUF,PHI,69,6.5,106,-130
2024-04-05,BUF,PHI,71,6.0,-106,-114
2024-04-05,BUF,PHI,75,6.0,-115,-105
2024-04-05,BUF,PHI,76,6.5,-100,-120
2024-04-05,DET,NYR,15,6.0,-115,-105
2024-04-05,DET,NYR,30,6.0,-110,-110
2024-04-05,DET,NYR,68,6.0,-115,-105
2024-04-05,DET,NYR,69,6.5,-102,-120
2024-04-05,DET,NYR,71,6.0,-114,-107
2024-04-05,DET,NYR,75,6.0,-115,-105
2024-04-05,DET,NYR,76,6.5,110,-130
2024-04-05,EDM,COL,15,6.5,-133,112
2024-04-05,EDM,COL,30,6.5,100,-120
2024-04-05,EDM,COL,68,6.5,-135,114
2024-04-05,EDM,COL,69,6.5,-132,108
2024-04-05,EDM,COL,71,6.5,-139,110
2024-04-05,EDM,COL,75,6.5,-130,105
2024-04-05,EDM,COL,76,6.5,-130,110
2024-04-05,ANA,SEA,15,5.5,-109,-111
2024-04-05,ANA,SEA,30,5.5,-120,100
2024-04-05,ANA,SEA,68,5.5,-108,-112
2024-04-05,ANA,SEA,69,5.5,-110,-110
2024-04-05,ANA,SEA,71,5.5,-113,-108
2024-04-05,ANA,SEA,75,5.5,-110,-110
2024-04-05,ANA,SEA,76,5.5,-110,-110
2024-04-05,UTA,VGK,15,6.0,-125,105
2024-04-05,UTA,VGK,30,6.0,-105,-115
2024-04-05,UTA,VGK,68,6.0,-125,105
2024-04-05,UTA,VGK,69,6.5,102,-124
2024-04-05,UTA,VGK,71,6.0,-113,-112
2024-04-05,UTA,VGK,75,6.0,-120,100
2024-04-05,UTA,VGK,76,6.5,-100,-120
2024-04-06,PIT,TB,15,6.0,-125,105
2024-04-06,PIT,TB,30,6.0,-110,-110
2024-04-06,PIT,TB,68,6.0,-125,105
2024-04-06,PIT,TB,69,6.5,-102,-120
2024-04-06,PIT,TB,71,6.0,-115,-106
2024-04-06,PIT,TB,75,6.5,100,-130
2024-04-06,PIT,TB,76,6.5,-100,-120
2024-04-06,BOS,FLA,15,5.5,-112,-108
2024-04-06,BOS,FLA,30,6.0,100,-120
2024-04-06,BOS,FLA,68,5.5,-112,-108
2024-04-06,BOS,FLA,69,5.5,-110,-110
2024-04-06,BOS,FLA,71,5.5,-109,-112
2024-04-06,BOS,FLA,75,5.5,-115,-105
2024-04-06,BOS,FLA,76,5.5,-110,-110
2024-04-06,CHI,DAL,15,6.0,-105,-115
2024-04-06,CHI,DAL,30,6.0,-100,-120
2024-04-06,CHI,DAL,68,6.0,-105,-115
2024-04-06,CHI,DAL,69,5.5,-132,108
2024-04-06,CHI,DAL,71,6.0,100,-121
2024-04-06,CHI,DAL,75,6.0,-105,-115
2024-04-06,CHI,DAL,76,5.5,-130,110
2024-04-06,MIN,WPG,15,5.5,-131,108
2024-04-06,MIN,WPG,30,5.5,-115,-105
2024-04-06,MIN,WPG,68,5.5,-125,105
2024-04-06,MIN,WPG,69,5.5,-138,112
2024-04-06,MIN,WPG,71,6.0,100,-125
2024-04-06,MIN,WPG,75,5.5,-120,100
2024-04-06,MIN,WPG,76,5.5,-110,-110
2024-04-06,SJ,STL,15,6.0,-107,-115
2024-04-06,SJ,STL,30,6.0,-100,-120
2024-04-06,SJ,STL,68,6.0,-105,-115
2024-04-06,SJ,STL,69,6.5,110,-134
2024-04-06,SJ,STL,71,6.0,-103,-120
2024-04-06,SJ,STL,75,6.0,-105,-115
2024-04-06,SJ,STL,76,6.5,110,-130
2024-04-06,CBJ,PHI,15,6.5,-100,-120
2024-04-06,CBJ,PHI,30,6.0,-110,-110
2024-04-06,CBJ,PHI,68,6.5,100,-120
2024-04-06,CBJ,PHI,69,6.5,-100,-122
2024-04-06,CBJ,PHI,71,6.0,-120,-103
2024-04-06,CBJ,PHI,75,6.5,100,-120
2024-04-06,CBJ,PHI,76,6.5,-105,-115
2024-04-06,OTT,NJ,15,6.5,-110,-110
2024-04-06,OTT,NJ,30,6.5,-105,-115
2024-04-06,OTT,NJ,68,6.5,-110,-110
2024-04-06,OTT,NJ,69,6.5,-110,-110
2024-04-06,OTT,NJ,71,6.5,-114,-107
2024-04-06,OTT,NJ,75,6.5,-120,100
2024-04-06,OTT,NJ,76,6.5,-110,-110
2024-04-06,MTL,TOR,15,6.5,-105,-115
2024-04-06,MTL,TOR,30,6.5,110,-130
2024-04-06,MTL,TOR,68,6.5,-105,-115
2024-04-06,MTL,TOR,69,6.5,-105,-115
2024-04-06,MTL,TOR,71,6.5,102,-124
2024-04-06,MTL,TOR,75,6.5,-105,-115
2024-04-06,MTL,TOR,76,6.5,-110,-110
2024-04-06,NYI,NSH,15,6.0,-135,114
2024-04-06,NYI,NSH,30,5.5,-115,-105
2024-04-06,NYI,NSH,68,6.0,-135,114
2024-04-06,NYI,NSH,69,6.5,-104,-118
2024-04-06,NYI,NSH,71,6.5,100,-121
2024-04-06,NYI,NSH,75,6.5,100,-120
2024-04-06,NYI,NSH,76,6.5,-105,-115
2024-04-06,LA,VAN,15,5.5,-110,-110
2024-04-06,LA,VAN,30,5.5,-115,-105
2024-04-06,LA,VAN,68,5.5,-110,-110
2024-04-06,LA,VAN,69,5.5,-106,-114
2024-04-06,LA,VAN,71,5.5,-113,-108
2024-04-06,LA,VAN,75,5.5,-110,-110
2024-04-06,LA,VAN,76,5.5,-110,-110
2024-04-06,CGY,EDM,15,6.5,-115,-105
2024-04-06,CGY,EDM,30,6.5,-105,-115
2024-04-06,CGY,EDM,68,6.5,-115,-105
2024-04-06,CGY,EDM,69,6.5,-128,104
2024-04-06,CGY,EDM,71,6.5,-124,-103
2024-04-06,CGY,EDM,75,6.5,-115,-105
2024-04-06,CGY,EDM,76,6.5,-120,-100
2024-04-07,DET,BUF,15,6.5,-107,-112
2024-04-07,DET,BUF,30,6.0,-125,105
2024-04-07,DET,BUF,68,6.5,-105,-115
2024-04-07,DET,BUF,69,6.5,-110,-110
2024-04-07,DET,BUF,71,6.5,-107,-114
2024-04-07,DET,BUF,75,6.5,-105,-115
2024-04-07,DET,BUF,76,6.5,-100,-120
2024-04-07,CHI,MIN,15,5.5,-134,111
2024-04-07,CHI,MIN,30,5.5,-120,100
2024-04-07,CHI,MIN,68,5.5,-130,110
2024-04-07,CHI,MIN,69,5.5,-138,112
2024-04-07,CHI,MIN,71,6.0,100,-120
2024-04-07,CHI,MIN,75,6.0,-105,-115
2024-04-07,CHI,MIN,76,6.5,110,-130
2024-04-07,CAR,CBJ,15,6.0,-130,110
2024-04-07,CAR,CBJ,30,6.0,-125,105
2024-04-07,CAR,CBJ,68,6.0,-130,110
2024-04-07,CAR,CBJ,69,6.5,-100,-122
2024-04-07,CAR,CBJ,71,6.5,-108,-117
2024-04-07,CAR,CBJ,75,6.5,105,-125
2024-04-07,CAR,CBJ,76,6.5,-100,-120
2024-04-07,SJ,UTA,15,6.0,-110,-110
2024-04-07,SJ,UTA,30,6.0,100,-120
2024-04-07,SJ,UTA,68,6.0,-110,-110
2024-04-07,SJ,UTA,69,6.5,112,-140
2024-04-07,SJ,UTA,71,6.0,-112,-114
2024-04-07,SJ,UTA,75,6.0,-120,100
2024-04-07,SJ,UTA,76,6.5,105,-125
2024-04-07,WSH,OTT,15,6.0,-112,-105
2024-04-07,WSH,OTT,30,6.0,-110,-110
2024-04-07,WSH,OTT,68,6.0,-115,-105
2024-04-07,WSH,OTT,69,5.5,-130,106
2024-04-07,WSH,OTT,71,6.0,-117,-105
2024-04-07,WSH,OTT,75,6.0,-120,100
2024-04-07,WSH,OTT,76,6.5,105,-125
2024-04-07,NYR,MTL,15,6.0,-115,-105
2024-04-07,NYR,MTL,30,6.0,-110,-110
2024-04-07,NYR,MTL,68,6.0,-115,-105
2024-04-07,NYR,MTL,69,6.5,104,-128
2024-04-07,NYR,MTL,71,6.5,104,-125
2024-04-07,NYR,MTL,75,6.0,-115,-105
2024-04-07,NYR,MTL,76,6.5,110,-130
2024-04-07,NJ,NSH,15,6.5,-106,-115
2024-04-07,NJ,NSH,30,6.5,110,-130
2024-04-07,NJ,NSH,68,6.5,-105,-115
2024-04-07,NJ,NSH,69,6.5,-108,-112
2024-04-07,NJ,NSH,71,6.5,-109,-110
2024-04-07,NJ,NSH,75,6.5,-105,-115
2024-04-07,NJ,NSH,76,6.5,-110,-110
2024-04-07,ANA,STL,15,5.5,-122,102
2024-04-07,ANA,STL,30,6.0,100,-120
2024-04-07,ANA,STL,68,5.5,-122,102
2024-04-07,ANA,STL,69,5.5,-128,104
2024-04-07,ANA,STL,71,5.5,-124,102
2024-04-07,ANA,STL,75,5.5,-120,100
2024-04-07,ANA,STL,76,5.5,-110,-110
2024-04-07,COL,DAL,15,6.5,-106,-115
2024-04-07,COL,DAL,30,6.0,-105,-115
2024-04-07,COL,DAL,68,6.5,-110,-110
2024-04-07,COL,DAL,69,6.5,-102,-120
2024-04-07,COL,DAL,71,6.5,-117,-105
2024-04-07,COL,DAL,75,6.5,-105,-115
2024-04-07,COL,DAL,76,6.5,-110,-110
2024-04-08,TOR,PIT,15,6.5,-110,-110
2024-04-08,TOR,PIT,30,6.5,102,-124
2024-04-08,TOR,PIT,68,6.5,-110,-110
2024-04-08,TOR,PIT,69,6.5,-114,-106
2024-04-08,TOR,PIT,71,6.5,-112,-109
2024-04-08,TOR,PIT,75,6.5,-110,-110
2024-04-08,TOR,PIT,76,6.5,-110,-110
2024-04-08,VAN,VGK,15,6.0,-111,-108
2024-04-08,VAN,VGK,30,5.5,-122,-100
2024-04-08,VAN,VGK,68,6.0,-112,-108
2024-04-08,VAN,VGK,69,5.5,-138,112
2024-04-08,VAN,VGK,71,6.0,-110,-110
2024-04-08,VAN,VGK,75,6.0,-105,-115
2024-04-08,VAN,VGK,76,6.0,-110,-110
2024-04-09,NYI,NYR,15,5.5,-118,-102
2024-04-09,NYI,NYR,30,6.0,-105,-115
2024-04-09,NYI,NYR,68,5.5,-118,-102
2024-04-09,NYI,NYR,69,5.5,-118,-104
2024-04-09,NYI,NYR,71,5.5,-117,-105
2024-04-09,NYI,NYR,75,5.5,-115,-105
2024-04-09,NYI,NYR,76,5.5,-120,-100
2024-04-09,FLA,OTT,15,6.5,107,-129
2024-04-09,FLA,OTT,30,6.5,100,-120
2024-04-09,FLA,OTT,68,6.5,110,-130
2024-04-09,FLA,OTT,69,6.5,104,-128
2024-04-09,FLA,OTT,71,6.0,-118,-104
2024-04-09,FLA,OTT,75,6.0,-120,100
2024-04-09,FLA,OTT,76,6.0,-120,-100
2024-04-09,MTL,PHI,15,6.0,-110,-110
2024-04-09,MTL,PHI,30,6.0,-110,-110
2024-04-09,MTL,PHI,68,6.0,-110,-110
2024-04-09,MTL,PHI,69,5.5,-134,110
2024-04-09,MTL,PHI,71,6.0,-107,-114
2024-04-09,MTL,PHI,75,6.0,-110,-110
2024-04-09,MTL,PHI,76,5.5,-130,110
2024-04-09,BOS,CAR,15,5.5,-108,-112
2024-04-09,BOS,CAR,30,5.5,-120,100
2024-04-09,BOS,CAR,68,5.5,-108,-112
2024-04-09,BOS,CAR,69,5.5,-106,-114
2024-04-09,BOS,CAR,71,5.5,100,-121
2024-04-09,BOS,CAR,75,5.5,-110,-110
2024-04-09,BOS,CAR,76,5.5,-110,-110
2024-04-09,TB,CBJ,15,6.5,-125,105
2024-04-09,TB,CBJ,30,6.5,-125,105
2024-04-09,TB,CBJ,68,6.5,-125,105
2024-04-09,TB,CBJ,69,6.5,-132,108
2024-04-09,TB,CBJ,71,6.5,-125,100
2024-04-09,TB,CBJ,75,6.5,-125,105
2024-04-09,TB,CBJ,76,6.5,-130,110
2024-04-09,NJ,TOR,15,6.5,-110,-110
2024-04-09,NJ,TOR,30,6.5,-125,105
2024-04-09,NJ,TOR,68,6.5,-110,-110
2024-04-09,NJ,TOR,69,6.5,-110,-110
2024-04-09,NJ,TOR,71,6.5,-106,-115
2024-04-09,NJ,TOR,75,6.5,-110,-110
2024-04-09,NJ,TOR,76,6.5,-110,-110
2024-04-09,DET,WSH,15,6.0,-122,102
2024-04-09,DET,WSH,30,6.0,-120,100
2024-04-09,DET,WSH,68,6.0,-122,102
2024-04-09,DET,WSH,69,6.5,108,-132
2024-04-09,DET,WSH,71,6.0,-108,-113
2024-04-09,DET,WSH,75,6.0,-115,-105
2024-04-09,DET,WSH,76,6.5,105,-125
2024-04-09,NSH,WPG,15,5.5,-122,102
2024-04-09,NSH,WPG,30,5.5,-115,-105
2024-04-09,NSH,WPG,68,5.5,-122,102
2024-04-09,NSH,WPG,69,5.5,-124,102
2024-04-09,NSH,WPG,71,5.5,-117,-105
2024-04-09,NSH,WPG,75,5.5,-120,100
2024-04-09,NSH,WPG,76,5.5,-120,-100
2024-04-09,DAL,BUF,15,6.0,-122,102
2024-04-09,DAL,BUF,30,6.0,-125,105
2024-04-09,DAL,BUF,68,6.0,-122,102
2024-04-09,DAL,BUF,69,6.5,104,-128
2024-04-09,DAL,BUF,71,6.0,-124,102
2024-04-09,DAL,BUF,75,6.0,-120,100
2024-04-09,DAL,BUF,76,6.5,105,-125
2024-04-09,COL,MIN,15,6.5,-115,-105
2024-04-09,COL,MIN,30,6.5,-110,-110
2024-04-09,COL,MIN,68,6.5,-115,-105
2024-04-09,COL,MIN,69,6.5,-112,-108
2024-04-09,COL,MIN,71,6.5,-110,-110
2024-04-09,COL,MIN,75,6.5,-110,-110
2024-04-09,COL,MIN,76,6.5,-110,-110
2024-04-09,ANA,LA,15,5.5,-118,-102
2024-04-09,ANA,LA,30,5.5,-115,-105
2024-04-09,ANA,LA,68,5.5,-118,-102
2024-04-09,ANA,LA,69,5.5,-118,-104
2024-04-09,ANA,LA,71,5.5,-120,-106
2024-04-09,ANA,LA,75,5.5,-120,100
2024-04-09,ANA,LA,76,5.5,-115,-105
2024-04-09,SEA,UTA,15,6.0,-108,-112
2024-04-09,SEA,UTA,30,6.0,-105,-115
2024-04-09,SEA,UTA,68,6.0,-108,-112
2024-04-09,SEA,UTA,69,5.5,-138,112
2024-04-09,SEA,UTA,71,6.0,-106,-120
2024-04-09,SEA,UTA,75,6.0,-110,-110
2024-04-09,SEA,UTA,76,6.5,110,-130
2024-04-09,SJ,CGY,15,6.0,-116,-102
2024-04-09,SJ,CGY,30,6.5,-110,-110
2024-04-09,SJ,CGY,68,6.0,-118,-102
2024-04-09,SJ,CGY,69,5.5,-140,114
2024-04-09,SJ,CGY,71,6.0,-113,-108
2024-04-09,SJ,CGY,75,6.0,-115,-105
2024-04-09,SJ,CGY,76,6.5,110,-130
2024-04-10,STL,CHI,15,5.5,-115,-105
2024-04-10,STL,CHI,30,5.5,-140,114
2024-04-10,STL,CHI,68,5.5,-115,-105
2024-04-10,STL,CHI,69,5.5,-115,-105
2024-04-10,STL,CHI,71,5.5,-121,100
2024-04-10,STL,CHI,75,5.5,-115,-105
2024-04-10,STL,CHI,76,5.5,-115,-105
2024-04-10,EDM,VGK,15,6.0,-119,-102
2024-04-10,EDM,VGK,30,6.5,104,-128
2024-04-10,EDM,VGK,68,6.0,-118,-102
2024-04-10,EDM,VGK,69,6.5,108,-132
2024-04-10,EDM,VGK,71,6.5,100,-125
2024-04-10,EDM,VGK,75,6.0,-115,-105
2024-04-10,EDM,VGK,76,6.5,105,-125
2024-04-10,VAN,UTA,15,6.5,-110,-109
2024-04-10,VAN,UTA,30,6.5,104,-128
2024-04-10,VAN,UTA,68,6.0,-122,102
2024-04-10,VAN,UTA,69,6.5,-100,-122
2024-04-10,VAN,UTA,71,6.0,-125,104
2024-04-10,VAN,UTA,75,6.0,-120,100
2024-04-10,VAN,UTA,76,6.5,-100,-120
2024-04-11,TB,OTT,15,6.5,-125,105
2024-04-11,TB,OTT,30,6.5,-110,-110
2024-04-11,TB,OTT,68,6.5,-125,105
2024-04-11,TB,OTT,69,6.5,-130,106
2024-04-11,TB,OTT,71,6.5,-134,110
2024-04-11,TB,OTT,75,6.5,-130,110
2024-04-11,TB,OTT,76,6.5,-125,105
2024-04-11,BUF,WSH,15,6.0,102,-122
2024-04-11,BUF,WSH,30,6.0,105,-125
2024-04-11,BUF,WSH,68,6.0,105,-125
2024-04-11,BUF,WSH,69,5.5,-132,108
2024-04-11,BUF,WSH,71,6.0,102,-124
2024-04-11,BUF,WSH,75,6.0,105,-125
2024-04-11,BUF,WSH,76,5.5,-120,-100
2024-04-11,NYR,PHI,15,6.0,-122,102
2024-04-11,NYR,PHI,30,5.5,-134,110
2024-04-11,NYR,PHI,68,6.0,-122,102
2024-04-11,NYR,PHI,69,6.5,108,-132
2024-04-11,NYR,PHI,71,6.0,-121,100
2024-04-11,NYR,PHI,75,6.0,-120,100
2024-04-11,NYR,PHI,76,6.5,105,-125
2024-04-11,PIT,DET,15,6.0,-127,107
2024-04-11,PIT,DET,30,6.5,104,-128
2024-04-11,PIT,DET,68,6.0,-125,105
2024-04-11,PIT,DET,69,6.5,102,-124
2024-04-11,PIT,DET,71,6.0,-120,100
2024-04-11,PIT,DET,75,6.0,-125,105
2024-04-11,PIT,DET,76,6.5,-100,-120
2024-04-11,TOR,NJ,15,6.5,-112,-107
2024-04-11,TOR,NJ,30,6.5,-102,-120
2024-04-11,TOR,NJ,68,6.5,-115,-105
2024-04-11,TOR,NJ,69,6.5,-106,-114
2024-04-11,TOR,NJ,71,6.5,-117,-105
2024-04-11,TOR,NJ,75,6.5,-120,100
2024-04-11,TOR,NJ,76,6.5,-110,-110
2024-04-11,FLA,CBJ,15,6.5,102,-122
2024-04-11,FLA,CBJ,30,6.5,100,-120
2024-04-11,FLA,CBJ,68,6.5,102,-122
2024-04-11,FLA,CBJ,69,6.5,102,-124
2024-04-11,FLA,CBJ,71,6.5,100,-120
2024-04-11,FLA,CBJ,75,6.5,100,-120
2024-04-11,FLA,CBJ,76,6.5,-100,-120
2024-04-11,NYI,MTL,15,6.0,-110,-107
2024-04-11,NYI,MTL,30,6.0,-110,-110
2024-04-11,NYI,MTL,68,6.0,-110,-110
2024-04-11,NYI,MTL,69,5.5,-132,108
2024-04-11,NYI,MTL,71,6.0,-107,-114
2024-04-11,NYI,MTL,75,6.0,-110,-110
2024-04-11,NYI,MTL,76,6.5,110,-130
2024-04-11,DAL,WPG,15,6.0,-105,-115
2024-04-11,DAL,WPG,30,5.5,-130,106
2024-04-11,DAL,WPG,68,6.0,-105,-115
2024-04-11,DAL,WPG,69,5.5,-128,104
2024-04-11,DAL,WPG,71,5.5,-124,102
2024-04-11,DAL,WPG,75,6.0,-105,-115
2024-04-11,DAL,WPG,76,6.5,110,-130
2024-04-11,SEA,SJ,15,5.5,-122,101
2024-04-11,SEA,SJ,30,5.5,-108,-112
2024-04-11,SEA,SJ,68,5.5,-122,102
2024-04-11,SEA,SJ,69,5.5,-122,-100
2024-04-11,SEA,SJ,71,5.5,-120,-103
2024-04-11,SEA,SJ,75,5.5,-120,100
2024-04-11,SEA,SJ,76,5.5,-115,-105
2024-04-11,LA,CGY,15,6.0,101,-121
2024-04-11,LA,CGY,30,5.5,-115,-105
2024-04-11,LA,CGY,68,6.0,102,-122
2024-04-11,LA,CGY,69,5.5,-122,-100
2024-04-11,LA,CGY,71,6.0,102,-124
2024-04-11,LA,CGY,75,6.0,100,-120
2024-04-11,LA,CGY,76,5.5,-115,-105
2024-04-12,STL,CAR,15,6.0,102,-122
2024-04-12,STL,CAR,30,6.0,-105,-115
2024-04-12,STL,CAR,68,6.0,105,-125
2024-04-12,STL,CAR,69,5.5,-120,-102
2024-04-12,STL,CAR,71,5.5,-120,-103
2024-04-12,STL,CAR,75,5.5,-125,105
2024-04-12,STL,CAR,76,5.5,-120,-100
2024-04-12,CHI,NSH,15,6.0,-130,110
2024-04-12,CHI,NSH,30,6.0,100,-120
2024-04-12,CHI,NSH,68,6.0,-130,110
2024-04-12,CHI,NSH,69,6.5,-102,-120
2024-04-12,CHI,NSH,71,6.0,-115,-106
2024-04-12,CHI,NSH,75,6.0,-125,105
2024-04-12,CHI,NSH,76,6.5,-105,-115
2024-04-12,EDM,UTA,15,6.5,-112,-108
2024-04-12,EDM,UTA,30,6.5,-110,-110
2024-04-12,EDM,UTA,68,6.5,-112,-108
2024-04-12,EDM,UTA,69,6.5,-115,-105
2024-04-12,EDM,UTA,71,6.5,-106,-114
2024-04-12,EDM,UTA,75,6.0,-150,115
2024-04-12,EDM,UTA,76,6.5,-115,-105
2024-04-12,ANA,CGY,15,6.0,-115,-105
2024-04-12,ANA,CGY,30,6.0,-110,-110
2024-04-12,ANA,CGY,68,6.0,-115,-105
2024-04-12,ANA,CGY,69,6.5,104,-128
2024-04-12,ANA,CGY,71,6.0,-121,100
2024-04-12,ANA,CGY,75,6.0,-115,-105
2024-04-12,ANA,CGY,76,6.5,105,-125
2024-04-12,VGK,MIN,15,6.0,-105,-112
2024-04-12,VGK,MIN,30,6.0,-105,-115
2024-04-12,VGK,MIN,68,6.0,-105,-115
2024-04-12,VGK,MIN,69,5.5,-134,110
2024-04-12,VGK,MIN,71,6.0,-104,-118
2024-04-12,VGK,MIN,75,6.0,100,-120
2024-04-12,VGK,MIN,76,5.5,-130,110
2024-04-13,NYR,NYI,15,5.5,-121,-100
2024-04-13,NYR,NYI,30,6.0,-105,-115
2024-04-13,NYR,NYI,68,5.5,-122,102
2024-04-13,NYR,NYI,69,5.5,-120,-102
2024-04-13,NYR,NYI,71,5.5,-124,102
2024-04-13,NYR,NYI,75,5.5,-120,100
2024-04-13,NYR,NYI,76,5.5,-115,-105
2024-04-13,DAL,SEA,15,6.0,101,-121
2024-04-13,DAL,SEA,30,6.0,100,-120
2024-04-13,DAL,SEA,68,6.0,102,-122
2024-04-13,DAL,SEA,69,5.5,-122,-100
2024-04-13,DAL,SEA,71,6.0,102,-124
2024-04-13,DAL,SEA,75,6.0,100,-120
2024-04-13,DAL,SEA,76,5.5,-120,-100
2024-04-13,COL,WPG,15,6.5,-102,-118
2024-04-13,COL,WPG,30,6.0,-115,-105
2024-04-13,COL,WPG,68,6.5,-102,-118
2024-04-13,COL,WPG,69,6.5,-100,-122
2024-04-13,COL,WPG,71,6.5,102,-124
2024-04-13,COL,WPG,75,6.5,100,-120
2024-04-13,COL,WPG,76,6.5,-105,-115
2024-04-13,FLA,BUF,15,5.5,-117,-103
2024-04-13,FLA,BUF,30,6.0,100,-120
2024-04-13,FLA,BUF,68,5.5,-115,-105
2024-04-13,FLA,BUF,69,5.5,-120,-102
2024-04-13,FLA,BUF,71,5.5,-120,-103
2024-04-13,FLA,BUF,75,5.5,-120,100
2024-04-13,FLA,BUF,76,5.5,-115,-105
2024-04-13,PHI,NJ,15,6.5,-105,-115
2024-04-13,PHI,NJ,30,6.0,-125,105
2024-04-13,PHI,NJ,68,6.5,-105,-115
2024-04-13,PHI,NJ,69,6.5,-106,-114
2024-04-13,PHI,NJ,71,6.5,100,-121
2024-04-13,PHI,NJ,75,6.5,-105,-115
2024-04-13,PHI,NJ,76,6.5,-110,-110
2024-04-13,WSH,TB,15,6.0,-119,-102
2024-04-13,WSH,TB,30,6.0,-120,100
2024-04-13,WSH,TB,68,6.0,-118,-102
2024-04-13,WSH,TB,69,6.5,108,-132
2024-04-13,WSH,TB,71,6.0,-114,-107
2024-04-13,WSH,TB,75,6.0,-120,100
2024-04-13,WSH,TB,76,6.5,110,-130
2024-04-13,OTT,MTL,15,6.0,-113,-108
2024-04-13,OTT,MTL,30,6.5,-110,-110
2024-04-13,OTT,MTL,68,6.0,-112,-108
2024-04-13,OTT,MTL,69,6.5,106,-130
2024-04-13,OTT,MTL,71,6.0,-122,100
2024-04-13,OTT,MTL,75,6.5,100,-120
2024-04-13,OTT,MTL,76,6.5,110,-130
2024-04-13,TOR,DET,15,6.5,-125,104
2024-04-13,TOR,DET,30,6.5,-130,110
2024-04-13,TOR,DET,68,6.5,-125,105
2024-04-13,TOR,DET,69,6.5,-128,104
2024-04-13,TOR,DET,71,6.5,-121,100
2024-04-13,TOR,DET,75,6.5,-120,100
2024-04-13,TOR,DET,76,6.5,-120,-100
2024-04-13,NSH,CBJ,15,6.5,-100,-120
2024-04-13,NSH,CBJ,30,6.0,-110,-110
2024-04-13,NSH,CBJ,68,6.5,100,-120
2024-04-13,NSH,CBJ,69,6.5,-102,-120
2024-04-13,NSH,CBJ,71,6.5,100,-125
2024-04-13,NSH,CBJ,75,6.5,100,-120
2024-04-13,NSH,CBJ,76,6.5,-100,-120
2024-04-13,PIT,BOS,15,6.0,105,-125
2024-04-13,PIT,BOS,30,6.0,-105,-115
2024-04-13,PIT,BOS,68,6.0,105,-125
2024-04-13,PIT,BOS,69,5.5,-130,106
2024-04-13,PIT,BOS,71,6.0,102,-122
2024-04-13,PIT,BOS,75,5.5,-120,100
2024-04-13,PIT,BOS,76,5.5,-110,-110
2024-04-13,EDM,VAN,15,6.0,-125,105
2024-04-13,EDM,VAN,30,6.5,-110,-110
2024-04-13,EDM,VAN,68,6.0,-125,105
2024-04-13,EDM,VAN,69,6.5,112,-138
2024-04-13,EDM,VAN,71,6.0,-117,-105
2024-04-13,EDM,VAN,75,6.0,-120,100
2024-04-13,EDM,VAN,76,6.5,-100,-120
2024-04-13,SJ,MIN,15,6.0,-105,-115
2024-04-13,SJ,MIN,30,6.0,100,-120
2024-04-13,SJ,MIN,68,6.0,-105,-115
2024-04-13,SJ,MIN,69,5.5,-134,110
2024-04-13,SJ,MIN,71,6.0,-104,-118
2024-04-13,SJ,MIN,75,6.0,100,-120
2024-04-13,SJ,MIN,76,5.5,-130,110
2024-04-13,LA,ANA,15,5.5,-130,110
2024-04-13,LA,ANA,30,6.0,100,-120
2024-04-13,LA,ANA,68,5.5,-130,110
2024-04-13,LA,ANA,69,5.5,-128,104
2024-04-13,LA,ANA,71,6.0,100,-120
2024-04-13,LA,ANA,75,6.0,100,-120
2024-04-13,LA,ANA,76,5.5,-115,-105
2024-04-14,STL,SEA,15,5.5,-123,103
2024-04-14,STL,SEA,30,5.5,-130,110
2024-04-14,STL,SEA,68,5.5,-122,102
2024-04-14,STL,SEA,69,5.5,-128,104
2024-04-14,STL,SEA,71,6.0,102,-124
2024-04-14,STL,SEA,75,6.0,100,-120
2024-04-14,STL,SEA,76,5.5,-115,-105
2024-04-14,VGK,COL,15,6.5,-122,102
2024-04-14,VGK,COL,30,6.5,100,-120
2024-04-14,VGK,COL,68,6.5,-122,102
2024-04-14,VGK,COL,69,6.5,-128,104
2024-04-14,VGK,COL,71,6.5,-113,-108
2024-04-14,VGK,COL,75,6.5,-115,-105
2024-04-14,VGK,COL,76,6.5,-110,-110
2024-04-14,CHI,CAR,15,5.5,-130,110
2024-04-14,CHI,CAR,30,6.0,-100,-120
2024-04-14,CHI,CAR,68,5.5,-130,110
2024-04-14,CHI,CAR,69,5.5,-134,110
2024-04-14,CHI,CAR,71,6.0,104,-127
2024-04-14,CHI,CAR,75,6.0,100,-120
2024-04-14,CHI,CAR,76,5.5,-130,110
2024-04-14,CGY,UTA,15,6.0,-130,110
2024-04-14,CGY,UTA,30,6.5,110,-130
2024-04-14,CGY,UTA,68,6.0,-130,110
2024-04-14,CGY,UTA,69,6.5,-108,-112
2024-04-14,CGY,UTA,71,6.0,-122,102
2024-04-14,CGY,UTA,75,6.0,-120,100
2024-04-14,CGY,UTA,76,6.5,-105,-115
2024-04-15,TB,BUF,15,6.0,-119,-102
2024-04-15,TB,BUF,30,6.5,-108,-112
2024-04-15,TB,BUF,68,6.0,-118,-102
2024-04-15,TB,BUF,69,6.5,104,-128
2024-04-15,TB,BUF,71,6.0,-112,-109
2024-04-15,TB,BUF,75,6.0,-115,-105
2024-04-15,TB,BUF,76,6.5,105,-125
2024-04-15,NJ,NYI,15,6.0,-105,-115
2024-04-15,NJ,NYI,30,5.5,-138,112
2024-04-15,NJ,NYI,68,6.0,-105,-115
2024-04-15,NJ,NYI,69,5.5,-140,114
2024-04-15,NJ,NYI,71,6.0,-112,-109
2024-04-15,NJ,NYI,75,6.0,-110,-110
2024-04-15,NJ,NYI,76,5.5,-115,-105
2024-04-15,WSH,BOS,15,5.5,-110,-110
2024-04-15,WSH,BOS,30,5.5,-110,-110
2024-04-15,WSH,BOS,68,5.5,-110,-110
2024-04-15,WSH,BOS,69,5.5,-110,-110
2024-04-15,WSH,BOS,71,5.5,-113,-108
2024-04-15,WSH,BOS,75,5.5,-115,-105
2024-04-15,WSH,BOS,76,5.5,-110,-110
2024-04-15,DET,MTL,15,6.5,-105,-115
2024-04-15,DET,MTL,30,6.5,114,-140
2024-04-15,DET,MTL,68,6.5,-105,-115
2024-04-15,DET,MTL,69,6.5,-110,-110
2024-04-15,DET,MTL,71,6.5,-105,-117
2024-04-15,DET,MTL,75,6.5,-105,-115
2024-04-15,DET,MTL,76,6.5,-100,-120
2024-04-15,PIT,NSH,15,6.0,-115,-105
2024-04-15,PIT,NSH,30,5.5,-140,112
2024-04-15,PIT,NSH,68,6.0,-115,-105
2024-04-15,PIT,NSH,69,6.5,104,-128
2024-04-15,PIT,NSH,71,6.0,-120,-103
2024-04-15,PIT,NSH,75,6.0,-115,-105
2024-04-15,PIT,NSH,76,6.5,-105,-115
2024-04-15,NYR,OTT,15,6.0,-125,105
2024-04-15,NYR,OTT,30,6.5,106,-130
2024-04-15,NYR,OTT,68,6.0,-125,105
2024-04-15,NYR,OTT,69,6.5,-100,-122
2024-04-15,NYR,OTT,71,6.5,100,-121
2024-04-15,NYR,OTT,75,6.0,-120,100
2024-04-15,NYR,OTT,76,6.5,-100,-120
2024-04-15,LA,MIN,15,5.5,-125,105
2024-04-15,LA,MIN,30,5.5,-112,-108
2024-04-15,LA,MIN,68,5.5,-125,105
2024-04-15,LA,MIN,69,5.5,-132,108
2024-04-15,LA,MIN,71,6.0,-103,-120
2024-04-15,LA,MIN,75,6.0,100,-120
2024-04-15,LA,MIN,76,5.5,-130,110
2024-04-15,EDM,SJ,15,6.0,-125,105
2024-04-15,EDM,SJ,30,5.5,-140,114
2024-04-15,EDM,SJ,68,6.0,-125,105
2024-04-15,EDM,SJ,69,6.5,106,-130
2024-04-15,EDM,SJ,71,6.0,-120,100
2024-04-15,EDM,SJ,75,6.0,-125,105
2024-04-15,EDM,SJ,76,6.5,110,-130
2024-04-16,PHI,WSH,15,5.5,-122,101
2024-04-16,PHI,WSH,30,5.5,-110,-110
2024-04-16,PHI,WSH,68,5.5,-122,102
2024-04-16,PHI,WSH,69,5.5,-122,-100
2024-04-16,PHI,WSH,71,5.5,-117,-104
2024-04-16,PHI,WSH,75,5.5,-120,100
2024-04-16,PHI,WSH,76,5.5,-120,-100
2024-04-16,MTL,DET,15,6.5,-105,-115
2024-04-16,MTL,DET,30,6.5,100,-120
2024-04-16,MTL,DET,68,6.5,-105,-115
2024-04-16,MTL,DET,69,6.5,-111,-115
2024-04-16,MTL,DET,71,6.5,-109,-112
2024-04-16,MTL,DET,75,6.5,-105,-115
2024-04-16,MTL,DET,76,6.5,-110,-110
2024-04-16,BOS,OTT,15,6.0,101,-121
2024-04-16,BOS,OTT,30,6.0,100,-120
2024-04-16,BOS,OTT,68,6.0,102,-122
2024-04-16,BOS,OTT,69,5.5,-124,102
2024-04-16,BOS,OTT,71,6.0,-106,-115
2024-04-16,BOS,OTT,75,6.0,-105,-115
2024-04-16,BOS,OTT,76,5.5,-120,-100
2024-04-16,CBJ,CAR,15,6.0,-110,-107
2024-04-16,CBJ,CAR,30,6.0,-110,-110
2024-04-16,CBJ,CAR,68,6.0,-110,-110
2024-04-16,CBJ,CAR,69,5.5,-138,112
2024-04-16,CBJ,CAR,71,6.0,-109,-112
2024-04-16,CBJ,CAR,75,6.0,100,-120
2024-04-16,CBJ,CAR,76,5.5,-120,-100
2024-04-16,FLA,TOR,15,6.0,-122,102
2024-04-16,FLA,TOR,30,6.5,-100,-120
2024-04-16,FLA,TOR,68,6.0,-122,102
2024-04-16,FLA,TOR,69,6.5,110,-134
2024-04-16,FLA,TOR,71,6.0,-120,-103
2024-04-16,FLA,TOR,75,6.0,-120,100
2024-04-16,FLA,TOR,76,6.5,-105,-115
2024-04-16,WPG,SEA,15,5.5,-105,-115
2024-04-16,WPG,SEA,30,5.5,-120,100
2024-04-16,WPG,SEA,68,5.5,-105,-115
2024-04-16,WPG,SEA,69,5.5,104,-128
2024-04-16,WPG,SEA,71,5.5,-104,-122
2024-04-16,WPG,SEA,75,5.5,-105,-115
2024-04-16,WPG,SEA,76,5.5,-105,-115
2024-04-16,VGK,CHI,15,6.0,-110,-110
2024-04-16,VGK,CHI,30,6.0,-110,-110
2024-04-16,VGK,CHI,68,6.0,-110,-110
2024-04-16,VGK,CHI,69,5.5,-142,112
2024-04-16,VGK,CHI,71,6.0,-104,-118
2024-04-16,VGK,CHI,75,6.0,-110,-110
2024-04-16,VGK,CHI,76,5.5,-130,110
2024-04-16,VAN,CGY,15,6.0,-120,-100
2024-04-16,VAN,CGY,30,6.0,-110,-110
2024-04-16,VAN,CGY,68,6.0,-120,100
2024-04-16,VAN,CGY,69,6.5,104,-128
2024-04-16,VAN,CGY,71,6.0,-117,-109
2024-04-16,VAN,CGY,75,6.0,-120,100
2024-04-16,VAN,CGY,76,6.5,-100,-120
2024-04-17,NYI,PIT,15,6.0,-107,-110
2024-04-17,NYI,PIT,30,5.5,-120,100
2024-04-17,NYI,PIT,68,6.0,-110,-110
2024-04-17,NYI,PIT,69,5.5,-140,114
2024-04-17,NYI,PIT,71,6.0,-112,-109
2024-04-17,NYI,PIT,75,6.0,-110,-110
2024-04-17,NYI,PIT,76,6.5,110,-130
2024-04-17,TB,TOR,15,6.5,-135,114
2024-04-17,TB,TOR,30,6.5,100,-120
2024-04-17,TB,TOR,68,6.5,-135,114
2024-04-17,TB,TOR,69,6.5,-144,118
2024-04-17,TB,TOR,71,6.5,-127,105
2024-04-17,TB,TOR,75,6.5,-135,110
2024-04-17,TB,TOR,76,6.5,-140,115
2024-04-17,DAL,STL,15,6.0,-122,102
2024-04-17,DAL,STL,30,6.0,-110,-110
2024-04-17,DAL,STL,68,6.0,-122,102
2024-04-17,DAL,STL,69,6.5,106,-130
2024-04-17,DAL,STL,71,6.0,-121,100
2024-04-17,DAL,STL,75,6.0,-120,100
2024-04-17,DAL,STL,76,6.5,105,-125
2024-04-17,UTA,EDM,15,6.5,-130,110
2024-04-17,UTA,EDM,30,6.5,100,-120
2024-04-17,UTA,EDM,68,6.5,-130,110
2024-04-17,UTA,EDM,69,6.5,-128,104
2024-04-17,UTA,EDM,71,6.5,-121,100
2024-04-17,UTA,EDM,75,6.5,-120,100
2024-04-17,UTA,EDM,76,6.5,-125,105
2024-04-18,MIN,SEA,15,6.0,-106,-112
2024-04-18,MIN,SEA,30,6.0,-110,-110
2024-04-18,MIN,SEA,68,6.0,-108,-112
2024-04-18,MIN,SEA,69,5.5,-130,106
2024-04-18,MIN,SEA,71,6.0,102,-124
2024-04-18,MIN,SEA,75,6.0,-105,-115
2024-04-18,MIN,SEA,76,5.5,-130,110
2024-04-18,WPG,VAN,15,5.5,-119,-101
2024-04-18,WPG,VAN,30,5.5,-122,-100
2024-04-18,WPG,VAN,68,5.5,-118,-102
2024-04-18,WPG,VAN,69,5.5,-122,-100
2024-04-18,WPG,VAN,71,5.5,-115,-106
2024-04-18,WPG,VAN,75,5.5,-120,100
2024-04-18,WPG,VAN,76,5.5,-115,-105
2024-04-18,CGY,SJ,15,6.5,-121,102
2024-04-18,CGY,SJ,30,6.0,-110,-110
2024-04-18,CGY,SJ,68,6.5,-122,102
2024-04-18,CGY,SJ,69,6.5,-118,-104
2024-04-18,CGY,SJ,71,6.5,-120,-103
2024-04-18,CGY,SJ,75,6.5,-125,105
2024-04-18,CGY,SJ,76,6.5,-125,105
2024-04-18,COL,EDM,15,6.5,-130,110
2024-04-18,COL,EDM,30,6.5,-128,104
2024-04-18,COL,EDM,68,6.5,-130,110
2024-04-18,COL,EDM,69,6.5,-128,104
2024-04-18,COL,EDM,71,6.5,-125,102
2024-04-18,COL,EDM,75,6.5,-130,105
2024-04-18,COL,EDM,76,6.5,-125,105
2024-04-18,VGK,ANA,15,6.0,-142,120
2024-04-18,VGK,ANA,30,6.0,-110,-110
2024-04-18,VGK,ANA,68,6.0,-142,120
2024-04-18,VGK,ANA,69,6.5,-100,-122
2024-04-18,VGK,ANA,71,6.0,-125,104
2024-04-18,VGK,ANA,75,6.0,-130,105
2024-04-18,VGK,ANA,76,6.5,-105,-115
2024-04-18,LA,CHI,15,6.0,102,-122
2024-04-18,LA,CHI,30,6.0,-120,100
2024-04-18,LA,CHI,68,6.0,102,-122
2024-04-18,LA,CHI,69,5.5,-134,110
2024-04-18,LA,CHI,71,6.0,-103,-125
2024-04-18,LA,CHI,75,6.0,100,-120
2024-04-18,LA,CHI,76,5.5,-120,-100
2024-04-20,CAR,NYI,15,5.5,105,-125
2024-04-20,CAR,NYI,30,5.5,-100,-120
2024-04-20,CAR,NYI,68,5.5,105,-125
2024-04-20,CAR,NYI,69,6.5,630,-1050
2024-04-20,CAR,NYI,71,5.5,105,-127
2024-04-20,CAR,NYI,75,5.5,100,-120
2024-04-20,CAR,NYI,76,5.5,105,-125
2024-04-20,BOS,TOR,15,5.5,-122,-101
2024-04-20,BOS,TOR,30,5.5,-124,102
2024-04-20,BOS,TOR,68,5.5,-122,102
2024-04-20,BOS,TOR,69,5.5,-118,-104
2024-04-20,BOS,TOR,71,5.5,-124,102
2024-04-20,BOS,TOR,75,5.5,-120,100
2024-04-20,BOS,TOR,76,5.5,-125,105
2024-04-21,FLA,TB,15,5.5,-135,114
2024-04-21,FLA,TB,30,6.0,-105,-115
2024-04-21,FLA,TB,68,5.5,-135,114
2024-04-21,FLA,TB,69,5.5,-130,106
2024-04-21,FLA,TB,71,5.5,-124,102
2024-04-21,FLA,TB,75,6.0,100,-120
2024-04-21,FLA,TB,76,5.5,-130,110
2024-04-21,NYR,WSH,15,5.5,-102,-119
2024-04-21,NYR,WSH,30,5.5,-100,-120
2024-04-21,NYR,WSH,68,5.5,-102,-118
2024-04-21,NYR,WSH,69,5.5,710,-1250
2024-04-21,NYR,WSH,71,5.5,-103,-120
2024-04-21,NYR,WSH,75,5.5,-105,-115
2024-04-21,NYR,WSH,76,5.5,-105,-115
2024-04-21,WPG,COL,15,6.0,-111,-108
2024-04-21,WPG,COL,30,5.5,-118,-104
2024-04-21,WPG,COL,68,6.0,-112,-108
2024-04-21,WPG,COL,69,5.5,-140,114
2024-04-21,WPG,COL,71,6.0,100,-121
2024-04-21,WPG,COL,75,6.0,-105,-115
2024-04-21,WPG,COL,76,5.5,-130,110
2024-04-21,VAN,NSH,15,5.5,-112,-108
2024-04-21,VAN,NSH,30,5.5,-118,-104
2024-04-21,VAN,NSH,68,5.5,-112,-108
2024-04-21,VAN,NSH,69,5.5,-115,-105
2024-04-21,VAN,NSH,71,5.5,-117,-105
2024-04-21,VAN,NSH,75,5.5,-120,100
2024-04-21,VAN,NSH,76,5.5,-110,-110
2024-04-22,BOS,TOR,15,5.5,-125,105
2024-04-22,BOS,TOR,30,5.5,-118,-102
2024-04-22,BOS,TOR,68,5.5,-125,105
2024-04-22,BOS,TOR,69,6.5,-100,-122
2024-04-22,BOS,TOR,71,6.0,-103,-120
2024-04-22,BOS,TOR,75,5.5,-125,105
2024-04-22,BOS,TOR,76,5.5,-125,105
2024-04-22,CAR,NYI,15,5.5,-102,-120
2024-04-22,CAR,NYI,30,5.5,105,-127
2024-04-22,CAR,NYI,68,5.5,100,-120
2024-04-22,CAR,NYI,69,5.5,-104,-118
2024-04-22,CAR,NYI,71,5.5,100,-120
2024-04-22,CAR,NYI,75,5.5,105,-125
2024-04-22,CAR,NYI,76,5.5,105,-125
2024-04-22,DAL,VGK,15,5.5,-123,102
2024-04-22,DAL,VGK,30,5.5,-115,-105
2024-04-22,DAL,VGK,68,5.5,-125,105
2024-04-22,DAL,VGK,69,5.5,-122,-100
2024-04-22,DAL,VGK,71,6.0,-104,-118
2024-04-22,DAL,VGK,75,5.5,-120,100
2024-04-22,DAL,VGK,76,5.5,-115,-105
2024-04-22,EDM,LA,15,6.0,105,-125
2024-04-22,EDM,LA,30,6.0,-105,-115
2024-04-22,EDM,LA,68,6.0,105,-125
2024-04-22,EDM,LA,69,5.5,-122,-100
2024-04-22,EDM,LA,71,6.0,102,-122
2024-04-22,EDM,LA,75,6.0,105,-125
2024-04-22,EDM,LA,76,5.5,-115,-105
2024-04-23,NYR,WSH,15,5.5,-105,-115
2024-04-23,NYR,WSH,30,5.5,105,-130
2024-04-23,NYR,WSH,68,5.5,-105,-115
2024-04-23,NYR,WSH,69,5.5,-106,-114
2024-04-23,NYR,WSH,71,5.5,-104,-122
2024-04-23,NYR,WSH,75,5.5,-105,-115
2024-04-23,NYR,WSH,76,5.5,-110,-110
2024-04-23,FLA,TB,15,5.5,-130,108
2024-04-23,FLA,TB,30,5.5,-125,105
2024-04-23,FLA,TB,68,6.0,-112,-108
2024-04-23,FLA,TB,69,5.5,-130,108
2024-04-23,FLA,TB,71,6.0,-103,-120
2024-04-23,FLA,TB,75,6.0,-115,-105
2024-04-23,FLA,TB,76,6.5,115,-140
2024-04-23,WPG,COL,15,6.5,-112,-108
2024-04-23,WPG,COL,30,6.0,-115,-105
2024-04-23,WPG,COL,68,6.5,-112,-108
2024-04-23,WPG,COL,69,6.5,-115,-105
2024-04-23,WPG,COL,71,6.5,-104,-118
2024-04-23,WPG,COL,75,6.5,-110,-110
2024-04-23,WPG,COL,76,6.5,-110,-110
2024-04-23,VAN,NSH,15,6.0,102,-122
2024-04-23,VAN,NSH,30,5.5,-115,-105
2024-04-23,VAN,NSH,68,6.0,102,-122
2024-04-23,VAN,NSH,69,5.5,-128,104
2024-04-23,VAN,NSH,71,6.0,-103,-125
2024-04-23,VAN,NSH,75,6.0,105,-125
2024-04-23,VAN,NSH,76,5.5,-130,110
2024-04-24,TOR,BOS,15,6.0,-115,-105
2024-04-24,TOR,BOS,30,5.5,-120,100
2024-04-24,TOR,BOS,68,6.0,-102,-118
2024-04-24,TOR,BOS,69,5.5,-130,106
2024-04-24,TOR,BOS,71,6.0,-107,-118
2024-04-24,TOR,BOS,75,6.0,100,-120
2024-04-24,TOR,BOS,76,5.5,-125,105
2024-04-24,DAL,VGK,15,6.0,-122,-100
2024-04-24,DAL,VGK,30,5.5,-122,-100
2024-04-24,DAL,VGK,68,6.0,-108,-112
2024-04-24,DAL,VGK,69,5.5,-138,112
2024-04-24,DAL,VGK,71,6.0,-112,-109
2024-04-24,DAL,VGK,75,6.0,-105,-115
2024-04-24,DAL,VGK,76,5.5,-130,110
2024-04-24,EDM,LA,15,6.0,-122,-104
2024-04-24,EDM,LA,30,6.0,100,-120
2024-04-24,EDM,LA,68,6.0,-122,102
2024-04-24,EDM,LA,69,6.5,110,-134
2024-04-24,EDM,LA,71,6.0,-124,-103
2024-04-24,EDM,LA,75,6.0,-115,-105
2024-04-24,EDM,LA,76,6.5,105,-125
2024-04-25,TB,FLA,15,6.0,-125,105
2024-04-25,TB,FLA,30,5.5,-124,102
2024-04-25,TB,FLA,68,6.0,-125,105
2024-04-25,TB,FLA,69,6.5,-100,-122
2024-04-25,TB,FLA,71,6.0,-113,-107
2024-04-25,TB,FLA,75,6.0,-115,-105
2024-04-25,TB,FLA,76,6.5,105,-125
2024-04-25,NYI,CAR,15,5.5,-104,-116
2024-04-25,NYI,CAR,30,5.5,100,-120
2024-04-25,NYI,CAR,68,5.5,-105,-115
2024-04-25,NYI,CAR,69,5.5,-104,-118
2024-04-25,NYI,CAR,71,5.5,-105,-115
2024-04-25,NYI,CAR,75,5.5,-105,-115
2024-04-25,NYI,CAR,76,5.5,-105,-115
2024-10-01,MTL,OTT,15,6.5,112,-140
2024-10-01,MTL,OTT,30,6.0,-112,-112
2024-10-01,MTL,OTT,69,6.5,112,-140
2024-10-01,MTL,OTT,71,6.0,-129,100
2024-10-01,MTL,OTT,75,6.0,-110,-110
2024-10-01,PIT,DET,15,6.5,-110,-114
2024-10-01,PIT,DET,30,6.0,-112,-112
2024-10-01,PIT,DET,69,6.5,-110,-114
2024-10-01,PIT,DET,71,6.0,-118,-109
2024-10-01,PIT,DET,75,6.0,-125,105
2024-10-01,BOS,PHI,15,5.5,-132,106
2024-10-01,BOS,PHI,30,6.0,-112,-112
2024-10-01,BOS,PHI,69,5.5,-132,106
2024-10-01,BOS,PHI,71,5.5,-120,-108
2024-10-01,BOS,PHI,75,5.5,-125,105
2024-10-01,NYR,NJ,15,5.5,-142,114
2024-10-01,NYR,NJ,30,6.5,108,-135
2024-10-01,NYR,NJ,69,5.5,-142,114
2024-10-01,NYR,NJ,71,6.0,-132,102
2024-10-01,NYR,NJ,75,5.5,-125,105
2024-10-01,MIN,CHI,15,5.5,-120,-104
2024-10-01,MIN,CHI,30,6.0,-112,-112
2024-10-01,MIN,CHI,69,5.5,-120,-104
2024-10-01,MIN,CHI,71,6.0,-124,-105
2024-10-01,MIN,CHI,75,6.0,-110,-110
2024-10-01,STL,CBJ,15,6.5,112,-140
2024-10-01,STL,CBJ,30,6.0,-112,-112
2024-10-01,STL,CBJ,69,6.5,112,-140
2024-10-01,STL,CBJ,71,6.0,-118,-110
2024-10-01,STL,CBJ,75,6.0,-110,-110
2024-10-01,COL,VGK,15,5.5,-130,110
2024-10-01,COL,VGK,30,6.0,-112,-112
2024-10-01,COL,VGK,69,5.5,-140,112
2024-10-01,COL,VGK,71,6.0,-122,-106
2024-10-01,COL,VGK,75,5.5,-130,110
2024-10-01,SJ,UTA,15,6.0,-105,-115
2024-10-01,SJ,UTA,30,6.0,-112,-112
2024-10-01,SJ,UTA,69,6.0,-112,-112
2024-10-01,SJ,UTA,71,6.0,-129,100
2024-10-01,SJ,UTA,75,6.0,-105,-115
2024-10-02,TB,FLA,15,6.5,-108,-116
2024-10-02,TB,FLA,30,6.0,-106,-118
2024-10-02,TB,FLA,69,6.5,-108,-116
2024-10-02,TB,FLA,71,6.5,-109,-118
2024-10-02,TB,FLA,75,6.5,-110,-110
2024-10-02,CAR,NSH,15,5.5,-145,116
2024-10-02,CAR,NSH,30,6.0,-112,-112
2024-10-02,CAR,NSH,69,5.5,-145,116
2024-10-02,CAR,NSH,71,6.0,-114,-113
2024-10-02,CAR,NSH,75,6.0,-105,-115
2024-10-02,WPG,CGY,15,5.5,-140,112
2024-10-02,WPG,CGY,30,6.0,-106,-118
2024-10-02,WPG,CGY,69,5.5,-140,112
2024-10-02,WPG,CGY,71,6.0,-109,-118
2024-10-02,WPG,CGY,75,6.0,100,-120
2024-10-02,SEA,EDM,15,6.5,-114,-110
2024-10-02,SEA,EDM,30,6.5,-102,-122
2024-10-02,SEA,EDM,69,6.5,-114,-110
2024-10-02,SEA,EDM,71,6.0,-124,-105
2024-10-02,SEA,EDM,75,6.0,-120,100
2024-10-02,ANA,UTA,15,6.5,-122,-104
2024-10-02,ANA,UTA,30,6.0,-112,-112
2024-10-02,ANA,UTA,69,6.5,-122,-104
2024-10-02,ANA,UTA,71,6.5,-105,-124
2024-10-02,ANA,UTA,75,6.0,-110,-110
2024-10-03,LA,BOS,15,6.0,-100,-120
2024-10-03,LA,BOS,30,6.0,-108,-116
2024-10-03,LA,BOS,69,5.5,-112,-112
2024-10-03,LA,BOS,71,6.0,-105,-124
2024-10-03,LA,BOS,75,6.0,100,-120
2024-10-03,CBJ,PIT,15,6.5,-114,-110
2024-10-03,CBJ,PIT,30,6.0,-118,-106
2024-10-03,CBJ,PIT,69,6.5,-114,-110
2024-10-03,CBJ,PIT,71,6.0,-122,-106
2024-10-03,CBJ,PIT,75,6.0,-120,100
2024-10-03,PHI,NJ,15,5.5,-142,114
2024-10-03,PHI,NJ,30,6.0,-110,-110
2024-10-03,PHI,NJ,69,5.5,-142,114
2024-10-03,PHI,NJ,71,6.0,-104,-125
2024-10-03,PHI,NJ,75,5.5,-120,100
2024-10-03,DET,TOR,15,6.5,102,-128
2024-10-03,DET,TOR,30,6.0,-112,-112
2024-10-03,DET,TOR,69,6.5,102,-128
2024-10-03,DET,TOR,71,6.0,-120,-108
2024-10-03,DET,TOR,75,6.0,-125,105
2024-10-03,STL,DAL,15,5.5,-128,102
2024-10-03,STL,DAL,30,6.0,-112,-112
2024-10-03,STL,DAL,69,5.5,-128,102
2024-10-03,STL,DAL,71,6.0,-113,-115
2024-10-03,STL,DAL,75,6.0,100,-120
2024-10-03,VGK,COL,15,6.5,112,-140
2024-10-03,VGK,COL,30,6.0,-112,-112
2024-10-03,VGK,COL,69,6.5,112,-140
2024-10-03,VGK,COL,71,6.0,-122,-106
2024-10-03,VGK,COL,75,6.0,-105,-115
2024-10-04,BUF,NJ,15,6.5,103,-123
2024-10-04,BUF,NJ,30,6.5,-109,-111
2024-10-04,BUF,NJ,68,6.5,102,-122
2024-10-04,BUF,NJ,69,6.5,104,-128
2024-10-04,BUF,NJ,71,6.0,-121,100
2024-10-04,BUF,NJ,75,6.5,100,-120
2024-10-04,PIT,CBJ,15,6.5,108,-138
2024-10-04,PIT,CBJ,30,6.0,-112,-112
2024-10-04,PIT,CBJ,69,6.5,108,-138
2024-10-04,PIT,CBJ,71,6.0,-108,-121
2024-10-04,PIT,CBJ,75,6.5,105,-125
2024-10-04,DET,OTT,15,6.5,-106,-118
2024-10-04,DET,OTT,30,6.0,-112,-112
2024-10-04,DET,OTT,69,6.5,-106,-118
2024-10-04,DET,OTT,71,6.5,-110,-118
2024-10-04,DET,OTT,75,6.0,-115,-105
2024-10-04,NYI,NYR,15,6.5,110,-138
2024-10-04,NYI,NYR,30,6.0,-112,-112
2024-10-04,NYI,NYR,69,6.5,110,-138
2024-10-04,NYI,NYR,71,6.0,-110,-118
2024-10-04,NYI,NYR,75,6.0,100,-120
2024-10-04,CAR,TB,15,5.5,-142,114
2024-10-04,CAR,TB,30,6.0,-112,-112
2024-10-04,CAR,TB,69,5.5,-142,114
2024-10-04,CAR,TB,71,6.0,-115,-112
2024-10-04,CAR,TB,75,6.0,-105,-115
2024-10-04,CHI,MIN,15,5.5,-128,102
2024-10-04,CHI,MIN,30,6.0,-112,-112
2024-10-04,CHI,MIN,69,5.5,-128,102
2024-10-04,CHI,MIN,71,6.0,-121,-113
2024-10-04,CHI,MIN,75,6.0,-105,-115
2024-10-04,CGY,WPG,15,5.5,-135,108
2024-10-04,CGY,WPG,30,6.0,-112,-112
2024-10-04,CGY,WPG,69,5.5,-135,108
2024-10-04,CGY,WPG,71,6.0,-109,-120
2024-10-04,CGY,WPG,75,6.0,100,-120
2024-10-04,VAN,EDM,15,6.5,-104,-120
2024-10-04,VAN,EDM,30,6.0,-112,-112
2024-10-04,VAN,EDM,69,6.5,-104,-120
2024-10-04,VAN,EDM,71,6.0,-129,100
2024-10-04,VAN,EDM,75,6.5,100,-120
2024-10-04,SJ,ANA,15,6.0,-118,-106
2024-10-04,SJ,ANA,30,6.0,-112,-112
2024-10-04,SJ,ANA,69,6.0,-118,-106
2024-10-04,SJ,ANA,71,6.0,-124,-105
2024-10-04,SJ,ANA,75,6.0,-105,-115
2024-10-05,NJ,BUF,15,6.5,-105,-115
2024-10-05,NJ,BUF,30,6.5,-118,-104
2024-10-05,NJ,BUF,68,6.5,-105,-115
2024-10-05,NJ,BUF,69,6.5,-105,-115
2024-10-05,NJ,BUF,71,6.5,-108,-117
2024-10-05,NJ,BUF,75,6.5,-105,-115
2024-10-05,WSH,BOS,15,6.5,-108,-116
2024-10-05,WSH,BOS,30,6.0,-112,-112
2024-10-05,WSH,BOS,69,6.5,-108,-116
2024-10-05,WSH,BOS,71,6.5,-122,-106
2024-10-05,WSH,BOS,75,6.5,-105,-115
2024-10-05,NSH,CAR,15,5.5,-135,108
2024-10-05,NSH,CAR,30,6.0,-112,-112
2024-10-05,NSH,CAR,69,5.5,-135,108
2024-10-05,NSH,CAR,71,6.0,100,-129
2024-10-05,NSH,CAR,75,5.5,-120,100
2024-10-05,UTA,COL,15,6.0,-120,100
2024-10-05,UTA,COL,30,6.0,-112,-112
2024-10-05,UTA,COL,69,6.5,110,-138
2024-10-05,UTA,COL,71,6.0,-130,100
2024-10-05,UTA,COL,75,6.0,-120,100
2024-10-05,TOR,DET,15,6.5,102,-128
2024-10-05,TOR,DET,30,6.0,-112,-112
2024-10-05,TOR,DET,69,6.5,102,-128
2024-10-05,TOR,DET,71,6.5,100,-130
2024-10-05,TOR,DET,75,6.0,-120,100
2024-10-05,LA,FLA,15,6.0,100,-120
2024-10-05,LA,FLA,30,6.0,-112,-112
2024-10-05,LA,FLA,69,6.0,-114,-110
2024-10-05,LA,FLA,71,6.0,-113,-115
2024-10-05,LA,FLA,75,6.0,100,-120
2024-10-05,OTT,MTL,15,6.5,112,-140
2024-10-05,OTT,MTL,30,6.0,-112,-112
2024-10-05,OTT,MTL,69,6.5,112,-140
2024-10-05,OTT,MTL,71,6.0,-124,-105
2024-10-05,OTT,MTL,75,6.0,-110,-110
2024-10-05,CHI,STL,15,6.5,106,-132
2024-10-05,CHI,STL,30,6.0,-112,-112
2024-10-05,CHI,STL,69,6.5,106,-132
2024-10-05,CHI,STL,71,6.0,-109,-120
2024-10-05,CHI,STL,75,6.5,105,-125
2024-10-05,VGK,SJ,15,6.5,102,-128
2024-10-05,VGK,SJ,30,6.0,-112,-112
2024-10-05,VGK,SJ,69,6.5,102,-128
2024-10-05,VGK,SJ,71,6.0,-129,100
2024-10-05,VGK,SJ,75,6.0,-120,100
2024-10-08,SEA,STL,15,6.0,-100,-120
2024-10-08,SEA,STL,30,6.0,105,-115
2024-10-08,SEA,STL,68,6.0,100,-120
2024-10-08,SEA,STL,69,5.5,-140,114
2024-10-08,SEA,STL,71,5.5,-124,102
2024-10-08,SEA,STL,75,6.0,-110,-110
2024-10-08,FLA,BOS,15,5.5,-115,-105
2024-10-08,FLA,BOS,30,5.5,-117,-103
2024-10-08,FLA,BOS,68,5.5,-115,-105
2024-10-08,FLA,BOS,69,5.5,-118,-104
2024-10-08,FLA,BOS,71,5.5,-118,-104
2024-10-08,FLA,BOS,75,5.5,-115,-105
2024-10-08,UTA,CHI,15,6.0,-130,110
2024-10-08,UTA,CHI,30,6.5,105,-125
2024-10-08,UTA,CHI,68,6.0,-130,110
2024-10-08,UTA,CHI,69,6.5,104,-128
2024-10-08,UTA,CHI,71,6.0,-114,-107
2024-10-08,UTA,CHI,75,6.5,100,-120
2024-10-09,MTL,TOR,15,6.5,-112,-108
2024-10-09,MTL,TOR,30,6.5,-114,-105
2024-10-09,MTL,TOR,68,6.5,-112,-108
2024-10-09,MTL,TOR,69,6.5,-110,-110
2024-10-09,MTL,TOR,71,6.5,-113,-107
2024-10-09,MTL,TOR,75,6.5,-115,-105
2024-10-09,PIT,NYR,15,6.0,-113,-108
2024-10-09,PIT,NYR,30,6.0,-115,-105
2024-10-09,PIT,NYR,68,6.0,-112,-108
2024-10-09,PIT,NYR,69,6.5,108,-132
2024-10-09,PIT,NYR,71,6.0,-115,-106
2024-10-09,PIT,NYR,75,6.0,-115,-105
2024-10-09,VAN,CGY,15,6.5,102,-122
2024-10-09,VAN,CGY,30,6.5,-110,-111
2024-10-09,VAN,CGY,68,6.5,102,-122
2024-10-09,VAN,CGY,69,6.5,106,-130
2024-10-09,VAN,CGY,71,6.5,-106,-115
2024-10-09,VAN,CGY,75,6.5,100,-120
2024-10-09,EDM,WPG,15,6.0,-119,-102
2024-10-09,EDM,WPG,30,6.5,-105,-115
2024-10-09,EDM,WPG,68,6.0,-118,-102
2024-10-09,EDM,WPG,69,6.5,106,-130
2024-10-09,EDM,WPG,71,6.0,-125,100
2024-10-09,EDM,WPG,75,6.0,-120,100
2024-10-09,VGK,COL,15,6.5,-100,-120
2024-10-09,VGK,COL,30,6.5,-110,-111
2024-10-09,VGK,COL,68,6.5,100,-120
2024-10-09,VGK,COL,69,6.5,-106,-114
2024-10-09,VGK,COL,71,6.5,-105,-120
2024-10-09,VGK,COL,75,6.5,100,-120
2024-10-10,NJ,TOR,15,6.5,-121,-100
2024-10-10,NJ,TOR,30,6.5,-115,-105
2024-10-10,NJ,TOR,68,6.5,-122,102
2024-10-10,NJ,TOR,69,6.5,-120,-102
2024-10-10,NJ,TOR,71,6.5,-122,102
2024-10-10,NJ,TOR,75,6.5,-115,-105
2024-10-10,BUF,LA,15,6.0,-115,-105
2024-10-10,BUF,LA,30,6.5,-105,-115
2024-10-10,BUF,LA,68,6.0,-115,-105
2024-10-10,BUF,LA,69,6.5,108,-132
2024-10-10,BUF,LA,71,6.0,-104,-117
2024-10-10,BUF,LA,75,6.0,-115,-105
2024-10-10,OTT,FLA,15,6.0,-122,102
2024-10-10,OTT,FLA,30,6.5,-110,-110
2024-10-10,OTT,FLA,68,6.0,-122,102
2024-10-10,OTT,FLA,69,6.5,-104,-118
2024-10-10,OTT,FLA,71,6.5,-106,-115
2024-10-10,OTT,FLA,75,6.5,100,-120
2024-10-10,BOS,MTL,15,6.0,-105,-115
2024-10-10,BOS,MTL,30,6.0,-110,-110
2024-10-10,BOS,MTL,68,6.0,-105,-115
2024-10-10,BOS,MTL,69,5.5,-134,110
2024-10-10,BOS,MTL,71,6.0,-109,-112
2024-10-10,BOS,MTL,75,6.0,-105,-115
2024-10-10,NYI,UTA,15,6.0,-100,-120
2024-10-10,NYI,UTA,30,5.5,-121,-100
2024-10-10,NYI,UTA,68,6.0,100,-120
2024-10-10,NYI,UTA,69,5.5,-130,106
2024-10-10,NYI,UTA,71,6.0,100,-125
2024-10-10,NYI,UTA,75,6.0,100,-120
2024-10-10,DET,PIT,15,6.5,-125,105
2024-10-10,DET,PIT,30,6.5,-115,-105
2024-10-10,DET,PIT,68,6.5,-125,105
2024-10-10,DET,PIT,69,6.5,-130,106
2024-10-10,DET,PIT,71,6.5,-122,102
2024-10-10,DET,PIT,75,6.5,-120,100
2024-10-10,MIN,CBJ,15,6.5,-102,-118
2024-10-10,MIN,CBJ,30,6.5,102,-122
2024-10-10,MIN,CBJ,68,6.5,-102,-118
2024-10-10,MIN,CBJ,69,6.5,-106,-114
2024-10-10,MIN,CBJ,71,6.5,-106,-121
2024-10-10,MIN,CBJ,75,6.5,100,-120
2024-10-10,NSH,DAL,15,6.5,-102,-117
2024-10-10,NSH,DAL,30,6.0,-105,-112
2024-10-10,NSH,DAL,68,6.5,-105,-115
2024-10-10,NSH,DAL,69,6.5,-100,-122
2024-10-10,NSH,DAL,71,6.5,-103,-124
2024-10-10,NSH,DAL,75,6.5,100,-120
2024-10-10,SJ,STL,15,6.0,-106,-112
2024-10-10,SJ,STL,30,6.0,-105,-115
2024-10-10,SJ,STL,68,6.0,-108,-112
2024-10-10,SJ,STL,69,5.5,-134,110
2024-10-10,SJ,STL,71,6.0,-104,-118
2024-10-10,SJ,STL,75,6.0,-105,-115
2024-10-11,CAR,TB,15,6.0,-122,102
2024-10-11,CAR,TB,30,6.5,100,-119
2024-10-11,CAR,TB,68,6.0,-122,102
2024-10-11,CAR,TB,69,6.5,102,-124
2024-10-11,CAR,TB,71,6.5,100,-120
2024-10-11,CAR,TB,75,6.0,-120,100
2024-10-11,WPG,CHI,15,6.0,-119,-102
2024-10-11,WPG,CHI,30,5.5,-120,-102
2024-10-11,WPG,CHI,68,6.0,-118,-102
2024-10-11,WPG,CHI,69,6.5,116,-142
2024-10-11,WPG,CHI,71,6.0,-113,-108
2024-10-11,WPG,CHI,75,6.0,-120,100
2024-10-11,VAN,PHI,15,6.0,-109,-112
2024-10-11,VAN,PHI,30,6.5,-110,-110
2024-10-11,VAN,PHI,68,6.0,-108,-112
2024-10-11,VAN,PHI,69,6.5,104,-128
2024-10-11,VAN,PHI,71,6.0,-117,-105
2024-10-11,VAN,PHI,75,6.0,-115,-105
2024-10-11,VGK,STL,15,6.0,-108,-111
2024-10-11,VGK,STL,30,6.0,-105,-115
2024-10-11,VGK,STL,68,6.0,-108,-112
2024-10-11,VGK,STL,69,5.5,-134,110
2024-10-11,VGK,STL,71,6.0,-110,-109
2024-10-11,VGK,STL,75,6.0,-110,-110
2024-10-12,BOS,LA,15,5.5,-122,102
2024-10-12,BOS,LA,30,5.5,-120,-100
2024-10-12,BOS,LA,68,5.5,-122,102
2024-10-12,BOS,LA,69,5.5,-122,-100
2024-10-12,BOS,LA,71,5.5,-121,100
2024-10-12,BOS,LA,75,5.5,-125,105
2024-10-12,BUF,FLA,15,5.5,-125,105
2024-10-12,BUF,FLA,30,6.0,-100,-120
2024-10-12,BUF,FLA,68,5.5,-125,105
2024-10-12,BUF,FLA,69,5.5,-128,104
2024-10-12,BUF,FLA,71,6.0,102,-124
2024-10-12,BUF,FLA,75,6.0,100,-120
2024-10-12,WSH,NJ,15,6.0,-105,-115
2024-10-12,WSH,NJ,30,6.5,-110,-110
2024-10-12,WSH,NJ,68,6.0,-105,-115
2024-10-12,WSH,NJ,69,5.5,-134,110
2024-10-12,WSH,NJ,71,6.0,-118,-104
2024-10-12,WSH,NJ,75,6.0,-105,-115
2024-10-12,DET,NSH,15,6.5,-112,-107
2024-10-12,DET,NSH,30,6.5,-100,-120
2024-10-12,DET,NSH,68,6.5,-115,-105
2024-10-12,DET,NSH,69,6.5,-110,-110
2024-10-12,DET,NSH,71,6.5,-110,-115
2024-10-12,DET,NSH,75,6.5,-105,-115
2024-10-12,TOR,PIT,15,6.5,-115,-105
2024-10-12,TOR,PIT,30,6.5,-110,-110
2024-10-12,TOR,PIT,68,6.5,-115,-105
2024-10-12,TOR,PIT,69,6.5,-120,-102
2024-10-12,TOR,PIT,71,6.5,-117,-105
2024-10-12,TOR,PIT,75,6.5,-115,-105
2024-10-12,NYR,UTA,15,6.0,-110,-110
2024-10-12,NYR,UTA,30,6.0,-110,-110
2024-10-12,NYR,UTA,68,6.0,-110,-110
2024-10-12,NYR,UTA,69,5.5,-140,114
2024-10-12,NYR,UTA,71,6.0,-118,-104
2024-10-12,NYR,UTA,75,6.0,-110,-110
2024-10-12,MTL,OTT,15,6.0,-122,102
2024-10-12,MTL,OTT,30,6.0,-105,-115
2024-10-12,MTL,OTT,68,6.0,-122,102
2024-10-12,MTL,OTT,69,6.5,102,-124
2024-10-12,MTL,OTT,71,6.0,-127,100
2024-10-12,MTL,OTT,75,6.0,-120,100
2024-10-12,DAL,NYI,15,6.0,101,-121
2024-10-12,DAL,NYI,30,6.0,-110,-110
2024-10-12,DAL,NYI,68,6.0,102,-122
2024-10-12,DAL,NYI,69,5.5,-120,-102
2024-10-12,DAL,NYI,71,5.5,-121,100
2024-10-12,DAL,NYI,75,6.0,100,-120
2024-10-12,MIN,SEA,15,6.0,102,-122
2024-10-12,MIN,SEA,30,6.0,-100,-120
2024-10-12,MIN,SEA,68,6.0,102,-122
2024-10-12,MIN,SEA,69,5.5,-130,106
2024-10-12,MIN,SEA,71,5.5,-120,-103
2024-10-12,MIN,SEA,75,6.0,100,-120
2024-10-12,COL,CBJ,15,6.5,-122,101
2024-10-12,COL,CBJ,30,6.5,-115,-105
2024-10-12,COL,CBJ,68,6.5,-122,102
2024-10-12,COL,CBJ,69,6.5,-122,-100
2024-10-12,COL,CBJ,71,6.5,-130,104
2024-10-12,COL,CBJ,75,6.5,-120,100
2024-10-12,EDM,CHI,15,6.5,-107,-113
2024-10-12,EDM,CHI,30,6.0,-110,-110
2024-10-12,EDM,CHI,68,6.5,-108,-112
2024-10-12,EDM,CHI,69,6.5,-106,-114
2024-10-12,EDM,CHI,71,6.5,-110,-110
2024-10-12,EDM,CHI,75,6.5,-105,-115
2024-10-12,SJ,ANA,15,6.0,-125,105
2024-10-12,SJ,ANA,30,6.0,-120,100
2024-10-12,SJ,ANA,68,6.0,-125,105
2024-10-12,SJ,ANA,69,6.5,-100,-122
2024-10-12,SJ,ANA,71,6.0,-120,-103
2024-10-12,SJ,ANA,75,6.0,-120,100
2024-10-12,CGY,PHI,15,6.0,-118,-103
2024-10-12,CGY,PHI,30,6.0,-110,-110
2024-10-12,CGY,PHI,68,6.0,-118,-102
2024-10-12,CGY,PHI,69,6.5,102,-124
2024-10-12,CGY,PHI,71,6.0,-115,-106
2024-10-12,CGY,PHI,75,6.0,-115,-105
2024-10-13,WPG,MIN,15,5.5,-118,-103
2024-10-13,WPG,MIN,30,6.0,-105,-115
2024-10-13,WPG,MIN,68,5.5,-118,-102
2024-10-13,WPG,MIN,69,5.5,-118,-104
2024-10-13,WPG,MIN,71,5.5,-120,100
2024-10-13,WPG,MIN,75,5.5,-120,100
2024-10-13,EDM,CGY,15,6.5,-141,120
2024-10-13,EDM,CGY,30,6.5,-110,-110
2024-10-13,EDM,CGY,68,6.5,-142,120
2024-10-13,EDM,CGY,69,6.5,-134,110
2024-10-13,EDM,CGY,71,6.5,-134,106
2024-10-13,EDM,CGY,75,6.5,-130,110
2024-10-13,DAL,SEA,15,6.0,-110,-110
2024-10-13,DAL,SEA,30,6.0,-105,-115
2024-10-13,DAL,SEA,68,6.0,-110,-110
2024-10-13,DAL,SEA,69,5.5,-138,112
2024-10-13,DAL,SEA,71,6.0,-106,-115
2024-10-13,DAL,SEA,75,6.0,100,-120
2024-10-13,VGK,ANA,15,6.5,-102,-117
2024-10-13,VGK,ANA,30,6.0,-115,-105
2024-10-13,VGK,ANA,68,6.5,-105,-115
2024-10-13,VGK,ANA,69,6.5,-100,-122
2024-10-13,VGK,ANA,71,6.0,-121,100
2024-10-13,VGK,ANA,75,6.5,100,-120
2024-10-14,OTT,LA,15,6.0,-112,-108
2024-10-14,OTT,LA,30,6.0,-120,-100
2024-10-14,OTT,LA,68,6.0,-112,-108
2024-10-14,OTT,LA,69,5.5,-140,114
2024-10-14,OTT,LA,71,6.0,-108,-113
2024-10-14,OTT,LA,75,6.0,-110,-110
2024-10-14,NJ,UTA,15,6.5,-120,-100
2024-10-14,NJ,UTA,30,6.5,-105,-115
2024-10-14,NJ,UTA,68,6.5,-120,100
2024-10-14,NJ,UTA,69,6.5,-120,-102
2024-10-14,NJ,UTA,71,6.5,-120,-103
2024-10-14,NJ,UTA,75,6.5,-115,-105
2024-10-14,BOS,FLA,15,5.5,-112,-108
2024-10-14,BOS,FLA,30,5.5,-125,105
2024-10-14,BOS,FLA,68,5.5,-112,-108
2024-10-14,BOS,FLA,69,5.5,-114,-106
2024-10-14,BOS,FLA,71,5.5,-113,-112
2024-10-14,BOS,FLA,75,5.5,-115,-105
2024-10-14,NYR,DET,15,6.5,-102,-118
2024-10-14,NYR,DET,30,6.0,-115,-105
2024-10-14,NYR,DET,68,6.5,-102,-118
2024-10-14,NYR,DET,69,6.5,-102,-120
2024-10-14,NYR,DET,71,5.5,143,-205
2024-10-14,NYR,DET,75,6.5,100,-120
2024-10-14,MTL,PIT,15,6.0,-122,102
2024-10-14,MTL,PIT,30,6.0,-110,-110
2024-10-14,MTL,PIT,68,6.0,-122,102
2024-10-14,MTL,PIT,69,6.5,108,-132
2024-10-14,MTL,PIT,71,6.0,-122,102
2024-10-14,MTL,PIT,75,6.0,-120,100
2024-10-14,COL,NYI,15,6.5,-105,-115
2024-10-14,COL,NYI,30,6.5,-110,-110
2024-10-14,COL,NYI,68,6.5,-105,-115
2024-10-14,COL,NYI,69,6.5,-105,-115
2024-10-14,COL,NYI,71,6.5,-108,-117
2024-10-14,COL,NYI,75,6.5,-105,-115
2024-10-15,CAR,NJ,15,6.0,-120,100
2024-10-15,CAR,NJ,30,6.0,-120,-100
2024-10-15,CAR,NJ,68,6.0,-120,100
2024-10-15,CAR,NJ,69,6.5,110,-134
2024-10-15,CAR,NJ,71,6.0,-121,-105
2024-10-15,CAR,NJ,75,6.0,-120,100
2024-10-15,WSH,VGK,15,6.0,102,-122
2024-10-15,WSH,VGK,30,6.0,-100,-120
2024-10-15,WSH,VGK,68,6.0,102,-122
2024-10-15,WSH,VGK,69,5.5,-122,-100
2024-10-15,WSH,VGK,71,6.0,-105,-117
2024-10-15,WSH,VGK,75,6.0,100,-120
2024-10-15,TB,VAN,15,6.5,100,-112
2024-10-15,TB,VAN,30,6.5,105,-125
2024-10-15,TB,VAN,68,6.5,-108,-112
2024-10-15,TB,VAN,69,6.5,-100,-122
2024-10-15,TB,VAN,71,6.5,-105,-117
2024-10-15,TB,VAN,75,6.5,100,-120
2024-10-15,CBJ,FLA,15,6.5,105,-128
2024-10-15,CBJ,FLA,30,6.5,-105,-115
2024-10-15,CBJ,FLA,68,6.5,110,-130
2024-10-15,CBJ,FLA,69,6.5,104,-128
2024-10-15,CBJ,FLA,71,6.5,100,-125
2024-10-15,CBJ,FLA,75,6.0,-120,100
2024-10-15,STL,MIN,15,6.0,100,-115
2024-10-15,STL,MIN,30,6.0,-110,-110
2024-10-15,STL,MIN,68,6.0,100,-120
2024-10-15,STL,MIN,69,5.5,-124,102
2024-10-15,STL,MIN,71,6.0,-103,-120
2024-10-15,STL,MIN,75,6.0,100,-120
2024-10-15,NSH,SEA,15,6.0,-105,-115
2024-10-15,NSH,SEA,30,6.0,-100,-120
2024-10-15,NSH,SEA,68,6.0,-105,-115
2024-10-15,NSH,SEA,69,5.5,-130,106
2024-10-15,NSH,SEA,71,6.0,-103,-120
2024-10-15,NSH,SEA,75,6.0,-105,-115
2024-10-15,DAL,SJ,15,6.0,-105,-115
2024-10-15,DAL,SJ,30,6.0,-110,-110
2024-10-15,DAL,SJ,68,6.0,-105,-115
2024-10-15,DAL,SJ,69,5.5,-140,114
2024-10-15,DAL,SJ,71,6.0,-110,-110
2024-10-15,DAL,SJ,75,6.0,-105,-115
2024-10-15,CGY,CHI,15,6.0,-125,105
2024-10-15,CGY,CHI,30,6.0,-115,-105
2024-10-15,CGY,CHI,68,6.0,-125,105
2024-10-15,CGY,CHI,69,6.5,102,-124
2024-10-15,CGY,CHI,71,6.5,102,-124
2024-10-15,CGY,CHI,75,6.5,100,-120
2024-10-15,EDM,PHI,15,6.5,-110,-110
2024-10-15,EDM,PHI,30,6.0,-120,-100
2024-10-15,EDM,PHI,68,6.5,-110,-110
2024-10-15,EDM,PHI,69,6.5,-110,-110
2024-10-15,EDM,PHI,71,6.5,-109,-112
2024-10-15,EDM,PHI,75,6.5,-105,-115
2024-10-16,PIT,BUF,15,6.5,-102,-118
2024-10-16,PIT,BUF,30,6.0,-120,-100
2024-10-16,PIT,BUF,68,6.5,-102,-118
2024-10-16,PIT,BUF,69,6.5,-102,-120
2024-10-16,PIT,BUF,71,6.0,-120,-103
2024-10-16,PIT,BUF,75,6.5,100,-120
2024-10-16,TOR,LA,15,6.5,-110,-108
2024-10-16,TOR,LA,30,6.5,-110,-110
2024-10-16,TOR,LA,68,6.0,-122,102
2024-10-16,TOR,LA,69,6.5,-104,-118
2024-10-16,TOR,LA,71,6.0,-124,102
2024-10-16,TOR,LA,75,6.5,100,-120
2024-10-16,COL,BOS,15,6.5,-132,108
2024-10-16,COL,BOS,30,6.5,-100,-120
2024-10-16,COL,BOS,68,6.5,-135,114
2024-10-16,COL,BOS,69,6.5,-130,106
2024-10-16,COL,BOS,71,6.5,-124,102
2024-10-16,COL,BOS,75,7.0,110,-135
2024-10-16,ANA,UTA,15,6.5,-107,-112
2024-10-16,ANA,UTA,30,6.5,-100,-120
2024-10-16,ANA,UTA,68,6.0,-115,-105
2024-10-16,ANA,UTA,69,6.5,-100,-122
2024-10-16,ANA,UTA,71,6.5,102,-124
2024-10-16,ANA,UTA,75,6.0,-115,-105
2024-10-17,MTL,LA,15,6.0,102,-122
2024-10-17,MTL,LA,30,6.0,-120,-100
2024-10-17,MTL,LA,68,6.0,102,-122
2024-10-17,MTL,LA,69,5.5,-130,106
2024-10-17,MTL,LA,71,6.0,-109,-115
2024-10-17,MTL,LA,75,6.0,100,-120
2024-10-17,TB,VGK,15,6.0,-120,100
2024-10-17,TB,VGK,30,6.5,-120,-100
2024-10-17,TB,VGK,68,6.0,-120,100
2024-10-17,TB,VGK,69,6.5,104,-128
2024-10-17,TB,VGK,71,6.0,-120,100
2024-10-17,TB,VGK,75,6.0,-115,-105
2024-10-17,WSH,DAL,15,6.0,100,-120
2024-10-17,WSH,DAL,30,6.0,-120,-100
2024-10-17,WSH,DAL,68,6.0,100,-120
2024-10-17,WSH,DAL,69,5.5,-130,106
2024-10-17,WSH,DAL,71,6.0,-105,-117
2024-10-17,WSH,DAL,75,6.0,100,-120
2024-10-17,CBJ,BUF,15,6.5,102,-120
2024-10-17,CBJ,BUF,30,6.5,-115,-105
2024-10-17,CBJ,BUF,68,6.5,102,-122
2024-10-17,CBJ,BUF,69,6.5,-105,-115
2024-10-17,CBJ,BUF,71,6.5,100,-120
2024-10-17,CBJ,BUF,75,6.5,100,-120
2024-10-17,OTT,NJ,15,6.5,-105,-112
2024-10-17,OTT,NJ,30,6.5,-110,-110
2024-10-17,OTT,NJ,68,6.5,-108,-112
2024-10-17,OTT,NJ,69,6.5,-104,-118
2024-10-17,OTT,NJ,71,6.5,-112,-109
2024-10-17,OTT,NJ,75,6.5,-110,-110
2024-10-17,FLA,VAN,15,5.5,-105,-118
2024-10-17,FLA,VAN,30,6.0,-115,-105
2024-10-17,FLA,VAN,68,5.5,-102,-118
2024-10-17,FLA,VAN,69,5.5,-106,-114
2024-10-17,FLA,VAN,71,5.5,-110,-110
2024-10-17,FLA,VAN,75,5.5,-105,-115
2024-10-17,DET,NYR,15,6.5,-108,-115
2024-10-17,DET,NYR,30,6.0,-120,-100
2024-10-17,DET,NYR,68,6.5,-108,-112
2024-10-17,DET,NYR,69,6.5,-104,-118
2024-10-17,DET,NYR,71,6.5,100,-122
2024-10-17,DET,NYR,75,6.5,-105,-115
2024-10-17,NSH,EDM,15,6.5,-130,110
2024-10-17,NSH,EDM,30,6.5,105,-125
2024-10-17,NSH,EDM,68,6.5,-130,110
2024-10-17,NSH,EDM,69,6.5,-130,106
2024-10-17,NSH,EDM,71,6.5,-132,108
2024-10-17,NSH,EDM,75,6.5,-125,105
2024-10-17,STL,NYI,15,6.0,100,-115
2024-10-17,STL,NYI,30,6.0,-110,-110
2024-10-17,STL,NYI,68,6.0,100,-120
2024-10-17,STL,NYI,69,5.5,-124,102
2024-10-17,STL,NYI,71,6.0,-103,-120
2024-10-17,STL,NYI,75,6.0,100,-120
2024-10-17,CHI,SJ,15,6.0,-120,-105
2024-10-17,CHI,SJ,30,6.0,-115,-105
2024-10-17,CHI,SJ,68,6.0,-115,-105
2024-10-17,CHI,SJ,69,6.5,110,-134
2024-10-17,CHI,SJ,71,6.0,-108,-113
2024-10-17,CHI,SJ,75,6.0,-115,-105
2024-10-17,SEA,PHI,15,6.0,-118,-105
2024-10-17,SEA,PHI,30,6.0,-110,-110
2024-10-17,SEA,PHI,68,6.0,-118,-102
2024-10-17,SEA,PHI,69,6.5,110,-134
2024-10-17,SEA,PHI,71,6.0,-107,-114
2024-10-17,SEA,PHI,75,6.0,-115,-105
2024-10-18,PIT,CAR,15,6.5,-102,-118
2024-10-18,PIT,CAR,30,6.5,-105,-115
2024-10-18,PIT,CAR,68,6.5,-102,-118
2024-10-18,PIT,CAR,69,6.5,-102,-120
2024-10-18,PIT,CAR,71,6.5,102,-122
2024-10-18,PIT,CAR,75,6.5,100,-120
2024-10-18,WPG,SJ,15,5.5,-125,105
2024-10-18,WPG,SJ,30,5.5,-118,-104
2024-10-18,WPG,SJ,68,5.5,-125,105
2024-10-18,WPG,SJ,69,5.5,-128,104
2024-10-18,WPG,SJ,71,5.5,-121,100
2024-10-18,WPG,SJ,75,6.0,100,-120
2024-10-18,COL,ANA,15,6.5,-130,110
2024-10-18,COL,ANA,30,6.5,-128,104
2024-10-18,COL,ANA,68,6.5,-130,110
2024-10-18,COL,ANA,69,6.5,-130,106
2024-10-18,COL,ANA,71,6.5,-141,112
2024-10-18,COL,ANA,75,6.5,-135,110
2024-10-19,OTT,TB,15,6.5,-118,-102
2024-10-19,OTT,TB,30,6.5,-110,-110
2024-10-19,OTT,TB,68,6.5,-118,-102
2024-10-19,OTT,TB,69,6.5,-112,-108
2024-10-19,OTT,TB,71,6.5,-115,-106
2024-10-19,OTT,TB,75,6.5,-120,100
2024-10-19,NSH,DET,15,6.5,-114,-106
2024-10-19,NSH,DET,30,6.5,-114,-106
2024-10-19,NSH,DET,68,6.5,-115,-105
2024-10-19,NSH,DET,69,6.5,-114,-106
2024-10-19,NSH,DET,71,6.5,-113,-113
2024-10-19,NSH,DET,75,6.5,-110,-110
2024-10-19,DAL,EDM,15,6.0,-120,100
2024-10-19,DAL,EDM,30,6.5,-104,-118
2024-10-19,DAL,EDM,68,6.0,-120,100
2024-10-19,DAL,EDM,69,6.5,108,-132
2024-10-19,DAL,EDM,71,6.0,-120,100
2024-10-19,DAL,EDM,75,6.0,-120,100
2024-10-19,FLA,VGK,15,5.5,-115,-105
2024-10-19,FLA,VGK,30,5.5,-120,-102
2024-10-19,FLA,VGK,68,5.5,-115,-105
2024-10-19,FLA,VGK,69,5.5,-110,-110
2024-10-19,FLA,VGK,71,6.0,100,-127
2024-10-19,FLA,VGK,75,5.5,-115,-105
2024-10-19,NJ,WSH,15,6.0,-120,-105
2024-10-19,NJ,WSH,30,5.5,-142,116
2024-10-19,NJ,WSH,68,6.0,-115,-105
2024-10-19,NJ,WSH,69,6.5,106,-130
2024-10-19,NJ,WSH,71,6.0,-120,100
2024-10-19,NJ,WSH,75,6.0,-120,100
2024-10-19,CBJ,MIN,15,6.5,102,-122
2024-10-19,CBJ,MIN,30,6.5,-106,-114
2024-10-19,CBJ,MIN,68,6.5,102,-122
2024-10-19,CBJ,MIN,69,6.5,106,-130
2024-10-19,CBJ,MIN,71,6.5,102,-124
2024-10-19,CBJ,MIN,75,6.5,100,-120
2024-10-19,NYI,MTL,15,6.0,-115,-105
2024-10-19,NYI,MTL,30,6.5,112,-138
2024-10-19,NYI,MTL,68,6.0,-115,-105
2024-10-19,NYI,MTL,69,6.5,112,-140
2024-10-19,NYI,MTL,71,6.0,-114,-112
2024-10-19,NYI,MTL,75,6.0,-115,-105
2024-10-19,PHI,VAN,15,6.0,-115,-105
2024-10-19,PHI,VAN,30,5.5,-140,114
2024-10-19,PHI,VAN,68,6.0,-115,-105
2024-10-19,PHI,VAN,69,6.5,116,-142
2024-10-19,PHI,VAN,71,6.0,-114,-107
2024-10-19,PHI,VAN,75,6.0,-120,100
2024-10-19,STL,CAR,15,6.0,-105,-115
2024-10-19,STL,CAR,30,5.5,-134,110
2024-10-19,STL,CAR,68,6.0,-105,-115
2024-10-19,STL,CAR,69,5.5,-134,110
2024-10-19,STL,CAR,71,6.0,-103,-122
2024-10-19,STL,CAR,75,6.0,-105,-115
2024-10-19,TOR,NYR,15,6.5,-105,-110
2024-10-19,TOR,NYR,30,6.5,-104,-118
2024-10-19,TOR,NYR,68,6.5,-105,-115
2024-10-19,TOR,NYR,69,6.5,-112,-108
2024-10-19,TOR,NYR,71,6.0,-122,100
2024-10-19,TOR,NYR,75,6.5,-105,-115
2024-10-19,CHI,BUF,15,6.0,-115,-105
2024-10-19,CHI,BUF,30,5.5,-120,-102
2024-10-19,CHI,BUF,68,6.0,-115,-105
2024-10-19,CHI,BUF,69,6.5,112,-138
2024-10-19,CHI,BUF,71,6.0,-107,-118
2024-10-19,CHI,BUF,75,6.0,-110,-110
2024-10-19,UTA,BOS,15,6.0,-112,-108
2024-10-19,UTA,BOS,30,6.5,116,-142
2024-10-19,UTA,BOS,68,6.0,-112,-108
2024-10-19,UTA,BOS,69,6.5,106,-130
2024-10-19,UTA,BOS,71,6.0,-113,-113
2024-10-19,UTA,BOS,75,6.0,-115,-105
2024-10-19,SEA,CGY,15,6.0,-118,-102
2024-10-19,SEA,CGY,30,5.5,-138,112
2024-10-19,SEA,CGY,68,6.0,-118,-102
2024-10-19,SEA,CGY,69,6.5,106,-130
2024-10-19,SEA,CGY,71,6.0,-122,100
2024-10-19,SEA,CGY,75,6.0,-120,100
2024-10-20,WPG,PIT,15,6.5,-108,-112
2024-10-20,WPG,PIT,30,6.5,-100,-120
2024-10-20,WPG,PIT,68,6.5,-108,-112
2024-10-20,WPG,PIT,69,6.5,-108,-112
2024-10-20,WPG,PIT,71,6.5,-109,-112
2024-10-20,WPG,PIT,75,6.5,-105,-115
2024-10-20,SJ,COL,15,6.5,-112,-108
2024-10-20,SJ,COL,30,6.5,-120,-100
2024-10-20,SJ,COL,68,6.5,-112,-108
2024-10-20,SJ,COL,69,6.5,-110,-110
2024-10-20,SJ,COL,71,6.5,-112,-113
2024-10-20,SJ,COL,75,6.5,-115,-105
2024-10-20,ANA,LA,15,6.0,-120,100
2024-10-20,ANA,LA,30,6.5,-100,-120
2024-10-20,ANA,LA,68,6.0,-120,100
2024-10-20,ANA,LA,69,6.5,-102,-120
2024-10-20,ANA,LA,71,6.0,-117,-109
2024-10-20,ANA,LA,75,6.0,-120,100
2024-10-21,TOR,TB,15,6.5,-110,-111
2024-10-21,TOR,TB,30,6.5,-108,-114
2024-10-21,TOR,TB,68,6.5,-108,-112
2024-10-21,TOR,TB,69,6.5,-112,-108
2024-10-21,TOR,TB,71,6.5,-109,-117
2024-10-21,TOR,TB,75,6.5,-110,-110
2024-10-22,PHI,WSH,15,6.0,-112,-108
2024-10-22,PHI,WSH,30,5.5,-128,104
2024-10-22,PHI,WSH,68,6.0,-112,-108
2024-10-22,PHI,WSH,69,6.5,108,-132
2024-10-22,PHI,WSH,71,6.0,-105,-121
2024-10-22,PHI,WSH,75,6.0,-105,-115
2024-10-22,FLA,MIN,15,5.5,-112,-108
2024-10-22,FLA,MIN,30,5.5,-134,110
2024-10-22,FLA,MIN,68,5.5,-112,-108
2024-10-22,FLA,MIN,69,5.5,-120,-102
2024-10-22,FLA,MIN,71,5.5,-115,-110
2024-10-22,FLA,MIN,75,5.5,-110,-110
2024-10-22,NJ,TB,15,6.5,-142,120
2024-10-22,NJ,TB,30,6.5,-114,-106
2024-10-22,NJ,TB,68,6.5,-142,120
2024-10-22,NJ,TB,69,6.5,-140,112
2024-10-22,NJ,TB,71,7.0,112,-137
2024-10-22,NJ,TB,75,6.5,-135,115
2024-10-22,BUF,DAL,15,6.0,100,-118
2024-10-22,BUF,DAL,30,6.5,110,-134
2024-10-22,BUF,DAL,68,6.0,-102,-118
2024-10-22,BUF,DAL,69,5.5,-132,108
2024-10-22,BUF,DAL,71,6.0,100,-121
2024-10-22,BUF,DAL,75,6.0,100,-120
2024-10-22,MTL,NYR,15,6.0,-120,-102
2024-10-22,MTL,NYR,30,6.5,112,-138
2024-10-22,MTL,NYR,68,6.0,-118,-102
2024-10-22,MTL,NYR,69,6.5,110,-134
2024-10-22,MTL,NYR,71,6.0,-113,-107
2024-10-22,MTL,NYR,75,6.0,-115,-105
2024-10-22,CBJ,TOR,15,6.5,-112,-108
2024-10-22,CBJ,TOR,30,6.5,-118,-104
2024-10-22,CBJ,TOR,68,6.5,-112,-108
2024-10-22,CBJ,TOR,69,6.5,-118,-104
2024-10-22,CBJ,TOR,71,6.5,-114,-107
2024-10-22,CBJ,TOR,75,6.5,-120,100
2024-10-22,NYI,DET,15,6.0,-115,-105
2024-10-22,NYI,DET,30,6.5,110,-134
2024-10-22,NYI,DET,68,6.0,-115,-105
2024-10-22,NYI,DET,69,6.5,112,-138
2024-10-22,NYI,DET,71,6.0,-114,-107
2024-10-22,NYI,DET,75,6.0,-120,100
2024-10-22,STL,WPG,15,6.0,110,-130
2024-10-22,STL,WPG,30,5.5,-122,-100
2024-10-22,STL,WPG,68,6.0,110,-130
2024-10-22,STL,WPG,69,5.5,-120,-102
2024-10-22,STL,WPG,71,5.5,-114,-107
2024-10-22,STL,WPG,75,5.5,-120,100
2024-10-22,CHI,VAN,15,6.0,105,-125
2024-10-22,CHI,VAN,30,6.5,116,-142
2024-10-22,CHI,VAN,68,6.0,105,-125
2024-10-22,CHI,VAN,69,5.5,-122,-100
2024-10-22,CHI,VAN,71,6.0,-105,-121
2024-10-22,CHI,VAN,75,6.0,100,-120
2024-10-22,SEA,COL,15,6.0,-122,102
2024-10-22,SEA,COL,30,6.5,-106,-114
2024-10-22,SEA,COL,68,6.0,-122,102
2024-10-22,SEA,COL,69,6.5,102,-124
2024-10-22,SEA,COL,71,6.0,-127,100
2024-10-22,SEA,COL,75,6.0,-120,100
2024-10-22,NSH,BOS,15,6.0,-108,-110
2024-10-22,NSH,BOS,30,5.5,-138,112
2024-10-22,NSH,BOS,68,6.0,-108,-112
2024-10-22,NSH,BOS,69,5.5,-140,114
2024-10-22,NSH,BOS,71,6.0,-112,-109
2024-10-22,NSH,BOS,75,6.0,-110,-110
2024-10-22,EDM,CAR,15,6.0,-125,105
2024-10-22,EDM,CAR,30,6.5,102,-124
2024-10-22,EDM,CAR,68,6.0,-125,105
2024-10-22,EDM,CAR,69,6.5,-102,-120
2024-10-22,EDM,CAR,71,6.0,-124,-103
2024-10-22,EDM,CAR,75,6.5,100,-120
2024-10-22,UTA,OTT,15,6.5,-108,-110
2024-10-22,UTA,OTT,30,6.5,-110,-110
2024-10-22,UTA,OTT,68,6.5,-110,-110
2024-10-22,UTA,OTT,69,6.5,-108,-112
2024-10-22,UTA,OTT,71,6.5,-112,-109
2024-10-22,UTA,OTT,75,6.5,-110,-110
2024-10-22,CGY,PIT,15,6.5,-108,-112
2024-10-22,CGY,PIT,30,6.5,102,-124
2024-10-22,CGY,PIT,68,6.5,-108,-112
2024-10-22,CGY,PIT,69,6.5,-106,-114
2024-10-22,CGY,PIT,71,6.5,-114,-107
2024-10-22,CGY,PIT,75,6.5,-110,-110
2024-10-22,ANA,SJ,15,6.0,-105,-115
2024-10-22,ANA,SJ,30,6.5,114,-140
2024-10-22,ANA,SJ,68,6.0,-105,-115
2024-10-22,ANA,SJ,69,5.5,-128,104
2024-10-22,ANA,SJ,71,6.0,100,-122
2024-10-22,ANA,SJ,75,6.0,100,-120
2024-10-22,VGK,LA,15,5.5,-122,105
2024-10-22,VGK,LA,30,5.5,-122,-100
2024-10-22,VGK,LA,68,5.5,-122,102
2024-10-22,VGK,LA,69,5.5,-115,-105
2024-10-22,VGK,LA,71,5.5,-124,102
2024-10-22,VGK,LA,75,6.0,100,-120
2024-10-23,WSH,PHI,15,6.0,-130,110
2024-10-23,WSH,PHI,30,6.5,116,-142
2024-10-23,WSH,PHI,68,6.0,-125,105
2024-10-23,WSH,PHI,69,6.5,102,-124
2024-10-23,WSH,PHI,71,6.0,-121,100
2024-10-23,WSH,PHI,75,6.5,100,-120
2024-10-24,DET,NJ,15,6.5,-115,-105
2024-10-24,DET,NJ,30,6.5,-110,-110
2024-10-24,DET,NJ,68,6.5,-115,-105
2024-10-24,DET,NJ,69,6.5,-106,-114
2024-10-24,DET,NJ,71,6.5,-110,-114
2024-10-24,DET,NJ,75,6.5,-120,100
2024-10-24,BOS,DAL,15,5.5,-125,105
2024-10-24,BOS,DAL,30,5.5,-134,110
2024-10-24,BOS,DAL,68,5.5,-125,105
2024-10-24,BOS,DAL,69,5.5,-128,104
2024-10-24,BOS,DAL,71,6.0,102,-124
2024-10-24,BOS,DAL,75,6.0,100,-120
2024-10-24,TB,MIN,15,6.0,-122,102
2024-10-24,TB,MIN,30,6.5,-110,-110
2024-10-24,TB,MIN,68,6.0,-122,102
2024-10-24,TB,MIN,69,6.5,110,-134
2024-10-24,TB,MIN,71,6.0,-124,102
2024-10-24,TB,MIN,75,6.0,-120,100
2024-10-24,NYR,FLA,15,5.5,-125,105
2024-10-24,NYR,FLA,30,6.5,104,-128
2024-10-24,NYR,FLA,68,5.5,-125,105
2024-10-24,NYR,FLA,69,5.5,-120,-102
2024-10-24,NYR,FLA,71,5.5,-120,100
2024-10-24,NYR,FLA,75,6.0,100,-120
2024-10-24,TOR,STL,15,6.0,-120,-102
2024-10-24,TOR,STL,30,6.5,-102,-120
2024-10-24,TOR,STL,68,6.0,-118,-102
2024-10-24,TOR,STL,69,6.5,108,-132
2024-10-24,TOR,STL,71,6.0,-114,-107
2024-10-24,TOR,STL,75,6.5,100,-120
2024-10-24,CGY,CAR,15,6.0,-125,105
2024-10-24,CGY,CAR,30,6.5,114,-140
2024-10-24,CGY,CAR,68,6.0,-125,105
2024-10-24,CGY,CAR,69,6.5,-105,-115
2024-10-24,CGY,CAR,71,6.0,-124,102
2024-10-24,CGY,CAR,75,6.0,-120,100
2024-10-24,UTA,COL,15,6.5,-108,-110
2024-10-24,UTA,COL,30,6.5,-104,-118
2024-10-24,UTA,COL,68,6.5,-108,-112
2024-10-24,UTA,COL,69,6.5,-112,-108
2024-10-24,UTA,COL,71,6.5,-104,-122
2024-10-24,UTA,COL,75,6.5,-105,-115
2024-10-24,SEA,WPG,15,5.5,-120,100
2024-10-24,SEA,WPG,30,5.5,-122,-100
2024-10-24,SEA,WPG,68,5.5,-120,100
2024-10-24,SEA,WPG,69,5.5,-122,-100
2024-10-24,SEA,WPG,71,5.5,-124,-103
2024-10-24,SEA,WPG,75,5.5,-120,100
2024-10-24,LA,SJ,15,6.0,100,-115
2024-10-24,LA,SJ,30,5.5,-140,114
2024-10-24,LA,SJ,68,6.0,-105,-115
2024-10-24,LA,SJ,69,5.5,-130,106
2024-10-24,LA,SJ,71,6.0,-104,-118
2024-10-24,LA,SJ,75,6.0,100,-120
2024-10-25,VGK,OTT,15,6.5,-105,-118
2024-10-25,VGK,OTT,30,6.5,-100,-122
2024-10-25,VGK,OTT,68,6.5,-102,-118
2024-10-25,VGK,OTT,69,6.5,-111,-115
2024-10-25,VGK,OTT,71,6.0,-124,-103
2024-10-25,VGK,OTT,75,6.5,100,-120
2024-10-25,NJ,NYI,15,6.0,-125,105
2024-10-25,NJ,NYI,30,5.5,-140,114
2024-10-25,NJ,NYI,68,6.0,-120,100
2024-10-25,NJ,NYI,69,6.5,-100,-122
2024-10-25,NJ,NYI,71,6.0,-120,-103
2024-10-25,NJ,NYI,75,6.5,100,-120
2024-10-25,CHI,NSH,15,6.0,-108,-112
2024-10-25,CHI,NSH,30,6.5,102,-124
2024-10-25,CHI,NSH,68,6.0,-108,-112
2024-10-25,CHI,NSH,69,5.5,-138,112
2024-10-25,CHI,NSH,71,6.0,-112,-109
2024-10-25,CHI,NSH,75,6.0,-110,-110
2024-10-25,EDM,PIT,15,7.0,100,-120
2024-10-25,EDM,PIT,30,6.5,104,-128
2024-10-25,EDM,PIT,68,7.0,100,-120
2024-10-25,EDM,PIT,69,6.5,-158,128
2024-10-25,EDM,PIT,71,7.0,106,-129
2024-10-25,EDM,PIT,75,7.0,100,-120
2024-10-26,PHI,MIN,15,6.0,105,-125
2024-10-26,PHI,MIN,30,5.5,-142,116
2024-10-26,PHI,MIN,68,6.0,105,-125
2024-10-26,PHI,MIN,69,5.5,-118,-104
2024-10-26,PHI,MIN,71,5.5,-124,-103
2024-10-26,PHI,MIN,75,6.0,100,-120
2024-10-26,BUF,DET,15,6.5,-105,-118
2024-10-26,BUF,DET,30,6.5,-114,-106
2024-10-26,BUF,DET,68,6.5,-102,-118
2024-10-26,BUF,DET,69,6.5,-106,-114
2024-10-26,BUF,DET,71,6.5,-103,-124
2024-10-26,BUF,DET,75,6.5,-105,-115
2024-10-26,LA,UTA,15,6.0,-102,-118
2024-10-26,LA,UTA,30,6.5,116,-142
2024-10-26,LA,UTA,68,6.0,-102,-118
2024-10-26,LA,UTA,69,5.5,-134,110
2024-10-26,LA,UTA,71,6.0,-108,-113
2024-10-26,LA,UTA,75,6.0,100,-120
2024-10-26,TB,WSH,15,6.5,-102,-114
2024-10-26,TB,WSH,30,6.5,108,-132
2024-10-26,TB,WSH,68,6.5,-102,-118
2024-10-26,TB,WSH,69,6.5,-106,-114
2024-10-26,TB,WSH,71,6.5,-103,-120
2024-10-26,TB,WSH,75,6.5,-110,-110
2024-10-26,MTL,STL,15,6.0,-108,-110
2024-10-26,MTL,STL,30,6.5,114,-140
2024-10-26,MTL,STL,68,6.0,-108,-112
2024-10-26,MTL,STL,69,5.5,-140,114
2024-10-26,MTL,STL,71,6.0,-104,-122
2024-10-26,MTL,STL,75,6.0,-110,-110
2024-10-26,CGY,WPG,15,6.5,-105,-115
2024-10-26,CGY,WPG,30,5.5,-134,110
2024-10-26,CGY,WPG,68,6.0,-130,110
2024-10-26,CGY,WPG,69,6.5,-105,-115
2024-10-26,CGY,WPG,71,6.0,-120,-103
2024-10-26,CGY,WPG,75,6.5,100,-120
2024-10-26,BOS,TOR,15,6.0,-105,-115
2024-10-26,BOS,TOR,30,6.5,-100,-122
2024-10-26,BOS,TOR,68,6.0,-105,-115
2024-10-26,BOS,TOR,69,5.5,-124,102
2024-10-26,BOS,TOR,71,6.0,-114,-107
2024-10-26,BOS,TOR,75,6.0,-105,-115
2024-10-26,NYR,ANA,15,6.5,-100,-115
2024-10-26,NYR,ANA,30,6.5,110,-134
2024-10-26,NYR,ANA,68,6.5,-105,-115
2024-10-26,NYR,ANA,69,6.5,-100,-122
2024-10-26,NYR,ANA,71,6.5,102,-124
2024-10-26,NYR,ANA,75,6.0,-120,100
2024-10-26,NYI,FLA,15,6.0,105,-125
2024-10-26,NYI,FLA,30,5.5,-132,108
2024-10-26,NYI,FLA,68,6.0,102,-122
2024-10-26,NYI,FLA,69,6.5,114,-140
2024-10-26,NYI,FLA,71,6.0,100,-121
2024-10-26,NYI,FLA,75,5.5,-120,100
2024-10-26,NSH,CBJ,15,6.5,-115,-105
2024-10-26,NSH,CBJ,30,6.5,-108,-112
2024-10-26,NSH,CBJ,68,6.5,-115,-105
2024-10-26,NSH,CBJ,69,6.5,-114,-108
2024-10-26,NSH,CBJ,71,6.5,-122,-104
2024-10-26,NSH,CBJ,75,6.5,-110,-110
2024-10-26,DAL,CHI,15,6.0,-110,-110
2024-10-26,DAL,CHI,30,5.5,-140,114
2024-10-26,DAL,CHI,68,6.0,-110,-110
2024-10-26,DAL,CHI,69,6.5,114,-140
2024-10-26,DAL,CHI,71,6.0,-104,-122
2024-10-26,DAL,CHI,75,6.0,-110,-110
2024-10-26,VAN,PIT,15,6.5,-115,-105
2024-10-26,VAN,PIT,30,6.5,-122,-100
2024-10-26,VAN,PIT,68,6.5,-115,-105
2024-10-26,VAN,PIT,69,6.5,-115,-105
2024-10-26,VAN,PIT,71,6.5,-113,-108
2024-10-26,VAN,PIT,75,6.5,-115,-105
2024-10-26,VGK,SJ,15,6.0,-110,-110
2024-10-26,VGK,SJ,30,6.5,106,-130
2024-10-26,VGK,SJ,68,6.0,-110,-110
2024-10-26,VGK,SJ,69,6.5,106,-130
2024-10-26,VGK,SJ,71,6.0,-114,-107
2024-10-26,VGK,SJ,75,6.0,-110,-110
2024-10-26,SEA,CAR,15,6.0,100,-120
2024-10-26,SEA,CAR,30,5.5,-140,114
2024-10-26,SEA,CAR,68,6.0,100,-120
2024-10-26,SEA,CAR,69,5.5,-138,112
2024-10-26,SEA,CAR,71,5.5,-120,-103
2024-10-26,SEA,CAR,75,6.0,100,-120
2024-10-27,DET,EDM,15,6.5,-135,114
2024-10-27,DET,EDM,30,6.5,-105,-115
2024-10-27,DET,EDM,68,6.5,-135,114
2024-10-27,DET,EDM,69,6.5,-134,110
2024-10-27,DET,EDM,71,6.5,-124,102
2024-10-27,DET,EDM,75,6.5,-135,115
2024-10-27,NJ,ANA,15,6.5,-115,-105
2024-10-27,NJ,ANA,30,6.5,-110,-110
2024-10-27,NJ,ANA,68,6.5,-115,-105
2024-10-27,NJ,ANA,69,6.5,-110,-110
2024-10-27,NJ,ANA,71,6.5,-109,-110
2024-10-27,NJ,ANA,75,6.5,-115,-105
2024-10-27,PHI,MTL,15,6.5,-120,-105
2024-10-27,PHI,MTL,30,6.0,-110,-110
2024-10-27,PHI,MTL,68,6.5,-115,-105
2024-10-27,PHI,MTL,69,6.5,-120,-102
2024-10-27,PHI,MTL,71,6.5,-118,-104
2024-10-27,PHI,MTL,75,6.5,-120,100
2024-10-27,COL,OTT,15,6.5,-121,101
2024-10-27,COL,OTT,30,6.5,-125,105
2024-10-27,COL,OTT,68,6.5,-122,102
2024-10-27,COL,OTT,69,6.5,-120,-100
2024-10-27,COL,OTT,71,6.5,-115,-105
2024-10-27,COL,OTT,75,6.5,-120,100
2024-10-28,BUF,FLA,15,6.0,-120,-102
2024-10-28,BUF,FLA,30,6.5,104,-128
2024-10-28,BUF,FLA,68,6.0,-118,-102
2024-10-28,BUF,FLA,69,6.5,112,-138
2024-10-28,BUF,FLA,71,6.0,-117,-105
2024-10-28,BUF,FLA,75,6.0,-120,100
2024-10-28,CBJ,EDM,15,6.5,-125,105
2024-10-28,CBJ,EDM,30,6.5,-124,102
2024-10-28,CBJ,EDM,68,6.5,-125,105
2024-10-28,CBJ,EDM,69,6.5,-134,110
2024-10-28,CBJ,EDM,71,6.5,-125,104
2024-10-28,CBJ,EDM,75,6.5,-125,105
2024-10-28,TB,NSH,15,6.5,110,-130
2024-10-28,TB,NSH,30,6.5,106,-130
2024-10-28,TB,NSH,68,6.5,110,-130
2024-10-28,TB,NSH,69,6.5,108,-132
2024-10-28,TB,NSH,71,6.5,-104,-122
2024-10-28,TB,NSH,75,6.0,-120,100
2024-10-28,WPG,TOR,15,5.5,-120,-105
2024-10-28,WPG,TOR,30,6.5,116,-142
2024-10-28,WPG,TOR,68,5.5,-120,100
2024-10-28,WPG,TOR,69,5.5,-134,110
2024-10-28,WPG,TOR,71,6.0,-103,-120
2024-10-28,WPG,TOR,75,5.5,-115,-105
2024-10-28,UTA,SJ,15,6.0,-112,-108
2024-10-28,UTA,SJ,30,5.5,-134,110
2024-10-28,UTA,SJ,68,6.0,-112,-108
2024-10-28,UTA,SJ,69,6.5,118,-144
2024-10-28,UTA,SJ,71,6.0,-115,-106
2024-10-28,UTA,SJ,75,6.0,-110,-110
2024-10-28,COL,CHI,15,6.5,-105,-115
2024-10-28,COL,CHI,30,6.5,-115,-105
2024-10-28,COL,CHI,68,6.5,-105,-115
2024-10-28,COL,CHI,69,6.5,-112,-108
2024-10-28,COL,CHI,71,6.5,-114,-112
2024-10-28,COL,CHI,75,6.5,-105,-115
2024-10-28,VGK,CGY,15,6.5,-110,-110
2024-10-28,VGK,CGY,30,5.5,-140,114
2024-10-28,VGK,CGY,68,6.5,-110,-110
2024-10-28,VGK,CGY,69,6.5,-115,-105
2024-10-28,VGK,CGY,71,6.5,-103,-120
2024-10-28,VGK,CGY,75,6.5,-105,-115
2024-10-28,VAN,CAR,15,6.0,-105,-115
2024-10-28,VAN,CAR,30,6.5,110,-134
2024-10-28,VAN,CAR,68,6.0,-105,-115
2024-10-28,VAN,CAR,69,6.5,112,-138
2024-10-28,VAN,CAR,71,6.0,-105,-115
2024-10-28,VAN,CAR,75,6.0,-105,-115
2024-10-29,NYI,ANA,15,6.0,100,-120
2024-10-29,NYI,ANA,30,6.0,-110,-110
2024-10-29,NYI,ANA,68,6.0,102,-122
2024-10-29,NYI,ANA,69,5.5,-120,-102
2024-10-29,NYI,ANA,71,5.5,-125,104
2024-10-29,NYI,ANA,75,6.0,100,-120
2024-10-29,MTL,SEA,15,6.0,-120,-105
2024-10-29,MTL,SEA,30,6.0,-115,-105
2024-10-29,MTL,SEA,68,6.0,-115,-105
2024-10-29,MTL,SEA,69,6.5,116,-142
2024-10-29,MTL,SEA,71,6.0,-114,-107
2024-10-29,MTL,SEA,75,6.0,-115,-105
2024-10-29,OTT,STL,15,6.0,-120,100
2024-10-29,OTT,STL,30,6.5,-100,-120
2024-10-29,OTT,STL,68,6.0,-120,100
2024-10-29,OTT,STL,69,6.5,106,-130
2024-10-29,OTT,STL,71,6.0,-125,102
2024-10-29,OTT,STL,75,6.0,-120,100
2024-10-29,BOS,PHI,15,6.5,-122,102
2024-10-29,BOS,PHI,30,6.0,-120,-100
2024-10-29,BOS,PHI,68,6.5,-122,102
2024-10-29,BOS,PHI,69,6.5,-122,-100
2024-10-29,BOS,PHI,71,6.5,-112,-109
2024-10-29,BOS,PHI,75,6.5,-120,100
2024-10-29,PIT,MIN,15,6.0,-125,105
2024-10-29,PIT,MIN,30,6.5,-100,-120
2024-10-29,PIT,MIN,68,6.0,-118,-102
2024-10-29,PIT,MIN,69,6.5,106,-130
2024-10-29,PIT,MIN,71,6.5,100,-127
2024-10-29,PIT,MIN,75,6.0,-115,-105
2024-10-29,WSH,NYR,15,6.0,-105,-115
2024-10-29,WSH,NYR,30,6.0,-120,-100
2024-10-29,WSH,NYR,68,6.0,-105,-115
2024-10-29,WSH,NYR,69,5.5,-138,112
2024-10-29,WSH,NYR,71,6.0,100,-121
2024-10-29,WSH,NYR,75,6.0,-105,-115
2024-10-29,SJ,LA,15,6.0,-118,-102
2024-10-29,SJ,LA,30,6.0,-120,-100
2024-10-29,SJ,LA,68,6.0,-118,-102
2024-10-29,SJ,LA,69,5.5,-142,116
2024-10-29,SJ,LA,71,6.0,-113,-108
2024-10-29,SJ,LA,75,6.0,-105,-115
2024-10-30,CBJ,NYI,15,6.0,-110,-108
2024-10-30,CBJ,NYI,30,6.0,-125,105
2024-10-30,CBJ,NYI,68,6.0,-112,-108
2024-10-30,CBJ,NYI,69,5.5,-140,114
2024-10-30,CBJ,NYI,71,6.0,-115,-106
2024-10-30,CBJ,NYI,75,6.0,-110,-110
2024-10-30,DET,WPG,15,6.0,-115,-108
2024-10-30,DET,WPG,30,6.0,-110,-110
2024-10-30,DET,WPG,68,6.0,-112,-108
2024-10-30,DET,WPG,69,6.5,110,-134
2024-10-30,DET,WPG,71,6.0,-117,-105
2024-10-30,DET,WPG,75,6.0,-110,-110
2024-10-30,COL,TB,15,6.5,-122,102
2024-10-30,COL,TB,30,6.5,-120,-100
2024-10-30,COL,TB,68,6.5,-122,102
2024-10-30,COL,TB,69,6.5,-122,-100
2024-10-30,COL,TB,71,6.5,-127,105
2024-10-30,COL,TB,75,6.5,-125,105
2024-10-30,UTA,CGY,15,6.0,-122,102
2024-10-30,UTA,CGY,30,6.0,-115,-105
2024-10-30,UTA,CGY,68,6.0,-122,102
2024-10-30,UTA,CGY,69,6.5,102,-124
2024-10-30,UTA,CGY,71,6.5,100,-122
2024-10-30,UTA,CGY,75,6.5,100,-120
2024-10-30,LA,VGK,15,6.0,-135,115
2024-10-30,LA,VGK,30,6.5,-110,-110
2024-10-30,LA,VGK,68,6.0,-125,105
2024-10-30,LA,VGK,69,6.5,-100,-122
2024-10-30,LA,VGK,71,6.0,-121,100
2024-10-30,LA,VGK,75,6.5,100,-120
2024-10-30,VAN,NJ,15,6.5,-135,114
2024-10-30,VAN,NJ,30,6.5,-115,-105
2024-10-30,VAN,NJ,68,6.5,-135,114
2024-10-30,VAN,NJ,69,6.5,-132,108
2024-10-30,VAN,NJ,71,6.5,-129,102
2024-10-30,VAN,NJ,75,7.0,110,-135
2024-10-31,PIT,ANA,15,6.5,-120,-100
2024-10-31,PIT,ANA,30,6.5,-110,-110
2024-10-31,PIT,ANA,68,6.5,-120,100
2024-10-31,PIT,ANA,69,6.5,-122,-100
2024-10-31,PIT,ANA,71,6.5,-120,-106
2024-10-31,PIT,ANA,75,6.5,-120,100
2024-10-31,CAR,BOS,15,6.0,-105,-115
2024-10-31,CAR,BOS,30,5.5,-130,110
2024-10-31,CAR,BOS,68,6.0,-105,-115
2024-10-31,CAR,BOS,69,5.5,-138,112
2024-10-31,CAR,BOS,71,6.0,-108,-118
2024-10-31,CAR,BOS,75,6.0,-105,-115
2024-10-31,TOR,SEA,15,6.0,-115,-105
2024-10-31,TOR,SEA,30,6.5,-115,-105
2024-10-31,TOR,SEA,68,6.0,-115,-105
2024-10-31,TOR,SEA,69,6.5,108,-132
2024-10-31,TOR,SEA,71,6.0,-125,100
2024-10-31,TOR,SEA,75,6.0,-115,-105
2024-10-31,WSH,MTL,15,6.5,-105,-115
2024-10-31,WSH,MTL,30,6.5,105,-125
2024-10-31,WSH,MTL,68,6.5,-105,-115
2024-10-31,WSH,MTL,69,6.5,-102,-128
2024-10-31,WSH,MTL,71,6.5,100,-121
2024-10-31,WSH,MTL,75,6.5,-105,-115
2024-10-31,PHI,STL,15,6.0,100,-120
2024-10-31,PHI,STL,30,6.0,-120,-100
2024-10-31,PHI,STL,68,6.0,102,-122
2024-10-31,PHI,STL,69,5.5,-122,-100
2024-10-31,PHI,STL,71,6.0,100,-125
2024-10-31,PHI,STL,75,6.0,100,-120
2024-10-31,NSH,EDM,15,6.0,-122,102
2024-10-31,NSH,EDM,30,6.5,-100,-120
2024-10-31,NSH,EDM,68,6.0,-122,102
2024-10-31,NSH,EDM,69,6.5,102,-124
2024-10-31,NSH,EDM,71,6.5,-106,-115
2024-10-31,NSH,EDM,75,6.0,-120,100
2024-10-31,SJ,CHI,15,6.5,-108,-112
2024-10-31,SJ,CHI,30,6.0,-120,-100
2024-10-31,SJ,CHI,68,6.5,-108,-112
2024-10-31,SJ,CHI,69,6.5,-110,-110
2024-10-31,SJ,CHI,71,6.5,100,-121
2024-10-31,SJ,CHI,75,6.5,-110,-110
2024-11-01,DAL,FLA,15,6.0,-115,-105
2024-11-01,DAL,FLA,30,5.5,-128,104
2024-11-01,DAL,FLA,68,6.0,-115,-105
2024-11-01,DAL,FLA,69,6.5,106,-130
2024-11-01,DAL,FLA,71,6.0,-118,-108
2024-11-01,DAL,FLA,75,6.0,-115,-105
2024-11-01,BUF,NYI,15,5.5,-118,-102
2024-11-01,BUF,NYI,30,6.5,108,-132
2024-11-01,BUF,NYI,68,5.5,-118,-102
2024-11-01,BUF,NYI,69,5.5,-114,-106
2024-11-01,BUF,NYI,71,5.5,-121,-106
2024-11-01,BUF,NYI,75,5.5,-115,-105
2024-11-01,NYR,OTT,15,6.5,-102,-118
2024-11-01,NYR,OTT,30,6.5,-100,-122
2024-11-01,NYR,OTT,68,6.5,-102,-118
2024-11-01,NYR,OTT,69,6.5,-104,-118
2024-11-01,NYR,OTT,71,6.5,-105,-121
2024-11-01,NYR,OTT,75,6.5,-105,-115
2024-11-01,CBJ,WPG,15,6.5,-115,-105
2024-11-01,CBJ,WPG,30,6.5,104,-128
2024-11-01,CBJ,WPG,68,6.5,-115,-105
2024-11-01,CBJ,WPG,69,6.5,-115,-105
2024-11-01,CBJ,WPG,71,6.5,-115,-110
2024-11-01,CBJ,WPG,75,6.5,-115,-105
2024-11-01,MIN,TB,15,6.5,-102,-118
2024-11-01,MIN,TB,30,6.5,110,-134
2024-11-01,MIN,TB,68,6.5,-102,-118
2024-11-01,MIN,TB,69,6.5,-102,-120
2024-11-01,MIN,TB,71,6.5,102,-127
2024-11-01,MIN,TB,75,6.5,-105,-115
2024-11-01,CGY,NJ,15,6.5,-130,110
2024-11-01,CGY,NJ,30,6.5,-104,-118
2024-11-01,CGY,NJ,68,6.5,-130,110
2024-11-01,CGY,NJ,69,6.5,-128,104
2024-11-01,CGY,NJ,71,6.5,-117,-105
2024-11-01,CGY,NJ,75,6.5,-120,100
2024-11-02,FLA,DAL,15,6.5,-105,-115
2024-11-02,FLA,DAL,30,6.5,108,-132
2024-11-02,FLA,DAL,68,6.5,-105,-115
2024-11-02,FLA,DAL,69,6.5,-106,-114
2024-11-02,FLA,DAL,71,6.5,-107,-122
2024-11-02,FLA,DAL,75,6.5,-105,-115
2024-11-02,PHI,BOS,15,6.5,-105,-115
2024-11-02,PHI,BOS,30,6.0,-120,-100
2024-11-02,PHI,BOS,68,6.5,-105,-115
2024-11-02,PHI,BOS,69,6.5,104,-128
2024-11-02,PHI,BOS,71,6.5,-104,-122
2024-11-02,PHI,BOS,75,6.5,100,-120
2024-11-02,LA,CHI,15,6.0,-122,102
2024-11-02,LA,CHI,30,6.0,-110,-110
2024-11-02,LA,CHI,68,6.0,-122,102
2024-11-02,LA,CHI,69,6.5,108,-132
2024-11-02,LA,CHI,71,6.0,-110,-115
2024-11-02,LA,CHI,75,6.0,-120,100
2024-11-02,WSH,CBJ,15,6.5,-110,-115
2024-11-02,WSH,CBJ,30,6.5,-102,-120
2024-11-02,WSH,CBJ,68,6.5,-105,-115
2024-11-02,WSH,CBJ,69,6.5,-118,-104
2024-11-02,WSH,CBJ,71,6.5,-106,-120
2024-11-02,WSH,CBJ,75,6.5,100,-120
2024-11-02,STL,TOR,15,6.0,-105,-115
2024-11-02,STL,TOR,30,6.5,104,-128
2024-11-02,STL,TOR,68,6.0,-105,-115
2024-11-02,STL,TOR,69,5.5,-140,114
2024-11-02,STL,TOR,71,6.0,-113,-112
2024-11-02,STL,TOR,75,6.0,-105,-115
2024-11-02,PIT,MTL,15,6.5,-130,110
2024-11-02,PIT,MTL,30,6.5,-122,-100
2024-11-02,PIT,MTL,68,6.5,-130,110
2024-11-02,PIT,MTL,69,6.5,-130,106
2024-11-02,PIT,MTL,71,6.5,-137,110
2024-11-02,PIT,MTL,75,6.5,-125,105
2024-11-02,DET,BUF,15,6.5,-102,-118
2024-11-02,DET,BUF,30,6.5,-115,-105
2024-11-02,DET,BUF,68,6.5,-102,-118
2024-11-02,DET,BUF,69,6.5,106,-130
2024-11-02,DET,BUF,71,6.5,-110,-115
2024-11-02,DET,BUF,75,6.5,100,-120
2024-11-02,OTT,SEA,15,6.5,105,-125
2024-11-02,OTT,SEA,30,6.5,108,-132
2024-11-02,OTT,SEA,68,6.5,105,-125
2024-11-02,OTT,SEA,69,6.5,-102,-120
2024-11-02,OTT,SEA,71,6.0,-122,-104
2024-11-02,OTT,SEA,75,6.5,100,-120
2024-11-02,NSH,COL,15,6.5,102,-122
2024-11-02,NSH,COL,30,6.5,-110,-110
2024-11-02,NSH,COL,68,6.5,102,-122
2024-11-02,NSH,COL,69,6.5,106,-130
2024-11-02,NSH,COL,71,6.5,-106,-115
2024-11-02,NSH,COL,75,6.5,-105,-115
2024-11-02,SJ,VAN,15,6.5,-105,-115
2024-11-02,SJ,VAN,30,6.5,114,-140
2024-11-02,SJ,VAN,68,6.5,-105,-115
2024-11-02,SJ,VAN,69,6.5,-106,-122
2024-11-02,SJ,VAN,71,6.5,-105,-121
2024-11-02,SJ,VAN,75,6.5,-105,-115
2024-11-02,VGK,UTA,15,6.5,100,-120
2024-11-02,VGK,UTA,30,6.5,104,-128
2024-11-02,VGK,UTA,68,6.5,100,-120
2024-11-02,VGK,UTA,69,6.5,-102,-118
2024-11-02,VGK,UTA,71,6.5,102,-124
2024-11-02,VGK,UTA,75,6.5,100,-120
2024-11-03,NYR,NYI,15,6.0,102,-122
2024-11-03,NYR,NYI,30,6.0,-110,-110
2024-11-03,NYR,NYI,68,6.0,102,-122
2024-11-03,NYR,NYI,69,5.5,-130,106
2024-11-03,NYR,NYI,71,6.0,100,-127
2024-11-03,NYR,NYI,75,6.0,-105,-115
2024-11-03,WPG,TB,15,6.5,-115,-105
2024-11-03,WPG,TB,30,6.5,105,-125
2024-11-03,WPG,TB,68,6.5,-115,-105
2024-11-03,WPG,TB,69,6.5,-115,-105
2024-11-03,WPG,TB,71,6.5,-115,-109
2024-11-03,WPG,TB,75,6.5,-115,-105
2024-11-03,CAR,WSH,15,6.0,-120,-102
2024-11-03,CAR,WSH,30,6.0,-120,-100
2024-11-03,CAR,WSH,68,6.0,-118,-102
2024-11-03,CAR,WSH,69,6.5,104,-128
2024-11-03,CAR,WSH,71,6.0,-121,-105
2024-11-03,CAR,WSH,75,6.0,-115,-105
2024-11-03,BOS,SEA,15,6.0,100,-120
2024-11-03,BOS,SEA,30,6.0,-100,-120
2024-11-03,BOS,SEA,68,6.0,110,-130
2024-11-03,BOS,SEA,69,5.5,-128,-102
2024-11-03,BOS,SEA,71,6.0,100,-127
2024-11-03,BOS,SEA,75,6.0,-105,-115
2024-11-03,MIN,TOR,15,6.5,-115,-115
2024-11-03,MIN,TOR,30,6.5,-105,-115
2024-11-03,MIN,TOR,68,6.5,-115,-115
2024-11-03,MIN,TOR,69,6.5,-102,-120
2024-11-03,MIN,TOR,71,6.0,-127,100
2024-11-03,MIN,TOR,75,6.0,-120,100
2024-11-03,CGY,EDM,15,6.5,-115,-105
2024-11-03,CGY,EDM,30,6.0,-120,-100
2024-11-03,CGY,EDM,68,6.5,-115,-105
2024-11-03,CGY,EDM,69,6.5,-115,-105
2024-11-03,CGY,EDM,71,6.5,-106,-121
2024-11-03,CGY,EDM,75,6.5,-120,100
2024-11-03,ANA,CHI,15,6.5,-110,-110
2024-11-03,ANA,CHI,30,6.0,-110,-110
2024-11-03,ANA,CHI,68,6.5,-110,-110
2024-11-03,ANA,CHI,69,6.5,-110,-110
2024-11-03,ANA,CHI,71,6.5,102,-124
2024-11-03,ANA,CHI,75,6.5,-110,-110
2024-11-04,NSH,LA,15,6.0,-102,-115
2024-11-04,NSH,LA,30,6.5,108,-132
2024-11-04,NSH,LA,68,6.0,-102,-118
2024-11-04,NSH,LA,69,5.5,-132,108
2024-11-04,NSH,LA,71,6.0,-114,-112
2024-11-04,NSH,LA,75,6.0,-105,-115
2024-11-04,EDM,NJ,15,6.5,-130,110
2024-11-04,EDM,NJ,30,6.5,106,-130
2024-11-04,EDM,NJ,68,6.5,-135,114
2024-11-04,EDM,NJ,69,6.5,-130,106
2024-11-04,EDM,NJ,71,6.5,-122,102
2024-11-04,EDM,NJ,75,6.5,-135,110
2024-11-05,CAR,PHI,15,6.0,-125,105
2024-11-05,CAR,PHI,30,6.5,-100,-122
2024-11-05,CAR,PHI,68,6.0,-125,105
2024-11-05,CAR,PHI,69,6.5,104,-128
2024-11-05,CAR,PHI,71,6.0,-125,100
2024-11-05,CAR,PHI,75,6.5,100,-120
2024-11-05,BUF,OTT,15,6.0,-118,-105
2024-11-05,BUF,OTT,30,6.5,-105,-115
2024-11-05,BUF,OTT,68,6.0,-118,-102
2024-11-05,BUF,OTT,69,6.5,104,-128
2024-11-05,BUF,OTT,71,6.0,-124,-103
2024-11-05,BUF,OTT,75,6.0,-115,-105
2024-11-05,MTL,CGY,15,6.5,-108,-110
2024-11-05,MTL,CGY,30,6.5,-112,-108
2024-11-05,MTL,CGY,68,6.5,-108,-112
2024-11-05,MTL,CGY,69,6.5,-110,-110
2024-11-05,MTL,CGY,71,6.5,-112,-114
2024-11-05,MTL,CGY,75,6.5,-110,-110
2024-11-05,TOR,BOS,15,5.5,-110,-110
2024-11-05,TOR,BOS,30,5.5,-138,112
2024-11-05,TOR,BOS,68,5.5,-110,-110
2024-11-05,TOR,BOS,69,5.5,-110,-110
2024-11-05,TOR,BOS,71,5.5,-107,-118
2024-11-05,TOR,BOS,75,5.5,-110,-110
2024-11-05,NYI,PIT,15,6.0,-118,-105
2024-11-05,NYI,PIT,30,6.5,106,-130
2024-11-05,NYI,PIT,68,6.0,-118,-102
2024-11-05,NYI,PIT,69,6.5,112,-138
2024-11-05,NYI,PIT,71,6.0,-114,-110
2024-11-05,NYI,PIT,75,6.0,-115,-105
2024-11-05,MIN,LA,15,6.0,-102,-115
2024-11-05,MIN,LA,30,6.5,-105,-115
2024-11-05,MIN,LA,68,6.0,-102,-118
2024-11-05,MIN,LA,69,5.5,-130,106
2024-11-05,MIN,LA,71,6.0,102,-125
2024-11-05,MIN,LA,75,6.0,-105,-115
2024-11-05,STL,TB,15,6.0,-112,-108
2024-11-05,STL,TB,30,6.5,-100,-120
2024-11-05,STL,TB,68,6.0,-112,-108
2024-11-05,STL,TB,69,5.5,-140,112
2024-11-05,STL,TB,71,6.0,-121,-105
2024-11-05,STL,TB,75,6.0,-115,-105
2024-11-05,WPG,UTA,15,6.0,-118,-102
2024-11-05,WPG,UTA,30,6.5,-102,-120
2024-11-05,WPG,UTA,68,6.0,-118,-102
2024-11-05,WPG,UTA,69,6.5,112,-138
2024-11-05,WPG,UTA,71,6.0,-120,-106
2024-11-05,WPG,UTA,75,6.0,-120,100
2024-11-05,COL,SEA,15,6.5,-102,-122
2024-11-05,COL,SEA,30,6.5,-106,-114
2024-11-05,COL,SEA,68,6.5,102,-122
2024-11-05,COL,SEA,69,6.5,-102,-120
2024-11-05,COL,SEA,71,6.5,100,-127
2024-11-05,COL,SEA,75,6.5,100,-120
2024-11-05,ANA,VAN,15,6.0,-108,-112
2024-11-05,ANA,VAN,30,6.5,112,-138
2024-11-05,ANA,VAN,68,6.0,-108,-112
2024-11-05,ANA,VAN,69,6.5,116,-142
2024-11-05,ANA,VAN,71,6.0,-114,-107
2024-11-05,ANA,VAN,75,6.0,-110,-110
2024-11-05,SJ,CBJ,15,6.5,-105,-115
2024-11-05,SJ,CBJ,30,6.5,-104,-117
2024-11-05,SJ,CBJ,68,6.5,-105,-115
2024-11-05,SJ,CBJ,69,6.5,-110,-118
2024-11-05,SJ,CBJ,71,6.5,-109,-112
2024-11-05,SJ,CBJ,75,6.5,-110,-110
2024-11-06,WSH,NSH,15,6.0,-118,-102
2024-11-06,WSH,NSH,30,6.0,-110,-110
2024-11-06,WSH,NSH,68,6.0,-118,-102
2024-11-06,WSH,NSH,69,5.5,-138,112
2024-11-06,WSH,NSH,71,6.5,102,-124
2024-11-06,WSH,NSH,75,6.0,-115,-105
2024-11-06,CHI,DET,15,6.5,-105,-115
2024-11-06,CHI,DET,30,6.0,-120,-100
2024-11-06,CHI,DET,68,6.5,-105,-115
2024-11-06,CHI,DET,69,6.5,102,-124
2024-11-06,CHI,DET,71,6.0,-120,-106
2024-11-06,CHI,DET,75,6.5,100,-120
2024-11-06,EDM,VGK,15,6.5,-122,102
2024-11-06,EDM,VGK,30,6.5,-105,-115
2024-11-06,EDM,VGK,68,6.5,-122,102
2024-11-06,EDM,VGK,69,6.5,-130,106
2024-11-06,EDM,VGK,71,6.5,-115,-106
2024-11-06,EDM,VGK,75,6.5,-120,100
2024-11-07,NYR,BUF,15,6.5,-105,-115
2024-11-07,NYR,BUF,30,6.5,-102,-120
2024-11-07,NYR,BUF,68,6.5,-105,-115
2024-11-07,NYR,BUF,69,6.5,-112,-108
2024-11-07,NYR,BUF,71,6.5,-109,-112
2024-11-07,NYR,BUF,75,6.5,-110,-110
2024-11-07,CAR,PIT,15,6.5,-118,-104
2024-11-07,CAR,PIT,30,6.5,-102,-120
2024-11-07,CAR,PIT,68,6.5,-118,-102
2024-11-07,CAR,PIT,69,6.5,-118,-104
2024-11-07,CAR,PIT,71,6.5,-114,-110
2024-11-07,CAR,PIT,75,6.5,-115,-105
2024-11-07,NJ,MTL,15,6.5,-110,-110
2024-11-07,NJ,MTL,30,6.5,-100,-122
2024-11-07,NJ,MTL,68,6.5,-110,-110
2024-11-07,NJ,MTL,69,6.5,-110,-112
2024-11-07,NJ,MTL,71,6.5,-112,-114
2024-11-07,NJ,MTL,75,6.5,-110,-110
2024-11-07,OTT,NYI,15,6.0,-120,100
2024-11-07,OTT,NYI,30,5.5,-142,116
2024-11-07,OTT,NYI,68,6.0,-120,100
2024-11-07,OTT,NYI,69,6.5,106,-130
2024-11-07,OTT,NYI,71,6.0,-117,-107
2024-11-07,OTT,NYI,75,6.5,100,-120
2024-11-07,BOS,CGY,15,6.0,-110,-112
2024-11-07,BOS,CGY,30,5.5,-134,110
2024-11-07,BOS,CGY,68,6.0,-108,-112
2024-11-07,BOS,CGY,69,6.5,110,-134
2024-11-07,BOS,CGY,71,6.0,-114,-107
2024-11-07,BOS,CGY,75,6.0,-110,-110
2024-11-07,FLA,NSH,15,6.0,-120,-102
2024-11-07,FLA,NSH,30,6.5,106,-130
2024-11-07,FLA,NSH,68,6.0,-118,-102
2024-11-07,FLA,NSH,69,6.5,106,-130
2024-11-07,FLA,NSH,71,6.0,-112,-114
2024-11-07,FLA,NSH,75,6.0,-120,100
2024-11-07,TB,PHI,15,6.0,-122,102
2024-11-07,TB,PHI,30,6.5,106,-130
2024-11-07,TB,PHI,68,6.0,-122,102
2024-11-07,TB,PHI,69,6.5,-100,-122
2024-11-07,TB,PHI,71,6.0,-125,102
2024-11-07,TB,PHI,75,6.5,100,-120
2024-11-07,DAL,CHI,15,6.0,-122,102
2024-11-07,DAL,CHI,30,6.5,110,-134
2024-11-07,DAL,CHI,68,6.0,-122,102
2024-11-07,DAL,CHI,69,6.5,102,-124
2024-11-07,DAL,CHI,71,6.0,-121,100
2024-11-07,DAL,CHI,75,6.5,105,-125
2024-11-07,WPG,COL,15,6.5,-112,-105
2024-11-07,WPG,COL,30,6.5,110,-134
2024-11-07,WPG,COL,68,6.5,-112,-108
2024-11-07,WPG,COL,69,6.5,-115,-105
2024-11-07,WPG,COL,71,6.5,-117,-105
2024-11-07,WPG,COL,75,6.5,-115,-105
2024-11-07,STL,UTA,15,6.0,105,-125
2024-11-07,STL,UTA,30,6.5,116,-142
2024-11-07,STL,UTA,68,6.0,105,-125
2024-11-07,STL,UTA,69,5.5,-120,-102
2024-11-07,STL,UTA,71,6.0,100,-127
2024-11-07,STL,UTA,75,6.0,100,-120
2024-11-07,LA,VAN,15,5.5,-108,-112
2024-11-07,LA,VAN,30,5.5,-140,114
2024-11-07,LA,VAN,68,5.5,-108,-112
2024-11-07,LA,VAN,69,5.5,-104,-118
2024-11-07,LA,VAN,71,6.0,100,-125
2024-11-07,LA,VAN,75,5.5,-115,-105
2024-11-07,SJ,MIN,15,6.0,-110,-110
2024-11-07,SJ,MIN,30,5.5,-144,116
2024-11-07,SJ,MIN,68,6.0,-110,-110
2024-11-07,SJ,MIN,69,6.5,114,-140
2024-11-07,SJ,MIN,71,6.0,-109,-117
2024-11-07,SJ,MIN,75,6.0,-105,-115
2024-11-08,TOR,DET,15,6.0,-110,-112
2024-11-08,TOR,DET,30,6.5,105,-125
2024-11-08,TOR,DET,68,6.0,100,-120
2024-11-08,TOR,DET,69,6.5,114,-140
2024-11-08,TOR,DET,71,6.0,-109,-117
2024-11-08,TOR,DET,75,6.0,-105,-115
2024-11-08,WSH,PIT,15,6.5,-120,-100
2024-11-08,WSH,PIT,30,5.5,-132,108
2024-11-08,WSH,PIT,68,6.5,-125,105
2024-11-08,WSH,PIT,69,6.5,-128,104
2024-11-08,WSH,PIT,71,6.5,-117,-105
2024-11-08,WSH,PIT,75,6.5,-130,110
2024-11-08,ANA,MIN,15,6.0,-102,-115
2024-11-08,ANA,MIN,30,6.0,-120,-100
2024-11-08,ANA,MIN,68,6.0,105,-125
2024-11-08,ANA,MIN,69,5.5,-122,-100
2024-11-08,ANA,MIN,71,5.5,-124,102
2024-11-08,ANA,MIN,75,6.0,100,-120
2024-11-08,SEA,VGK,15,6.0,-105,-115
2024-11-08,SEA,VGK,30,6.5,-100,-120
2024-11-08,SEA,VGK,68,6.0,-108,-112
2024-11-08,SEA,VGK,69,5.5,-134,110
2024-11-08,SEA,VGK,71,6.0,-104,-118
2024-11-08,SEA,VGK,75,6.0,-110,-110
2024-11-09,BUF,CGY,15,6.5,-100,-134
2024-11-09,BUF,CGY,30,6.5,-105,-115
2024-11-09,BUF,CGY,68,6.0,-125,105
2024-11-09,BUF,CGY,69,6.5,102,-124
2024-11-09,BUF,CGY,71,6.0,-124,102
2024-11-09,BUF,CGY,75,6.0,-120,100
2024-11-09,WPG,DAL,15,5.5,-135,106
2024-11-09,WPG,DAL,30,6.0,-100,-120
2024-11-09,WPG,DAL,68,6.0,-102,-118
2024-11-09,WPG,DAL,69,5.5,-128,104
2024-11-09,WPG,DAL,71,6.0,-109,-112
2024-11-09,WPG,DAL,75,6.0,-105,-115
2024-11-09,FLA,PHI,15,6.5,104,-128
2024-11-09,FLA,PHI,30,6.5,-100,-120
2024-11-09,FLA,PHI,68,6.0,-102,-118
2024-11-09,FLA,PHI,69,5.5,-128,104
2024-11-09,FLA,PHI,71,6.0,-109,-110
2024-11-09,FLA,PHI,75,6.0,-105,-115
2024-11-09,STL,WSH,15,6.0,-112,-108
2024-11-09,STL,WSH,30,6.0,-120,-100
2024-11-09,STL,WSH,68,6.0,-112,-108
2024-11-09,STL,WSH,69,6.5,106,-130
2024-11-09,STL,WSH,71,6.0,-118,-107
2024-11-09,STL,WSH,75,6.5,100,-120
2024-11-09,TOR,MTL,15,6.5,100,-118
2024-11-09,TOR,MTL,30,6.5,-110,-110
2024-11-09,TOR,MTL,68,6.5,-102,-118
2024-11-09,TOR,MTL,69,6.5,-105,-115
2024-11-09,TOR,MTL,71,6.5,100,-122
2024-11-09,TOR,MTL,75,6.0,-125,105
2024-11-09,DET,NYR,15,6.5,-135,-118
2024-11-09,DET,NYR,30,6.5,-100,-120
2024-11-09,DET,NYR,68,6.5,-142,120
2024-11-09,DET,NYR,69,6.5,-134,110
2024-11-09,DET,NYR,71,6.5,-136,107
2024-11-09,DET,NYR,75,6.5,-130,115
2024-11-09,BOS,OTT,15,5.5,-120,100
2024-11-09,BOS,OTT,30,6.0,-110,-110
2024-11-09,BOS,OTT,68,5.5,-120,100
2024-11-09,BOS,OTT,69,5.5,-140,112
2024-11-09,BOS,OTT,71,5.5,-127,100
2024-11-09,BOS,OTT,75,5.5,-120,100
2024-11-09,NYI,NJ,15,6.0,-112,-108
2024-11-09,NYI,NJ,30,6.0,-125,105
2024-11-09,NYI,NJ,68,6.0,-112,-108
2024-11-09,NYI,NJ,69,6.5,108,-132
2024-11-09,NYI,NJ,71,6.0,-121,100
2024-11-09,NYI,NJ,75,6.0,-115,-105
2024-11-09,NSH,UTA,15,6.0,-115,-105
2024-11-09,NSH,UTA,30,6.0,-120,-100
2024-11-09,NSH,UTA,68,6.0,-115,-105
2024-11-09,NSH,UTA,69,6.5,108,-132
2024-11-09,NSH,UTA,71,6.0,-114,-107
2024-11-09,NSH,UTA,75,6.0,-115,-105
2024-11-09,COL,CAR,15,6.5,-130,110
2024-11-09,COL,CAR,30,6.5,-110,-110
2024-11-09,COL,CAR,68,6.5,-130,110
2024-11-09,COL,CAR,69,6.5,-130,106
2024-11-09,COL,CAR,71,6.5,-121,100
2024-11-09,COL,CAR,75,6.5,-130,110
2024-11-09,LA,CBJ,15,6.0,-125,105
2024-11-09,LA,CBJ,30,6.0,-125,105
2024-11-09,LA,CBJ,68,6.0,-125,105
2024-11-09,LA,CBJ,69,6.5,-100,-122
2024-11-09,LA,CBJ,71,6.5,102,-124
2024-11-09,LA,CBJ,75,6.5,100,-120
2024-11-09,VAN,EDM,15,6.5,-102,-122
2024-11-09,VAN,EDM,30,6.5,-105,-115
2024-11-09,VAN,EDM,68,6.5,102,-122
2024-11-09,VAN,EDM,69,6.5,-102,-120
2024-11-09,VAN,EDM,71,6.0,-120,-103
2024-11-09,VAN,EDM,75,6.5,100,-120
2024-11-10,NJ,SJ,15,6.5,-105,-115
2024-11-10,NJ,SJ,30,6.5,-105,-125
2024-11-10,NJ,SJ,68,6.5,-105,-115
2024-11-10,NJ,SJ,69,6.5,-105,-115
2024-11-10,NJ,SJ,71,6.5,-105,-117
2024-11-10,NJ,SJ,75,6.5,-105,-115
2024-11-10,CHI,MIN,15,6.0,-115,-105
2024-11-10,CHI,MIN,30,6.0,-120,-100
2024-11-10,CHI,MIN,68,6.0,-115,-105
2024-11-10,CHI,MIN,69,6.5,110,-134
2024-11-10,CHI,MIN,71,6.0,-117,-105
2024-11-10,CHI,MIN,75,6.0,-120,100
2024-11-10,ANA,CBJ,15,6.5,-105,-115
2024-11-10,ANA,CBJ,30,6.0,-120,-100
2024-11-10,ANA,CBJ,68,6.5,-105,-115
2024-11-10,ANA,CBJ,69,6.5,-105,-115
2024-11-10,ANA,CBJ,71,6.0,-120,-103
2024-11-10,ANA,CBJ,75,6.5,100,-120
2024-11-11,BUF,MTL,15,6.5,-105,-115
2024-11-11,BUF,MTL,30,6.5,-105,-116
2024-11-11,BUF,MTL,68,6.5,-105,-115
2024-11-11,BUF,MTL,69,6.5,104,-128
2024-11-11,BUF,MTL,71,6.5,102,-122
2024-11-11,BUF,MTL,75,6.5,-105,-115
2024-11-11,PIT,DAL,15,6.5,-110,-112
2024-11-11,PIT,DAL,30,6.5,-110,-110
2024-11-11,PIT,DAL,68,6.5,-108,-112
2024-11-11,PIT,DAL,69,6.5,-112,-108
2024-11-11,PIT,DAL,71,6.5,-108,-117
2024-11-11,PIT,DAL,75,6.5,-110,-110
2024-11-11,PHI,SJ,15,6.0,-125,105
2024-11-11,PHI,SJ,30,6.0,-115,-105
2024-11-11,PHI,SJ,68,6.0,-125,105
2024-11-11,PHI,SJ,69,6.5,104,-128
2024-11-11,PHI,SJ,71,6.0,-120,-103
2024-11-11,PHI,SJ,75,6.0,-120,100
2024-11-11,CGY,LA,15,6.0,100,-120
2024-11-11,CGY,LA,30,5.5,-125,105
2024-11-11,CGY,LA,68,6.0,102,-122
2024-11-11,CGY,LA,69,5.5,-122,-100
2024-11-11,CGY,LA,71,5.5,-120,-103
2024-11-11,CGY,LA,75,6.0,100,-120
2024-11-11,COL,NSH,15,6.5,-115,-105
2024-11-11,COL,NSH,30,6.5,-115,-105
2024-11-11,COL,NSH,68,6.5,-115,-105
2024-11-11,COL,NSH,69,6.5,-114,-106
2024-11-11,COL,NSH,71,6.5,-120,-103
2024-11-11,COL,NSH,75,6.5,-115,-105
2024-11-11,VGK,CAR,15,6.5,-105,-112
2024-11-11,VGK,CAR,30,6.5,-110,-110
2024-11-11,VGK,CAR,68,6.5,-108,-112
2024-11-11,VGK,CAR,69,6.5,-104,-118
2024-11-11,VGK,CAR,71,6.5,-115,-106
2024-11-11,VGK,CAR,75,6.5,-105,-115
2024-11-12,NYR,WPG,15,6.0,-122,102
2024-11-12,NYR,WPG,30,5.5,-134,110
2024-11-12,NYR,WPG,68,6.0,-122,102
2024-11-12,NYR,WPG,69,6.5,-100,-122
2024-11-12,NYR,WPG,71,6.0,-121,100
2024-11-12,NYR,WPG,75,6.5,100,-120
2024-11-12,TOR,OTT,15,6.0,100,-120
2024-11-12,TOR,OTT,30,6.5,104,-128
2024-11-12,TOR,OTT,68,6.0,102,-122
2024-11-12,TOR,OTT,69,5.5,-130,106
2024-11-12,TOR,OTT,71,6.0,-106,-120
2024-11-12,TOR,OTT,75,6.0,-105,-115
2024-11-12,FLA,NJ,15,6.0,-110,-110
2024-11-12,FLA,NJ,30,6.5,110,-134
2024-11-12,FLA,NJ,68,6.0,-110,-110
2024-11-12,FLA,NJ,69,6.5,106,-130
2024-11-12,FLA,NJ,71,6.0,-121,-109
2024-11-12,FLA,NJ,75,6.0,-115,-105
2024-11-12,STL,BOS,15,5.5,-108,-112
2024-11-12,STL,BOS,30,5.5,-135,-100
2024-11-12,STL,BOS,68,5.5,-108,-112
2024-11-12,STL,BOS,69,5.5,-108,-112
2024-11-12,STL,BOS,71,5.5,-112,-109
2024-11-12,STL,BOS,75,5.5,-110,-110
2024-11-12,EDM,NYI,15,6.0,-120,100
2024-11-12,EDM,NYI,30,6.5,-100,-122
2024-11-12,EDM,NYI,68,6.0,-120,100
2024-11-12,EDM,NYI,69,6.5,104,-128
2024-11-12,EDM,NYI,71,6.0,-120,-103
2024-11-12,EDM,NYI,75,6.0,-120,100
2024-11-12,VAN,CGY,15,6.0,-125,105
2024-11-12,VAN,CGY,30,6.5,102,-124
2024-11-12,VAN,CGY,68,6.0,-125,105
2024-11-12,VAN,CGY,69,6.5,-102,-120
2024-11-12,VAN,CGY,71,6.0,-124,102
2024-11-12,VAN,CGY,75,6.5,100,-120
2024-11-12,SEA,CBJ,15,6.5,105,-125
2024-11-12,SEA,CBJ,30,6.5,108,-132
2024-11-12,SEA,CBJ,68,6.5,105,-125
2024-11-12,SEA,CBJ,69,6.5,-102,-120
2024-11-12,SEA,CBJ,71,6.0,-122,-104
2024-11-12,SEA,CBJ,75,6.0,-120,100
2024-11-13,WSH,TOR,15,6.0,100,-115
2024-11-13,WSH,TOR,30,6.5,110,-134
2024-11-13,WSH,TOR,68,6.0,100,-120
2024-11-13,WSH,TOR,69,5.5,-138,112
2024-11-13,WSH,TOR,71,6.0,-106,-114
2024-11-13,WSH,TOR,75,6.0,100,-120
2024-11-13,PIT,DET,15,6.5,-112,-108
2024-11-13,PIT,DET,30,6.5,-122,-100
2024-11-13,PIT,DET,68,6.5,-112,-108
2024-11-13,PIT,DET,69,6.5,-104,-118
2024-11-13,PIT,DET,71,6.5,-115,-106
2024-11-13,PIT,DET,75,6.5,-110,-110
2024-11-13,UTA,CAR,15,6.0,-115,-105
2024-11-13,UTA,CAR,30,6.5,110,-134
2024-11-13,UTA,CAR,68,6.0,-115,-105
2024-11-13,UTA,CAR,69,6.5,108,-132
2024-11-13,UTA,CAR,71,6.0,-127,102
2024-11-13,UTA,CAR,75,6.0,-115,-105
2024-11-13,ANA,VGK,15,6.5,-110,-110
2024-11-13,ANA,VGK,30,6.5,110,-134
2024-11-13,ANA,VGK,68,6.5,-110,-110
2024-11-13,ANA,VGK,69,6.5,-110,-110
2024-11-13,ANA,VGK,71,6.5,-115,-110
2024-11-13,ANA,VGK,75,6.5,-110,-110
2024-11-13,COL,LA,15,6.0,-125,105
2024-11-13,COL,LA,30,5.5,-140,114
2024-11-13,COL,LA,68,6.0,-122,102
2024-11-13,COL,LA,69,6.5,102,-124
2024-11-13,COL,LA,71,6.5,-103,-118
2024-11-13,COL,LA,75,6.5,100,-120
2024-11-14,NYR,SJ,15,6.5,-114,-105
2024-11-14,NYR,SJ,30,6.5,106,-130
2024-11-14,NYR,SJ,68,6.5,-115,-105
2024-11-14,NYR,SJ,69,6.5,-114,-106
2024-11-14,NYR,SJ,71,6.5,-106,-115
2024-11-14,NYR,SJ,75,6.5,-110,-110
2024-11-14,FLA,NJ,15,6.0,100,-120
2024-11-14,FLA,NJ,30,5.5,-142,116
2024-11-14,FLA,NJ,68,6.0,100,-120
2024-11-14,FLA,NJ,69,5.5,-122,-100
2024-11-14,FLA,NJ,71,6.0,-112,-109
2024-11-14,FLA,NJ,75,6.0,100,-120
2024-11-14,TB,WPG,15,6.5,-106,-112
2024-11-14,TB,WPG,30,6.5,104,-128
2024-11-14,TB,WPG,68,6.5,-108,-112
2024-11-14,TB,WPG,69,6.5,-106,-114
2024-11-14,TB,WPG,71,6.5,-105,-121
2024-11-14,TB,WPG,75,6.5,-105,-115
2024-11-14,OTT,PHI,15,6.0,-102,-118
2024-11-14,OTT,PHI,30,6.5,114,-140
2024-11-14,OTT,PHI,68,6.0,-102,-118
2024-11-14,OTT,PHI,69,5.5,-134,110
2024-11-14,OTT,PHI,71,6.0,-103,-120
2024-11-14,OTT,PHI,75,6.0,100,-120
2024-11-14,BUF,STL,15,6.0,-110,-110
2024-11-14,BUF,STL,30,6.5,116,-142
2024-11-14,BUF,STL,68,6.0,-110,-110
2024-11-14,BUF,STL,69,5.5,-128,104
2024-11-14,BUF,STL,71,6.0,-107,-118
2024-11-14,BUF,STL,75,6.0,-105,-115
2024-11-14,DAL,BOS,15,6.0,-108,-112
2024-11-14,DAL,BOS,30,5.5,-138,112
2024-11-14,DAL,BOS,68,6.0,-108,-112
2024-11-14,DAL,BOS,69,5.5,-134,110
2024-11-14,DAL,BOS,71,6.0,-105,-115
2024-11-14,DAL,BOS,75,6.0,-110,-110
2024-11-14,MIN,MTL,15,6.0,-115,-105
2024-11-14,MIN,MTL,30,6.5,104,-128
2024-11-14,MIN,MTL,68,6.0,-115,-105
2024-11-14,MIN,MTL,69,6.5,112,-138
2024-11-14,MIN,MTL,71,6.0,-125,104
2024-11-14,MIN,MTL,75,6.0,-115,-105
2024-11-14,EDM,NSH,15,6.5,-122,100
2024-11-14,EDM,NSH,30,6.5,-100,-122
2024-11-14,EDM,NSH,68,6.5,-122,102
2024-11-14,EDM,NSH,69,6.5,-122,-100
2024-11-14,EDM,NSH,71,6.5,-115,-110
2024-11-14,EDM,NSH,75,6.5,-125,105
2024-11-14,SEA,CHI,15,5.5,-120,102
2024-11-14,SEA,CHI,30,6.5,108,-132
2024-11-14,SEA,CHI,68,5.5,-120,-110
2024-11-14,SEA,CHI,69,5.5,-124,102
2024-11-14,SEA,CHI,71,6.0,100,-127
2024-11-14,SEA,CHI,75,5.5,-120,100
2024-11-14,VAN,NYI,15,6.0,105,-115
2024-11-14,VAN,NYI,30,6.5,114,-140
2024-11-14,VAN,NYI,68,6.0,-105,-115
2024-11-14,VAN,NYI,69,5.5,-128,104
2024-11-14,VAN,NYI,71,6.0,100,-121
2024-11-14,VAN,NYI,75,5.5,-120,100
2024-11-15,CBJ,PIT,15,6.5,-135,114
2024-11-15,CBJ,PIT,30,6.5,-105,-116
2024-11-15,CBJ,PIT,68,6.5,-135,114
2024-11-15,CBJ,PIT,69,6.5,-128,104
2024-11-15,CBJ,PIT,71,6.5,-132,105
2024-11-15,CBJ,PIT,75,6.5,-125,105
2024-11-15,UTA,VGK,15,6.0,-118,-102
2024-11-15,UTA,VGK,30,6.5,104,-128
2024-11-15,UTA,VGK,68,6.0,-118,-102
2024-11-15,UTA,VGK,69,6.5,104,-128
2024-11-15,UTA,VGK,71,6.5,-104,-122
2024-11-15,UTA,VGK,75,6.0,-120,100
2024-11-15,COL,WSH,15,6.5,-138,114
2024-11-15,COL,WSH,30,6.5,112,-140
2024-11-15,COL,WSH,68,6.5,-135,114
2024-11-15,COL,WSH,69,6.5,-138,112
2024-11-15,COL,WSH,71,6.5,-134,110
2024-11-15,COL,WSH,75,7.0,110,-135
2024-11-15,CGY,NSH,15,6.0,-115,-105
2024-11-15,CGY,NSH,30,6.5,110,-134
2024-11-15,CGY,NSH,68,6.0,-115,-105
2024-11-15,CGY,NSH,69,6.5,110,-134
2024-11-15,CGY,NSH,71,6.0,-113,-108
2024-11-15,CGY,NSH,75,6.0,-115,-105
2024-11-15,ANA,DET,15,6.5,350,-520
2024-11-15,ANA,DET,30,6.5,-118,-104
2024-11-15,ANA,DET,68,6.5,350,-520
2024-11-15,ANA,DET,69,6.5,-102,-120
2024-11-15,ANA,DET,71,6.0,-117,-104
2024-11-15,ANA,DET,75,6.5,100,-120
2024-11-16,BOS,STL,15,6.0,100,-110
2024-11-16,BOS,STL,30,5.5,-134,110
2024-11-16,BOS,STL,68,6.0,100,-120
2024-11-16,BOS,STL,69,5.5,-134,110
2024-11-16,BOS,STL,71,6.0,-104,-118
2024-11-16,BOS,STL,75,6.0,-105,-115
2024-11-16,SEA,NYI,15,5.5,-115,-105
2024-11-16,SEA,NYI,30,5.5,-138,112
2024-11-16,SEA,NYI,68,5.5,-115,-105
2024-11-16,SEA,NYI,69,5.5,-115,-105
2024-11-16,SEA,NYI,71,5.5,-110,-110
2024-11-16,SEA,NYI,75,5.5,-115,-105
2024-11-16,PHI,BUF,15,6.0,-112,-110
2024-11-16,PHI,BUF,30,6.5,102,-124
2024-11-16,PHI,BUF,68,6.0,-112,-108
2024-11-16,PHI,BUF,69,6.5,108,-132
2024-11-16,PHI,BUF,71,6.0,-117,-108
2024-11-16,PHI,BUF,75,6.0,-115,-105
2024-11-16,FLA,WPG,15,6.0,-110,-105
2024-11-16,FLA,WPG,30,5.5,-140,114
2024-11-16,FLA,WPG,68,6.0,-110,-110
2024-11-16,FLA,WPG,69,5.5,-134,110
2024-11-16,FLA,WPG,71,6.0,-115,-106
2024-11-16,FLA,WPG,75,6.0,-115,-105
2024-11-16,PIT,SJ,15,6.5,-104,-118
2024-11-16,PIT,SJ,30,6.5,104,-128
2024-11-16,PIT,SJ,68,6.5,-102,-118
2024-11-16,PIT,SJ,69,6.5,-104,-118
2024-11-16,PIT,SJ,71,6.0,-120,100
2024-11-16,PIT,SJ,75,6.5,-105,-115
2024-11-16,TOR,EDM,15,6.0,-115,-105
2024-11-16,TOR,EDM,30,6.5,106,-130
2024-11-16,TOR,EDM,68,6.0,-115,-105
2024-11-16,TOR,EDM,69,6.5,106,-130
2024-11-16,TOR,EDM,71,6.0,-120,-103
2024-11-16,TOR,EDM,75,6.0,-115,-105
2024-11-16,CAR,OTT,15,6.5,-102,-115
2024-11-16,CAR,OTT,30,6.5,105,-147
2024-11-16,CAR,OTT,68,6.5,-102,-118
2024-11-16,CAR,OTT,69,6.5,-112,-110
2024-11-16,CAR,OTT,71,6.5,-113,-108
2024-11-16,CAR,OTT,75,6.5,-115,-105
2024-11-16,MTL,CBJ,15,6.5,-115,-105
2024-11-16,MTL,CBJ,30,6.5,-110,-110
2024-11-16,MTL,CBJ,68,6.5,-115,-105
2024-11-16,MTL,CBJ,69,6.5,-115,-105
2024-11-16,MTL,CBJ,71,6.5,-118,-108
2024-11-16,MTL,CBJ,75,6.5,-110,-110
2024-11-16,TB,NJ,15,6.0,-112,-108
2024-11-16,TB,NJ,30,5.5,-140,114
2024-11-16,TB,NJ,68,6.0,-112,-108
2024-11-16,TB,NJ,69,6.5,112,-138
2024-11-16,TB,NJ,71,6.0,-115,-106
2024-11-16,TB,NJ,75,6.0,-120,100
2024-11-16,MIN,DAL,15,6.0,-105,-115
2024-11-16,MIN,DAL,30,5.5,-142,116
2024-11-16,MIN,DAL,68,6.0,-105,-115
2024-11-16,MIN,DAL,69,6.5,112,-138
2024-11-16,MIN,DAL,71,6.0,-108,-113
2024-11-16,MIN,DAL,75,6.0,-110,-110
2024-11-16,LA,DET,15,5.5,-118,-102
2024-11-16,LA,DET,30,6.5,114,-140
2024-11-16,LA,DET,68,5.5,-118,-102
2024-11-16,LA,DET,69,5.5,-128,104
2024-11-16,LA,DET,71,5.5,-125,-103
2024-11-16,LA,DET,75,5.5,-120,100
2024-11-16,VAN,CHI,15,6.0,-115,-105
2024-11-16,VAN,CHI,30,5.5,-142,116
2024-11-16,VAN,CHI,68,6.0,-115,-105
2024-11-16,VAN,CHI,69,6.5,108,-132
2024-11-16,VAN,CHI,71,6.0,-117,-107
2024-11-16,VAN,CHI,75,6.0,-115,-105
2024-11-17,CAR,STL,15,6.0,-115,-105
2024-11-17,CAR,STL,30,6.0,-120,-100
2024-11-17,CAR,STL,68,6.0,-115,-105
2024-11-17,CAR,STL,69,6.5,110,-134
2024-11-17,CAR,STL,71,6.0,-117,-105
2024-11-17,CAR,STL,75,6.0,-115,-105
2024-11-17,VGK,WSH,15,6.5,-108,-114
2024-11-17,VGK,WSH,30,6.0,-120,-100
2024-11-17,VGK,WSH,68,6.5,-108,-112
2024-11-17,VGK,WSH,69,6.5,-106,-114
2024-11-17,VGK,WSH,71,6.5,-115,-106
2024-11-17,VGK,WSH,75,6.5,-115,-105
2024-11-17,SEA,NYR,15,6.0,-125,105
2024-11-17,SEA,NYR,30,6.0,-100,-120
2024-11-17,SEA,NYR,68,6.0,-125,105
2024-11-17,SEA,NYR,69,6.5,110,-134
2024-11-17,SEA,NYR,71,6.0,-125,102
2024-11-17,SEA,NYR,75,6.5,100,-120
2024-11-17,VAN,NSH,15,6.0,100,-120
2024-11-17,VAN,NSH,30,6.0,-110,-110
2024-11-17,VAN,NSH,68,6.0,100,-120
2024-11-17,VAN,NSH,69,5.5,-130,106
2024-11-17,VAN,NSH,71,6.0,102,-124
2024-11-17,VAN,NSH,75,6.0,-105,-115
2024-11-18,PHI,COL,15,6.5,102,-122
2024-11-18,PHI,COL,30,6.5,-102,-120
2024-11-18,PHI,COL,68,6.5,102,-122
2024-11-18,PHI,COL,69,6.5,104,-128
2024-11-18,PHI,COL,71,6.5,100,-122
2024-11-18,PHI,COL,75,6.5,100,-120
2024-11-18,BOS,CBJ,15,6.0,-120,100
2024-11-18,BOS,CBJ,30,6.5,102,-124
2024-11-18,BOS,CBJ,68,6.0,-120,100
2024-11-18,BOS,CBJ,69,6.5,-100,-122
2024-11-18,BOS,CBJ,71,6.0,-120,-103
2024-11-18,BOS,CBJ,75,6.0,-120,100
2024-11-18,MTL,EDM,15,6.5,-110,-110
2024-11-18,MTL,EDM,30,6.5,-100,-122
2024-11-18,MTL,EDM,68,6.5,-110,-110
2024-11-18,MTL,EDM,69,6.5,-115,-105
2024-11-18,MTL,EDM,71,6.5,102,-124
2024-11-18,MTL,EDM,75,6.5,-110,-110
2024-11-18,DAL,ANA,15,6.5,-115,-105
2024-11-18,DAL,ANA,30,6.5,116,-142
2024-11-18,DAL,ANA,68,6.5,-115,-105
2024-11-18,DAL,ANA,69,6.5,-115,-105
2024-11-18,DAL,ANA,71,6.5,-104,-117
2024-11-18,DAL,ANA,75,6.5,-115,-105
2024-11-18,UTA,WSH,15,6.5,-105,-115
2024-11-18,UTA,WSH,30,6.5,112,-138
2024-11-18,UTA,WSH,68,6.5,-105,-115
2024-11-18,UTA,WSH,69,6.5,-106,-114
2024-11-18,UTA,WSH,71,6.5,-103,-120
2024-11-18,UTA,WSH,75,6.5,-105,-115
2024-11-18,SJ,DET,15,6.0,-108,-112
2024-11-18,SJ,DET,30,6.5,104,-128
2024-11-18,SJ,DET,68,6.0,-108,-112
2024-11-18,SJ,DET,69,5.5,-130,106
2024-11-18,SJ,DET,71,6.0,-109,-117
2024-11-18,SJ,DET,75,6.0,-105,-115
2024-11-19,PIT,TB,15,6.5,-105,-110
2024-11-19,PIT,TB,30,6.5,-108,-112
2024-11-19,PIT,TB,68,6.5,-105,-115
2024-11-19,PIT,TB,69,6.5,-110,-110
2024-11-19,PIT,TB,71,6.5,-112,-109
2024-11-19,PIT,TB,75,6.5,-110,-110
2024-11-19,OTT,EDM,15,6.5,-105,-120
2024-11-19,OTT,EDM,30,6.5,-102,-120
2024-11-19,OTT,EDM,68,6.5,-108,-112
2024-11-19,OTT,EDM,69,6.5,-105,-120
2024-11-19,OTT,EDM,71,6.5,100,-121
2024-11-19,OTT,EDM,75,6.5,-105,-115
2024-11-19,STL,MIN,15,5.5,-112,-108
2024-11-19,STL,MIN,30,6.5,116,-142
2024-11-19,STL,MIN,68,5.5,-112,-108
2024-11-19,STL,MIN,69,5.5,-112,-108
2024-11-19,STL,MIN,71,5.5,-114,-110
2024-11-19,STL,MIN,75,5.5,-110,-110
2024-11-19,WPG,FLA,15,5.5,-115,-105
2024-11-19,WPG,FLA,30,6.5,116,-142
2024-11-19,WPG,FLA,68,5.5,-115,-105
2024-11-19,WPG,FLA,69,5.5,-115,-105
2024-11-19,WPG,FLA,71,5.5,-113,-108
2024-11-19,WPG,FLA,75,5.5,-115,-105
2024-11-19,CHI,ANA,15,6.5,100,-120
2024-11-19,CHI,ANA,30,5.5,-140,114
2024-11-19,CHI,ANA,68,6.5,100,-120
2024-11-19,CHI,ANA,69,6.5,-102,-120
2024-11-19,CHI,ANA,71,6.5,100,-127
2024-11-19,CHI,ANA,75,6.5,-105,-115
2024-11-19,CGY,NYI,15,5.5,-120,100
2024-11-19,CGY,NYI,30,5.5,-140,112
2024-11-19,CGY,NYI,68,5.5,-120,100
2024-11-19,CGY,NYI,69,5.5,-118,-104
2024-11-19,CGY,NYI,71,6.0,100,-122
2024-11-19,CGY,NYI,75,5.5,-120,100
2024-11-19,VAN,NYR,15,6.0,-115,-112
2024-11-19,VAN,NYR,30,6.5,-108,-112
2024-11-19,VAN,NYR,68,6.0,-108,-112
2024-11-19,VAN,NYR,69,6.5,104,-128
2024-11-19,VAN,NYR,71,6.0,-120,100
2024-11-19,VAN,NYR,75,6.0,-120,100
2024-11-20,PHI,CAR,15,6.0,-115,-105
2024-11-20,PHI,CAR,30,6.5,-105,-116
2024-11-20,PHI,CAR,68,6.0,-115,-105
2024-11-20,PHI,CAR,69,6.5,110,-134
2024-11-20,PHI,CAR,71,6.0,-115,-105
2024-11-20,PHI,CAR,75,6.0,-120,100
2024-11-20,TOR,VGK,15,6.0,-122,102
2024-11-20,TOR,VGK,30,6.5,105,-147
2024-11-20,TOR,VGK,68,6.0,-122,102
2024-11-20,TOR,VGK,69,6.5,104,-128
2024-11-20,TOR,VGK,71,6.0,-117,-105
2024-11-20,TOR,VGK,75,6.5,100,-120
2024-11-20,DAL,SJ,15,6.5,-112,-106
2024-11-20,DAL,SJ,30,5.5,-147,105
2024-11-20,DAL,SJ,68,6.5,-112,-108
2024-11-20,DAL,SJ,69,6.5,-114,-106
2024-11-20,DAL,SJ,71,6.5,-114,-107
2024-11-20,DAL,SJ,75,6.5,-110,-110
2024-11-20,SEA,NSH,15,5.5,-102,-118
2024-11-20,SEA,NSH,30,6.5,105,-147
2024-11-20,SEA,NSH,68,5.5,-102,-118
2024-11-20,SEA,NSH,69,5.5,-102,-120
2024-11-20,SEA,NSH,71,5.5,-105,-122
2024-11-20,SEA,NSH,75,5.5,-105,-115
2024-11-20,LA,BUF,15,5.5,-118,-102
2024-11-20,LA,BUF,30,5.5,-147,105
2024-11-20,LA,BUF,68,5.5,-118,-102
2024-11-20,LA,BUF,69,5.5,-118,-104
2024-11-20,LA,BUF,71,5.5,-109,-112
2024-11-20,LA,BUF,75,5.5,-120,100
2024-11-21,NJ,CAR,15,6.0,-110,-115
2024-11-21,NJ,CAR,30,6.5,104,-128
2024-11-21,NJ,CAR,68,6.0,-105,-115
2024-11-21,NJ,CAR,69,6.5,110,-134
2024-11-21,NJ,CAR,71,6.0,-118,-104
2024-11-21,NJ,CAR,75,6.0,-110,-110
2024-11-21,CBJ,TB,15,6.5,-125,105
2024-11-21,CBJ,TB,30,6.5,-105,-115
2024-11-21,CBJ,TB,68,6.5,-125,105
2024-11-21,CBJ,TB,69,6.5,-132,108
2024-11-21,CBJ,TB,71,6.5,-122,100
2024-11-21,CBJ,TB,75,6.5,-135,110
2024-11-21,BOS,UTA,15,6.0,-102,-115
2024-11-21,BOS,UTA,30,6.0,-105,-115
2024-11-21,BOS,UTA,68,6.0,-102,-118
2024-11-21,BOS,UTA,69,5.5,-128,104
2024-11-21,BOS,UTA,71,6.0,-106,-121
2024-11-21,BOS,UTA,75,6.0,-105,-115
2024-11-21,OTT,VGK,15,6.5,-105,-115
2024-11-21,OTT,VGK,30,6.5,-100,-120
2024-11-21,OTT,VGK,68,6.5,-105,-115
2024-11-21,OTT,VGK,69,6.5,-105,-115
2024-11-21,OTT,VGK,71,6.5,-106,-120
2024-11-21,OTT,VGK,75,6.5,-105,-115
2024-11-21,DET,NYI,15,6.0,100,-120
2024-11-21,DET,NYI,30,6.0,-110,-110
2024-11-21,DET,NYI,68,6.0,100,-120
2024-11-21,DET,NYI,69,5.5,-128,104
2024-11-21,DET,NYI,71,6.0,-103,-120
2024-11-21,DET,NYI,75,6.0,100,-120
2024-11-21,WSH,COL,15,6.5,-120,100
2024-11-21,WSH,COL,30,6.5,-106,-114
2024-11-21,WSH,COL,68,6.5,-120,100
2024-11-21,WSH,COL,69,6.5,-118,-102
2024-11-21,WSH,COL,71,6.5,-106,-115
2024-11-21,WSH,COL,75,6.5,-115,-105
2024-11-21,STL,SJ,15,6.0,-105,-115
2024-11-21,STL,SJ,30,6.0,-100,-120
2024-11-21,STL,SJ,68,6.0,-105,-115
2024-11-21,STL,SJ,69,5.5,-134,110
2024-11-21,STL,SJ,71,6.0,-105,-117
2024-11-21,STL,SJ,75,6.0,-105,-115
2024-11-21,CHI,FLA,15,5.5,-122,102
2024-11-21,CHI,FLA,30,6.5,105,-125
2024-11-21,CHI,FLA,68,5.5,-122,102
2024-11-21,CHI,FLA,69,5.5,-128,104
2024-11-21,CHI,FLA,71,5.5,-125,-103
2024-11-21,CHI,FLA,75,5.5,-120,100
2024-11-21,EDM,MIN,15,6.5,-105,-115
2024-11-21,EDM,MIN,30,6.0,-120,-100
2024-11-21,EDM,MIN,68,6.5,-105,-115
2024-11-21,EDM,MIN,69,6.5,-108,-112
2024-11-21,EDM,MIN,71,6.5,-108,-117
2024-11-21,EDM,MIN,75,6.5,100,-120
2024-11-21,CGY,NYR,15,6.0,-112,-108
2024-11-21,CGY,NYR,30,6.0,-120,-100
2024-11-21,CGY,NYR,68,6.0,-112,-108
2024-11-21,CGY,NYR,69,5.5,-134,110
2024-11-21,CGY,NYR,71,6.0,-104,-118
2024-11-21,CGY,NYR,75,6.0,-110,-110
2024-11-22,PIT,WPG,15,6.0,-122,102
2024-11-22,PIT,WPG,30,6.5,-100,-141
2024-11-22,PIT,WPG,68,6.0,-122,102
2024-11-22,PIT,WPG,69,6.5,-102,-120
2024-11-22,PIT,WPG,71,6.5,100,-122
2024-11-22,PIT,WPG,75,6.0,-120,100
2024-11-22,ANA,BUF,15,6.0,-115,-105
2024-11-22,ANA,BUF,30,6.5,-100,-135
2024-11-22,ANA,BUF,68,6.0,-115,-105
2024-11-22,ANA,BUF,69,6.5,104,-128
2024-11-22,ANA,BUF,71,6.5,102,-125
2024-11-22,ANA,BUF,75,6.0,-120,100
2024-11-23,PHI,CHI,15,6.0,100,-120
2024-11-23,PHI,CHI,30,5.5,-140,114
2024-11-23,PHI,CHI,68,6.0,100,-120
2024-11-23,PHI,CHI,69,5.5,-115,-105
2024-11-23,PHI,CHI,71,5.5,-117,-105
2024-11-23,PHI,CHI,75,5.5,-120,100
2024-11-23,LA,SEA,15,5.5,-102,-118
2024-11-23,LA,SEA,30,5.5,-120,-100
2024-11-23,LA,SEA,68,5.5,-102,-118
2024-11-23,LA,SEA,69,5.5,104,-128
2024-11-23,LA,SEA,71,5.5,100,-120
2024-11-23,LA,SEA,75,5.5,-105,-115
2024-11-23,CGY,MIN,15,5.5,-108,-112
2024-11-23,CGY,MIN,30,6.0,-110,-110
2024-11-23,CGY,MIN,68,5.5,-108,-112
2024-11-23,CGY,MIN,69,5.5,-108,-112
2024-11-23,CGY,MIN,71,5.5,-109,-112
2024-11-23,CGY,MIN,75,5.5,-105,-115
2024-11-23,FLA,COL,15,6.0,-115,-105
2024-11-23,FLA,COL,30,6.5,104,-128
2024-11-23,FLA,COL,68,6.0,-115,-105
2024-11-23,FLA,COL,69,6.5,110,-134
2024-11-23,FLA,COL,71,6.0,-122,102
2024-11-23,FLA,COL,75,6.0,-115,-105
2024-11-23,TB,DAL,15,6.0,-115,-110
2024-11-23,TB,DAL,30,6.5,104,-128
2024-11-23,TB,DAL,68,6.0,-110,-110
2024-11-23,TB,DAL,69,6.5,110,-134
2024-11-23,TB,DAL,71,6.5,100,-125
2024-11-23,TB,DAL,75,6.0,-115,-105
2024-11-23,WSH,NJ,15,6.0,-112,-110
2024-11-23,WSH,NJ,30,6.5,106,-130
2024-11-23,WSH,NJ,68,6.0,-112,-108
2024-11-23,WSH,NJ,69,6.5,110,-134
2024-11-23,WSH,NJ,71,6.0,-120,-106
2024-11-23,WSH,NJ,75,6.0,-110,-110
2024-11-23,MTL,VGK,15,6.5,105,-125
2024-11-23,MTL,VGK,30,6.5,-100,-120
2024-11-23,MTL,VGK,68,6.5,102,-122
2024-11-23,MTL,VGK,69,6.5,106,-130
2024-11-23,MTL,VGK,71,6.0,-127,100
2024-11-23,MTL,VGK,75,6.5,100,-120
2024-11-23,NSH,WPG,15,6.5,-115,-105
2024-11-23,NSH,WPG,30,5.5,-142,116
2024-11-23,NSH,WPG,68,6.5,-115,-105
2024-11-23,NSH,WPG,69,6.5,-114,-106
2024-11-23,NSH,WPG,71,6.5,-105,-121
2024-11-23,NSH,WPG,75,6.5,-120,100
2024-11-23,OTT,VAN,15,6.0,-108,-112
2024-11-23,OTT,VAN,30,6.5,-100,-141
2024-11-23,OTT,VAN,68,6.0,-108,-112
2024-11-23,OTT,VAN,69,5.5,-140,114
2024-11-23,OTT,VAN,71,6.0,-108,-113
2024-11-23,OTT,VAN,75,6.0,-110,-110
2024-11-23,DET,BOS,15,5.5,-120,-100
2024-11-23,DET,BOS,30,5.5,-134,110
2024-11-23,DET,BOS,68,5.5,-120,100
2024-11-23,DET,BOS,69,5.5,-122,-100
2024-11-23,DET,BOS,71,5.5,-115,-106
2024-11-23,DET,BOS,75,5.5,-120,100
2024-11-23,CBJ,CAR,15,6.5,-110,-110
2024-11-23,CBJ,CAR,30,6.5,106,-130
2024-11-23,CBJ,CAR,68,6.5,-110,-110
2024-11-23,CBJ,CAR,69,6.5,-110,-110
2024-11-23,CBJ,CAR,71,6.5,-109,-112
2024-11-23,CBJ,CAR,75,6.5,-110,-110
2024-11-23,PIT,UTA,15,6.0,-120,-102
2024-11-23,PIT,UTA,30,6.5,-115,-105
2024-11-23,PIT,UTA,68,6.0,-118,-102
2024-11-23,PIT,UTA,69,6.5,-102,-120
2024-11-23,PIT,UTA,71,6.5,-106,-115
2024-11-23,PIT,UTA,75,6.0,-120,100
2024-11-23,NYI,STL,15,5.5,-110,-110
2024-11-23,NYI,STL,30,5.5,-140,112
2024-11-23,NYI,STL,68,5.5,-110,-110
2024-11-23,NYI,STL,69,5.5,-112,-108
2024-11-23,NYI,STL,71,5.5,-115,-110
2024-11-23,NYI,STL,75,5.5,-110,-110
2024-11-23,SJ,BUF,15,6.0,-110,-110
2024-11-23,SJ,BUF,30,6.5,110,-134
2024-11-23,SJ,BUF,68,6.0,-110,-110
2024-11-23,SJ,BUF,69,5.5,-140,114
2024-11-23,SJ,BUF,71,6.0,-114,-107
2024-11-23,SJ,BUF,75,6.0,-115,-105
2024-11-23,EDM,NYR,15,6.5,-130,110
2024-11-23,EDM,NYR,30,6.5,-105,-115
2024-11-23,EDM,NYR,68,6.5,-130,110
2024-11-23,EDM,NYR,69,6.5,-128,104
2024-11-23,EDM,NYR,71,6.5,-113,-108
2024-11-23,EDM,NYR,75,6.5,-125,105
2024-11-24,TOR,UTA,15,5.5,-120,-105
2024-11-24,TOR,UTA,30,6.5,-105,-116
2024-11-24,TOR,UTA,68,5.5,-115,-105
2024-11-24,TOR,UTA,69,5.5,-128,104
2024-11-24,TOR,UTA,71,6.0,100,-122
2024-11-24,TOR,UTA,75,5.5,-120,100
2024-11-25,NYR,STL,15,6.0,-115,-108
2024-11-25,NYR,STL,30,5.5,-147,113
2024-11-25,NYR,STL,68,6.0,-112,-108
2024-11-25,NYR,STL,69,6.5,110,-134
2024-11-25,NYR,STL,71,6.0,-120,-107
2024-11-25,NYR,STL,75,6.0,-110,-110
2024-11-25,FLA,WSH,15,6.0,-105,-115
2024-11-25,FLA,WSH,30,6.5,105,-147
2024-11-25,FLA,WSH,68,6.0,-105,-115
2024-11-25,FLA,WSH,69,5.5,-140,114
2024-11-25,FLA,WSH,71,6.0,-114,-112
2024-11-25,FLA,WSH,75,6.0,-105,-115
2024-11-25,TB,COL,15,6.5,-108,-112
2024-11-25,TB,COL,30,6.5,-111,-111
2024-11-25,TB,COL,68,6.5,-108,-112
2024-11-25,TB,COL,69,6.5,-108,-112
2024-11-25,TB,COL,71,6.5,-110,-110
2024-11-25,TB,COL,75,6.5,-115,-105
2024-11-25,NJ,NSH,15,6.0,-108,-112
2024-11-25,NJ,NSH,30,6.5,-100,-141
2024-11-25,NJ,NSH,68,6.0,-108,-112
2024-11-25,NJ,NSH,69,5.5,-140,114
2024-11-25,NJ,NSH,71,6.0,-106,-115
2024-11-25,NJ,NSH,75,6.0,-110,-110
2024-11-25,PHI,VGK,15,6.0,-120,100
2024-11-25,PHI,VGK,30,6.0,-115,-113
2024-11-25,PHI,VGK,68,6.0,-120,100
2024-11-25,PHI,VGK,69,6.5,-100,-122
2024-11-25,PHI,VGK,71,6.0,-121,100
2024-11-25,PHI,VGK,75,6.0,-120,100
2024-11-25,CAR,DAL,15,6.5,-108,-112
2024-11-25,CAR,DAL,30,5.5,-147,105
2024-11-25,CAR,DAL,68,6.5,-108,-112
2024-11-25,CAR,DAL,69,6.5,-106,-114
2024-11-25,CAR,DAL,71,6.5,-114,-112
2024-11-25,CAR,DAL,75,6.5,-110,-110
2024-11-25,OTT,CGY,15,6.0,100,-120
2024-11-25,OTT,CGY,30,6.5,-100,-122
2024-11-25,OTT,CGY,68,6.0,100,-120
2024-11-25,OTT,CGY,69,5.5,-124,102
2024-11-25,OTT,CGY,71,6.0,100,-125
2024-11-25,OTT,CGY,75,6.0,100,-120
2024-11-25,NYI,DET,15,5.5,-114,-108
2024-11-25,NYI,DET,30,5.5,-140,114
2024-11-25,NYI,DET,68,5.5,-112,-108
2024-11-25,NYI,DET,69,5.5,-114,-106
2024-11-25,NYI,DET,71,5.5,-118,-104
2024-11-25,NYI,DET,75,5.5,-110,-110
2024-11-25,MIN,WPG,15,5.5,-125,105
2024-11-25,MIN,WPG,30,5.5,-122,-103
2024-11-25,MIN,WPG,68,5.5,-125,105
2024-11-25,MIN,WPG,69,5.5,-124,102
2024-11-25,MIN,WPG,71,5.5,-113,-108
2024-11-25,MIN,WPG,75,6.0,100,-120
2024-11-25,ANA,SEA,15,5.5,-125,105
2024-11-25,ANA,SEA,30,6.5,110,-134
2024-11-25,ANA,SEA,68,5.5,-125,105
2024-11-25,ANA,SEA,69,5.5,-120,-102
2024-11-25,ANA,SEA,71,5.5,-120,-103
2024-11-25,ANA,SEA,75,5.5,-120,100
2024-11-25,SJ,LA,15,5.5,-115,-108
2024-11-25,SJ,LA,30,6.5,104,-136
2024-11-25,SJ,LA,68,5.5,-112,-108
2024-11-25,SJ,LA,69,5.5,-115,-105
2024-11-25,SJ,LA,71,5.5,-120,-103
2024-11-25,SJ,LA,75,5.5,-115,-105
2024-11-26,BOS,VAN,15,5.5,100,-120
2024-11-26,BOS,VAN,30,5.5,-132,108
2024-11-26,BOS,VAN,68,5.5,100,-120
2024-11-26,BOS,VAN,69,5.5,104,-128
2024-11-26,BOS,VAN,71,5.5,102,-124
2024-11-26,BOS,VAN,75,5.5,100,-120
2024-11-26,MTL,UTA,15,6.0,-110,-110
2024-11-26,MTL,UTA,30,6.5,-100,-135
2024-11-26,MTL,UTA,68,6.0,-110,-110
2024-11-26,MTL,UTA,69,6.5,110,-134
2024-11-26,MTL,UTA,71,6.0,-110,-109
2024-11-26,MTL,UTA,75,6.0,-110,-110
2024-11-27,CAR,NYR,15,6.5,-118,-105
2024-11-27,CAR,NYR,30,6.0,-110,-110
2024-11-27,CAR,NYR,68,6.5,-118,-102
2024-11-27,CAR,NYR,69,6.5,-115,-105
2024-11-27,CAR,NYR,71,6.5,-124,-103
2024-11-27,CAR,NYR,75,6.5,-115,-105
2024-11-27,BUF,MIN,15,5.5,-122,102
2024-11-27,BUF,MIN,30,6.0,-120,-100
2024-11-27,BUF,MIN,68,5.5,-122,102
2024-11-27,BUF,MIN,69,5.5,-122,-100
2024-11-27,BUF,MIN,71,6.0,102,-124
2024-11-27,BUF,MIN,75,6.0,100,-120
2024-11-27,NJ,STL,15,6.0,100,-110
2024-11-27,NJ,STL,30,6.5,105,-125
2024-11-27,NJ,STL,68,6.0,100,-120
2024-11-27,NJ,STL,69,5.5,-132,108
2024-11-27,NJ,STL,71,6.0,-108,-113
2024-11-27,NJ,STL,75,6.0,-110,-110
2024-11-27,DET,CGY,15,5.5,-120,100
2024-11-27,DET,CGY,30,6.0,-110,-110
2024-11-27,DET,CGY,68,5.5,-120,100
2024-11-27,DET,CGY,69,5.5,-118,-104
2024-11-27,DET,CGY,71,6.0,100,-127
2024-11-27,DET,CGY,75,5.5,-120,100
2024-11-27,CBJ,MTL,15,6.5,-125,105
2024-11-27,CBJ,MTL,30,6.5,-110,-110
2024-11-27,CBJ,MTL,68,6.5,-125,105
2024-11-27,CBJ,MTL,69,6.5,-122,-100
2024-11-27,CBJ,MTL,71,6.5,-130,107
2024-11-27,CBJ,MTL,75,6.5,-125,105
2024-11-27,NYI,BOS,15,5.5,-102,-120
2024-11-27,NYI,BOS,30,5.5,-120,-100
2024-11-27,NYI,BOS,68,5.5,-102,-118
2024-11-27,NYI,BOS,69,5.5,-100,-122
2024-11-27,NYI,BOS,71,5.5,-103,-120
2024-11-27,NYI,BOS,75,5.5,-105,-115
2024-11-27,PIT,VAN,15,6.5,100,-120
2024-11-27,PIT,VAN,30,6.5,-100,-120
2024-11-27,PIT,VAN,68,6.0,-118,-102
2024-11-27,PIT,VAN,69,6.5,104,-128
2024-11-27,PIT,VAN,71,6.5,102,-122
2024-11-27,PIT,VAN,75,6.0,-120,100
2024-11-27,FLA,TOR,15,5.5,-110,-110
2024-11-27,FLA,TOR,30,6.5,-100,-120
2024-11-27,FLA,TOR,68,5.5,-110,-110
2024-11-27,FLA,TOR,69,5.5,-110,-110
2024-11-27,FLA,TOR,71,5.5,-117,-105
2024-11-27,FLA,TOR,75,5.5,-115,-105
2024-11-27,TB,WSH,15,6.5,102,-122
2024-11-27,TB,WSH,30,6.5,-100,-120
2024-11-27,TB,WSH,68,6.5,102,-122
2024-11-27,TB,WSH,69,6.5,-105,-115
2024-11-27,TB,WSH,71,6.0,-124,102
2024-11-27,TB,WSH,75,6.5,100,-120
2024-11-27,NSH,PHI,15,6.0,100,-120
2024-11-27,NSH,PHI,30,5.5,-120,-100
2024-11-27,NSH,PHI,68,6.0,100,-120
2024-11-27,NSH,PHI,69,5.5,-122,-100
2024-11-27,NSH,PHI,71,6.0,100,-120
2024-11-27,NSH,PHI,75,6.0,100,-120
2024-11-27,CHI,DAL,15,6.0,-105,-115
2024-11-27,CHI,DAL,30,6.0,-110,-110
2024-11-27,CHI,DAL,68,6.0,-105,-115
2024-11-27,CHI,DAL,69,5.5,-120,-102
2024-11-27,CHI,DAL,71,6.0,-107,-114
2024-11-27,CHI,DAL,75,6.0,-110,-110
2024-11-27,LA,WPG,15,5.5,-105,-112
2024-11-27,LA,WPG,30,6.0,-100,-120
2024-11-27,LA,WPG,68,5.5,-108,-112
2024-11-27,LA,WPG,69,5.5,-104,-118
2024-11-27,LA,WPG,71,5.5,-113,-113
2024-11-27,LA,WPG,75,5.5,-105,-115
2024-11-27,COL,VGK,15,6.5,-120,102
2024-11-27,COL,VGK,30,6.5,-100,-120
2024-11-27,COL,VGK,68,6.5,-122,102
2024-11-27,COL,VGK,69,6.5,-120,-102
2024-11-27,COL,VGK,71,6.5,-127,100
2024-11-27,COL,VGK,75,6.5,-120,100
2024-11-27,SEA,ANA,15,5.5,-122,-102
2024-11-27,SEA,ANA,30,5.5,-125,105
2024-11-27,SEA,ANA,68,5.5,-122,102
2024-11-27,SEA,ANA,69,5.5,-120,-102
2024-11-27,SEA,ANA,71,5.5,-114,-107
2024-11-27,SEA,ANA,75,5.5,-120,100
2024-11-27,SJ,OTT,15,6.0,-112,-110
2024-11-27,SJ,OTT,30,6.0,-110,-110
2024-11-27,SJ,OTT,68,6.0,-112,-108
2024-11-27,SJ,OTT,69,6.5,116,-142
2024-11-27,SJ,OTT,71,6.0,-110,-110
2024-11-27,SJ,OTT,75,6.0,-115,-105
2024-11-29,PHI,NYR,15,6.5,-100,-120
2024-11-29,PHI,NYR,30,6.5,-100,-122
2024-11-29,PHI,NYR,68,6.5,100,-120
2024-11-29,PHI,NYR,69,6.5,-100,-122
2024-11-29,PHI,NYR,71,6.5,-108,-113
2024-11-29,PHI,NYR,75,6.5,100,-120
2024-11-29,MIN,CHI,15,5.5,-125,105
2024-11-29,MIN,CHI,30,5.5,-144,110
2024-11-29,MIN,CHI,68,5.5,-125,105
2024-11-29,MIN,CHI,69,5.5,-130,106
2024-11-29,MIN,CHI,71,5.5,-115,-106
2024-11-29,MIN,CHI,75,5.5,-120,100
2024-11-29,WSH,NYI,15,6.0,105,-125
2024-11-29,WSH,NYI,30,5.5,-125,-105
2024-11-29,WSH,NYI,68,6.0,105,-125
2024-11-29,WSH,NYI,69,5.5,-134,110
2024-11-29,WSH,NYI,71,5.5,-124,-103
2024-11-29,WSH,NYI,75,6.0,100,-120
2024-11-29,CBJ,CGY,15,6.5,105,-125
2024-11-29,CBJ,CGY,30,6.5,-105,-125
2024-11-29,CBJ,CGY,68,6.5,105,-125
2024-11-29,CBJ,CGY,69,6.5,-104,-118
2024-11-29,CBJ,CGY,71,6.5,100,-122
2024-11-29,CBJ,CGY,75,6.5,100,-120
2024-11-29,NSH,TB,15,6.5,-122,102
2024-11-29,NSH,TB,30,6.5,-105,-125
2024-11-29,NSH,TB,68,6.5,-122,102
2024-11-29,NSH,TB,69,6.5,-124,102
2024-11-29,NSH,TB,71,6.5,-118,-104
2024-11-29,NSH,TB,75,6.5,-120,100
2024-11-29,DET,NJ,15,6.0,105,-125
2024-11-29,DET,NJ,30,6.5,-100,-135
2024-11-29,DET,NJ,68,6.0,105,-125
2024-11-29,DET,NJ,69,5.5,-140,114
2024-11-29,DET,NJ,71,6.0,-110,-110
2024-11-29,DET,NJ,75,6.0,-110,-110
2024-11-29,CAR,FLA,15,6.0,-108,-112
2024-11-29,CAR,FLA,30,6.5,-100,-141
2024-11-29,CAR,FLA,68,6.0,-108,-112
2024-11-29,CAR,FLA,69,5.5,-138,112
2024-11-29,CAR,FLA,71,6.0,-103,-120
2024-11-29,CAR,FLA,75,6.0,-110,-110
2024-11-29,BUF,VAN,15,5.5,-114,-108
2024-11-29,BUF,VAN,30,6.5,105,-147
2024-11-29,BUF,VAN,68,5.5,-112,-108
2024-11-29,BUF,VAN,69,5.5,-114,-106
2024-11-29,BUF,VAN,71,5.5,-121,100
2024-11-29,BUF,VAN,75,5.5,-115,-105
2024-11-29,SJ,SEA,15,6.0,100,-120
2024-11-29,SJ,SEA,30,5.5,-147,105
2024-11-29,SJ,SEA,68,6.0,100,-120
2024-11-29,SJ,SEA,69,5.5,-134,110
2024-11-29,SJ,SEA,71,5.5,-124,102
2024-11-29,SJ,SEA,75,6.0,-105,-115
2024-11-29,ANA,LA,15,5.5,-122,102
2024-11-29,ANA,LA,30,5.5,-141,-100
2024-11-29,ANA,LA,68,5.5,-122,102
2024-11-29,ANA,LA,69,5.5,-128,104
2024-11-29,ANA,LA,71,5.5,-120,-103
2024-11-29,ANA,LA,75,6.0,100,-120
2024-11-29,BOS,PIT,15,5.5,-133,-105
2024-11-29,BOS,PIT,30,6.5,104,-128
2024-11-29,BOS,PIT,68,6.0,102,-122
2024-11-29,BOS,PIT,69,5.5,-122,-100
2024-11-29,BOS,PIT,71,5.5,-120,-103
2024-11-29,BOS,PIT,75,5.5,-120,100
2024-11-29,VGK,WPG,15,6.0,-125,105
2024-11-29,VGK,WPG,30,6.0,-115,-113
2024-11-29,VGK,WPG,68,6.0,-122,102
2024-11-29,VGK,WPG,69,6.5,110,-134
2024-11-29,VGK,WPG,71,6.0,-115,-106
2024-11-29,VGK,WPG,75,6.0,-110,-110
2024-11-29,DAL,COL,15,6.5,-115,-105
2024-11-29,DAL,COL,30,6.5,-108,-112
2024-11-29,DAL,COL,68,6.5,-115,-105
2024-11-29,DAL,COL,69,6.5,-110,-110
2024-11-29,DAL,COL,71,6.5,-117,-105
2024-11-29,DAL,COL,75,6.5,-115,-105
2024-11-29,UTA,EDM,15,6.5,100,-120
2024-11-29,UTA,EDM,30,6.5,104,-136
2024-11-29,UTA,EDM,68,6.5,100,-120
2024-11-29,UTA,EDM,69,6.5,106,-130
2024-11-29,UTA,EDM,71,6.5,-105,-121
2024-11-29,UTA,EDM,75,6.5,100,-120
2024-11-30,NYR,MTL,15,6.5,-105,-115
2024-11-30,NYR,MTL,30,6.5,105,-125
2024-11-30,NYR,MTL,68,6.5,-105,-115
2024-11-30,NYR,MTL,69,6.5,-108,-112
2024-11-30,NYR,MTL,71,6.5,-106,-115
2024-11-30,NYR,MTL,75,6.5,-105,-115
2024-11-30,FLA,CAR,15,6.5,-105,-115
2024-11-30,FLA,CAR,30,6.5,-110,-110
2024-11-30,FLA,CAR,68,6.5,-105,-115
2024-11-30,FLA,CAR,69,6.5,-106,-114
2024-11-30,FLA,CAR,71,6.5,-110,-110
2024-11-30,FLA,CAR,75,6.5,-105,-115
2024-11-30,STL,PHI,15,6.0,100,-120
2024-11-30,STL,PHI,30,6.0,-105,-115
2024-11-30,STL,PHI,68,6.0,102,-122
2024-11-30,STL,PHI,69,5.5,-118,-104
2024-11-30,STL,PHI,71,5.5,-122,-104
2024-11-30,STL,PHI,75,6.0,100,-120
2024-11-30,LA,OTT,15,6.0,100,-120
2024-11-30,LA,OTT,30,6.0,-115,-105
2024-11-30,LA,OTT,68,6.0,100,-120
2024-11-30,LA,OTT,69,5.5,-132,108
2024-11-30,LA,OTT,71,5.5,-124,102
2024-11-30,LA,OTT,75,6.0,100,-120
2024-11-30,TB,TOR,15,6.0,-110,-110
2024-11-30,TB,TOR,30,6.5,-110,-110
2024-11-30,TB,TOR,68,6.0,-110,-110
2024-11-30,TB,TOR,69,5.5,-142,116
2024-11-30,TB,TOR,71,6.0,-125,102
2024-11-30,TB,TOR,75,6.0,-110,-110
2024-11-30,NJ,WSH,15,6.5,102,-122
2024-11-30,NJ,WSH,30,6.5,-100,-120
2024-11-30,NJ,WSH,68,6.5,102,-122
2024-11-30,NJ,WSH,69,6.5,-105,-115
2024-11-30,NJ,WSH,71,6.5,102,-127
2024-11-30,NJ,WSH,75,6.5,-105,-115
2024-11-30,PIT,CGY,15,6.0,-120,100
2024-11-30,PIT,CGY,30,6.5,-100,-120
2024-11-30,PIT,CGY,68,6.0,-120,100
2024-11-30,PIT,CGY,69,6.5,104,-128
2024-11-30,PIT,CGY,71,6.0,-114,-107
2024-11-30,PIT,CGY,75,6.0,-120,100
2024-11-30,NYI,BUF,15,5.5,-120,100
2024-11-30,NYI,BUF,30,5.5,-125,105
2024-11-30,NYI,BUF,68,5.5,-120,100
2024-11-30,NYI,BUF,69,5.5,-120,-102
2024-11-30,NYI,BUF,71,5.5,-115,-106
2024-11-30,NYI,BUF,75,5.5,-120,100
2024-11-30,MIN,NSH,15,5.5,-120,-102
2024-11-30,MIN,NSH,30,5.5,-120,-100
2024-11-30,MIN,NSH,68,5.5,-120,100
2024-11-30,MIN,NSH,69,5.5,-120,-102
2024-11-30,MIN,NSH,71,5.5,-120,-107
2024-11-30,MIN,NSH,75,5.5,-115,-105
2024-11-30,VGK,UTA,15,6.5,-112,-108
2024-11-30,VGK,UTA,30,6.5,110,-130
2024-11-30,VGK,UTA,68,6.5,-112,-108
2024-11-30,VGK,UTA,69,6.5,-118,-104
2024-11-30,VGK,UTA,71,6.5,-105,-121
2024-11-30,VGK,UTA,75,6.5,-110,-110
2024-11-30,SEA,SJ,15,5.5,-122,102
2024-11-30,SEA,SJ,30,6.0,-110,-110
2024-11-30,SEA,SJ,68,5.5,-122,102
2024-11-30,SEA,SJ,69,5.5,-120,-100
2024-11-30,SEA,SJ,71,5.5,-124,102
2024-11-30,SEA,SJ,75,5.5,-120,100
2024-11-30,COL,EDM,15,6.5,-120,-102
2024-11-30,COL,EDM,30,6.5,-110,-110
2024-11-30,COL,EDM,68,6.5,-122,102
2024-11-30,COL,EDM,69,6.5,-120,-102
2024-11-30,COL,EDM,71,6.5,-122,102
2024-11-30,COL,EDM,75,6.5,-115,-105
2024-12-01,DET,VAN,15,5.5,-118,-108
2024-12-01,DET,VAN,30,6.0,-105,-115
2024-12-01,DET,VAN,68,5.5,-112,-108
2024-12-01,DET,VAN,69,5.5,-118,-104
2024-12-01,DET,VAN,71,5.5,-118,-104
2024-12-01,DET,VAN,75,5.5,-120,100
2024-12-01,CHI,CBJ,15,6.5,-105,-118
2024-12-01,CHI,CBJ,30,6.5,-100,-135
2024-12-01,CHI,CBJ,68,6.5,-102,-118
2024-12-01,CHI,CBJ,69,6.5,-108,-112
2024-12-01,CHI,CBJ,71,6.5,-105,-115
2024-12-01,CHI,CBJ,75,6.5,-105,-115
2024-12-01,BOS,MTL,15,5.5,-118,-105
2024-12-01,BOS,MTL,30,5.5,-141,-100
2024-12-01,BOS,MTL,68,5.5,-118,-102
2024-12-01,BOS,MTL,69,5.5,-115,-105
2024-12-01,BOS,MTL,71,5.5,-117,-104
2024-12-01,BOS,MTL,75,5.5,-115,-105
2024-12-01,DAL,WPG,15,6.0,-105,-110
2024-12-01,DAL,WPG,30,5.5,-147,105
2024-12-01,DAL,WPG,68,6.0,-105,-115
2024-12-01,DAL,WPG,69,5.5,-138,112
2024-12-01,DAL,WPG,71,6.0,-107,-114
2024-12-01,DAL,WPG,75,6.0,-110,-110
2024-12-01,ANA,OTT,15,6.0,-115,-110
2024-12-01,ANA,OTT,30,6.5,105,-147
2024-12-01,ANA,OTT,68,6.0,-115,-105
2024-12-01,ANA,OTT,69,6.5,112,-138
2024-12-01,ANA,OTT,71,6.0,-114,-107
2024-12-01,ANA,OTT,75,6.0,-110,-110
2024-12-02,NYR,NJ,15,6.5,-108,-112
2024-12-02,NYR,NJ,30,6.0,-120,-100
2024-12-02,NYR,NJ,68,6.5,-108,-112
2024-12-02,NYR,NJ,69,6.5,-110,-110
2024-12-02,NYR,NJ,71,6.5,-110,-110
2024-12-02,NYR,NJ,75,6.5,-105,-115
2024-12-02,TOR,CHI,15,6.0,-105,-115
2024-12-02,TOR,CHI,30,6.0,-120,-100
2024-12-02,TOR,CHI,68,6.0,-105,-115
2024-12-02,TOR,CHI,69,5.5,-134,110
2024-12-02,TOR,CHI,71,6.0,-109,-115
2024-12-02,TOR,CHI,75,6.0,-105,-115
2024-12-02,UTA,DAL,15,6.5,105,-125
2024-12-02,UTA,DAL,30,6.0,-110,-110
2024-12-02,UTA,DAL,68,6.5,105,-125
2024-12-02,UTA,DAL,69,6.5,112,-138
2024-12-02,UTA,DAL,71,6.0,-124,102
2024-12-02,UTA,DAL,75,6.5,100,-120
2024-12-03,BOS,DET,15,6.0,-112,-108
2024-12-03,BOS,DET,30,5.5,-135,-100
2024-12-03,BOS,DET,68,6.0,-112,-108
2024-12-03,BOS,DET,69,6.5,110,-134
2024-12-03,BOS,DET,71,6.0,-112,-109
2024-12-03,BOS,DET,75,6.0,-110,-110
2024-12-03,BUF,COL,15,6.5,-102,-118
2024-12-03,BUF,COL,30,6.5,-105,-116
2024-12-03,BUF,COL,68,6.5,-102,-118
2024-12-03,BUF,COL,69,6.5,104,-128
2024-12-03,BUF,COL,71,6.5,102,-124
2024-12-03,BUF,COL,75,6.5,100,-120
2024-12-03,CAR,SEA,15,6.0,-112,-108
2024-12-03,CAR,SEA,30,6.5,-100,-141
2024-12-03,CAR,SEA,68,6.0,-112,-108
2024-12-03,CAR,SEA,69,6.5,104,-128
2024-12-03,CAR,SEA,71,6.0,-120,-103
2024-12-03,CAR,SEA,75,6.0,-115,-105
2024-12-03,WSH,SJ,15,6.5,102,-120
2024-12-03,WSH,SJ,30,6.5,-100,-141
2024-12-03,WSH,SJ,68,6.5,102,-122
2024-12-03,WSH,SJ,69,6.5,-102,-120
2024-12-03,WSH,SJ,71,6.0,-120,-103
2024-12-03,WSH,SJ,75,6.5,100,-120
2024-12-03,PIT,FLA,15,6.5,-102,-119
2024-12-03,PIT,FLA,30,6.5,-105,-125
2024-12-03,PIT,FLA,68,6.5,-102,-118
2024-12-03,PIT,FLA,69,6.5,-105,-115
2024-12-03,PIT,FLA,71,6.5,-104,-118
2024-12-03,PIT,FLA,75,6.5,-105,-115
2024-12-03,MTL,NYI,15,5.5,-115,-105
2024-12-03,MTL,NYI,30,5.5,-141,-100
2024-12-03,MTL,NYI,68,5.5,-115,-105
2024-12-03,MTL,NYI,69,5.5,-115,-105
2024-12-03,MTL,NYI,71,5.5,-120,-103
2024-12-03,MTL,NYI,75,5.5,-110,-110
2024-12-03,WPG,STL,15,5.5,-112,-106
2024-12-03,WPG,STL,30,5.5,-135,-100
2024-12-03,WPG,STL,68,5.5,-112,-108
2024-12-03,WPG,STL,69,5.5,-112,-108
2024-12-03,WPG,STL,71,5.5,-110,-110
2024-12-03,WPG,STL,75,5.5,-115,-105
2024-12-03,MIN,VAN,15,5.5,-105,-115
2024-12-03,MIN,VAN,30,5.5,-141,-100
2024-12-03,MIN,VAN,68,5.5,-105,-115
2024-12-03,MIN,VAN,69,5.5,-104,-115
2024-12-03,MIN,VAN,71,5.5,-109,-112
2024-12-03,MIN,VAN,75,5.5,-110,-110
2024-12-03,CGY,CBJ,15,6.5,-105,-115
2024-12-03,CGY,CBJ,30,6.5,-105,-125
2024-12-03,CGY,CBJ,68,6.5,-105,-115
2024-12-03,CGY,CBJ,69,6.5,-106,-114
2024-12-03,CGY,CBJ,71,6.5,-106,-115
2024-12-03,CGY,CBJ,75,6.5,-105,-115
2024-12-03,VGK,EDM,15,6.5,-105,-108
2024-12-03,VGK,EDM,30,6.5,-111,-111
2024-12-03,VGK,EDM,68,6.5,-112,-108
2024-12-03,VGK,EDM,69,6.5,-105,-115
2024-12-03,VGK,EDM,71,6.5,-109,-110
2024-12-03,VGK,EDM,75,6.5,-115,-105
2024-12-04,CHI,BOS,15,5.5,-105,-115
2024-12-04,CHI,BOS,30,5.5,-147,105
2024-12-04,CHI,BOS,68,5.5,-105,-115
2024-12-04,CHI,BOS,69,5.5,-104,-118
2024-12-04,CHI,BOS,71,5.5,-104,-122
2024-12-04,CHI,BOS,75,5.5,100,-120
2024-12-04,TOR,NSH,15,6.0,-102,-115
2024-12-04,TOR,NSH,30,6.5,105,-147
2024-12-04,TOR,NSH,68,6.0,-102,-118
2024-12-04,TOR,NSH,69,5.5,-128,104
2024-12-04,TOR,NSH,71,6.0,-108,-117
2024-12-04,TOR,NSH,75,6.0,100,-120
2024-12-04,LA,DAL,15,5.5,-115,-105
2024-12-04,LA,DAL,30,5.5,-128,104
2024-12-04,LA,DAL,68,5.5,-115,-105
2024-12-04,LA,DAL,69,5.5,-112,-108
2024-12-04,LA,DAL,71,5.5,-125,-103
2024-12-04,LA,DAL,75,5.5,-110,-110
2024-12-04,ANA,VGK,15,6.5,-100,-120
2024-12-04,ANA,VGK,30,6.5,104,-128
2024-12-04,ANA,VGK,68,6.5,100,-120
2024-12-04,ANA,VGK,69,6.5,-100,-122
2024-12-04,ANA,VGK,71,6.5,102,-124
2024-12-04,ANA,VGK,75,6.5,100,-120
2024-12-05,CAR,COL,15,6.5,-120,102
2024-12-05,CAR,COL,30,6.5,-110,-110
2024-12-05,CAR,COL,68,6.5,-122,102
2024-12-05,CAR,COL,69,6.5,-120,-102
2024-12-05,CAR,COL,71,6.5,-125,104
2024-12-05,CAR,COL,75,6.5,-120,100
2024-12-05,BUF,WPG,15,5.5,-115,-105
2024-12-05,BUF,WPG,30,6.0,-119,-104
2024-12-05,BUF,WPG,68,5.5,-115,-105
2024-12-05,BUF,WPG,69,5.5,-115,-105
2024-12-05,BUF,WPG,71,5.5,-113,-108
2024-12-05,BUF,WPG,75,5.5,-115,-105
2024-12-05,TB,SJ,15,6.0,-122,102
2024-12-05,TB,SJ,30,6.5,-102,-120
2024-12-05,TB,SJ,68,6.0,-122,102
2024-12-05,TB,SJ,69,6.5,-102,-120
2024-12-05,TB,SJ,71,6.0,-125,104
2024-12-05,TB,SJ,75,6.0,-120,100
2024-12-05,OTT,DET,15,6.0,-120,100
2024-12-05,OTT,DET,30,6.5,-105,-112
2024-12-05,OTT,DET,68,6.0,-120,100
2024-12-05,OTT,DET,69,6.5,-100,-122
2024-12-05,OTT,DET,71,6.0,-124,102
2024-12-05,OTT,DET,75,6.0,-120,100
2024-12-05,MTL,NSH,15,6.0,-118,-102
2024-12-05,MTL,NSH,30,6.0,-100,-120
2024-12-05,MTL,NSH,68,6.0,-118,-102
2024-12-05,MTL,NSH,69,6.5,-100,-122
2024-12-05,MTL,NSH,71,6.0,-118,-104
2024-12-05,MTL,NSH,75,6.0,-120,100
2024-12-05,PHI,FLA,15,6.0,-115,-105
2024-12-05,PHI,FLA,30,5.5,-138,110
2024-12-05,PHI,FLA,68,6.0,-115,-105
2024-12-05,PHI,FLA,69,6.5,-104,-118
2024-12-05,PHI,FLA,71,6.0,-120,-103
2024-12-05,PHI,FLA,75,6.0,-115,-105
2024-12-05,NYI,SEA,15,5.5,105,-124
2024-12-05,NYI,SEA,30,5.5,-113,-107
2024-12-05,NYI,SEA,68,5.5,105,-125
2024-12-05,NYI,SEA,69,5.5,102,-124
2024-12-05,NYI,SEA,71,5.5,104,-127
2024-12-05,NYI,SEA,75,5.5,105,-125
2024-12-05,CGY,STL,15,5.5,-122,102
2024-12-05,CGY,STL,30,5.5,-125,102
2024-12-05,CGY,STL,68,5.5,-122,102
2024-12-05,CGY,STL,69,5.5,-128,104
2024-12-05,CGY,STL,71,5.5,-117,-105
2024-12-05,CGY,STL,75,6.0,100,-120
2024-12-05,EDM,CBJ,15,6.5,-140,114
2024-12-05,EDM,CBJ,30,6.5,-115,-105
2024-12-05,EDM,CBJ,68,6.5,-135,114
2024-12-05,EDM,CBJ,69,6.5,-140,114
2024-12-05,EDM,CBJ,71,6.5,-130,108
2024-12-05,EDM,CBJ,75,6.5,-140,120
2024-12-06,NJ,SEA,15,6.0,-110,-110
2024-12-06,NJ,SEA,30,5.5,-147,105
2024-12-06,NJ,SEA,68,6.0,-110,-110
2024-12-06,NJ,SEA,69,6.5,112,-138
2024-12-06,NJ,SEA,71,6.0,-109,-115
2024-12-06,NJ,SEA,75,6.0,-110,-110
2024-12-06,TOR,WSH,15,6.0,-115,-105
2024-12-06,TOR,WSH,30,6.5,-100,-141
2024-12-06,TOR,WSH,68,6.0,-115,-105
2024-12-06,TOR,WSH,69,6.5,104,-128
2024-12-06,TOR,WSH,71,6.0,-114,-107
2024-12-06,TOR,WSH,75,6.0,-120,100
2024-12-06,NYR,PIT,15,6.5,-120,105
2024-12-06,NYR,PIT,30,6.5,-111,-111
2024-12-06,NYR,PIT,68,6.5,-125,105
2024-12-06,NYR,PIT,69,6.5,-120,-102
2024-12-06,NYR,PIT,71,6.5,-117,-105
2024-12-06,NYR,PIT,75,6.5,-125,105
2024-12-06,VAN,CBJ,15,6.0,-125,105
2024-12-06,VAN,CBJ,30,6.5,-105,-125
2024-12-06,VAN,CBJ,68,6.0,-125,105
2024-12-06,VAN,CBJ,69,6.5,102,-124
2024-12-06,VAN,CBJ,71,6.5,100,-121
2024-12-06,VAN,CBJ,75,6.5,100,-120
2024-12-06,ANA,MIN,15,5.5,-118,-102
2024-12-06,ANA,MIN,30,5.5,-147,105
2024-12-06,ANA,MIN,68,5.5,-118,-102
2024-12-06,ANA,MIN,69,5.5,-115,-105
2024-12-06,ANA,MIN,71,5.5,-124,102
2024-12-06,ANA,MIN,75,5.5,-115,-105
2024-12-06,VGK,DAL,15,6.0,-110,-110
2024-12-06,VGK,DAL,30,6.5,105,-147
2024-12-06,VGK,DAL,68,6.0,-110,-110
2024-12-06,VGK,DAL,69,6.5,110,-134
2024-12-06,VGK,DAL,71,6.0,-117,-108
2024-12-06,VGK,DAL,75,6.0,-110,-110
2024-12-07,BOS,PHI,15,5.5,-122,102
2024-12-07,BOS,PHI,30,6.0,-115,-105
2024-12-07,BOS,PHI,68,5.5,-122,102
2024-12-07,BOS,PHI,69,5.5,-122,-100
2024-12-07,BOS,PHI,71,5.5,-122,100
2024-12-07,BOS,PHI,75,5.5,-120,100
2024-12-07,BUF,UTA,15,6.0,-110,-110
2024-12-07,BUF,UTA,30,6.0,-120,-100
2024-12-07,BUF,UTA,68,6.0,-110,-110
2024-12-07,BUF,UTA,69,5.5,-140,108
2024-12-07,BUF,UTA,71,6.0,-103,-120
2024-12-07,BUF,UTA,75,6.0,-105,-115
2024-12-07,CHI,WPG,15,5.5,-120,-105
2024-12-07,CHI,WPG,30,5.5,-125,-105
2024-12-07,CHI,WPG,68,5.5,-120,100
2024-12-07,CHI,WPG,69,5.5,-115,-105
2024-12-07,CHI,WPG,71,5.5,-118,-104
2024-12-07,CHI,WPG,75,5.5,-115,-105
2024-12-07,NYI,CAR,15,6.0,102,-122
2024-12-07,NYI,CAR,30,5.5,-141,-100
2024-12-07,NYI,CAR,68,6.0,102,-122
2024-12-07,NYI,CAR,69,5.5,-134,110
2024-12-07,NYI,CAR,71,6.0,-103,-125
2024-12-07,NYI,CAR,75,6.0,-105,-115
2024-12-07,FLA,SJ,15,6.5,-102,-118
2024-12-07,FLA,SJ,30,6.5,105,-147
2024-12-07,FLA,SJ,68,6.5,-102,-118
2024-12-07,FLA,SJ,69,6.5,-104,-118
2024-12-07,FLA,SJ,71,6.5,100,-121
2024-12-07,FLA,SJ,75,6.5,-105,-115
2024-12-07,DET,COL,15,6.5,-125,105
2024-12-07,DET,COL,30,6.5,-105,-116
2024-12-07,DET,COL,68,6.5,-125,105
2024-12-07,DET,COL,69,6.5,-130,106
2024-12-07,DET,COL,71,6.5,-118,-104
2024-12-07,DET,COL,75,6.5,-125,105
2024-12-07,MTL,WSH,15,6.0,-110,-112
2024-12-07,MTL,WSH,30,5.5,-147,105
2024-12-07,MTL,WSH,68,6.0,-108,-112
2024-12-07,MTL,WSH,69,6.5,112,-140
2024-12-07,MTL,WSH,71,6.0,-106,-115
2024-12-07,MTL,WSH,75,6.0,-110,-110
2024-12-07,PIT,TOR,15,6.0,-120,-102
2024-12-07,PIT,TOR,30,6.5,-105,-125
2024-12-07,PIT,TOR,68,6.0,-118,-102
2024-12-07,PIT,TOR,69,6.5,104,-128
2024-12-07,PIT,TOR,71,6.5,100,-122
2024-12-07,PIT,TOR,75,6.0,-115,-105
2024-12-07,OTT,NSH,15,5.5,-124,102
2024-12-07,OTT,NSH,30,5.5,-138,112
2024-12-07,OTT,NSH,68,5.5,-125,105
2024-12-07,OTT,NSH,69,5.5,-124,102
2024-12-07,OTT,NSH,71,5.5,-124,102
2024-12-07,OTT,NSH,75,6.0,100,-120
2024-12-07,LA,MIN,15,5.5,-108,-112
2024-12-07,LA,MIN,30,5.5,-116,-105
2024-12-07,LA,MIN,68,5.5,-108,-112
2024-12-07,LA,MIN,69,5.5,-106,-114
2024-12-07,LA,MIN,71,5.5,-103,-120
2024-12-07,LA,MIN,75,5.5,-105,-115
2024-12-07,EDM,STL,15,6.0,-125,105
2024-12-07,EDM,STL,30,6.5,105,-147
2024-12-07,EDM,STL,68,6.0,-125,105
2024-12-07,EDM,STL,69,6.5,-100,-122
2024-12-07,EDM,STL,71,6.0,-121,100
2024-12-07,EDM,STL,75,6.5,100,-120
2024-12-08,NYR,SEA,15,6.0,-115,-110
2024-12-08,NYR,SEA,30,5.5,-147,105
2024-12-08,NYR,SEA,68,6.0,-110,-110
2024-12-08,NYR,SEA,69,6.5,102,-124
2024-12-08,NYR,SEA,71,6.0,-105,-117
2024-12-08,NYR,SEA,75,6.0,-110,-110
2024-12-08,VAN,TB,15,6.0,-112,-108
2024-12-08,VAN,TB,30,6.5,-100,-141
2024-12-08,VAN,TB,68,6.0,-112,-108
2024-12-08,VAN,TB,69,6.5,104,-128
2024-12-08,VAN,TB,71,6.0,-118,-104
2024-12-08,VAN,TB,75,6.0,-115,-105
2024-12-08,OTT,NYI,15,6.0,-102,-118
2024-12-08,OTT,NYI,30,5.5,-147,105
2024-12-08,OTT,NYI,68,6.0,-102,-118
2024-12-08,OTT,NYI,69,5.5,-134,110
2024-12-08,OTT,NYI,71,6.0,-107,-114
2024-12-08,OTT,NYI,75,6.0,-105,-115
2024-12-08,WPG,CBJ,15,6.5,-105,-112
2024-12-08,WPG,CBJ,30,6.5,105,-147
2024-12-08,WPG,CBJ,68,6.5,-108,-112
2024-12-08,WPG,CBJ,69,6.5,-104,-118
2024-12-08,WPG,CBJ,71,6.5,-105,-115
2024-12-08,WPG,CBJ,75,6.5,-105,-115
2024-12-08,NJ,COL,15,6.5,-130,110
2024-12-08,NJ,COL,30,6.5,-116,-105
2024-12-08,NJ,COL,68,6.5,-130,110
2024-12-08,NJ,COL,69,6.5,-128,104
2024-12-08,NJ,COL,71,6.5,-130,107
2024-12-08,NJ,COL,75,6.5,-130,110
2024-12-08,PHI,UTA,15,6.0,-102,-120
2024-12-08,PHI,UTA,30,5.5,-147,105
2024-12-08,PHI,UTA,68,6.0,-102,-118
2024-12-08,PHI,UTA,69,6.5,112,-138
2024-12-08,PHI,UTA,71,6.0,-117,-105
2024-12-08,PHI,UTA,75,6.0,-110,-110
2024-12-08,DAL,CGY,15,6.0,-115,-105
2024-12-08,DAL,CGY,30,5.5,-141,-100
2024-12-08,DAL,CGY,68,6.0,-115,-105
2024-12-08,DAL,CGY,69,5.5,-140,114
2024-12-08,DAL,CGY,71,6.0,-114,-107
2024-12-08,DAL,CGY,75,6.0,-120,100
2024-12-09,NYR,CHI,15,6.0,-115,-105
2024-12-09,NYR,CHI,30,5.5,-141,-100
2024-12-09,NYR,CHI,68,6.0,-115,-105
2024-12-09,NYR,CHI,69,6.5,116,-142
2024-12-09,NYR,CHI,71,6.0,-115,-109
2024-12-09,NYR,CHI,75,6.0,-115,-105
2024-12-09,BUF,DET,15,6.0,-120,100
2024-12-09,BUF,DET,30,6.5,114,-140
2024-12-09,BUF,DET,68,6.0,-120,100
2024-12-09,BUF,DET,69,6.5,-100,-122
2024-12-09,BUF,DET,71,6.0,-118,-104
2024-12-09,BUF,DET,75,6.0,-120,100
2024-12-09,MTL,ANA,15,6.0,-118,-102
2024-12-09,MTL,ANA,30,6.5,105,-147
2024-12-09,MTL,ANA,68,6.0,-118,-102
2024-12-09,MTL,ANA,69,6.5,106,-130
2024-12-09,MTL,ANA,71,6.0,-120,-103
2024-12-09,MTL,ANA,75,6.0,-120,100
2024-12-10,PIT,COL,15,6.5,-125,105
2024-12-10,PIT,COL,30,6.5,-124,102
2024-12-10,PIT,COL,68,6.5,-125,105
2024-12-10,PIT,COL,69,6.5,-128,104
2024-12-10,PIT,COL,71,6.5,-122,102
2024-12-10,PIT,COL,75,6.5,-125,105
2024-12-10,NJ,TOR,15,6.0,-122,102
2024-12-10,NJ,TOR,30,6.5,-114,-106
2024-12-10,NJ,TOR,68,6.0,-122,102
2024-12-10,NJ,TOR,69,6.5,102,-124
2024-12-10,NJ,TOR,71,6.0,-115,-105
2024-12-10,NJ,TOR,75,6.0,-120,100
2024-12-10,CBJ,PHI,15,6.5,-118,-105
2024-12-10,CBJ,PHI,30,6.5,-100,-122
2024-12-10,CBJ,PHI,68,6.5,-118,-102
2024-12-10,CBJ,PHI,69,6.5,-106,-114
2024-12-10,CBJ,PHI,71,6.5,-110,-110
2024-12-10,CBJ,PHI,75,6.5,-115,-105
2024-12-10,CAR,SJ,15,6.5,-108,-112
2024-12-10,CAR,SJ,30,5.5,-142,116
2024-12-10,CAR,SJ,68,6.5,-108,-112
2024-12-10,CAR,SJ,69,6.5,-108,-112
2024-12-10,CAR,SJ,71,6.5,-105,-122
2024-12-10,CAR,SJ,75,6.5,-105,-115
2024-12-10,NYI,LA,15,5.5,114,-135
2024-12-10,NYI,LA,30,5.5,-128,104
2024-12-10,NYI,LA,68,5.5,114,-135
2024-12-10,NYI,LA,69,5.5,118,-144
2024-12-10,NYI,LA,71,5.5,112,-136
2024-12-10,NYI,LA,75,5.5,115,-140
2024-12-10,NSH,CGY,15,5.5,-125,105
2024-12-10,NSH,CGY,30,5.5,-140,114
2024-12-10,NSH,CGY,68,5.5,-125,105
2024-12-10,NSH,CGY,69,5.5,-118,-104
2024-12-10,NSH,CGY,71,5.5,-120,-103
2024-12-10,NSH,CGY,75,6.0,100,-120
2024-12-10,WPG,BOS,15,5.5,105,-125
2024-12-10,WPG,BOS,30,5.5,-122,-100
2024-12-10,WPG,BOS,68,5.5,102,-122
2024-12-10,WPG,BOS,69,5.5,106,-130
2024-12-10,WPG,BOS,71,5.5,105,-127
2024-12-10,WPG,BOS,75,5.5,100,-120
2024-12-10,EDM,TB,15,6.5,-115,-105
2024-12-10,EDM,TB,30,6.5,-108,-112
2024-12-10,EDM,TB,68,6.5,-115,-105
2024-12-10,EDM,TB,69,6.5,-115,-105
2024-12-10,EDM,TB,71,6.5,-130,104
2024-12-10,EDM,TB,75,6.5,-115,-105
2024-12-10,UTA,MIN,15,5.5,-102,-118
2024-12-10,UTA,MIN,30,5.5,-132,108
2024-12-10,UTA,MIN,68,5.5,-102,-118
2024-12-10,UTA,MIN,69,5.5,-100,-122
2024-12-10,UTA,MIN,71,5.5,-117,-108
2024-12-10,UTA,MIN,75,5.5,-105,-115
2024-12-10,VAN,STL,15,5.5,-112,-110
2024-12-10,VAN,STL,30,5.5,-138,112
2024-12-10,VAN,STL,68,5.5,-112,-108
2024-12-10,VAN,STL,69,5.5,-110,-110
2024-12-10,VAN,STL,71,5.5,-122,-104
2024-12-10,VAN,STL,75,5.5,-110,-110
2024-12-10,SEA,FLA,15,6.0,100,-118
2024-12-10,SEA,FLA,30,6.5,-100,-141
2024-12-10,SEA,FLA,68,6.0,-102,-118
2024-12-10,SEA,FLA,69,5.5,-122,-100
2024-12-10,SEA,FLA,71,6.0,-108,-113
2024-12-10,SEA,FLA,75,6.0,100,-120
2024-12-11,BUF,NYR,15,6.0,-120,100
2024-12-11,BUF,NYR,30,6.5,-100,-135
2024-12-11,BUF,NYR,68,6.0,-120,100
2024-12-11,BUF,NYR,69,6.5,110,-134
2024-12-11,BUF,NYR,71,6.0,-112,-109
2024-12-11,BUF,NYR,75,6.0,-110,-110
2024-12-11,OTT,ANA,15,6.0,-112,-108
2024-12-11,OTT,ANA,30,5.5,-147,105
2024-12-11,OTT,ANA,68,6.0,-112,-108
2024-12-11,OTT,ANA,69,5.5,-140,114
2024-12-11,OTT,ANA,71,6.0,-108,-113
2024-12-11,OTT,ANA,75,6.0,-115,-105
2024-12-12,NJ,LA,15,5.5,-120,100
2024-12-12,NJ,LA,30,6.5,114,-140
2024-12-12,NJ,LA,68,5.5,-120,100
2024-12-12,NJ,LA,69,5.5,-124,102
2024-12-12,NJ,LA,71,5.5,-121,-105
2024-12-12,NJ,LA,75,5.5,-120,100
2024-12-12,TOR,ANA,15,6.0,-112,-108
2024-12-12,TOR,ANA,30,6.5,116,-144
2024-12-12,TOR,ANA,68,6.0,-112,-108
2024-12-12,TOR,ANA,69,5.5,-144,118
2024-12-12,TOR,ANA,71,6.0,-107,-114
2024-12-12,TOR,ANA,75,6.0,-110,-110
2024-12-12,PHI,DET,15,6.0,-115,-105
2024-12-12,PHI,DET,30,6.5,-100,-122
2024-12-12,PHI,DET,68,6.0,-115,-105
2024-12-12,PHI,DET,69,6.5,106,-130
2024-12-12,PHI,DET,71,6.0,-110,-109
2024-12-12,PHI,DET,75,6.0,-115,-105
2024-12-12,CBJ,WSH,15,6.5,-108,-110
2024-12-12,CBJ,WSH,30,6.5,110,-134
2024-12-12,CBJ,WSH,68,6.5,-108,-112
2024-12-12,CBJ,WSH,69,6.5,-115,-105
2024-12-12,CBJ,WSH,71,6.5,-129,106
2024-12-12,CBJ,WSH,75,6.5,100,-120
2024-12-12,MTL,PIT,15,6.5,-115,-115
2024-12-12,MTL,PIT,30,6.5,-100,-122
2024-12-12,MTL,PIT,68,6.5,-115,-115
2024-12-12,MTL,PIT,69,6.5,-105,-115
2024-12-12,MTL,PIT,71,6.5,-117,-105
2024-12-12,MTL,PIT,75,6.5,-110,-110
2024-12-12,NYI,CHI,15,5.5,-108,-112
2024-12-12,NYI,CHI,30,5.5,-122,-100
2024-12-12,NYI,CHI,68,5.5,-108,-112
2024-12-12,NYI,CHI,69,5.5,-106,-114
2024-12-12,NYI,CHI,71,5.5,100,-121
2024-12-12,NYI,CHI,75,5.5,-105,-115
2024-12-12,STL,SJ,15,6.0,105,-125
2024-12-12,STL,SJ,30,5.5,-132,108
2024-12-12,STL,SJ,68,6.0,105,-125
2024-12-12,STL,SJ,69,5.5,-140,114
2024-12-12,STL,SJ,71,5.5,-124,102
2024-12-12,STL,SJ,75,5.5,-120,100
2024-12-12,WPG,VGK,15,5.5,-112,-108
2024-12-12,WPG,VGK,30,5.5,-138,112
2024-12-12,WPG,VGK,68,5.5,-112,-108
2024-12-12,WPG,VGK,69,5.5,-114,-106
2024-12-12,WPG,VGK,71,5.5,-122,102
2024-12-12,WPG,VGK,75,5.5,-110,-110
2024-12-12,DAL,NSH,15,6.0,-122,102
2024-12-12,DAL,NSH,30,6.5,110,-134
2024-12-12,DAL,NSH,68,6.0,-122,102
2024-12-12,DAL,NSH,69,6.5,116,-142
2024-12-12,DAL,NSH,71,6.0,-108,-112
2024-12-12,DAL,NSH,75,6.0,-120,100
2024-12-12,MIN,EDM,15,6.0,-105,-115
2024-12-12,MIN,EDM,30,6.5,116,-142
2024-12-12,MIN,EDM,68,6.0,-105,-115
2024-12-12,MIN,EDM,69,5.5,-130,106
2024-12-12,MIN,EDM,71,6.0,-105,-117
2024-12-12,MIN,EDM,75,6.0,-105,-115
2024-12-12,CGY,TB,15,6.5,-110,-120
2024-12-12,CGY,TB,30,6.5,108,-132
2024-12-12,CGY,TB,68,6.5,-110,-120
2024-12-12,CGY,TB,69,6.5,-100,-122
2024-12-12,CGY,TB,71,6.5,-103,-120
2024-12-12,CGY,TB,75,6.0,-115,-105
2024-12-12,COL,UTA,15,6.5,-115,-105
2024-12-12,COL,UTA,30,6.5,-102,-120
2024-12-12,COL,UTA,68,6.5,-115,-105
2024-12-12,COL,UTA,69,6.5,-122,-100
2024-12-12,COL,UTA,71,6.5,-115,-109
2024-12-12,COL,UTA,75,6.5,-115,-105
2024-12-12,VAN,FLA,15,5.5,-115,-105
2024-12-12,VAN,FLA,30,5.5,-134,110
2024-12-12,VAN,FLA,68,5.5,-115,-105
2024-12-12,VAN,FLA,69,5.5,-124,102
2024-12-12,VAN,FLA,71,5.5,-112,-109
2024-12-12,VAN,FLA,75,5.5,-115,-105
2024-12-12,SEA,BOS,15,5.5,-112,-108
2024-12-12,SEA,BOS,30,5.5,-120,-102
2024-12-12,SEA,BOS,68,5.5,-112,-108
2024-12-12,SEA,BOS,69,5.5,-110,-110
2024-12-12,SEA,BOS,71,5.5,-108,-113
2024-12-12,SEA,BOS,75,5.5,-115,-105
2024-12-13,CAR,OTT,15,6.0,-112,-108
2024-12-13,CAR,OTT,30,6.5,-105,-125
2024-12-13,CAR,OTT,68,6.0,-112,-108
2024-12-13,CAR,OTT,69,6.5,108,-132
2024-12-13,CAR,OTT,71,6.0,-112,-109
2024-12-13,CAR,OTT,75,6.0,-110,-110
2024-12-14,NYR,LA,15,5.5,-110,-110
2024-12-14,NYR,LA,30,5.5,-125,105
2024-12-14,NYR,LA,68,5.5,-110,-110
2024-12-14,NYR,LA,69,5.5,-110,-110
2024-12-14,NYR,LA,75,5.5,-110,-110
2024-12-14,NJ,CHI,15,6.0,-105,-115
2024-12-14,NJ,CHI,30,6.0,-120,-100
2024-12-14,NJ,CHI,68,6.0,-105,-115
2024-12-14,NJ,CHI,69,6.5,118,-144
2024-12-14,NJ,CHI,75,6.0,-110,-110
2024-12-14,MIN,PHI,15,5.5,-122,102
2024-12-14,MIN,PHI,30,6.0,-120,-100
2024-12-14,MIN,PHI,68,5.5,-122,102
2024-12-14,MIN,PHI,69,5.5,-128,104
2024-12-14,MIN,PHI,75,5.5,-120,100
2024-12-14,EDM,VGK,15,6.0,-122,102
2024-12-14,EDM,VGK,30,6.0,-120,-100
2024-12-14,EDM,VGK,68,6.0,-122,102
2024-12-14,EDM,VGK,69,6.5,-100,-122
2024-12-14,EDM,VGK,75,6.0,-120,100
2024-12-14,WPG,MTL,15,6.0,100,-120
2024-12-14,WPG,MTL,30,6.0,-105,-115
2024-12-14,WPG,MTL,68,6.0,100,-120
2024-12-14,WPG,MTL,69,5.5,-122,-100
2024-12-14,WPG,MTL,75,6.0,100,-120
2024-12-14,DET,TOR,15,6.0,-102,-118
2024-12-14,DET,TOR,30,6.0,-120,-100
2024-12-14,DET,TOR,68,6.0,-102,-118
2024-12-14,DET,TOR,69,5.5,-122,-100
2024-12-14,DET,TOR,75,6.0,-105,-115
2024-12-14,CBJ,ANA,15,6.0,-118,-105
2024-12-14,CBJ,ANA,30,6.5,-100,-120
2024-12-14,CBJ,ANA,68,6.0,-118,-102
2024-12-14,CBJ,ANA,69,6.5,106,-130
2024-12-14,CBJ,ANA,75,6.0,-120,100
2024-12-14,OTT,PIT,15,6.5,100,-120
2024-12-14,OTT,PIT,30,6.5,-110,-110
2024-12-14,OTT,PIT,68,6.5,100,-120
2024-12-14,OTT,PIT,69,6.5,-104,-115
2024-12-14,OTT,PIT,75,6.5,100,-120
2024-12-14,WSH,BUF,15,6.0,-115,-110
2024-12-14,WSH,BUF,30,6.5,-100,-120
2024-12-14,WSH,BUF,68,6.0,-115,-105
2024-12-14,WSH,BUF,69,6.5,112,-140
2024-12-14,WSH,BUF,75,6.0,-110,-110
2024-12-14,DAL,STL,15,6.0,100,-115
2024-12-14,DAL,STL,30,6.0,-115,-105
2024-12-14,DAL,STL,68,6.0,100,-120
2024-12-14,DAL,STL,69,5.5,-130,106
2024-12-14,DAL,STL,75,5.5,-120,100
2024-12-14,COL,NSH,15,6.0,-110,-110
2024-12-14,COL,NSH,30,6.0,-120,-100
2024-12-14,COL,NSH,68,6.0,-110,-110
2024-12-14,COL,NSH,69,6.5,106,-130
2024-12-14,COL,NSH,75,6.0,-120,100
2024-12-14,VAN,BOS,15,5.5,-108,-112
2024-12-14,VAN,BOS,30,6.0,-100,-120
2024-12-14,VAN,BOS,68,5.5,-108,-112
2024-12-14,VAN,BOS,69,5.5,-108,-112
2024-12-14,VAN,BOS,75,5.5,-105,-115
2024-12-14,CGY,FLA,15,5.5,-115,-105
2024-12-14,CGY,FLA,30,6.0,-100,-120
2024-12-14,CGY,FLA,68,5.5,-115,-105
2024-12-14,CGY,FLA,69,5.5,-110,-110
2024-12-14,CGY,FLA,75,5.5,-120,100
2024-12-14,SEA,TB,15,6.0,-115,-105
2024-12-14,SEA,TB,30,6.0,-110,-110
2024-12-14,SEA,TB,68,6.0,-115,-105
2024-12-14,SEA,TB,69,6.5,-105,-115
2024-12-14,SEA,TB,75,6.0,-115,-105
2024-12-14,SJ,UTA,15,6.0,-110,-110
2024-12-14,SJ,UTA,30,6.5,105,-125
2024-12-14,SJ,UTA,68,6.0,-110,-110
2024-12-14,SJ,UTA,69,6.5,110,-144
2024-12-14,SJ,UTA,75,6.0,-115,-105
2024-12-15,CHI,NYI,15,5.5,102,-122
2024-12-15,CHI,NYI,30,5.5,-135,-100
2024-12-15,CHI,NYI,68,5.5,102,-122
2024-12-15,CHI,NYI,69,5.5,106,-130
2024-12-15,CHI,NYI,75,5.5,-110,-110
2024-12-15,TOR,BUF,15,6.0,-120,-102
2024-12-15,TOR,BUF,30,6.5,105,-147
2024-12-15,TOR,BUF,68,6.0,-118,-102
2024-12-15,TOR,BUF,69,6.5,104,-128
2024-12-15,TOR,BUF,75,6.0,-120,100
2024-12-15,CAR,CBJ,15,6.5,-105,-115
2024-12-15,CAR,CBJ,30,6.5,-105,-125
2024-12-15,CAR,CBJ,68,6.5,-105,-115
2024-12-15,CAR,CBJ,69,6.5,-112,-110
2024-12-15,CAR,CBJ,75,6.5,100,-120
2024-12-15,STL,NYR,15,6.0,100,-115
2024-12-15,STL,NYR,30,5.5,-147,105
2024-12-15,STL,NYR,68,6.0,-105,-115
2024-12-15,STL,NYR,69,5.5,-132,108
2024-12-15,STL,NYR,75,6.0,100,-120
2024-12-15,MIN,VGK,15,5.5,-122,-104
2024-12-15,MIN,VGK,30,5.5,-141,-100
2024-12-15,MIN,VGK,68,5.5,-122,102
2024-12-15,MIN,VGK,69,5.5,-118,-104
2024-12-15,MIN,VGK,75,5.5,-120,100
2024-12-16,DAL,WSH,15,6.0,100,-120
2024-12-16,DAL,WSH,30,5.5,-147,105
2024-12-16,DAL,WSH,68,6.0,102,-122
2024-12-16,DAL,WSH,69,5.5,-128,102
2024-12-16,DAL,WSH,75,6.0,100,-120
2024-12-16,EDM,FLA,15,6.0,-110,-110
2024-12-16,EDM,FLA,30,6.0,-116,-113
2024-12-16,EDM,FLA,68,6.0,-110,-110
2024-12-16,EDM,FLA,69,5.5,-142,116
2024-12-16,EDM,FLA,75,6.0,-115,-105
2024-12-16,VAN,COL,15,6.0,-108,-112
2024-12-16,VAN,COL,30,5.5,-147,105
2024-12-16,VAN,COL,68,6.0,-108,-112
2024-12-16,VAN,COL,69,6.5,112,-140
2024-12-16,VAN,COL,75,6.0,-105,-115
2024-12-17,MTL,BUF,15,6.0,-112,-108
2024-12-17,MTL,BUF,30,6.5,104,-128
2024-12-17,MTL,BUF,68,6.0,-112,-108
2024-12-17,MTL,BUF,69,5.5,-134,110
2024-12-17,MTL,BUF,71,6.0,-103,-120
2024-12-17,MTL,BUF,75,6.0,-115,-105
2024-12-17,PIT,LA,15,5.5,-122,100
2024-12-17,PIT,LA,30,5.5,-140,112
2024-12-17,PIT,LA,68,5.5,-122,102
2024-12-17,PIT,LA,69,5.5,-122,-100
2024-12-17,PIT,LA,71,5.5,-122,-104
2024-12-17,PIT,LA,75,6.0,100,-120
2024-12-17,TB,CBJ,15,6.5,-102,-118
2024-12-17,TB,CBJ,30,6.5,104,-128
2024-12-17,TB,CBJ,68,6.5,-102,-118
2024-12-17,TB,CBJ,69,6.5,-100,-122
2024-12-17,TB,CBJ,71,6.0,-125,-103
2024-12-17,TB,CBJ,75,6.5,-105,-115
2024-12-17,CAR,NYI,15,6.0,100,-120
2024-12-17,CAR,NYI,30,5.5,-138,112
2024-12-17,CAR,NYI,68,6.0,102,-122
2024-12-17,CAR,NYI,69,5.5,-128,104
2024-12-17,CAR,NYI,71,6.0,100,-121
2024-12-17,CAR,NYI,75,5.5,-120,100
2024-12-17,NSH,NYR,15,6.0,-105,-112
2024-12-17,NSH,NYR,30,5.5,-134,110
2024-12-17,NSH,NYR,68,6.0,-108,-112
2024-12-17,NSH,NYR,69,5.5,-130,106
2024-12-17,NSH,NYR,71,6.0,-104,-118
2024-12-17,NSH,NYR,75,6.0,-115,-105
2024-12-17,STL,NJ,15,5.5,-112,-108
2024-12-17,STL,NJ,30,5.5,-138,112
2024-12-17,STL,NJ,68,5.5,-112,-108
2024-12-17,STL,NJ,69,5.5,-120,-102
2024-12-17,STL,NJ,71,5.5,-114,-107
2024-12-17,STL,NJ,75,5.5,-115,-105
2024-12-17,CHI,WSH,15,5.5,-120,100
2024-12-17,CHI,WSH,30,6.5,116,-142
2024-12-17,CHI,WSH,68,5.5,-120,100
2024-12-17,CHI,WSH,69,5.5,-120,-102
2024-12-17,CHI,WSH,71,6.0,100,-121
2024-12-17,CHI,WSH,75,6.0,100,-120
2024-12-17,CGY,BOS,15,5.5,-105,-115
2024-12-17,CGY,BOS,30,5.5,-124,102
2024-12-17,CGY,BOS,68,5.5,-105,-115
2024-12-17,CGY,BOS,69,5.5,-110,-110
2024-12-17,CGY,BOS,71,5.5,-107,-114
2024-12-17,CGY,BOS,75,5.5,-110,-110
2024-12-17,SEA,OTT,15,5.5,105,-125
2024-12-17,SEA,OTT,30,6.5,114,-140
2024-12-17,SEA,OTT,68,5.5,105,-125
2024-12-17,SEA,OTT,69,5.5,-100,-122
2024-12-17,SEA,OTT,71,5.5,105,-127
2024-12-17,SEA,OTT,75,5.5,105,-125
2024-12-17,SJ,WPG,15,6.0,100,-120
2024-12-17,SJ,WPG,30,5.5,-142,116
2024-12-17,SJ,WPG,68,6.0,100,-120
2024-12-17,SJ,WPG,69,5.5,-128,104
2024-12-17,SJ,WPG,71,5.5,-125,104
2024-12-17,SJ,WPG,75,6.0,100,-120
2024-12-18,DET,PHI,15,6.0,-102,-118
2024-12-18,DET,PHI,30,6.5,105,-147
2024-12-18,DET,PHI,68,6.0,-102,-118
2024-12-18,DET,PHI,69,5.5,-132,108
2024-12-18,DET,PHI,71,6.0,-104,-118
2024-12-18,DET,PHI,75,6.0,-105,-115
2024-12-18,DAL,TOR,15,5.5,-124,102
2024-12-18,DAL,TOR,30,5.5,-141,-100
2024-12-18,DAL,TOR,68,5.5,-122,102
2024-12-18,DAL,TOR,69,5.5,-124,102
2024-12-18,DAL,TOR,71,5.5,-124,102
2024-12-18,DAL,TOR,75,5.5,-120,100
2024-12-18,MIN,FLA,15,5.5,-105,-115
2024-12-18,MIN,FLA,30,5.5,-135,-100
2024-12-18,MIN,FLA,68,5.5,-105,-115
2024-12-18,MIN,FLA,69,5.5,-105,-115
2024-12-18,MIN,FLA,71,5.5,-108,-113
2024-12-18,MIN,FLA,75,5.5,-105,-115
2024-12-18,UTA,VAN,15,5.5,-125,105
2024-12-18,UTA,VAN,30,5.5,-141,-100
2024-12-18,UTA,VAN,68,5.5,-130,110
2024-12-18,UTA,VAN,69,5.5,-124,102
2024-12-18,UTA,VAN,71,5.5,-121,100
2024-12-18,UTA,VAN,75,6.0,100,-120
2024-12-18,ANA,WPG,15,6.0,100,-112
2024-12-18,ANA,WPG,30,5.5,-147,105
2024-12-18,ANA,WPG,68,6.0,-108,-112
2024-12-18,ANA,WPG,69,5.5,-128,104
2024-12-18,ANA,WPG,71,6.0,102,-124
2024-12-18,ANA,WPG,75,6.0,-110,-110
2024-12-19,CBJ,NJ,15,6.5,-108,-112
2024-12-19,CBJ,NJ,30,6.5,-105,-115
2024-12-19,CBJ,NJ,68,6.5,-108,-112
2024-12-19,CBJ,NJ,69,6.5,-105,-115
2024-12-19,CBJ,NJ,71,6.5,-105,-121
2024-12-19,CBJ,NJ,75,6.5,-110,-110
2024-12-19,TB,STL,15,6.0,-105,-115
2024-12-19,TB,STL,30,6.0,-110,-110
2024-12-19,TB,STL,68,6.0,-105,-115
2024-12-19,TB,STL,69,5.5,-128,104
2024-12-19,TB,STL,71,6.0,-108,-113
2024-12-19,TB,STL,75,6.0,-105,-115
2024-12-19,PHI,LA,15,5.5,-110,-125
2024-12-19,PHI,LA,30,5.5,-120,-100
2024-12-19,PHI,LA,68,5.5,105,-125
2024-12-19,PHI,LA,69,5.5,-110,-110
2024-12-19,PHI,LA,71,5.5,-107,-114
2024-12-19,PHI,LA,75,5.5,-110,-110
2024-12-19,NSH,PIT,15,6.0,-122,102
2024-12-19,NSH,PIT,30,5.5,-125,105
2024-12-19,NSH,PIT,68,6.0,-122,102
2024-12-19,NSH,PIT,69,5.5,-130,106
2024-12-19,NSH,PIT,71,6.0,-104,-118
2024-12-19,NSH,PIT,75,6.0,-120,100
2024-12-19,CHI,SEA,15,5.5,-105,-115
2024-12-19,CHI,SEA,30,5.5,-110,-110
2024-12-19,CHI,SEA,68,5.5,-105,-115
2024-12-19,CHI,SEA,69,5.5,-102,-120
2024-12-19,CHI,SEA,71,5.5,-103,-120
2024-12-19,CHI,SEA,75,5.5,-105,-115
2024-12-19,EDM,BOS,15,6.0,-115,-105
2024-12-19,EDM,BOS,30,6.0,-105,-115
2024-12-19,EDM,BOS,68,6.0,-115,-105
2024-12-19,EDM,BOS,69,6.5,108,-132
2024-12-19,EDM,BOS,71,6.0,-113,-108
2024-12-19,EDM,BOS,75,6.0,-110,-110
2024-12-19,CGY,OTT,15,5.5,-110,-115
2024-12-19,CGY,OTT,30,5.5,-125,105
2024-12-19,CGY,OTT,68,5.5,-105,-115
2024-12-19,CGY,OTT,69,5.5,-110,-110
2024-12-19,CGY,OTT,71,5.5,-109,-115
2024-12-19,CGY,OTT,75,5.5,-105,-115
2024-12-19,VGK,VAN,15,6.0,-105,-115
2024-12-19,VGK,VAN,30,6.0,-105,-115
2024-12-19,VGK,VAN,68,6.0,-105,-115
2024-12-19,VGK,VAN,69,5.5,-130,106
2024-12-19,VGK,VAN,71,6.0,102,-124
2024-12-19,VGK,VAN,75,6.0,-105,-115
2024-12-19,SJ,COL,15,6.5,-105,-115
2024-12-19,SJ,COL,30,6.5,105,-125
2024-12-19,SJ,COL,68,6.5,-105,-115
2024-12-19,SJ,COL,69,6.5,-105,-115
2024-12-19,SJ,COL,71,6.5,-104,-118
2024-12-19,SJ,COL,75,6.5,-105,-115
2024-12-20,DET,MTL,15,6.0,-110,-120
2024-12-20,DET,MTL,30,6.5,-105,-116
2024-12-20,DET,MTL,68,6.0,100,-120
2024-12-20,DET,MTL,69,6.5,110,-134
2024-12-20,DET,MTL,71,6.0,-112,-109
2024-12-20,DET,MTL,75,6.0,100,-120
2024-12-20,FLA,STL,15,5.5,-120,-100
2024-12-20,FLA,STL,30,6.5,110,-152
2024-12-20,FLA,STL,68,5.5,-120,100
2024-12-20,FLA,STL,69,5.5,-122,-100
2024-12-20,FLA,STL,71,5.5,-113,-108
2024-12-20,FLA,STL,75,5.5,-120,100
2024-12-20,WSH,CAR,15,6.0,100,-120
2024-12-20,WSH,CAR,30,6.5,105,-147
2024-12-20,WSH,CAR,68,6.0,102,-122
2024-12-20,WSH,CAR,69,5.5,-118,-104
2024-12-20,WSH,CAR,71,6.0,-103,-120
2024-12-20,WSH,CAR,75,6.0,100,-120
2024-12-20,BUF,TOR,15,6.5,-106,-110
2024-12-20,BUF,TOR,30,6.5,-100,-135
2024-12-20,BUF,TOR,68,6.0,-110,-110
2024-12-20,BUF,TOR,69,6.5,-106,-114
2024-12-20,BUF,TOR,71,6.0,-121,100
2024-12-20,BUF,TOR,75,6.0,-110,-110
2024-12-20,DAL,NYR,15,6.0,-118,-102
2024-12-20,DAL,NYR,30,5.5,-141,-100
2024-12-20,DAL,NYR,68,6.0,-118,-102
2024-12-20,DAL,NYR,69,6.5,106,-130
2024-12-20,DAL,NYR,71,6.0,-109,-112
2024-12-20,DAL,NYR,75,6.0,-115,-105
2024-12-20,MIN,UTA,15,6.0,-105,-115
2024-12-20,MIN,UTA,30,5.5,-152,110
2024-12-20,MIN,UTA,68,6.0,-105,-115
2024-12-20,MIN,UTA,69,5.5,-130,106
2024-12-20,MIN,UTA,71,6.0,-103,-120
2024-12-20,MIN,UTA,75,6.0,-105,-115
2024-12-20,ANA,COL,15,6.5,-115,-105
2024-12-20,ANA,COL,30,6.5,-105,-116
2024-12-20,ANA,COL,68,6.5,-115,-105
2024-12-20,ANA,COL,69,6.5,-115,-105
2024-12-20,ANA,COL,71,6.5,-103,-120
2024-12-20,ANA,COL,75,6.5,-115,-105
2024-12-21,NSH,LA,15,5.5,-115,-105
2024-12-21,NSH,LA,30,5.5,-116,-105
2024-12-21,NSH,LA,68,5.5,-115,-105
2024-12-21,NSH,LA,69,5.5,-112,-108
2024-12-21,NSH,LA,71,5.5,-110,-110
2024-12-21,NSH,LA,75,5.5,-110,-110
2024-12-21,EDM,SJ,15,6.5,-135,114
2024-12-21,EDM,SJ,30,6.5,-100,-135
2024-12-21,EDM,SJ,68,6.5,-135,114
2024-12-21,EDM,SJ,69,6.5,-140,114
2024-12-21,EDM,SJ,71,6.5,-120,-103
2024-12-21,EDM,SJ,75,6.5,-130,110
2024-12-21,CGY,CHI,15,5.5,-105,-115
2024-12-21,CGY,CHI,30,5.5,-125,-105
2024-12-21,CGY,CHI,68,5.5,-105,-115
2024-12-21,CGY,CHI,69,5.5,-104,-118
2024-12-21,CGY,CHI,71,5.5,-110,-110
2024-12-21,CGY,CHI,75,5.5,-110,-110
2024-12-21,PHI,CBJ,15,6.5,-108,-112
2024-12-21,PHI,CBJ,30,6.5,-105,-116
2024-12-21,PHI,CBJ,68,6.5,-108,-112
2024-12-21,PHI,CBJ,69,6.5,-105,-115
2024-12-21,PHI,CBJ,71,6.5,102,-124
2024-12-21,PHI,CBJ,75,6.5,-110,-110
2024-12-21,BOS,BUF,15,6.0,-115,-105
2024-12-21,BOS,BUF,30,5.5,-141,-100
2024-12-21,BOS,BUF,68,6.0,-115,-105
2024-12-21,BOS,BUF,69,6.5,108,-132
2024-12-21,BOS,BUF,71,6.0,-120,100
2024-12-21,BOS,BUF,75,6.0,-115,-105
2024-12-21,TOR,NYI,15,5.5,-108,-112
2024-12-21,TOR,NYI,30,5.5,-147,105
2024-12-21,TOR,NYI,68,5.5,-108,-112
2024-12-21,TOR,NYI,69,5.5,-108,-112
2024-12-21,TOR,NYI,71,5.5,-122,-103
2024-12-21,TOR,NYI,75,5.5,-110,-110
2024-12-21,WPG,MIN,15,5.5,115,-105
2024-12-21,WPG,MIN,30,5.5,-135,-100
2024-12-21,WPG,MIN,68,5.5,-120,100
2024-12-21,WPG,MIN,69,5.5,-115,-105
2024-12-21,WPG,MIN,71,5.5,-113,-108
2024-12-21,WPG,MIN,75,5.5,-120,100
2024-12-21,MTL,DET,15,6.5,102,-122
2024-12-21,MTL,DET,30,6.5,105,-147
2024-12-21,MTL,DET,68,6.5,102,-122
2024-12-21,MTL,DET,69,6.5,112,-138
2024-12-21,MTL,DET,71,6.0,-113,-108
2024-12-21,MTL,DET,75,6.5,100,-120
2024-12-21,NJ,PIT,15,6.0,-115,-105
2024-12-21,NJ,PIT,30,6.5,-105,-125
2024-12-21,NJ,PIT,68,6.0,-115,-105
2024-12-21,NJ,PIT,69,6.5,112,-138
2024-12-21,NJ,PIT,71,6.5,102,-125
2024-12-21,NJ,PIT,75,6.0,-115,-105
2024-12-21,VGK,SEA,15,6.0,-122,-105
2024-12-21,VGK,SEA,30,5.5,-141,-100
2024-12-21,VGK,SEA,68,6.0,-122,102
2024-12-21,VGK,SEA,69,6.5,114,-140
2024-12-21,VGK,SEA,71,6.0,-115,-106
2024-12-21,VGK,SEA,75,6.0,-105,-115
2024-12-21,VAN,OTT,15,5.5,-115,-105
2024-12-21,VAN,OTT,30,5.5,-147,105
2024-12-21,VAN,OTT,68,5.5,-115,-105
2024-12-21,VAN,OTT,69,5.5,-120,-102
2024-12-21,VAN,OTT,71,5.5,-113,-110
2024-12-21,VAN,OTT,75,5.5,-115,-105
2024-12-22,NYR,CAR,15,5.5,-115,-105
2024-12-22,NYR,CAR,30,6.0,-112,-116
2024-12-22,NYR,CAR,68,5.5,-115,-105
2024-12-22,NYR,CAR,69,5.5,-120,-102
2024-12-22,NYR,CAR,71,5.5,-118,-104
2024-12-22,NYR,CAR,75,5.5,-115,-105
2024-12-22,WSH,LA,15,5.5,102,-122
2024-12-22,WSH,LA,30,5.5,-128,104
2024-12-22,WSH,LA,68,5.5,102,-122
2024-12-22,WSH,LA,69,5.5,104,-128
2024-12-22,WSH,LA,71,5.5,100,-120
2024-12-22,WSH,LA,75,5.5,-105,-115
2024-12-22,TB,FLA,15,6.5,100,-111
2024-12-22,TB,FLA,30,6.5,104,-128
2024-12-22,TB,FLA,68,6.0,-122,102
2024-12-22,TB,FLA,69,6.5,104,-128
2024-12-22,TB,FLA,71,6.5,100,-121
2024-12-22,TB,FLA,75,6.5,100,-120
2024-12-22,UTA,ANA,15,6.0,-125,105
2024-12-22,UTA,ANA,30,6.5,102,-124
2024-12-22,UTA,ANA,68,6.0,-125,105
2024-12-22,UTA,ANA,69,6.5,106,-130
2024-12-22,UTA,ANA,71,6.0,-122,100
2024-12-22,UTA,ANA,75,6.5,100,-120
2024-12-22,EDM,OTT,15,6.0,-115,-105
2024-12-22,EDM,OTT,30,6.5,104,-128
2024-12-22,EDM,OTT,68,6.0,-115,-105
2024-12-22,EDM,OTT,69,6.5,110,-134
2024-12-22,EDM,OTT,71,6.0,-118,-104
2024-12-22,EDM,OTT,75,6.0,-115,-105
2024-12-22,COL,SEA,15,6.0,-122,102
2024-12-22,COL,SEA,30,5.5,-138,112
2024-12-22,COL,SEA,68,6.0,-122,102
2024-12-22,COL,SEA,69,6.5,106,-130
2024-12-22,COL,SEA,71,6.0,-106,-115
2024-12-22,COL,SEA,75,6.0,-120,100
2024-12-23,NJ,NYR,15,6.0,-108,-112
2024-12-23,NJ,NYR,30,6.5,-105,-125
2024-12-23,NJ,NYR,68,6.0,-108,-112
2024-12-23,NJ,NYR,69,6.5,114,-140
2024-12-23,NJ,NYR,71,6.0,-118,-103
2024-12-23,NJ,NYR,75,6.0,-110,-110
2024-12-23,TOR,WPG,15,6.0,105,-125
2024-12-23,TOR,WPG,30,6.0,-110,-110
2024-12-23,TOR,WPG,68,6.0,105,-125
2024-12-23,TOR,WPG,69,5.5,-144,110
2024-12-23,TOR,WPG,71,6.0,-105,-122
2024-12-23,TOR,WPG,75,5.5,-120,100
2024-12-23,BOS,WSH,15,5.5,-112,-105
2024-12-23,BOS,WSH,30,6.0,-112,-108
2024-12-23,BOS,WSH,68,5.5,-112,-108
2024-12-23,BOS,WSH,69,5.5,-115,-105
2024-12-23,BOS,WSH,71,5.5,-118,-108
2024-12-23,BOS,WSH,75,5.5,-115,-105
2024-12-23,CBJ,MTL,15,6.5,-105,-115
2024-12-23,CBJ,MTL,30,6.5,-112,-108
2024-12-23,CBJ,MTL,68,6.5,-105,-115
2024-12-23,CBJ,MTL,69,6.5,-100,-122
2024-12-23,CBJ,MTL,71,6.5,-105,-121
2024-12-23,CBJ,MTL,75,6.5,-105,-115
2024-12-23,FLA,TB,15,6.5,-108,-105
2024-12-23,FLA,TB,30,6.0,-110,-110
2024-12-23,FLA,TB,68,6.5,-115,-105
2024-12-23,FLA,TB,69,6.5,-108,-112
2024-12-23,FLA,TB,71,6.5,-114,-107
2024-12-23,FLA,TB,75,6.5,100,-120
2024-12-23,DET,STL,15,5.5,-105,-104
2024-12-23,DET,STL,30,5.5,-115,-105
2024-12-23,DET,STL,68,5.5,-105,-115
2024-12-23,DET,STL,69,5.5,-118,-104
2024-12-23,DET,STL,71,5.5,-127,100
2024-12-23,DET,STL,75,5.5,-110,-110
2024-12-23,PIT,PHI,15,6.5,105,-125
2024-12-23,PIT,PHI,30,6.0,-115,-105
2024-12-23,PIT,PHI,68,6.5,105,-125
2024-12-23,PIT,PHI,69,6.5,104,-128
2024-12-23,PIT,PHI,71,6.5,-104,-122
2024-12-23,PIT,PHI,75,6.0,-120,100
2024-12-23,NYI,BUF,15,5.5,-122,102
2024-12-23,NYI,BUF,30,6.0,-115,-105
2024-12-23,NYI,BUF,68,5.5,-122,102
2024-12-23,NYI,BUF,69,5.5,-128,104
2024-12-23,NYI,BUF,71,5.5,-118,-104
2024-12-23,NYI,BUF,75,5.5,-120,100
2024-12-23,NSH,CAR,15,6.0,102,-122
2024-12-23,NSH,CAR,30,6.5,105,-147
2024-12-23,NSH,CAR,68,6.0,102,-122
2024-12-23,NSH,CAR,69,5.5,-128,104
2024-12-23,NSH,CAR,71,6.0,102,-125
2024-12-23,NSH,CAR,75,6.0,-105,-115
2024-12-23,MIN,CHI,15,5.5,-122,-102
2024-12-23,MIN,CHI,30,5.5,-130,110
2024-12-23,MIN,CHI,68,5.5,-122,102
2024-12-23,MIN,CHI,69,5.5,-120,-102
2024-12-23,MIN,CHI,71,5.5,-124,102
2024-12-23,MIN,CHI,75,6.0,100,-120
2024-12-23,VAN,SJ,15,5.5,-120,-102
2024-12-23,VAN,SJ,30,6.5,-100,-141
2024-12-23,VAN,SJ,68,5.5,-118,-102
2024-12-23,VAN,SJ,69,5.5,-122,-100
2024-12-23,VAN,SJ,71,6.0,100,-120
2024-12-23,VAN,SJ,75,5.5,-120,100
2024-12-23,UTA,DAL,15,6.0,-112,-115
2024-12-23,UTA,DAL,30,6.5,105,-147
2024-12-23,UTA,DAL,68,6.0,-112,-108
2024-12-23,UTA,DAL,69,6.5,116,-142
2024-12-23,UTA,DAL,71,6.0,-108,-113
2024-12-23,UTA,DAL,75,6.0,-115,-105
2024-12-23,VGK,ANA,15,6.5,-122,102
2024-12-23,VGK,ANA,30,6.5,-100,-135
2024-12-23,VGK,ANA,68,6.5,-122,102
2024-12-23,VGK,ANA,69,6.5,-122,-100
2024-12-23,VGK,ANA,71,6.5,-107,-114
2024-12-23,VGK,ANA,75,6.5,-120,100
2024-12-27,NJ,CAR,15,5.5,-110,-110
2024-12-27,NJ,CAR,30,6.5,110,-144
2024-12-27,NJ,CAR,68,5.5,-110,-110
2024-12-27,NJ,CAR,69,5.5,-110,-110
2024-12-27,NJ,CAR,71,5.5,-113,-113
2024-12-27,NJ,CAR,75,5.5,-110,-110
2024-12-27,DET,TOR,15,6.0,102,-122
2024-12-27,DET,TOR,30,5.5,-134,110
2024-12-27,DET,TOR,68,6.0,102,-122
2024-12-27,DET,TOR,69,5.5,-122,-100
2024-12-27,DET,TOR,71,6.0,-105,-117
2024-12-27,DET,TOR,75,6.0,100,-120
2024-12-27,CBJ,BOS,15,6.5,-105,-115
2024-12-27,CBJ,BOS,30,6.5,104,-136
2024-12-27,CBJ,BOS,68,6.5,-105,-115
2024-12-27,CBJ,BOS,69,6.5,-105,-115
2024-12-27,CBJ,BOS,71,6.0,-124,102
2024-12-27,CBJ,BOS,75,6.5,-105,-115
2024-12-27,BUF,CHI,15,6.0,-102,-118
2024-12-27,BUF,CHI,30,6.0,-115,-113
2024-12-27,BUF,CHI,68,6.0,-102,-118
2024-12-27,BUF,CHI,69,5.5,-138,112
2024-12-27,BUF,CHI,71,6.0,-108,-113
2024-12-27,BUF,CHI,75,6.0,-110,-110
2024-12-27,DAL,MIN,15,5.5,-106,-115
2024-12-27,DAL,MIN,30,5.5,-143,109
2024-12-27,DAL,MIN,68,5.5,-105,-115
2024-12-27,DAL,MIN,69,5.5,-106,-114
2024-12-27,DAL,MIN,71,5.5,-113,-108
2024-12-27,DAL,MIN,75,5.5,-110,-110
2024-12-27,STL,NSH,15,5.5,-115,-106
2024-12-27,STL,NSH,30,5.5,-131,102
2024-12-27,STL,NSH,68,5.5,-115,-105
2024-12-27,STL,NSH,69,5.5,-114,-106
2024-12-27,STL,NSH,71,5.5,-110,-110
2024-12-27,STL,NSH,75,5.5,-115,-105
2024-12-27,UTA,COL,15,6.5,-108,-112
2024-12-27,UTA,COL,30,6.5,112,-138
2024-12-27,UTA,COL,68,6.5,-108,-112
2024-12-27,UTA,COL,69,6.5,-104,-118
2024-12-27,UTA,COL,71,6.5,-109,-117
2024-12-27,UTA,COL,75,6.5,-110,-110
2024-12-27,SJ,VGK,15,6.5,-110,-110
2024-12-27,SJ,VGK,30,6.5,110,-134
2024-12-27,SJ,VGK,68,6.5,-110,-110
2024-12-27,SJ,VGK,69,6.5,-105,-115
2024-12-27,SJ,VGK,71,6.5,100,-122
2024-12-27,SJ,VGK,75,6.5,-105,-115
2024-12-28,FLA,MTL,15,6.5,-102,-118
2024-12-28,FLA,MTL,30,6.5,-100,-141
2024-12-28,FLA,MTL,68,6.5,-102,-118
2024-12-28,FLA,MTL,69,6.5,-105,-115
2024-12-28,FLA,MTL,71,6.5,100,-121
2024-12-28,FLA,MTL,75,6.5,100,-120
2024-12-28,LA,EDM,15,6.0,102,-122
2024-12-28,LA,EDM,30,6.0,-113,-115
2024-12-28,LA,EDM,68,6.0,102,-122
2024-12-28,LA,EDM,69,5.5,-124,102
2024-12-28,LA,EDM,71,5.5,-120,-103
2024-12-28,LA,EDM,75,5.5,-130,100
2024-12-28,VAN,SEA,15,5.5,-112,-115
2024-12-28,VAN,SEA,30,5.5,-147,105
2024-12-28,VAN,SEA,68,5.5,-105,-115
2024-12-28,VAN,SEA,69,5.5,-112,-108
2024-12-28,VAN,SEA,71,5.5,-109,-112
2024-12-28,VAN,SEA,75,5.5,-115,-105
2024-12-28,ANA,PHI,15,6.0,-122,102
2024-12-28,ANA,PHI,30,6.5,105,-147
2024-12-28,ANA,PHI,68,6.0,-122,102
2024-12-28,ANA,PHI,69,6.5,104,-128
2024-12-28,ANA,PHI,71,6.0,-113,-108
2024-12-28,ANA,PHI,75,6.0,-120,100
2024-12-28,TOR,WSH,15,6.0,-110,-110
2024-12-28,TOR,WSH,30,6.0,-115,-113
2024-12-28,TOR,WSH,68,6.0,-110,-110
2024-12-28,TOR,WSH,69,6.5,110,-134
2024-12-28,TOR,WSH,71,6.0,-109,-114
2024-12-28,TOR,WSH,75,6.0,-110,-110
2024-12-28,BOS,CBJ,15,6.0,-115,-105
2024-12-28,BOS,CBJ,30,6.0,-117,-110
2024-12-28,BOS,CBJ,68,6.0,-115,-105
2024-12-28,BOS,CBJ,69,6.5,-100,-130
2024-12-28,BOS,CBJ,71,6.0,-120,-103
2024-12-28,BOS,CBJ,75,6.0,-115,-105
2024-12-28,WPG,OTT,15,6.0,-110,-110
2024-12-28,WPG,OTT,30,5.5,-132,103
2024-12-28,WPG,OTT,68,6.0,-110,-110
2024-12-28,WPG,OTT,69,5.5,-134,110
2024-12-28,WPG,OTT,71,6.0,-109,-117
2024-12-28,WPG,OTT,75,6.0,-110,-110
2024-12-28,TB,NYR,15,6.0,-125,105
2024-12-28,TB,NYR,30,6.0,-115,-113
2024-12-28,TB,NYR,68,6.0,-125,105
2024-12-28,TB,NYR,69,6.5,104,-128
2024-12-28,TB,NYR,71,6.0,-127,-105
2024-12-28,TB,NYR,75,6.5,100,-120
2024-12-28,CAR,NJ,15,6.0,-110,-110
2024-12-28,CAR,NJ,30,6.5,104,-137
2024-12-28,CAR,NJ,68,6.0,-110,-110
2024-12-28,CAR,NJ,69,6.5,112,-140
2024-12-28,CAR,NJ,71,6.0,-107,-114
2024-12-28,CAR,NJ,75,6.0,-110,-110
2024-12-28,NYI,PIT,15,6.0,-108,-112
2024-12-28,NYI,PIT,30,6.0,-115,-113
2024-12-28,NYI,PIT,68,6.0,-108,-112
2024-12-28,NYI,PIT,69,5.5,-146,112
2024-12-28,NYI,PIT,71,6.0,-114,-107
2024-12-28,NYI,PIT,75,6.0,-105,-115
2024-12-28,SJ,CGY,15,6.5,-110,-110
2024-12-28,SJ,CGY,30,6.5,-101,-124
2024-12-28,SJ,CGY,68,6.5,-110,-110
2024-12-28,SJ,CGY,69,6.5,-102,-120
2024-12-28,SJ,CGY,71,6.5,-105,-117
2024-12-28,SJ,CGY,75,6.5,-110,-110
2024-12-29,STL,BUF,15,5.5,-110,-110
2024-12-29,STL,BUF,30,5.5,-147,105
2024-12-29,STL,BUF,68,5.5,-110,-110
2024-12-29,STL,BUF,69,5.5,-114,-115
2024-12-29,STL,BUF,71,5.5,-121,-105
2024-12-29,STL,BUF,75,5.5,-115,-105
2024-12-29,ANA,EDM,15,6.5,-130,110
2024-12-29,ANA,EDM,30,6.5,110,-130
2024-12-29,ANA,EDM,68,6.5,-130,110
2024-12-29,ANA,EDM,69,6.5,-118,-104
2024-12-29,ANA,EDM,71,6.5,-114,-107
2024-12-29,ANA,EDM,75,6.5,-130,115
2024-12-29,TB,MTL,15,6.5,-118,-102
2024-12-29,TB,MTL,30,6.5,100,-120
2024-12-29,TB,MTL,68,6.5,-118,-102
2024-12-29,TB,MTL,69,6.5,-118,-104
2024-12-29,TB,MTL,71,6.5,-130,104
2024-12-29,TB,MTL,75,6.5,-120,100
2024-12-29,DET,WSH,15,6.0,100,-120
2024-12-29,DET,WSH,30,6.0,-105,-115
2024-12-29,DET,WSH,68,6.0,100,-120
2024-12-29,DET,WSH,69,5.5,-122,-100
2024-12-29,DET,WSH,71,5.5,-120,-103
2024-12-29,DET,WSH,75,6.0,-105,-115
2024-12-29,PIT,NYI,15,6.0,-118,-102
2024-12-29,PIT,NYI,30,6.0,-120,-100
2024-12-29,PIT,NYI,68,6.0,-118,-102
2024-12-29,PIT,NYI,69,6.5,112,-138
2024-12-29,PIT,NYI,71,6.5,102,-124
2024-12-29,PIT,NYI,75,6.0,-115,-105
2024-12-29,MIN,OTT,15,6.0,-102,-115
2024-12-29,MIN,OTT,30,5.5,-130,110
2024-12-29,MIN,OTT,68,6.0,-102,-118
2024-12-29,MIN,OTT,69,5.5,-140,112
2024-12-29,MIN,OTT,71,6.0,-104,-117
2024-12-29,MIN,OTT,75,6.0,-105,-115
2024-12-29,VGK,CGY,15,6.5,-108,-110
2024-12-29,VGK,CGY,30,6.0,-115,-105
2024-12-29,VGK,CGY,68,6.5,-108,-112
2024-12-29,VGK,CGY,69,6.5,-110,-110
2024-12-29,VGK,CGY,71,6.5,-105,-117
2024-12-29,VGK,CGY,75,6.5,-110,-110
2024-12-29,CHI,DAL,15,6.0,-108,-112
2024-12-29,CHI,DAL,30,6.0,-110,-110
2024-12-29,CHI,DAL,68,6.0,-108,-112
2024-12-29,CHI,DAL,69,5.5,-138,112
2024-12-29,CHI,DAL,71,6.0,-103,-120
2024-12-29,CHI,DAL,75,6.0,-105,-115
2024-12-29,LA,PHI,15,5.5,-106,-115
2024-12-29,LA,PHI,30,5.5,-125,105
2024-12-29,LA,PHI,68,5.5,-105,-115
2024-12-29,LA,PHI,69,5.5,-106,-114
2024-12-29,LA,PHI,71,5.5,-108,-113
2024-12-29,LA,PHI,75,5.5,-110,-110
2024-12-30,FLA,NYR,15,6.0,100,-120
2024-12-30,FLA,NYR,30,6.5,110,-152
2024-12-30,FLA,NYR,68,6.0,100,-120
2024-12-30,FLA,NYR,69,5.5,-134,110
2024-12-30,FLA,NYR,71,6.0,-107,-114
2024-12-30,FLA,NYR,75,6.0,100,-120
2024-12-30,WPG,NSH,15,6.0,100,-115
2024-12-30,WPG,NSH,30,6.5,-105,-116
2024-12-30,WPG,NSH,68,6.0,100,-120
2024-12-30,WPG,NSH,69,5.5,-118,-104
2024-12-30,WPG,NSH,71,6.0,100,-121
2024-12-30,WPG,NSH,75,6.0,-105,-115
2024-12-30,SEA,UTA,15,6.0,-115,-108
2024-12-30,SEA,UTA,30,5.5,-147,105
2024-12-30,SEA,UTA,68,6.0,-112,-108
2024-12-30,SEA,UTA,69,6.5,104,-128
2024-12-30,SEA,UTA,71,6.0,-115,-106
2024-12-30,SEA,UTA,75,6.0,-105,-115
2024-12-31,WSH,BOS,15,5.5,105,-128
2024-12-31,WSH,BOS,30,6.5,116,-142
2024-12-31,WSH,BOS,68,5.5,110,-130
2024-12-31,WSH,BOS,69,5.5,104,-128
2024-12-31,WSH,BOS,71,5.5,-104,-118
2024-12-31,WSH,BOS,75,5.5,100,-120
2024-12-31,TOR,NYI,15,5.5,-130,110
2024-12-31,TOR,NYI,30,5.5,-138,112
2024-12-31,TOR,NYI,68,5.5,-130,110
2024-12-31,TOR,NYI,69,5.5,-134,110
2024-12-31,TOR,NYI,71,6.0,-107,-114
2024-12-31,TOR,NYI,75,6.0,-105,-115
2024-12-31,VGK,MTL,15,6.5,-114,-108
2024-12-31,VGK,MTL,30,6.5,-105,-116
2024-12-31,VGK,MTL,68,6.5,-112,-108
2024-12-31,VGK,MTL,69,6.5,-114,-106
2024-12-31,VGK,MTL,71,6.5,-106,-120
2024-12-31,VGK,MTL,75,6.5,-115,-105
2024-12-31,CHI,STL,15,5.5,-108,-115
2024-12-31,CHI,STL,30,5.5,-130,106
2024-12-31,CHI,STL,68,5.5,-108,-112
2024-12-31,CHI,STL,69,5.5,-104,-115
2024-12-31,CHI,STL,71,5.5,100,-121
2024-12-31,CHI,STL,75,5.5,-105,-115
2024-12-31,CBJ,CAR,15,6.5,-108,-112
2024-12-31,CBJ,CAR,30,6.5,-100,-141
2024-12-31,CBJ,CAR,68,6.5,-108,-112
2024-12-31,CBJ,CAR,69,6.5,-102,-120
2024-12-31,CBJ,CAR,71,6.5,102,-124
2024-12-31,CBJ,CAR,75,6.5,-105,-115
2024-12-31,DET,PIT,15,5.5,-122,-102
2024-12-31,DET,PIT,30,6.5,105,-137
2024-12-31,DET,PIT,68,5.5,-122,102
2024-12-31,DET,PIT,69,5.5,-120,-102
2024-12-31,DET,PIT,71,5.5,-124,102
2024-12-31,DET,PIT,75,5.5,-120,100
2024-12-31,ANA,NJ,15,6.5,102,-110
2024-12-31,ANA,NJ,30,6.5,105,-147
2024-12-31,ANA,NJ,68,6.5,102,-122
2024-12-31,ANA,NJ,69,6.5,-110,-110
2024-12-31,ANA,NJ,71,6.5,-105,-117
2024-12-31,ANA,NJ,75,6.5,100,-120
2024-12-31,COL,WPG,15,6.5,-122,105
2024-12-31,COL,WPG,30,5.5,-147,105
2024-12-31,COL,WPG,68,6.5,-122,102
2024-12-31,COL,WPG,69,6.5,-115,-105
2024-12-31,COL,WPG,71,6.5,-117,-105
2024-12-31,COL,WPG,75,6.5,-115,-105
2024-12-31,MIN,NSH,15,5.5,-125,105
2024-12-31,MIN,NSH,30,5.5,-131,102
2024-12-31,MIN,NSH,68,5.5,-125,105
2024-12-31,MIN,NSH,69,5.5,-128,104
2024-12-31,MIN,NSH,71,5.5,-124,102
2024-12-31,MIN,NSH,75,6.0,100,-120
2024-12-31,DAL,BUF,15,6.5,102,-122
2024-12-31,DAL,BUF,30,6.5,105,-147
2024-12-31,DAL,BUF,68,6.5,102,-122
2024-12-31,DAL,BUF,69,6.5,102,-124
2024-12-31,DAL,BUF,71,6.0,-112,-109
2024-12-31,DAL,BUF,75,6.0,-120,100
2024-12-31,SJ,PHI,15,6.5,100,-120
2024-12-31,SJ,PHI,30,6.5,114,-140
2024-12-31,SJ,PHI,68,6.5,100,-120
2024-12-31,SJ,PHI,69,6.5,-102,-120
2024-12-31,SJ,PHI,71,6.0,-121,100
2024-12-31,SJ,PHI,75,6.5,100,-120
2024-12-31,CGY,VAN,15,5.5,-118,-102
2024-12-31,CGY,VAN,30,5.5,-141,-100
2024-12-31,CGY,VAN,68,5.5,-118,-102
2024-12-31,CGY,VAN,69,5.5,-112,-108
2024-12-31,CGY,VAN,71,5.5,-115,-106
2024-12-31,CGY,VAN,75,6.0,100,-120
2024-12-31,EDM,UTA,15,6.5,-120,100
2024-12-31,EDM,UTA,30,6.5,-100,-141
2024-12-31,EDM,UTA,68,6.5,-120,100
2024-12-31,EDM,UTA,69,6.5,-132,108
2024-12-31,EDM,UTA,71,6.5,-125,104
2024-12-31,EDM,UTA,75,6.5,-125,105
2025-01-01,LA,NJ,15,5.5,-110,-105
2025-01-01,LA,NJ,30,5.5,-130,110
2025-01-01,LA,NJ,68,5.5,-110,-110
2025-01-01,LA,NJ,69,5.5,-115,-105
2025-01-01,LA,NJ,71,6.0,-106,-120
2025-01-01,LA,NJ,75,5.5,-120,100
2025-01-02,CBJ,DET,15,6.5,105,-125
2025-01-02,CBJ,DET,30,6.5,114,-135
2025-01-02,CBJ,DET,68,6.5,105,-125
2025-01-02,CBJ,DET,69,6.5,-100,-122
2025-01-02,CBJ,DET,71,6.0,-122,102
2025-01-02,CBJ,DET,75,6.5,100,-120
2025-01-02,NYR,BOS,15,5.5,-122,102
2025-01-02,NYR,BOS,30,5.5,-125,105
2025-01-02,NYR,BOS,68,5.5,-122,102
2025-01-02,NYR,BOS,69,5.5,-122,-100
2025-01-02,NYR,BOS,71,6.0,102,-124
2025-01-02,NYR,BOS,75,6.0,100,-120
2025-01-02,WSH,MIN,15,5.5,-128,105
2025-01-02,WSH,MIN,30,5.5,-125,105
2025-01-02,WSH,MIN,68,5.5,-125,105
2025-01-02,WSH,MIN,69,5.5,-128,104
2025-01-02,WSH,MIN,71,5.5,-122,100
2025-01-02,WSH,MIN,75,6.0,100,-120
2025-01-02,FLA,CAR,15,5.5,-112,-105
2025-01-02,FLA,CAR,30,6.5,105,-125
2025-01-02,FLA,CAR,68,5.5,-112,-108
2025-01-02,FLA,CAR,69,5.5,-115,-105
2025-01-02,FLA,CAR,71,5.5,-118,-104
2025-01-02,FLA,CAR,75,5.5,-115,-105
2025-01-02,NYI,TOR,15,5.5,-120,-100
2025-01-02,NYI,TOR,30,5.5,-125,105
2025-01-02,NYI,TOR,68,5.5,-120,100
2025-01-02,NYI,TOR,69,5.5,-122,-100
2025-01-02,NYI,TOR,71,6.0,-106,-120
2025-01-02,NYI,TOR,75,6.0,100,-120
2025-01-02,WPG,ANA,15,6.5,100,-120
2025-01-02,WPG,ANA,30,5.5,-130,110
2025-01-02,WPG,ANA,68,6.5,100,-120
2025-01-02,WPG,ANA,69,6.5,-102,-120
2025-01-02,WPG,ANA,71,6.0,-124,102
2025-01-02,WPG,ANA,75,6.5,100,-120
2025-01-02,DAL,OTT,15,6.5,-105,-130
2025-01-02,DAL,OTT,30,6.5,110,-130
2025-01-02,DAL,OTT,68,6.5,110,-130
2025-01-02,DAL,OTT,69,5.5,-138,112
2025-01-02,DAL,OTT,71,6.0,-109,-112
2025-01-02,DAL,OTT,75,6.0,-110,-110
2025-01-02,COL,BUF,15,6.5,-125,105
2025-01-02,COL,BUF,30,6.5,-120,-100
2025-01-02,COL,BUF,68,6.5,-125,105
2025-01-02,COL,BUF,69,6.5,-112,-108
2025-01-02,COL,BUF,71,6.5,-121,100
2025-01-02,COL,BUF,75,6.5,-125,105
2025-01-02,CGY,UTA,15,6.5,-108,-114
2025-01-02,CGY,UTA,30,5.5,-130,110
2025-01-02,CGY,UTA,68,6.5,-108,-112
2025-01-02,CGY,UTA,69,6.5,-106,-114
2025-01-02,CGY,UTA,71,6.0,-122,100
2025-01-02,CGY,UTA,75,6.5,-110,-110
2025-01-02,SEA,VAN,15,5.5,-105,-115
2025-01-02,SEA,VAN,30,5.5,-110,-110
2025-01-02,SEA,VAN,68,5.5,-105,-115
2025-01-02,SEA,VAN,69,5.5,-102,-120
2025-01-02,SEA,VAN,71,5.5,-115,-106
2025-01-02,SEA,VAN,75,5.5,-110,-110
2025-01-02,VGK,PHI,15,6.5,-108,-114
2025-01-02,VGK,PHI,30,6.5,105,-125
2025-01-02,VGK,PHI,68,6.5,-108,-112
2025-01-02,VGK,PHI,69,6.5,-106,-114
2025-01-02,VGK,PHI,71,6.5,-110,-110
2025-01-02,VGK,PHI,75,6.5,-105,-115
2025-01-02,SJ,TB,15,6.5,105,-125
2025-01-02,SJ,TB,30,6.5,-105,-115
2025-01-02,SJ,TB,68,6.5,105,-125
2025-01-02,SJ,TB,69,6.5,102,-124
2025-01-02,SJ,TB,71,6.5,-106,-115
2025-01-02,SJ,TB,75,6.5,100,-120
2025-01-03,FLA,PIT,15,6.5,114,-135
2025-01-03,FLA,PIT,30,6.5,114,-140
2025-01-03,FLA,PIT,68,6.5,114,-135
2025-01-03,FLA,PIT,69,6.5,114,-140
2025-01-03,FLA,PIT,71,6.0,-108,-113
2025-01-03,FLA,PIT,75,6.0,-105,-115
2025-01-03,STL,OTT,15,5.5,-102,-120
2025-01-03,STL,OTT,30,5.5,-134,110
2025-01-03,STL,OTT,68,5.5,102,-122
2025-01-03,STL,OTT,69,5.5,-102,-120
2025-01-03,STL,OTT,71,5.5,-103,-120
2025-01-03,STL,OTT,75,5.5,-110,-110
2025-01-03,CHI,MTL,15,6.0,-110,-110
2025-01-03,CHI,MTL,30,6.5,114,-140
2025-01-03,CHI,MTL,68,5.5,-130,110
2025-01-03,CHI,MTL,69,6.5,110,-134
2025-01-03,CHI,MTL,71,6.0,-112,-109
2025-01-03,CHI,MTL,75,6.0,-115,-105
2025-01-03,EDM,ANA,15,6.5,-130,108
2025-01-03,EDM,ANA,30,6.5,-130,106
2025-01-03,EDM,ANA,68,6.5,-130,110
2025-01-03,EDM,ANA,69,6.5,-132,108
2025-01-03,EDM,ANA,71,6.5,-127,105
2025-01-03,EDM,ANA,75,6.5,-135,110
2025-01-03,VAN,NSH,15,5.5,-125,105
2025-01-03,VAN,NSH,30,5.5,-132,108
2025-01-03,VAN,NSH,68,5.5,-125,105
2025-01-03,VAN,NSH,69,5.5,-122,-100
2025-01-03,VAN,NSH,71,5.5,-121,100
2025-01-03,VAN,NSH,75,6.0,100,-120
2025-01-04,WSH,NYR,15,6.5,110,-130
2025-01-04,WSH,NYR,30,6.5,106,-130
2025-01-04,WSH,NYR,68,6.5,110,-130
2025-01-04,WSH,NYR,69,6.5,106,-130
2025-01-04,WSH,NYR,71,6.0,-115,-106
2025-01-04,WSH,NYR,75,6.0,-110,-110
2025-01-04,SJ,NJ,15,6.5,108,-132
2025-01-04,SJ,NJ,30,6.5,108,-132
2025-01-04,SJ,NJ,68,6.5,114,-135
2025-01-04,SJ,NJ,69,6.5,108,-132
2025-01-04,SJ,NJ,71,6.0,-117,-105
2025-01-04,SJ,NJ,75,6.0,-120,100
2025-01-04,WPG,DET,15,5.5,-122,105
2025-01-04,WPG,DET,30,5.5,-152,110
2025-01-04,WPG,DET,68,5.5,-122,102
2025-01-04,WPG,DET,69,5.5,-114,-106
2025-01-04,WPG,DET,71,5.5,-114,-107
2025-01-04,WPG,DET,75,5.5,-120,100
2025-01-04,CBJ,STL,15,5.5,-124,102
2025-01-04,CBJ,STL,30,6.5,-100,-141
2025-01-04,CBJ,STL,68,5.5,-122,102
2025-01-04,CBJ,STL,69,5.5,-124,102
2025-01-04,CBJ,STL,71,6.0,-117,-105
2025-01-04,CBJ,STL,75,6.0,100,-120
2025-01-04,CAR,MIN,15,5.5,-122,-102
2025-01-04,CAR,MIN,30,5.5,-147,105
2025-01-04,CAR,MIN,68,5.5,-122,102
2025-01-04,CAR,MIN,69,5.5,-120,-102
2025-01-04,CAR,MIN,71,5.5,-120,-103
2025-01-04,CAR,MIN,75,6.0,100,-120
2025-01-04,COL,MTL,15,6.5,-115,-105
2025-01-04,COL,MTL,30,6.5,-105,-116
2025-01-04,COL,MTL,68,6.5,-115,-105
2025-01-04,COL,MTL,69,6.5,-110,-110
2025-01-04,COL,MTL,71,6.5,-115,-106
2025-01-04,COL,MTL,75,6.5,-115,-105
2025-01-04,TOR,BOS,15,5.5,-122,100
2025-01-04,TOR,BOS,30,5.5,-141,-100
2025-01-04,TOR,BOS,68,5.5,-120,100
2025-01-04,TOR,BOS,69,5.5,-122,-100
2025-01-04,TOR,BOS,71,5.5,-121,-104
2025-01-04,TOR,BOS,75,5.5,-120,100
2025-01-04,DAL,UTA,15,6.5,-106,-112
2025-01-04,DAL,UTA,30,5.5,-147,105
2025-01-04,DAL,UTA,68,6.5,-108,-112
2025-01-04,DAL,UTA,69,6.5,-106,-114
2025-01-04,DAL,UTA,71,6.5,-104,-118
2025-01-04,DAL,UTA,75,6.5,-105,-115
2025-01-04,LA,TB,15,5.5,-110,-105
2025-01-04,LA,TB,30,5.5,-147,105
2025-01-04,LA,TB,68,5.5,-110,-110
2025-01-04,LA,TB,69,5.5,-115,-105
2025-01-04,LA,TB,71,5.5,-124,102
2025-01-04,LA,TB,75,5.5,-110,-110
2025-01-04,CGY,NSH,15,6.0,-105,-115
2025-01-04,CGY,NSH,30,5.5,-147,105
2025-01-04,CGY,NSH,68,6.5,105,-125
2025-01-04,CGY,NSH,69,5.5,-134,110
2025-01-04,CGY,NSH,71,6.0,-103,-120
2025-01-04,CGY,NSH,75,6.0,-115,-105
2025-01-04,SEA,EDM,15,6.5,-112,-108
2025-01-04,SEA,EDM,30,6.5,-105,-125
2025-01-04,SEA,EDM,68,6.5,-112,-108
2025-01-04,SEA,EDM,69,6.5,-110,-110
2025-01-04,SEA,EDM,71,6.5,-107,-118
2025-01-04,SEA,EDM,75,6.5,-115,-105
2025-01-04,VGK,BUF,15,6.5,-110,-105
2025-01-04,VGK,BUF,30,6.5,-111,-111
2025-01-04,VGK,BUF,68,6.5,-110,-110
2025-01-04,VGK,BUF,69,6.5,-115,-105
2025-01-04,VGK,BUF,71,6.5,-110,-110
2025-01-04,VGK,BUF,75,6.5,-115,-105
2025-01-05,CHI,NYR,15,6.5,-130,110
2025-01-05,CHI,NYR,30,6.5,108,-132
2025-01-05,CHI,NYR,68,6.5,-130,110
2025-01-05,CHI,NYR,69,6.5,-130,106
2025-01-05,CHI,NYR,71,6.5,-120,-103
2025-01-05,CHI,NYR,75,6.5,-135,115
2025-01-05,CAR,PIT,15,6.5,105,-125
2025-01-05,CAR,PIT,30,6.5,110,-134
2025-01-05,CAR,PIT,68,6.5,105,-125
2025-01-05,CAR,PIT,69,6.5,104,-128
2025-01-05,CAR,PIT,71,6.0,-124,102
2025-01-05,CAR,PIT,75,6.0,-120,100
2025-01-05,BOS,NYI,15,5.5,-115,-105
2025-01-05,BOS,NYI,30,5.5,-130,106
2025-01-05,BOS,NYI,68,5.5,-115,-105
2025-01-05,BOS,NYI,69,5.5,-115,-105
2025-01-05,BOS,NYI,71,5.5,-110,-110
2025-01-05,BOS,NYI,75,5.5,-120,100
2025-01-05,TOR,PHI,15,6.5,-108,-110
2025-01-05,TOR,PHI,30,6.5,-104,-118
2025-01-05,TOR,PHI,68,6.5,-108,-112
2025-01-05,TOR,PHI,69,6.5,-110,-110
2025-01-05,TOR,PHI,71,6.5,-106,-115
2025-01-05,TOR,PHI,75,6.5,-105,-115
2025-01-05,ANA,TB,15,6.5,-130,110
2025-01-05,ANA,TB,30,6.5,-132,108
2025-01-05,ANA,TB,68,6.5,-130,110
2025-01-05,ANA,TB,69,6.5,-138,112
2025-01-05,ANA,TB,71,7.0,114,-137
2025-01-05,ANA,TB,75,7.0,115,-130
2025-01-06,BUF,WSH,15,6.5,114,-135
2025-01-06,BUF,WSH,30,6.5,-115,-105
2025-01-06,BUF,WSH,68,6.5,114,-135
2025-01-06,BUF,WSH,69,6.5,114,-140
2025-01-06,BUF,WSH,71,6.0,-122,100
2025-01-06,BUF,WSH,75,6.0,-115,-105
2025-01-06,MTL,VAN,15,5.5,-118,-102
2025-01-06,MTL,VAN,30,5.5,-125,105
2025-01-06,MTL,VAN,68,5.5,-118,-102
2025-01-06,MTL,VAN,69,5.5,-118,-104
2025-01-06,MTL,VAN,71,6.0,102,-122
2025-01-06,MTL,VAN,75,5.5,-115,-105
2025-01-06,COL,FLA,15,6.5,105,-125
2025-01-06,COL,FLA,30,6.5,-100,-120
2025-01-06,COL,FLA,68,6.5,105,-125
2025-01-06,COL,FLA,69,6.5,108,-132
2025-01-06,COL,FLA,71,6.0,-122,100
2025-01-06,COL,FLA,75,6.0,-120,100
2025-01-06,SEA,NJ,15,5.5,-140,114
2025-01-06,SEA,NJ,30,6.5,105,-125
2025-01-06,SEA,NJ,68,5.5,-135,114
2025-01-06,SEA,NJ,69,5.5,-140,114
2025-01-06,SEA,NJ,71,6.0,-108,-113
2025-01-06,SEA,NJ,75,6.0,100,-120
2025-01-07,DET,OTT,15,5.5,-130,106
2025-01-07,DET,OTT,30,6.5,105,-125
2025-01-07,DET,OTT,68,5.5,-125,105
2025-01-07,DET,OTT,69,5.5,-130,106
2025-01-07,DET,OTT,71,5.5,-124,102
2025-01-07,DET,OTT,75,6.0,100,-120
2025-01-07,BOS,EDM,15,5.5,-125,105
2025-01-07,BOS,EDM,30,6.5,105,-125
2025-01-07,BOS,EDM,68,5.5,-125,105
2025-01-07,BOS,EDM,69,5.5,-140,114
2025-01-07,BOS,EDM,71,6.0,-104,-118
2025-01-07,BOS,EDM,75,6.0,-105,-115
2025-01-07,PIT,CBJ,15,6.5,-110,-110
2025-01-07,PIT,CBJ,30,6.5,-120,-100
2025-01-07,PIT,CBJ,68,6.5,-112,-108
2025-01-07,PIT,CBJ,69,6.5,-108,-112
2025-01-07,PIT,CBJ,71,6.5,-124,-103
2025-01-07,PIT,CBJ,75,6.5,-110,-110
2025-01-07,NYR,DAL,15,6.5,-108,-112
2025-01-07,NYR,DAL,30,5.5,-120,-100
2025-01-07,NYR,DAL,68,6.5,-108,-112
2025-01-07,NYR,DAL,69,6.5,-108,-112
2025-01-07,NYR,DAL,71,6.5,-117,-107
2025-01-07,NYR,DAL,75,6.5,-115,-105
2025-01-07,TB,CAR,15,6.5,114,-135
2025-01-07,TB,CAR,30,6.5,105,-125
2025-01-07,TB,CAR,68,6.5,114,-135
2025-01-07,TB,CAR,69,6.5,114,-140
2025-01-07,TB,CAR,71,6.0,-114,-107
2025-01-07,TB,CAR,75,6.0,-110,-110
2025-01-07,PHI,TOR,15,5.5,-125,105
2025-01-07,PHI,TOR,30,6.5,110,-130
2025-01-07,PHI,TOR,68,5.5,-125,105
2025-01-07,PHI,TOR,69,5.5,-124,102
2025-01-07,PHI,TOR,71,6.0,-108,-113
2025-01-07,PHI,TOR,75,6.0,-105,-115
2025-01-07,WPG,NSH,15,5.5,-122,-105
2025-01-07,WPG,NSH,30,5.5,-125,-105
2025-01-07,WPG,NSH,68,5.5,-122,102
2025-01-07,WPG,NSH,69,5.5,-114,-106
2025-01-07,WPG,NSH,71,5.5,-127,100
2025-01-07,WPG,NSH,75,5.5,-110,-110
2025-01-07,MIN,STL,15,5.5,105,-125
2025-01-07,MIN,STL,30,6.5,-105,-115
2025-01-07,MIN,STL,68,5.5,105,-125
2025-01-07,MIN,STL,69,5.5,110,-134
2025-01-07,MIN,STL,71,5.5,102,-124
2025-01-07,MIN,STL,75,5.5,100,-120
2025-01-07,ANA,CGY,15,6.5,105,-125
2025-01-07,ANA,CGY,30,5.5,-147,105
2025-01-07,ANA,CGY,68,6.5,105,-125
2025-01-07,ANA,CGY,69,6.5,106,-130
2025-01-07,ANA,CGY,71,6.5,100,-125
2025-01-07,ANA,CGY,75,6.0,-120,100
2025-01-07,SJ,VGK,15,6.5,-108,-112
2025-01-07,SJ,VGK,30,6.5,-100,-141
2025-01-07,SJ,VGK,68,6.5,-108,-112
2025-01-07,SJ,VGK,69,6.5,-110,-110
2025-01-07,SJ,VGK,71,6.5,-105,-117
2025-01-07,SJ,VGK,75,6.5,-105,-115
2025-01-08,WSH,VAN,15,5.5,-110,-110
2025-01-08,WSH,VAN,30,5.5,-135,114
2025-01-08,WSH,VAN,68,5.5,-110,-110
2025-01-08,WSH,VAN,69,5.5,-104,-118
2025-01-08,WSH,VAN,71,5.5,-106,-115
2025-01-08,WSH,VAN,75,5.5,-110,-110
2025-01-08,CHI,COL,15,6.5,-128,105
2025-01-08,CHI,COL,30,6.5,110,-130
2025-01-08,CHI,COL,68,6.5,-130,110
2025-01-08,CHI,COL,69,6.5,-128,104
2025-01-08,CHI,COL,71,6.5,-117,-109
2025-01-08,CHI,COL,75,6.5,-125,105
2025-01-08,UTA,FLA,15,5.5,-122,102
2025-01-08,UTA,FLA,30,5.5,-135,114
2025-01-08,UTA,FLA,68,5.5,-122,102
2025-01-08,UTA,FLA,69,5.5,-124,102
2025-01-08,UTA,FLA,71,6.0,-104,-118
2025-01-08,UTA,FLA,75,6.0,100,-120
2025-01-09,PHI,DAL,15,6.5,110,-120
2025-01-09,PHI,DAL,30,6.5,-100,-120
2025-01-09,PHI,DAL,68,6.5,110,-130
2025-01-09,PHI,DAL,69,6.5,-102,-120
2025-01-09,PHI,DAL,71,6.0,-122,100
2025-01-09,PHI,DAL,75,6.0,-120,100
2025-01-09,TB,BOS,15,5.5,-125,105
2025-01-09,TB,BOS,30,5.5,-125,105
2025-01-09,TB,BOS,68,5.5,-125,105
2025-01-09,TB,BOS,69,5.5,-130,106
2025-01-09,TB,BOS,71,6.0,102,-125
2025-01-09,TB,BOS,75,6.0,100,-120
2025-01-09,NYR,NJ,15,6.5,105,-125
2025-01-09,NYR,NJ,30,6.5,-110,-110
2025-01-09,NYR,NJ,68,6.5,105,-125
2025-01-09,NYR,NJ,69,6.5,110,-134
2025-01-09,NYR,NJ,71,6.0,-130,-103
2025-01-09,NYR,NJ,75,6.5,-105,-115
2025-01-09,OTT,BUF,15,5.5,-130,110
2025-01-09,OTT,BUF,30,6.5,-100,-120
2025-01-09,OTT,BUF,68,5.5,-130,110
2025-01-09,OTT,BUF,69,5.5,-134,110
2025-01-09,OTT,BUF,71,6.0,-106,-115
2025-01-09,OTT,BUF,75,6.0,-105,-115
2025-01-09,PIT,EDM,15,6.5,-108,-112
2025-01-09,PIT,EDM,30,6.5,-105,-115
2025-01-09,PIT,EDM,68,6.5,-108,-112
2025-01-09,PIT,EDM,69,6.5,-108,-112
2025-01-09,PIT,EDM,71,6.5,-104,-118
2025-01-09,PIT,EDM,75,6.5,-105,-115
2025-01-09,CBJ,SEA,15,6.5,-105,-115
2025-01-09,CBJ,SEA,30,6.5,114,-135
2025-01-09,CBJ,SEA,68,6.5,-105,-115
2025-01-09,CBJ,SEA,69,6.5,-100,-122
2025-01-09,CBJ,SEA,71,6.5,100,-121
2025-01-09,CBJ,SEA,75,6.5,100,-120
2025-01-09,CAR,TOR,15,5.5,-112,-108
2025-01-09,CAR,TOR,30,6.5,-100,-120
2025-01-09,CAR,TOR,68,5.5,-112,-108
2025-01-09,CAR,TOR,69,5.5,-112,-108
2025-01-09,CAR,TOR,71,5.5,-120,-103
2025-01-09,CAR,TOR,75,5.5,-115,-105
2025-01-09,STL,ANA,15,5.5,-130,110
2025-01-09,STL,ANA,30,5.5,-130,110
2025-01-09,STL,ANA,68,5.5,-130,110
2025-01-09,STL,ANA,69,5.5,-124,102
2025-01-09,STL,ANA,71,6.0,102,-124
2025-01-09,STL,ANA,75,6.0,100,-120
2025-01-09,MIN,COL,15,5.5,-130,110
2025-01-09,MIN,COL,30,5.5,-130,110
2025-01-09,MIN,COL,68,5.5,-130,110
2025-01-09,MIN,COL,69,5.5,-128,104
2025-01-09,MIN,COL,71,6.0,-106,-120
2025-01-09,MIN,COL,75,6.0,-105,-115
2025-01-09,VGK,NYI,15,5.5,-125,105
2025-01-09,VGK,NYI,30,5.5,-130,110
2025-01-09,VGK,NYI,68,5.5,-125,105
2025-01-09,VGK,NYI,69,5.5,-140,114
2025-01-09,VGK,NYI,71,6.0,-113,-112
2025-01-09,VGK,NYI,75,6.0,-110,-110
2025-01-10,WSH,MTL,15,6.5,106,-130
2025-01-10,WSH,MTL,30,6.5,105,-147
2025-01-10,WSH,MTL,68,6.5,110,-130
2025-01-10,WSH,MTL,69,6.5,106,-130
2025-01-10,WSH,MTL,71,6.0,-124,-103
2025-01-10,WSH,MTL,75,6.0,-120,100
2025-01-10,DET,CHI,15,5.5,-142,116
2025-01-10,DET,CHI,30,5.5,-147,105
2025-01-10,DET,CHI,68,5.5,-120,100
2025-01-10,DET,CHI,69,5.5,-142,116
2025-01-10,DET,CHI,71,6.0,-103,-120
2025-01-10,DET,CHI,75,6.0,-110,-110
2025-01-10,CAR,VAN,15,5.5,-125,105
2025-01-10,CAR,VAN,30,6.5,-100,-135
2025-01-10,CAR,VAN,68,5.5,-125,105
2025-01-10,CAR,VAN,69,5.5,-134,110
2025-01-10,CAR,VAN,71,6.0,-106,-115
2025-01-10,CAR,VAN,75,6.0,-105,-115
2025-01-10,WPG,LA,15,5.5,-120,102
2025-01-10,WPG,LA,30,5.5,-120,-102
2025-01-10,WPG,LA,68,5.5,-122,102
2025-01-10,WPG,LA,69,5.5,-118,-104
2025-01-10,WPG,LA,71,5.5,-117,-105
2025-01-10,WPG,LA,75,5.5,-120,100
2025-01-10,UTA,SJ,15,5.5,-135,114
2025-01-10,UTA,SJ,30,6.5,104,-128
2025-01-10,UTA,SJ,68,5.5,-135,114
2025-01-10,UTA,SJ,69,6.5,102,-124
2025-01-10,UTA,SJ,71,6.0,-110,-110
2025-01-10,UTA,SJ,75,6.0,-110,-110
2025-01-11,FLA,BOS,15,5.5,-115,-108
2025-01-11,FLA,BOS,30,5.5,-132,108
2025-01-11,FLA,BOS,68,5.5,-112,-108
2025-01-11,FLA,BOS,69,5.5,-118,-104
2025-01-11,FLA,BOS,71,5.5,-113,-108
2025-01-11,FLA,BOS,75,5.5,-115,-105
2025-01-11,PIT,OTT,15,5.5,-122,102
2025-01-11,PIT,OTT,30,6.5,114,-140
2025-01-11,PIT,OTT,68,5.5,-122,102
2025-01-11,PIT,OTT,69,5.5,-124,102
2025-01-11,PIT,OTT,71,6.0,-110,-110
2025-01-11,PIT,OTT,75,5.5,-120,100
2025-01-11,BUF,SEA,15,5.5,-120,-102
2025-01-11,BUF,SEA,30,5.5,-138,112
2025-01-11,BUF,SEA,68,5.5,-120,100
2025-01-11,BUF,SEA,69,5.5,-120,-102
2025-01-11,BUF,SEA,71,6.0,102,-122
2025-01-11,BUF,SEA,75,6.0,100,-120
2025-01-11,TOR,VAN,15,5.5,-120,102
2025-01-11,TOR,VAN,30,5.5,-134,110
2025-01-11,TOR,VAN,68,5.5,-122,102
2025-01-11,TOR,VAN,69,5.5,-120,-102
2025-01-11,TOR,VAN,71,6.0,102,-122
2025-01-11,TOR,VAN,75,5.5,-120,100
2025-01-11,PHI,ANA,15,5.5,-130,110
2025-01-11,PHI,ANA,30,6.5,116,-142
2025-01-11,PHI,ANA,68,5.5,-130,110
2025-01-11,PHI,ANA,69,5.5,-130,106
2025-01-11,PHI,ANA,71,6.0,-104,-118
2025-01-11,PHI,ANA,75,6.0,-105,-115
2025-01-11,CHI,EDM,15,6.5,-125,105
2025-01-11,CHI,EDM,30,6.5,-122,-100
2025-01-11,CHI,EDM,68,6.5,-125,105
2025-01-11,CHI,EDM,69,6.5,-128,104
2025-01-11,CHI,EDM,71,6.5,-117,-105
2025-01-11,CHI,EDM,75,6.5,-130,110
2025-01-11,NJ,TB,15,6.0,-115,-105
2025-01-11,NJ,TB,30,6.5,114,-140
2025-01-11,NJ,TB,68,6.5,110,-130
2025-01-11,NJ,TB,69,5.5,-140,114
2025-01-11,NJ,TB,71,6.0,-124,-103
2025-01-11,NJ,TB,75,6.0,-115,-105
2025-01-11,STL,CBJ,15,6.5,105,-125
2025-01-11,STL,CBJ,30,5.5,-138,112
2025-01-11,STL,CBJ,68,6.5,105,-125
2025-01-11,STL,CBJ,69,6.5,110,-134
2025-01-11,STL,CBJ,71,6.0,-122,-104
2025-01-11,STL,CBJ,75,6.0,-120,100
2025-01-11,MTL,DAL,15,5.5,-130,110
2025-01-11,MTL,DAL,30,5.5,-142,116
2025-01-11,MTL,DAL,68,5.5,-130,110
2025-01-11,MTL,DAL,69,5.5,-122,-100
2025-01-11,MTL,DAL,71,6.0,-104,-118
2025-01-11,MTL,DAL,75,6.0,-105,-115
2025-01-11,WPG,COL,15,6.5,110,-130
2025-01-11,WPG,COL,30,6.5,110,-134
2025-01-11,WPG,COL,68,6.5,110,-130
2025-01-11,WPG,COL,69,6.5,110,-134
2025-01-11,WPG,COL,71,6.0,-108,-117
2025-01-11,WPG,COL,75,6.0,-115,-105
2025-01-11,NSH,WSH,15,5.5,-125,105
2025-01-11,NSH,WSH,30,5.5,-128,104
2025-01-11,NSH,WSH,68,5.5,-125,105
2025-01-11,NSH,WSH,69,5.5,-122,-100
2025-01-11,NSH,WSH,71,6.0,100,-121
2025-01-11,NSH,WSH,75,6.0,100,-120
2025-01-11,UTA,NYI,15,6.5,110,-130
2025-01-11,UTA,NYI,30,5.5,-130,106
2025-01-11,UTA,NYI,68,6.5,110,-130
2025-01-11,UTA,NYI,69,6.5,112,-138
2025-01-11,UTA,NYI,71,6.0,-103,-120
2025-01-11,UTA,NYI,75,6.0,-110,-110
2025-01-11,SJ,MIN,15,5.5,-130,110
2025-01-11,SJ,MIN,30,5.5,-120,-102
2025-01-11,SJ,MIN,68,5.5,-130,110
2025-01-11,SJ,MIN,69,5.5,-130,106
2025-01-11,SJ,MIN,71,6.0,100,-122
2025-01-11,SJ,MIN,75,6.0,-105,-115
2025-01-11,VGK,NYR,15,6.5,110,-130
2025-01-11,VGK,NYR,30,6.5,110,-134
2025-01-11,VGK,NYR,68,6.5,110,-130
2025-01-11,VGK,NYR,69,6.5,112,-140
2025-01-11,VGK,NYR,71,6.0,-117,-105
2025-01-11,VGK,NYR,75,6.5,100,-120
2025-01-11,CGY,LA,15,5.5,-110,-110
2025-01-11,CGY,LA,30,5.5,-118,-104
2025-01-11,CGY,LA,68,5.5,-110,-110
2025-01-11,CGY,LA,69,5.5,-112,-108
2025-01-11,CGY,LA,71,5.5,-105,-117
2025-01-11,CGY,LA,75,5.5,-110,-110
2025-01-12,DET,SEA,15,5.5,-134,110
2025-01-12,DET,SEA,30,5.5,-125,105
2025-01-12,DET,SEA,68,5.5,-130,110
2025-01-12,DET,SEA,69,5.5,-134,110
2025-01-12,DET,SEA,71,6.0,-103,-120
2025-01-12,DET,SEA,75,6.0,-105,-115
2025-01-12,CAR,ANA,15,6.5,110,-134
2025-01-12,CAR,ANA,30,6.5,-105,-115
2025-01-12,CAR,ANA,68,6.5,120,-142
2025-01-12,CAR,ANA,69,6.5,110,-134
2025-01-12,CAR,ANA,71,6.0,-114,-107
2025-01-12,CAR,ANA,75,6.0,-115,-105
2025-01-12,OTT,DAL,15,5.5,-122,-102
2025-01-12,OTT,DAL,30,5.5,-135,114
2025-01-12,OTT,DAL,68,5.5,-122,102
2025-01-12,OTT,DAL,69,5.5,-120,-102
2025-01-12,OTT,DAL,71,6.0,102,-122
2025-01-12,OTT,DAL,75,5.5,-120,100
2025-01-12,PIT,TB,15,6.5,-120,100
2025-01-12,PIT,TB,30,6.5,-115,-105
2025-01-12,PIT,TB,68,6.5,-120,100
2025-01-12,PIT,TB,69,6.5,-132,108
2025-01-12,PIT,TB,71,6.5,-127,105
2025-01-12,PIT,TB,75,6.5,-125,105
2025-01-12,VGK,MIN,15,5.5,-118,-102
2025-01-12,VGK,MIN,30,5.5,-130,110
2025-01-12,VGK,MIN,68,5.5,-118,-102
2025-01-12,VGK,MIN,69,6.5,110,-134
2025-01-12,VGK,MIN,71,6.0,-104,-118
2025-01-12,VGK,MIN,75,6.0,100,-120
2025-01-13,PHI,FLA,15,5.5,-130,110
2025-01-13,PHI,FLA,30,6.5,110,-130
2025-01-13,PHI,FLA,68,5.5,-130,110
2025-01-13,PHI,FLA,69,5.5,-120,-102
2025-01-13,PHI,FLA,71,6.0,-108,-113
2025-01-13,PHI,FLA,75,6.0,100,-120
2025-01-13,CHI,CGY,15,6.5,120,-142
2025-01-13,CHI,CGY,30,5.5,-120,-100
2025-01-13,CHI,CGY,68,6.5,120,-142
2025-01-13,CHI,CGY,69,6.5,114,-140
2025-01-13,CHI,CGY,71,6.0,-112,-109
2025-01-13,CHI,CGY,75,6.0,-120,100
2025-01-13,EDM,LA,15,5.5,-118,-102
2025-01-13,EDM,LA,30,5.5,-130,110
2025-01-13,EDM,LA,68,5.5,-118,-102
2025-01-13,EDM,LA,69,5.5,-118,-104
2025-01-13,EDM,LA,71,5.5,-118,-104
2025-01-13,EDM,LA,75,5.5,-110,-110
2025-01-14,PIT,SEA,15,5.5,-134,110
2025-01-14,PIT,SEA,30,6.5,105,-125
2025-01-14,PIT,SEA,68,5.5,-125,105
2025-01-14,PIT,SEA,69,5.5,-134,110
2025-01-14,PIT,SEA,71,6.0,-107,-114
2025-01-14,PIT,SEA,75,6.0,-105,-115
2025-01-14,DET,SJ,15,5.5,-125,105
2025-01-14,DET,SJ,30,6.5,110,-130
2025-01-14,DET,SJ,68,5.5,-125,105
2025-01-14,DET,SJ,69,5.5,-130,106
2025-01-14,DET,SJ,71,6.0,104,-125
2025-01-14,DET,SJ,75,6.0,100,-120
2025-01-14,TOR,DAL,15,5.5,-120,100
2025-01-14,TOR,DAL,30,5.5,-130,110
2025-01-14,TOR,DAL,68,5.5,-120,100
2025-01-14,TOR,DAL,69,5.5,-120,-102
2025-01-14,TOR,DAL,71,5.5,-124,-103
2025-01-14,TOR,DAL,75,5.5,-120,100
2025-01-14,CBJ,PHI,15,6.5,-115,-105
2025-01-14,CBJ,PHI,30,6.5,-110,-110
2025-01-14,CBJ,PHI,68,6.5,-115,-105
2025-01-14,CBJ,PHI,69,6.5,-118,-104
2025-01-14,CBJ,PHI,71,6.5,-114,-107
2025-01-14,CBJ,PHI,75,6.5,-115,-105
2025-01-14,BOS,TB,15,5.5,-120,-105
2025-01-14,BOS,TB,30,5.5,-135,114
2025-01-14,BOS,TB,68,5.5,-115,-105
2025-01-14,BOS,TB,69,5.5,-124,102
2025-01-14,BOS,TB,71,5.5,-124,102
2025-01-14,BOS,TB,75,5.5,-110,-110
2025-01-14,WSH,ANA,15,5.5,-122,102
2025-01-14,WSH,ANA,30,5.5,-125,105
2025-01-14,WSH,ANA,68,5.5,-122,102
2025-01-14,WSH,ANA,69,5.5,-122,-100
2025-01-14,WSH,ANA,71,5.5,-127,102
2025-01-14,WSH,ANA,75,6.0,100,-120
2025-01-14,NJ,FLA,15,5.5,-125,105
2025-01-14,NJ,FLA,30,6.5,110,-130
2025-01-14,NJ,FLA,68,5.5,-125,105
2025-01-14,NJ,FLA,69,5.5,-122,-100
2025-01-14,NJ,FLA,71,6.0,102,-124
2025-01-14,NJ,FLA,75,6.0,100,-120
2025-01-14,NYI,OTT,15,5.5,-122,100
2025-01-14,NYI,OTT,30,5.5,-130,110
2025-01-14,NYI,OTT,68,5.5,-122,102
2025-01-14,NYI,OTT,69,5.5,-122,-100
2025-01-14,NYI,OTT,71,5.5,-117,-105
2025-01-14,NYI,OTT,75,5.5,-120,100
2025-01-14,STL,CGY,15,5.5,-122,100
2025-01-14,STL,CGY,30,5.5,-110,-110
2025-01-14,STL,CGY,68,5.5,-122,102
2025-01-14,STL,CGY,69,5.5,-122,-100
2025-01-14,STL,CGY,71,5.5,-118,-107
2025-01-14,STL,CGY,75,5.5,-120,100
2025-01-14,NSH,VGK,15,6.5,105,-135
2025-01-14,NSH,VGK,30,5.5,-120,-100
2025-01-14,NSH,VGK,68,6.5,105,-135
2025-01-14,NSH,VGK,69,5.5,-138,112
2025-01-14,NSH,VGK,71,6.0,-110,-115
2025-01-14,NSH,VGK,75,6.0,-105,-115
2025-01-14,WPG,VAN,15,5.5,120,-142
2025-01-14,WPG,VAN,30,5.5,-100,-120
2025-01-14,WPG,VAN,68,5.5,120,-142
2025-01-14,WPG,VAN,69,5.5,122,-150
2025-01-14,WPG,VAN,71,5.5,112,-136
2025-01-14,WPG,VAN,75,5.5,120,-140
2025-01-14,COL,NYR,15,6.5,-100,-120
2025-01-14,COL,NYR,30,5.5,-130,110
2025-01-14,COL,NYR,68,6.5,100,-120
2025-01-14,COL,NYR,69,6.5,-100,-122
2025-01-14,COL,NYR,71,6.5,100,-122
2025-01-14,COL,NYR,75,6.5,100,-120
2025-01-14,UTA,MTL,15,5.5,-140,114
2025-01-14,UTA,MTL,30,5.5,-130,110
2025-01-14,UTA,MTL,68,5.5,-130,110
2025-01-14,UTA,MTL,69,5.5,-140,114
2025-01-14,UTA,MTL,71,6.0,-110,-110
2025-01-14,UTA,MTL,75,6.0,-105,-115
2025-01-15,BUF,CAR,15,5.5,-135,114
2025-01-15,BUF,CAR,30,6.5,105,-147
2025-01-15,BUF,CAR,68,5.5,-135,114
2025-01-15,BUF,CAR,69,5.5,-128,104
2025-01-15,BUF,CAR,71,6.0,-107,-114
2025-01-15,BUF,CAR,75,6.0,100,-120
2025-01-15,MIN,EDM,15,6.5,110,-130
2025-01-15,MIN,EDM,30,6.5,105,-147
2025-01-15,MIN,EDM,68,6.5,110,-130
2025-01-15,MIN,EDM,69,6.5,106,-130
2025-01-15,MIN,EDM,71,6.0,-120,-103
2025-01-15,MIN,EDM,75,6.0,-120,100
2025-01-16,CBJ,SJ,15,6.5,105,-125
2025-01-16,CBJ,SJ,30,6.5,-100,-120
2025-01-16,CBJ,SJ,68,6.5,105,-125
2025-01-16,CBJ,SJ,69,6.5,106,-130
2025-01-16,CBJ,SJ,71,6.0,-122,-104
2025-01-16,CBJ,SJ,75,6.0,-110,-110
2025-01-16,TB,ANA,15,6.5,100,-120
2025-01-16,TB,ANA,30,5.5,-135,114
2025-01-16,TB,ANA,68,6.5,100,-120
2025-01-16,TB,ANA,69,6.5,-100,-122
2025-01-16,TB,ANA,71,6.0,-122,102
2025-01-16,TB,ANA,75,6.5,100,-120
2025-01-16,OTT,WSH,15,5.5,-110,-110
2025-01-16,OTT,WSH,30,5.5,-120,-100
2025-01-16,OTT,WSH,68,5.5,-110,-110
2025-01-16,OTT,WSH,69,5.5,-114,-106
2025-01-16,OTT,WSH,71,5.5,-113,-113
2025-01-16,OTT,WSH,75,5.5,-110,-110
2025-01-16,TOR,NJ,15,5.5,-115,-105
2025-01-16,TOR,NJ,30,5.5,-130,110
2025-01-16,TOR,NJ,68,5.5,-115,-105
2025-01-16,TOR,NJ,69,5.5,-110,-110
2025-01-16,TOR,NJ,71,5.5,-115,-106
2025-01-16,TOR,NJ,75,5.5,-115,-105
2025-01-16,FLA,DET,15,5.5,-110,-112
2025-01-16,FLA,DET,30,5.5,-135,114
2025-01-16,FLA,DET,68,5.5,-108,-112
2025-01-16,FLA,DET,69,5.5,-110,-110
2025-01-16,FLA,DET,71,5.5,-113,-108
2025-01-16,FLA,DET,75,5.5,-105,-115
2025-01-16,NYI,PHI,15,5.5,-118,-105
2025-01-16,NYI,PHI,30,5.5,-135,114
2025-01-16,NYI,PHI,68,5.5,-118,-102
2025-01-16,NYI,PHI,69,5.5,-115,-105
2025-01-16,NYI,PHI,71,5.5,-117,-105
2025-01-16,NYI,PHI,75,5.5,-115,-105
2025-01-16,WPG,SEA,15,5.5,-100,-120
2025-01-16,WPG,SEA,30,5.5,-110,-110
2025-01-16,WPG,SEA,68,5.5,100,-120
2025-01-16,WPG,SEA,69,5.5,-100,-122
2025-01-16,WPG,SEA,71,5.5,100,-120
2025-01-16,WPG,SEA,75,5.5,100,-120
2025-01-16,DAL,MTL,15,5.5,-115,-105
2025-01-16,DAL,MTL,30,5.5,-130,110
2025-01-16,DAL,MTL,68,5.5,-115,-105
2025-01-16,DAL,MTL,69,5.5,-128,104
2025-01-16,DAL,MTL,71,6.0,100,-121
2025-01-16,DAL,MTL,75,6.0,-105,-115
2025-01-16,STL,CGY,15,5.5,-114,-108
2025-01-16,STL,CGY,30,5.5,-110,-110
2025-01-16,STL,CGY,68,5.5,-112,-108
2025-01-16,STL,CGY,69,5.5,-114,-106
2025-01-16,STL,CGY,71,5.5,-109,-112
2025-01-16,STL,CGY,75,5.5,-110,-110
2025-01-16,NSH,CHI,15,5.5,-130,110
2025-01-16,NSH,CHI,30,5.5,-120,-100
2025-01-16,NSH,CHI,68,5.5,-130,110
2025-01-16,NSH,CHI,69,5.5,-140,114
2025-01-16,NSH,CHI,71,6.0,-107,-114
2025-01-16,NSH,CHI,75,6.0,-110,-110
2025-01-16,UTA,NYR,15,5.5,-125,105
2025-01-16,UTA,NYR,30,5.5,-130,110
2025-01-16,UTA,NYR,68,5.5,-125,105
2025-01-16,UTA,NYR,69,5.5,-122,-100
2025-01-16,UTA,NYR,71,6.0,-103,-120
2025-01-16,UTA,NYR,75,6.0,-105,-115
2025-01-16,COL,EDM,15,6.5,-105,-115
2025-01-16,COL,EDM,30,6.5,114,-135
2025-01-16,COL,EDM,68,6.5,-105,-115
2025-01-16,COL,EDM,69,6.5,-100,-122
2025-01-16,COL,EDM,71,6.5,-112,-109
2025-01-16,COL,EDM,75,6.5,-110,-110
2025-01-16,VAN,LA,15,5.5,120,-142
2025-01-16,VAN,LA,30,5.5,-135,114
2025-01-16,VAN,LA,68,5.5,120,-142
2025-01-16,VAN,LA,69,5.5,118,-144
2025-01-16,VAN,LA,71,5.5,114,-141
2025-01-16,VAN,LA,75,5.5,120,-145
2025-01-17,BUF,PIT,15,6.5,102,-122
2025-01-17,BUF,PIT,30,6.5,-110,-110
2025-01-17,BUF,PIT,68,6.5,102,-122
2025-01-17,BUF,PIT,69,6.5,106,-130
2025-01-17,BUF,PIT,71,6.5,102,-124
2025-01-17,BUF,PIT,75,6.5,100,-120
2025-01-17,CAR,VGK,15,5.5,-125,105
2025-01-17,CAR,VGK,30,5.5,-135,114
2025-01-17,CAR,VGK,68,5.5,-125,105
2025-01-17,CAR,VGK,69,5.5,-120,-102
2025-01-17,CAR,VGK,71,6.0,-107,-114
2025-01-17,CAR,VGK,75,6.0,100,-120
2025-01-18,NJ,PHI,15,5.5,-130,110
2025-01-18,NJ,PHI,30,6.5,110,-130
2025-01-18,NJ,PHI,68,5.5,-130,110
2025-01-18,NJ,PHI,69,5.5,-132,108
2025-01-18,NJ,PHI,71,6.0,-108,-113
2025-01-18,NJ,PHI,75,6.0,100,-120
2025-01-18,OTT,BOS,15,5.5,-104,-118
2025-01-18,OTT,BOS,30,6.5,114,-135
2025-01-18,OTT,BOS,68,5.5,-102,-118
2025-01-18,OTT,BOS,69,5.5,-104,-118
2025-01-18,OTT,BOS,71,5.5,-113,-124
2025-01-18,OTT,BOS,75,5.5,-105,-115
2025-01-18,COL,DAL,15,6.5,110,-130
2025-01-18,COL,DAL,30,6.5,105,-125
2025-01-18,COL,DAL,68,6.5,110,-130
2025-01-18,COL,DAL,69,6.5,-102,-120
2025-01-18,COL,DAL,71,6.0,-114,-107
2025-01-18,COL,DAL,75,6.0,-110,-110
2025-01-18,FLA,ANA,15,5.5,-135,114
2025-01-18,FLA,ANA,30,6.5,110,-130
2025-01-18,FLA,ANA,68,5.5,-135,114
2025-01-18,FLA,ANA,69,5.5,-138,112
2025-01-18,FLA,ANA,71,6.0,-104,-118
2025-01-18,FLA,ANA,75,6.0,-110,-110
2025-01-18,MTL,TOR,15,5.5,-130,110
2025-01-18,MTL,TOR,30,5.5,-135,114
2025-01-18,MTL,TOR,68,5.5,-130,110
2025-01-18,MTL,TOR,69,5.5,-130,106
2025-01-18,MTL,TOR,71,6.0,-105,-117
2025-01-18,MTL,TOR,75,6.0,-105,-115
2025-01-18,TB,DET,15,6.5,105,-125
2025-01-18,TB,DET,30,6.5,105,-125
2025-01-18,TB,DET,68,6.5,105,-125
2025-01-18,TB,DET,69,6.5,110,-134
2025-01-18,TB,DET,71,6.0,-118,-104
2025-01-18,TB,DET,75,6.0,-120,100
2025-01-18,WSH,PIT,15,5.5,-135,105
2025-01-18,WSH,PIT,30,6.5,105,-125
2025-01-18,WSH,PIT,68,5.5,-135,105
2025-01-18,WSH,PIT,69,5.5,-120,-102
2025-01-18,WSH,PIT,71,6.0,102,-124
2025-01-18,WSH,PIT,75,6.0,100,-120
2025-01-18,WPG,CGY,15,5.5,-135,114
2025-01-18,WPG,CGY,30,5.5,-130,110
2025-01-18,WPG,CGY,68,5.5,-135,114
2025-01-18,WPG,CGY,69,5.5,-128,104
2025-01-18,WPG,CGY,71,6.0,102,-125
2025-01-18,WPG,CGY,75,6.0,-110,-110
2025-01-18,NYR,CBJ,15,6.5,-112,-108
2025-01-18,NYR,CBJ,30,6.5,110,-130
2025-01-18,NYR,CBJ,68,6.5,-112,-108
2025-01-18,NYR,CBJ,69,6.5,-112,-108
2025-01-18,NYR,CBJ,71,6.5,-105,-117
2025-01-18,NYR,CBJ,75,6.5,-110,-110
2025-01-18,NYI,SJ,15,5.5,-120,110
2025-01-18,NYI,SJ,30,6.5,105,-125
2025-01-18,NYI,SJ,68,5.5,-120,-110
2025-01-18,NYI,SJ,69,5.5,-122,-100
2025-01-18,NYI,SJ,71,5.5,-120,-103
2025-01-18,NYI,SJ,75,5.5,-120,100
2025-01-18,CHI,VGK,15,6.5,102,-122
2025-01-18,CHI,VGK,30,6.5,105,-125
2025-01-18,CHI,VGK,68,6.5,102,-122
2025-01-18,CHI,VGK,69,6.5,-104,-118
2025-01-18,CHI,VGK,71,6.5,102,-125
2025-01-18,CHI,VGK,75,6.5,100,-120
2025-01-18,NSH,MIN,15,5.5,-124,102
2025-01-18,NSH,MIN,30,5.5,-135,114
2025-01-18,NSH,MIN,68,5.5,-120,100
2025-01-18,NSH,MIN,69,5.5,-124,102
2025-01-18,NSH,MIN,71,5.5,-122,100
2025-01-18,NSH,MIN,75,5.5,-120,100
2025-01-18,UTA,STL,15,5.5,-134,110
2025-01-18,UTA,STL,30,6.5,110,-130
2025-01-18,UTA,STL,68,5.5,-125,105
2025-01-18,UTA,STL,69,5.5,-134,110
2025-01-18,UTA,STL,71,5.5,-120,-103
2025-01-18,UTA,STL,75,6.0,-105,-115
2025-01-18,VAN,EDM,15,5.5,-134,110
2025-01-18,VAN,EDM,30,6.5,105,-125
2025-01-18,VAN,EDM,68,5.5,-130,110
2025-01-18,VAN,EDM,69,5.5,-134,110
2025-01-18,VAN,EDM,71,6.0,-103,-127
2025-01-18,VAN,EDM,75,6.0,-105,-115
2025-01-18,SEA,LA,15,5.5,120,-142
2025-01-18,SEA,LA,30,5.5,-135,114
2025-01-18,SEA,LA,68,5.5,120,-142
2025-01-18,SEA,LA,69,5.5,122,-150
2025-01-18,SEA,LA,71,5.5,108,-130
2025-01-18,SEA,LA,75,5.5,115,-135
2025-01-19,NJ,OTT,15,5.5,-108,-110
2025-01-19,NJ,OTT,30,5.5,-130,110
2025-01-19,NJ,OTT,68,5.5,-108,-112
2025-01-19,NJ,OTT,69,5.5,-112,-108
2025-01-19,NJ,OTT,71,5.5,-117,-105
2025-01-19,NJ,OTT,75,5.5,-110,-110
2025-01-19,MTL,NYR,15,6.5,-105,-115
2025-01-19,MTL,NYR,30,5.5,-130,110
2025-01-19,MTL,NYR,68,6.5,-105,-115
2025-01-19,MTL,NYR,69,6.5,-105,-115
2025-01-19,MTL,NYR,71,6.5,-109,-112
2025-01-19,MTL,NYR,75,6.5,100,-120
2025-01-19,DAL,DET,15,5.5,-140,102
2025-01-19,DAL,DET,30,5.5,-125,105
2025-01-19,DAL,DET,68,5.5,-122,102
2025-01-19,DAL,DET,69,5.5,-140,114
2025-01-19,DAL,DET,71,6.0,-107,-114
2025-01-19,DAL,DET,75,6.0,-105,-115
2025-01-20,BOS,SJ,15,5.5,-125,105
2025-01-20,BOS,SJ,30,5.5,-130,106
2025-01-20,BOS,SJ,68,5.5,-125,105
2025-01-20,BOS,SJ,69,5.5,-122,-100
2025-01-20,BOS,SJ,71,5.5,-120,-103
2025-01-20,BOS,SJ,75,6.0,100,-120
2025-01-20,COL,MIN,15,5.5,-130,110
2025-01-20,COL,MIN,30,5.5,-140,114
2025-01-20,COL,MIN,68,5.5,-130,110
2025-01-20,COL,MIN,69,5.5,-130,106
2025-01-20,COL,MIN,71,6.0,-112,-109
2025-01-20,COL,MIN,75,6.0,-105,-115
2025-01-20,SEA,BUF,15,5.5,-120,100
2025-01-20,SEA,BUF,30,6.5,114,-140
2025-01-20,SEA,BUF,68,5.5,-120,100
2025-01-20,SEA,BUF,69,5.5,-124,102
2025-01-20,SEA,BUF,71,6.0,102,-122
2025-01-20,SEA,BUF,75,5.5,-115,-105
2025-01-20,VGK,STL,15,5.5,-122,102
2025-01-20,VGK,STL,30,5.5,-140,114
2025-01-20,VGK,STL,68,5.5,-122,102
2025-01-20,VGK,STL,69,5.5,-124,102
2025-01-20,VGK,STL,71,5.5,-122,-104
2025-01-20,VGK,STL,75,5.5,-120,100
2025-01-20,NYI,CBJ,15,5.5,-120,100
2025-01-20,NYI,CBJ,30,6.5,116,-142
2025-01-20,NYI,CBJ,68,5.5,-120,100
2025-01-20,NYI,CBJ,69,5.5,-118,-104
2025-01-20,NYI,CBJ,71,5.5,-117,-105
2025-01-20,NYI,CBJ,75,5.5,-120,100
2025-01-20,TOR,TB,15,6.5,-105,-115
2025-01-20,TOR,TB,30,6.5,114,-140
2025-01-20,TOR,TB,68,6.5,-105,-115
2025-01-20,TOR,TB,69,6.5,-112,-108
2025-01-20,TOR,TB,71,6.5,-107,-114
2025-01-20,TOR,TB,75,6.5,-105,-115
2025-01-20,CHI,CAR,15,5.5,-132,108
2025-01-20,CHI,CAR,30,6.5,110,-134
2025-01-20,CHI,CAR,68,5.5,-122,102
2025-01-20,CHI,CAR,69,5.5,-132,108
2025-01-20,CHI,CAR,71,6.0,100,-122
2025-01-20,CHI,CAR,75,6.0,100,-120
2025-01-20,UTA,WPG,15,5.5,-120,-102
2025-01-20,UTA,WPG,30,5.5,-147,105
2025-01-20,UTA,WPG,68,5.5,-118,-102
2025-01-20,UTA,WPG,69,5.5,-122,-100
2025-01-20,UTA,WPG,71,5.5,-121,100
2025-01-20,UTA,WPG,75,5.5,-120,100
2025-01-20,LA,PIT,15,5.5,-115,-105
2025-01-20,LA,PIT,30,5.5,-147,105
2025-01-20,LA,PIT,68,5.5,-115,-105
2025-01-20,LA,PIT,69,5.5,-115,-105
2025-01-20,LA,PIT,71,5.5,-120,-103
2025-01-20,LA,PIT,75,5.5,-115,-105
2025-01-21,MTL,TB,15,6.5,-102,-118
2025-01-21,MTL,TB,30,6.5,105,-125
2025-01-21,MTL,TB,68,6.5,-102,-118
2025-01-21,MTL,TB,69,6.5,104,-128
2025-01-21,MTL,TB,71,6.5,-103,-120
2025-01-21,MTL,TB,75,6.5,100,-120
2025-01-21,NYR,OTT,15,5.5,-118,-102
2025-01-21,NYR,OTT,30,5.5,-135,114
2025-01-21,NYR,OTT,68,5.5,-118,-102
2025-01-21,NYR,OTT,69,5.5,-114,-106
2025-01-21,NYR,OTT,71,5.5,-113,-108
2025-01-21,NYR,OTT,75,5.5,-115,-105
2025-01-21,PHI,DET,15,5.5,-130,110
2025-01-21,PHI,DET,30,6.5,110,-130
2025-01-21,PHI,DET,68,5.5,-130,110
2025-01-21,PHI,DET,69,5.5,-140,114
2025-01-21,PHI,DET,71,6.0,-113,-108
2025-01-21,PHI,DET,75,6.0,-105,-115
2025-01-21,NSH,SJ,15,5.5,-135,114
2025-01-21,NSH,SJ,30,6.5,114,-135
2025-01-21,NSH,SJ,68,5.5,-135,114
2025-01-21,NSH,SJ,69,5.5,-134,110
2025-01-21,NSH,SJ,71,6.0,100,-121
2025-01-21,NSH,SJ,75,6.0,-110,-110
2025-01-21,DAL,CAR,15,5.5,-118,-102
2025-01-21,DAL,CAR,30,5.5,-125,105
2025-01-21,DAL,CAR,68,5.5,-118,-102
2025-01-21,DAL,CAR,69,5.5,-118,-104
2025-01-21,DAL,CAR,71,5.5,-118,-104
2025-01-21,DAL,CAR,75,5.5,-120,100
2025-01-21,EDM,WSH,15,5.5,-125,105
2025-01-21,EDM,WSH,30,5.5,-142,120
2025-01-21,EDM,WSH,68,5.5,-125,105
2025-01-21,EDM,WSH,69,5.5,-122,-100
2025-01-21,EDM,WSH,71,5.5,-120,-103
2025-01-21,EDM,WSH,75,6.0,100,-120
2025-01-21,VAN,BUF,15,5.5,-115,-112
2025-01-21,VAN,BUF,30,6.5,110,-130
2025-01-21,VAN,BUF,68,5.5,-108,-112
2025-01-21,VAN,BUF,69,5.5,-115,-105
2025-01-21,VAN,BUF,71,6.0,-103,-120
2025-01-21,VAN,BUF,75,5.5,-115,-105
2025-01-21,ANA,FLA,15,5.5,-122,102
2025-01-21,ANA,FLA,30,5.5,-130,110
2025-01-21,ANA,FLA,68,5.5,-122,102
2025-01-21,ANA,FLA,69,5.5,-122,-100
2025-01-21,ANA,FLA,71,5.5,-121,100
2025-01-21,ANA,FLA,75,5.5,-120,100
2025-01-22,NJ,BOS,15,5.5,-112,-108
2025-01-22,NJ,BOS,30,6.5,114,-135
2025-01-22,NJ,BOS,68,5.5,-112,-108
2025-01-22,NJ,BOS,69,5.5,-114,-106
2025-01-22,NJ,BOS,71,5.5,-110,-109
2025-01-22,NJ,BOS,75,5.5,-115,-105
2025-01-22,TOR,CBJ,15,6.5,-115,-105
2025-01-22,TOR,CBJ,30,6.5,105,-125
2025-01-22,TOR,CBJ,68,6.5,-115,-105
2025-01-22,TOR,CBJ,69,6.5,-115,-105
2025-01-22,TOR,CBJ,71,6.5,-109,-112
2025-01-22,TOR,CBJ,75,6.5,-115,-105
2025-01-22,COL,WPG,15,5.5,-125,105
2025-01-22,COL,WPG,30,5.5,-130,110
2025-01-22,COL,WPG,68,5.5,-125,105
2025-01-22,COL,WPG,69,5.5,-118,-104
2025-01-22,COL,WPG,71,5.5,-121,100
2025-01-22,COL,WPG,75,5.5,-110,-110
2025-01-22,LA,FLA,15,5.5,100,-120
2025-01-22,LA,FLA,30,5.5,-130,110
2025-01-22,LA,FLA,68,5.5,100,-120
2025-01-22,LA,FLA,69,5.5,-102,-120
2025-01-22,LA,FLA,71,5.5,-114,-114
2025-01-22,LA,FLA,75,5.5,-105,-115
2025-01-23,NYR,PHI,15,5.5,-118,-102
2025-01-23,NYR,PHI,30,6.5,110,-130
2025-01-23,NYR,PHI,68,5.5,-118,-102
2025-01-23,NYR,PHI,69,5.5,-118,-104
2025-01-23,NYR,PHI,71,6.0,102,-124
2025-01-23,NYR,PHI,75,5.5,-120,100
2025-01-23,BOS,OTT,15,5.5,-112,-108
2025-01-23,BOS,OTT,30,5.5,-115,-105
2025-01-23,BOS,OTT,68,5.5,-112,-108
2025-01-23,BOS,OTT,69,5.5,-118,-104
2025-01-23,BOS,OTT,71,5.5,-109,-112
2025-01-23,BOS,OTT,75,5.5,-110,-110
2025-01-23,DET,MTL,15,6.5,110,-130
2025-01-23,DET,MTL,30,5.5,-120,-100
2025-01-23,DET,MTL,68,6.5,110,-130
2025-01-23,DET,MTL,69,5.5,-142,116
2025-01-23,DET,MTL,71,6.0,-117,-109
2025-01-23,DET,MTL,75,6.0,-115,-105
2025-01-23,CAR,CBJ,15,6.5,114,-135
2025-01-23,CAR,CBJ,30,6.5,105,-125
2025-01-23,CAR,CBJ,68,6.5,114,-135
2025-01-23,CAR,CBJ,69,6.5,114,-140
2025-01-23,CAR,CBJ,71,6.0,-106,-115
2025-01-23,CAR,CBJ,75,6.0,-115,-105
2025-01-23,MIN,UTA,15,5.5,-130,110
2025-01-23,MIN,UTA,30,5.5,-115,-105
2025-01-23,MIN,UTA,68,5.5,-130,110
2025-01-23,MIN,UTA,69,5.5,-130,106
2025-01-23,MIN,UTA,71,6.0,102,-122
2025-01-23,MIN,UTA,75,6.0,-105,-115
2025-01-23,STL,VGK,15,6.5,104,-128
2025-01-23,STL,VGK,30,5.5,-130,110
2025-01-23,STL,VGK,68,6.5,110,-130
2025-01-23,STL,VGK,69,6.5,104,-128
2025-01-23,STL,VGK,71,6.0,-112,-109
2025-01-23,STL,VGK,75,6.0,-115,-105
2025-01-23,CGY,BUF,15,5.5,-120,100
2025-01-23,CGY,BUF,30,5.5,-120,-100
2025-01-23,CGY,BUF,68,5.5,-120,100
2025-01-23,CGY,BUF,69,5.5,-122,-100
2025-01-23,CGY,BUF,71,6.0,-105,-121
2025-01-23,CGY,BUF,75,5.5,-120,100
2025-01-23,EDM,VAN,15,5.5,-120,100
2025-01-23,EDM,VAN,30,5.5,-120,-100
2025-01-23,EDM,VAN,68,5.5,-120,100
2025-01-23,EDM,VAN,69,5.5,-114,-106
2025-01-23,EDM,VAN,71,5.5,-117,-105
2025-01-23,EDM,VAN,75,5.5,-120,100
2025-01-23,ANA,PIT,15,6.5,110,-130
2025-01-23,ANA,PIT,30,6.5,105,-125
2025-01-23,ANA,PIT,68,6.5,110,-130
2025-01-23,ANA,PIT,69,6.5,114,-140
2025-01-23,ANA,PIT,71,6.0,-114,-107
2025-01-23,ANA,PIT,75,6.0,-115,-105
2025-01-23,SEA,WSH,15,5.5,-108,-105
2025-01-23,SEA,WSH,30,5.5,-120,-100
2025-01-23,SEA,WSH,68,5.5,-108,-112
2025-01-23,SEA,WSH,69,5.5,-115,-105
2025-01-23,SEA,WSH,71,5.5,-113,-108
2025-01-23,SEA,WSH,75,5.5,-115,-105
2025-01-23,SJ,NSH,15,6.5,114,-135
2025-01-23,SJ,NSH,30,6.5,110,-130
2025-01-23,SJ,NSH,68,6.5,114,-135
2025-01-23,SJ,NSH,69,6.5,114,-140
2025-01-23,SJ,NSH,71,6.0,-108,-112
2025-01-23,SJ,NSH,75,6.0,-110,-110
2025-01-24,NYI,PHI,15,5.5,-122,102
2025-01-24,NYI,PHI,30,5.5,-125,-105
2025-01-24,NYI,PHI,68,5.5,-122,102
2025-01-24,NYI,PHI,69,5.5,-120,-102
2025-01-24,NYI,PHI,71,6.0,102,-122
2025-01-24,NYI,PHI,75,6.0,100,-120
2025-01-24,DAL,VGK,15,5.5,-120,-102
2025-01-24,DAL,VGK,30,5.5,-147,105
2025-01-24,DAL,VGK,68,5.5,-120,100
2025-01-24,DAL,VGK,69,5.5,-120,-102
2025-01-24,DAL,VGK,71,6.0,100,-121
2025-01-24,DAL,VGK,75,5.5,-120,100
2025-01-24,CHI,TB,15,6.5,-130,110
2025-01-24,CHI,TB,30,6.5,102,-131
2025-01-24,CHI,TB,68,6.5,-130,110
2025-01-24,CHI,TB,69,6.5,-130,106
2025-01-24,CHI,TB,71,6.5,-124,102
2025-01-24,CHI,TB,75,6.5,-130,110
2025-01-24,WPG,UTA,15,5.5,-118,-102
2025-01-24,WPG,UTA,30,5.5,-125,-105
2025-01-24,WPG,UTA,68,5.5,-118,-102
2025-01-24,WPG,UTA,69,5.5,-122,-100
2025-01-24,WPG,UTA,71,5.5,-115,-106
2025-01-24,WPG,UTA,75,5.5,-120,100
2025-01-25,BOS,COL,15,5.5,-122,102
2025-01-25,BOS,COL,30,5.5,-135,114
2025-01-25,BOS,COL,68,5.5,-122,102
2025-01-25,BOS,COL,69,5.5,-130,106
2025-01-25,BOS,COL,71,6.0,100,-121
2025-01-25,BOS,COL,75,6.0,100,-120
2025-01-25,EDM,BUF,15,6.5,-115,-105
2025-01-25,EDM,BUF,30,6.5,110,-130
2025-01-25,EDM,BUF,68,6.5,-115,-105
2025-01-25,EDM,BUF,69,6.5,-115,-105
2025-01-25,EDM,BUF,71,6.5,-109,-110
2025-01-25,EDM,BUF,75,6.5,-115,-105
2025-01-25,SEA,PIT,15,5.5,-118,-104
2025-01-25,SEA,PIT,30,6.5,110,-130
2025-01-25,SEA,PIT,68,5.5,-118,-102
2025-01-25,SEA,PIT,69,5.5,-118,-104
2025-01-25,SEA,PIT,71,5.5,-122,100
2025-01-25,SEA,PIT,75,5.5,-120,100
2025-01-25,MIN,CGY,15,5.5,-120,-102
2025-01-25,MIN,CGY,30,5.5,-135,114
2025-01-25,MIN,CGY,68,5.5,-118,-102
2025-01-25,MIN,CGY,69,5.5,-120,-102
2025-01-25,MIN,CGY,71,5.5,-124,102
2025-01-25,MIN,CGY,75,5.5,-120,100
2025-01-25,CBJ,LA,15,5.5,-118,-102
2025-01-25,CBJ,LA,30,6.5,110,-130
2025-01-25,CBJ,LA,68,5.5,-118,-102
2025-01-25,CBJ,LA,69,5.5,-114,-106
2025-01-25,CBJ,LA,71,5.5,-124,102
2025-01-25,CBJ,LA,75,5.5,-120,100
2025-01-25,DET,TB,15,6.5,105,-125
2025-01-25,DET,TB,30,6.5,110,-130
2025-01-25,DET,TB,68,6.5,105,-125
2025-01-25,DET,TB,69,6.5,104,-128
2025-01-25,DET,TB,71,6.0,-118,-104
2025-01-25,DET,TB,75,6.5,100,-120
2025-01-25,STL,DAL,15,5.5,-118,-102
2025-01-25,STL,DAL,30,5.5,-130,110
2025-01-25,STL,DAL,68,5.5,-118,-102
2025-01-25,STL,DAL,69,5.5,-118,-104
2025-01-25,STL,DAL,71,5.5,-120,-103
2025-01-25,STL,DAL,75,5.5,-120,100
2025-01-25,MTL,NJ,15,5.5,-132,110
2025-01-25,MTL,NJ,30,5.5,-135,114
2025-01-25,MTL,NJ,68,5.5,-130,110
2025-01-25,MTL,NJ,69,5.5,-132,108
2025-01-25,MTL,NJ,71,6.0,-120,-103
2025-01-25,MTL,NJ,75,6.0,-110,-110
2025-01-25,OTT,TOR,15,5.5,-115,-105
2025-01-25,OTT,TOR,30,5.5,-135,114
2025-01-25,OTT,TOR,68,5.5,-115,-105
2025-01-25,OTT,TOR,69,5.5,-118,-104
2025-01-25,OTT,TOR,71,5.5,-112,-109
2025-01-25,OTT,TOR,75,5.5,-115,-105
2025-01-25,NYI,CAR,15,5.5,-125,105
2025-01-25,NYI,CAR,30,5.5,-135,114
2025-01-25,NYI,CAR,68,5.5,-125,105
2025-01-25,NYI,CAR,69,5.5,-124,102
2025-01-25,NYI,CAR,71,5.5,-122,100
2025-01-25,NYI,CAR,75,6.0,100,-120
2025-01-25,SJ,FLA,15,6.5,114,-135
2025-01-25,SJ,FLA,30,6.5,110,-130
2025-01-25,SJ,FLA,68,6.5,114,-135
2025-01-25,SJ,FLA,69,6.5,110,-134
2025-01-25,SJ,FLA,71,6.0,-110,-110
2025-01-25,SJ,FLA,75,6.0,-115,-105
2025-01-25,VAN,WSH,15,5.5,102,-122
2025-01-25,VAN,WSH,30,5.5,-135,114
2025-01-25,VAN,WSH,68,5.5,102,-122
2025-01-25,VAN,WSH,69,5.5,-100,-122
2025-01-25,VAN,WSH,71,5.5,104,-125
2025-01-25,VAN,WSH,75,5.5,105,-125
2025-01-25,ANA,NSH,15,6.5,105,-125
2025-01-25,ANA,NSH,30,6.5,114,-135
2025-01-25,ANA,NSH,68,6.5,105,-125
2025-01-25,ANA,NSH,69,6.5,108,-132
2025-01-25,ANA,NSH,71,6.0,-105,-117
2025-01-25,ANA,NSH,75,6.0,-120,100
2025-01-26,NYR,COL,15,5.5,-128,105
2025-01-26,NYR,COL,30,6.5,114,-135
2025-01-26,NYR,COL,68,5.5,-125,105
2025-01-26,NYR,COL,69,5.5,-128,104
2025-01-26,NYR,COL,71,6.0,102,-124
2025-01-26,NYR,COL,75,6.0,100,-120
2025-01-26,OTT,UTA,15,5.5,-118,-102
2025-01-26,OTT,UTA,30,5.5,-110,-110
2025-01-26,OTT,UTA,68,5.5,-118,-102
2025-01-26,OTT,UTA,69,5.5,-115,-105
2025-01-26,OTT,UTA,71,5.5,-120,-103
2025-01-26,OTT,UTA,75,5.5,-120,100
2025-01-26,WPG,CGY,15,5.5,-135,114
2025-01-26,WPG,CGY,30,5.5,-115,-105
2025-01-26,WPG,CGY,68,5.5,-135,114
2025-01-26,WPG,CGY,69,5.5,-138,112
2025-01-26,WPG,CGY,71,5.5,-121,100
2025-01-26,WPG,CGY,75,6.0,-115,-105
2025-01-26,CHI,MIN,15,6.5,-105,-133
2025-01-26,CHI,MIN,30,5.5,-130,110
2025-01-26,CHI,MIN,68,6.5,114,-135
2025-01-26,CHI,MIN,69,5.5,-134,110
2025-01-26,CHI,MIN,71,6.0,-107,-118
2025-01-26,CHI,MIN,75,6.0,-110,-110
2025-01-26,VGK,FLA,15,5.5,-130,110
2025-01-26,VGK,FLA,30,5.5,-130,110
2025-01-26,VGK,FLA,68,5.5,-130,110
2025-01-26,VGK,FLA,69,5.5,-130,106
2025-01-26,VGK,FLA,71,6.0,100,-121
2025-01-26,VGK,FLA,75,6.0,-105,-115
2025-01-27,PHI,NJ,15,5.5,-105,-115
2025-01-27,PHI,NJ,30,5.5,-130,110
2025-01-27,PHI,NJ,68,5.5,-105,-115
2025-01-27,PHI,NJ,69,5.5,-105,-115
2025-01-27,PHI,NJ,71,5.5,-106,-115
2025-01-27,PHI,NJ,75,5.5,-110,-110
2025-01-27,DET,LA,15,5.5,-105,-115
2025-01-27,DET,LA,30,5.5,-100,-120
2025-01-27,DET,LA,68,5.5,-105,-115
2025-01-27,DET,LA,69,5.5,-108,-112
2025-01-27,DET,LA,71,5.5,-105,-117
2025-01-27,DET,LA,75,5.5,-105,-115
2025-01-27,STL,VAN,15,5.5,114,-135
2025-01-27,STL,VAN,30,5.5,-110,-110
2025-01-27,STL,VAN,68,5.5,114,-135
2025-01-27,STL,VAN,69,5.5,112,-138
2025-01-27,STL,VAN,71,5.5,110,-134
2025-01-27,STL,VAN,75,5.5,115,-130
2025-01-27,EDM,SEA,15,6.5,-108,-112
2025-01-27,EDM,SEA,30,5.5,-125,105
2025-01-27,EDM,SEA,68,6.5,-108,-112
2025-01-27,EDM,SEA,69,6.5,-108,-112
2025-01-27,EDM,SEA,71,6.5,-104,-118
2025-01-27,EDM,SEA,75,6.5,-110,-110
2025-01-27,SJ,PIT,15,6.5,-105,-114
2025-01-27,SJ,PIT,30,6.5,-110,-110
2025-01-27,SJ,PIT,68,6.5,-105,-115
2025-01-27,SJ,PIT,69,6.5,-106,-114
2025-01-27,SJ,PIT,71,6.5,-112,-109
2025-01-27,SJ,PIT,75,6.5,-110,-110
2025-01-28,MTL,WPG,15,5.5,-122,102
2025-01-28,MTL,WPG,30,5.5,-142,120
2025-01-28,MTL,WPG,68,5.5,-122,102
2025-01-28,MTL,WPG,69,5.5,-122,-100
2025-01-28,MTL,WPG,71,5.5,-120,-103
2025-01-28,MTL,WPG,75,6.0,100,-120
2025-01-28,TB,CHI,15,6.5,-120,100
2025-01-28,TB,CHI,30,6.5,105,-125
2025-01-28,TB,CHI,68,6.5,-120,100
2025-01-28,TB,CHI,69,6.5,-124,102
2025-01-28,TB,CHI,71,6.5,-115,-106
2025-01-28,TB,CHI,75,6.5,-120,100
2025-01-28,NYR,CAR,15,5.5,-125,105
2025-01-28,NYR,CAR,30,5.5,-125,105
2025-01-28,NYR,CAR,68,5.5,-125,105
2025-01-28,NYR,CAR,69,5.5,-124,102
2025-01-28,NYR,CAR,71,5.5,-120,-103
2025-01-28,NYR,CAR,75,6.0,100,-120
2025-01-28,BUF,BOS,15,5.5,-130,106
2025-01-28,BUF,BOS,30,5.5,-135,114
2025-01-28,BUF,BOS,68,5.5,-122,102
2025-01-28,BUF,BOS,69,5.5,-130,106
2025-01-28,BUF,BOS,71,6.0,-103,-120
2025-01-28,BUF,BOS,75,6.0,100,-120
2025-01-28,NYI,COL,15,5.5,-122,102
2025-01-28,NYI,COL,30,5.5,-130,110
2025-01-28,NYI,COL,68,5.5,-122,102
2025-01-28,NYI,COL,69,5.5,-120,-102
2025-01-28,NYI,COL,71,6.0,102,-122
2025-01-28,NYI,COL,75,6.0,-105,-115
2025-01-28,CGY,WSH,15,5.5,-108,-110
2025-01-28,CGY,WSH,30,5.5,-135,114
2025-01-28,CGY,WSH,68,5.5,-108,-112
2025-01-28,CGY,WSH,69,5.5,-110,-110
2025-01-28,CGY,WSH,71,5.5,-118,-107
2025-01-28,CGY,WSH,75,5.5,-110,-110
2025-01-28,VGK,DAL,15,5.5,-110,-112
2025-01-28,VGK,DAL,30,5.5,-130,110
2025-01-28,VGK,DAL,68,5.5,-108,-112
2025-01-28,VGK,DAL,69,5.5,-110,-110
2025-01-28,VGK,DAL,71,6.0,102,-122
2025-01-28,VGK,DAL,75,5.5,-120,100
2025-01-28,SEA,ANA,15,5.5,-125,105
2025-01-28,SEA,ANA,30,5.5,-135,114
2025-01-28,SEA,ANA,68,5.5,-125,105
2025-01-28,SEA,ANA,69,5.5,-124,102
2025-01-28,SEA,ANA,71,6.0,102,-124
2025-01-28,SEA,ANA,75,6.0,100,-120
2025-01-29,FLA,LA,15,5.5,108,-130
2025-01-29,FLA,LA,30,5.5,-110,-110
2025-01-29,FLA,LA,68,5.5,110,-130
2025-01-29,FLA,LA,69,5.5,108,-132
2025-01-29,FLA,LA,71,5.5,106,-129
2025-01-29,FLA,LA,75,5.5,105,-125
2025-01-29,NJ,PHI,15,5.5,-115,-105
2025-01-29,NJ,PHI,30,5.5,-122,-103
2025-01-29,NJ,PHI,68,5.5,-115,-105
2025-01-29,NJ,PHI,69,5.5,-115,-105
2025-01-29,NJ,PHI,71,5.5,-121,100
2025-01-29,NJ,PHI,75,5.5,-115,-105
2025-01-29,TOR,MIN,15,5.5,-118,-102
2025-01-29,TOR,MIN,30,5.5,-122,-100
2025-01-29,TOR,MIN,68,5.5,-118,-102
2025-01-29,TOR,MIN,69,5.5,-118,-104
2025-01-29,TOR,MIN,71,5.5,-115,-106
2025-01-29,TOR,MIN,75,5.5,-115,-105
2025-01-29,NSH,VAN,15,5.5,-122,102
2025-01-29,NSH,VAN,30,5.5,-114,-106
2025-01-29,NSH,VAN,68,5.5,-122,102
2025-01-29,NSH,VAN,69,5.5,-122,-100
2025-01-29,NSH,VAN,71,5.5,-118,-104
2025-01-29,NSH,VAN,75,6.0,100,-120
2025-01-29,UTA,PIT,15,5.5,-135,-167
2025-01-29,UTA,PIT,30,6.5,110,-134
2025-01-29,UTA,PIT,68,5.5,-135,114
2025-01-29,UTA,PIT,69,6.5,110,-134
2025-01-29,UTA,PIT,71,6.0,-115,-106
2025-01-29,UTA,PIT,75,6.0,-110,-110
2025-01-30,CAR,CHI,15,6.5,112,-135
2025-01-30,CAR,CHI,30,5.5,-130,110
2025-01-30,CAR,CHI,68,6.5,114,-135
2025-01-30,CAR,CHI,69,6.5,112,-138
2025-01-30,CAR,CHI,71,6.0,-105,-117
2025-01-30,CAR,CHI,75,6.0,-115,-105
2025-01-30,OTT,WSH,15,5.5,114,-135
2025-01-30,OTT,WSH,30,5.5,-110,-110
2025-01-30,OTT,WSH,68,5.5,114,-135
2025-01-30,OTT,WSH,69,5.5,110,-134
2025-01-30,OTT,WSH,71,5.5,110,-134
2025-01-30,OTT,WSH,75,5.5,115,-130
2025-01-30,TB,LA,15,5.5,-115,-105
2025-01-30,TB,LA,30,5.5,-120,100
2025-01-30,TB,LA,68,5.5,-115,-105
2025-01-30,TB,LA,69,5.5,-118,-104
2025-01-30,TB,LA,71,6.0,102,-124
2025-01-30,TB,LA,75,5.5,-115,-105
2025-01-30,BOS,WPG,15,5.5,-112,-110
2025-01-30,BOS,WPG,30,5.5,-110,-110
2025-01-30,BOS,WPG,68,5.5,-112,-108
2025-01-30,BOS,WPG,69,5.5,-110,-110
2025-01-30,BOS,WPG,71,5.5,-107,-113
2025-01-30,BOS,WPG,75,5.5,-110,-110
2025-01-30,MTL,MIN,15,6.5,-100,-122
2025-01-30,MTL,MIN,30,5.5,-120,100
2025-01-30,MTL,MIN,68,6.5,105,-125
2025-01-30,MTL,MIN,69,6.5,-100,-122
2025-01-30,MTL,MIN,71,6.0,-124,102
2025-01-30,MTL,MIN,75,6.0,-125,105
2025-01-30,PHI,NYI,15,5.5,-112,-108
2025-01-30,PHI,NYI,30,5.5,-110,-110
2025-01-30,PHI,NYI,68,5.5,-112,-108
2025-01-30,PHI,NYI,69,5.5,-115,-105
2025-01-30,PHI,NYI,71,5.5,-110,-110
2025-01-30,PHI,NYI,75,5.5,-115,-105
2025-01-30,CGY,ANA,15,5.5,-130,110
2025-01-30,CGY,ANA,30,5.5,-110,-110
2025-01-30,CGY,ANA,68,5.5,-130,110
2025-01-30,CGY,ANA,69,5.5,-128,104
2025-01-30,CGY,ANA,71,6.0,102,-124
2025-01-30,CGY,ANA,75,6.0,-105,-115
2025-01-30,EDM,DET,15,6.5,-115,-105
2025-01-30,EDM,DET,30,5.5,-130,110
2025-01-30,EDM,DET,68,6.5,-115,-105
2025-01-30,EDM,DET,69,6.5,-115,-105
2025-01-30,EDM,DET,71,6.5,-104,-118
2025-01-30,EDM,DET,75,6.5,-110,-110
2025-01-30,VGK,CBJ,15,6.5,-100,-120
2025-01-30,VGK,CBJ,30,6.5,100,-120
2025-01-30,VGK,CBJ,68,6.5,100,-120
2025-01-30,VGK,CBJ,69,6.5,-100,-122
2025-01-30,VGK,CBJ,71,6.5,100,-122
2025-01-30,VGK,CBJ,75,6.5,100,-120
2025-01-30,SEA,SJ,15,6.5,120,-142
2025-01-30,SEA,SJ,30,6.5,110,-130
2025-01-30,SEA,SJ,68,6.5,120,-142
2025-01-30,SEA,SJ,69,6.5,112,-138
2025-01-30,SEA,SJ,71,6.0,-115,-109
2025-01-30,SEA,SJ,75,6.0,-110,-110
2025-01-31,BUF,NSH,15,6.5,-120,-102
2025-01-31,BUF,NSH,30,5.5,-131,109
2025-01-31,BUF,NSH,68,6.5,-118,-102
2025-01-31,BUF,NSH,69,6.5,-120,-102
2025-01-31,BUF,NSH,71,6.5,-118,-104
2025-01-31,BUF,NSH,75,6.5,-115,-105
2025-01-31,DAL,VAN,15,5.5,105,-125
2025-01-31,DAL,VAN,30,5.5,-115,-105
2025-01-31,DAL,VAN,68,5.5,105,-125
2025-01-31,DAL,VAN,69,5.5,106,-130
2025-01-31,DAL,VAN,71,5.5,107,-130
2025-01-31,DAL,VAN,75,5.5,105,-125
2025-01-31,COL,STL,15,5.5,-125,105
2025-01-31,COL,STL,30,5.5,-125,103
2025-01-31,COL,STL,68,5.5,-125,105
2025-01-31,COL,STL,69,5.5,-132,108
2025-01-31,COL,STL,71,6.0,-105,-117
2025-01-31,COL,STL,75,6.0,100,-120
2025-01-31,UTA,CBJ,15,5.5,-142,116
2025-01-31,UTA,CBJ,30,6.5,-105,-116
2025-01-31,UTA,CBJ,68,5.5,-130,110
2025-01-31,UTA,CBJ,69,5.5,-142,116
2025-01-31,UTA,CBJ,71,6.0,-114,-107
2025-01-31,UTA,CBJ,75,6.0,-110,-110
2025-02-01,FLA,CHI,15,5.5,-134,110
2025-02-01,FLA,CHI,30,6.0,-120,100
2025-02-01,FLA,CHI,68,5.5,-130,110
2025-02-01,FLA,CHI,69,5.5,-134,110
2025-02-01,FLA,CHI,71,5.5,-125,102
2025-02-01,FLA,CHI,75,6.0,-105,-115
2025-02-01,BOS,NYR,15,6.5,114,-135
2025-02-01,BOS,NYR,30,5.5,-118,-104
2025-02-01,BOS,NYR,68,6.5,114,-135
2025-02-01,BOS,NYR,69,5.5,-138,112
2025-02-01,BOS,NYR,71,6.0,-106,-121
2025-02-01,BOS,NYR,75,6.0,-110,-110
2025-02-01,CAR,LA,15,5.5,-105,-120
2025-02-01,CAR,LA,30,5.5,-112,-108
2025-02-01,CAR,LA,68,5.5,-105,-115
2025-02-01,CAR,LA,69,5.5,104,-128
2025-02-01,CAR,LA,71,5.5,-108,-118
2025-02-01,CAR,LA,75,5.5,100,-120
2025-02-01,WSH,WPG,15,5.5,102,-120
2025-02-01,WSH,WPG,30,5.5,-106,-114
2025-02-01,WSH,WPG,68,5.5,-102,-118
2025-02-01,WSH,WPG,69,5.5,102,-124
2025-02-01,WSH,WPG,71,5.5,104,-125
2025-02-01,WSH,WPG,75,5.5,100,-120
2025-02-01,TB,NYI,15,5.5,-125,105
2025-02-01,TB,NYI,30,6.5,114,-140
2025-02-01,TB,NYI,68,5.5,-125,105
2025-02-01,TB,NYI,69,5.5,-120,-102
2025-02-01,TB,NYI,71,6.0,102,-122
2025-02-01,TB,NYI,75,6.0,100,-120
2025-02-01,OTT,MIN,15,5.5,105,-125
2025-02-01,OTT,MIN,30,5.5,-115,-105
2025-02-01,OTT,MIN,68,5.5,105,-125
2025-02-01,OTT,MIN,69,5.5,106,-130
2025-02-01,OTT,MIN,71,5.5,100,-121
2025-02-01,OTT,MIN,75,5.5,105,-125
2025-02-01,PIT,NSH,15,6.5,-105,-115
2025-02-01,PIT,NSH,30,5.5,-140,114
2025-02-01,PIT,NSH,68,6.5,-105,-115
2025-02-01,PIT,NSH,69,6.5,-108,-112
2025-02-01,PIT,NSH,71,6.5,100,-122
2025-02-01,PIT,NSH,75,6.5,-105,-115
2025-02-01,EDM,TOR,15,6.5,-110,-110
2025-02-01,EDM,TOR,30,6.5,110,-134
2025-02-01,EDM,TOR,68,6.5,-110,-110
2025-02-01,EDM,TOR,69,6.5,-112,-108
2025-02-01,EDM,TOR,71,6.5,-106,-115
2025-02-01,EDM,TOR,75,6.5,-110,-110
2025-02-01,CGY,DET,15,5.5,-120,100
2025-02-01,CGY,DET,30,5.5,-134,110
2025-02-01,CGY,DET,68,5.5,-120,100
2025-02-01,CGY,DET,69,5.5,-115,-105
2025-02-01,CGY,DET,71,5.5,-120,-103
2025-02-01,CGY,DET,75,5.5,-120,100
2025-02-02,BUF,NJ,15,6.5,120,-142
2025-02-02,BUF,NJ,30,6.5,105,-125
2025-02-02,BUF,NJ,68,6.5,120,-142
2025-02-02,BUF,NJ,69,6.5,112,-138
2025-02-02,BUF,NJ,71,6.0,-118,-104
2025-02-02,BUF,NJ,75,6.0,-110,-110
2025-02-02,COL,PHI,15,5.5,-130,110
2025-02-02,COL,PHI,30,5.5,-125,105
2025-02-02,COL,PHI,68,5.5,-130,110
2025-02-02,COL,PHI,69,5.5,-128,104
2025-02-02,COL,PHI,71,6.0,-108,-112
2025-02-02,COL,PHI,75,6.0,-105,-115
2025-02-02,ANA,MTL,15,6.5,110,-125
2025-02-02,ANA,MTL,30,5.5,-125,105
2025-02-02,ANA,MTL,68,6.5,110,-130
2025-02-02,ANA,MTL,69,5.5,-130,108
2025-02-02,ANA,MTL,71,6.0,-117,-108
2025-02-02,ANA,MTL,75,6.0,-115,-105
2025-02-02,DAL,CBJ,15,5.5,-122,100
2025-02-02,DAL,CBJ,30,5.5,-130,110
2025-02-02,DAL,CBJ,68,5.5,-120,100
2025-02-02,DAL,CBJ,69,5.5,-122,-100
2025-02-02,DAL,CBJ,71,5.5,-120,-103
2025-02-02,DAL,CBJ,75,5.5,-120,100
2025-02-02,FLA,NYI,15,5.5,-132,108
2025-02-02,FLA,NYI,30,5.5,-125,105
2025-02-02,FLA,NYI,68,5.5,-125,105
2025-02-02,FLA,NYI,69,5.5,-132,108
2025-02-02,FLA,NYI,71,6.0,-103,-120
2025-02-02,FLA,NYI,75,6.0,100,-120
2025-02-02,NYR,VGK,15,6.5,100,-120
2025-02-02,NYR,VGK,30,6.5,110,-130
2025-02-02,NYR,VGK,68,6.5,100,-120
2025-02-02,NYR,VGK,69,6.5,104,-128
2025-02-02,NYR,VGK,71,6.5,100,-120
2025-02-02,NYR,VGK,75,6.5,100,-120
2025-02-02,UTA,STL,15,5.5,-108,-110
2025-02-02,UTA,STL,30,5.5,-110,-110
2025-02-02,UTA,STL,68,5.5,-108,-112
2025-02-02,UTA,STL,69,5.5,-110,-110
2025-02-02,UTA,STL,71,5.5,-113,-108
2025-02-02,UTA,STL,75,5.5,-105,-115
2025-02-02,VAN,DET,15,5.5,-102,-120
2025-02-02,VAN,DET,30,5.5,-115,-105
2025-02-02,VAN,DET,68,5.5,-102,-118
2025-02-02,VAN,DET,69,5.5,-100,-122
2025-02-02,VAN,DET,71,5.5,-112,-109
2025-02-02,VAN,DET,75,5.5,100,-120
2025-02-02,SEA,CGY,15,5.5,-122,102
2025-02-02,SEA,CGY,30,5.5,-115,-105
2025-02-02,SEA,CGY,68,5.5,-122,102
2025-02-02,SEA,CGY,69,5.5,-124,102
2025-02-02,SEA,CGY,71,5.5,-125,-103
2025-02-02,SEA,CGY,75,5.5,-120,100
2025-02-03,NSH,OTT,15,5.5,-122,100
2025-02-03,NSH,OTT,30,5.5,-115,-105
2025-02-03,NSH,OTT,68,5.5,-130,110
2025-02-03,NSH,OTT,69,5.5,-122,-100
2025-02-03,NSH,OTT,71,5.5,-113,-108
2025-02-03,NSH,OTT,75,5.5,-120,100
2025-02-04,WSH,FLA,15,5.5,-112,-108
2025-02-04,WSH,FLA,30,5.5,-125,-105
2025-02-04,WSH,FLA,68,5.5,-112,-108
2025-02-04,WSH,FLA,69,5.5,-108,-112
2025-02-04,WSH,FLA,71,5.5,-115,-106
2025-02-04,WSH,FLA,75,5.5,-115,-105
2025-02-04,TB,OTT,15,5.5,-110,-110
2025-02-04,TB,OTT,30,5.5,-115,-105
2025-02-04,TB,OTT,68,5.5,-110,-110
2025-02-04,TB,OTT,69,5.5,-115,-105
2025-02-04,TB,OTT,71,5.5,-114,-107
2025-02-04,TB,OTT,75,5.5,-110,-110
2025-02-04,BOS,MIN,15,5.5,-108,-112
2025-02-04,BOS,MIN,30,5.5,-120,-100
2025-02-04,BOS,MIN,68,5.5,-108,-112
2025-02-04,BOS,MIN,69,5.5,-105,-115
2025-02-04,BOS,MIN,71,5.5,-113,-108
2025-02-04,BOS,MIN,75,5.5,-110,-110
2025-02-04,PIT,NJ,15,6.5,106,-130
2025-02-04,PIT,NJ,30,5.5,-135,114
2025-02-04,PIT,NJ,68,6.5,110,-130
2025-02-04,PIT,NJ,69,6.5,106,-130
2025-02-04,PIT,NJ,71,6.0,-115,-106
2025-02-04,PIT,NJ,75,6.0,-115,-105
2025-02-04,BUF,CBJ,15,6.5,-100,-120
2025-02-04,BUF,CBJ,30,6.5,110,-130
2025-02-04,BUF,CBJ,68,6.5,100,-120
2025-02-04,BUF,CBJ,69,6.5,102,-124
2025-02-04,BUF,CBJ,71,6.0,-124,102
2025-02-04,BUF,CBJ,75,6.0,-120,100
2025-02-04,NYI,VGK,15,5.5,-120,-100
2025-02-04,NYI,VGK,30,5.5,-125,105
2025-02-04,NYI,VGK,68,5.5,-120,100
2025-02-04,NYI,VGK,69,5.5,-122,-100
2025-02-04,NYI,VGK,71,6.0,-104,-122
2025-02-04,NYI,VGK,75,5.5,-120,100
2025-02-04,WPG,CAR,15,5.5,-120,-100
2025-02-04,WPG,CAR,30,5.5,-115,-105
2025-02-04,WPG,CAR,68,5.5,-120,100
2025-02-04,WPG,CAR,69,5.5,-130,106
2025-02-04,WPG,CAR,71,5.5,-118,-104
2025-02-04,WPG,CAR,75,5.5,-120,100
2025-02-04,STL,EDM,15,6.5,105,-125
2025-02-04,STL,EDM,30,5.5,-130,110
2025-02-04,STL,EDM,68,6.5,105,-125
2025-02-04,STL,EDM,69,6.5,110,-134
2025-02-04,STL,EDM,71,6.0,-112,-109
2025-02-04,STL,EDM,75,6.0,-120,100
2025-02-04,CGY,TOR,15,5.5,-132,110
2025-02-04,CGY,TOR,30,5.5,-115,-105
2025-02-04,CGY,TOR,68,5.5,-130,110
2025-02-04,CGY,TOR,69,5.5,-132,108
2025-02-04,CGY,TOR,71,5.5,-122,100
2025-02-04,CGY,TOR,75,5.5,-145,110
2025-02-04,UTA,PHI,15,5.5,-110,-110
2025-02-04,UTA,PHI,30,5.5,-120,-100
2025-02-04,UTA,PHI,68,5.5,-110,-110
2025-02-04,UTA,PHI,69,5.5,-108,-112
2025-02-04,UTA,PHI,71,5.5,-113,-108
2025-02-04,UTA,PHI,75,5.5,-110,-110
2025-02-04,SEA,DET,15,5.5,-120,100
2025-02-04,SEA,DET,30,6.5,110,-130
2025-02-04,SEA,DET,68,5.5,-120,100
2025-02-04,SEA,DET,69,5.5,-112,-108
2025-02-04,SEA,DET,71,5.5,-113,-108
2025-02-04,SEA,DET,75,5.5,-120,100
2025-02-04,VAN,COL,15,5.5,-111,-109
2025-02-04,VAN,COL,30,6.5,114,-135
2025-02-04,VAN,COL,68,5.5,-112,-108
2025-02-04,VAN,COL,69,5.5,-110,-110
2025-02-04,VAN,COL,71,5.5,-117,-105
2025-02-04,VAN,COL,75,5.5,-118,-102
2025-02-04,ANA,DAL,15,5.5,-115,-105
2025-02-04,ANA,DAL,30,5.5,-115,-105
2025-02-04,ANA,DAL,68,5.5,-115,-105
2025-02-04,ANA,DAL,69,5.5,-114,-106
2025-02-04,ANA,DAL,71,6.0,102,-124
2025-02-04,ANA,DAL,75,5.5,-115,-105
2025-02-04,SJ,MTL,15,6.5,114,-135
2025-02-04,SJ,MTL,30,6.5,114,-135
2025-02-04,SJ,MTL,68,6.5,114,-135
2025-02-04,SJ,MTL,69,6.5,108,-132
2025-02-04,SJ,MTL,71,6.5,102,-124
2025-02-04,SJ,MTL,75,6.0,-115,-105
2025-02-05,NYR,BOS,15,6.5,105,-125
2025-02-05,NYR,BOS,30,5.5,-120,-100
2025-02-05,NYR,BOS,68,6.5,105,-125
2025-02-05,NYR,BOS,69,6.5,116,-142
2025-02-05,NYR,BOS,71,6.0,-114,-107
2025-02-05,NYR,BOS,75,6.0,-115,-105
2025-02-05,CHI,EDM,15,6.5,-112,-108
2025-02-05,CHI,EDM,30,6.5,114,-135
2025-02-05,CHI,EDM,68,6.5,-112,-108
2025-02-05,CHI,EDM,69,6.5,-114,-106
2025-02-05,CHI,EDM,71,6.5,-112,-109
2025-02-05,CHI,EDM,75,6.5,-115,-105
2025-02-05,LA,MTL,15,5.5,-130,-108
2025-02-05,LA,MTL,30,5.5,-120,-100
2025-02-05,LA,MTL,68,5.5,-112,-108
2025-02-05,LA,MTL,69,5.5,-130,106
2025-02-05,LA,MTL,71,5.5,-122,100
2025-02-05,LA,MTL,75,6.0,100,-120
2025-02-06,PHI,WSH,15,5.5,-120,100
2025-02-06,PHI,WSH,30,5.5,-120,-100
2025-02-06,PHI,WSH,68,5.5,-120,100
2025-02-06,PHI,WSH,69,5.5,-122,-100
2025-02-06,PHI,WSH,71,5.5,-117,-105
2025-02-06,PHI,WSH,75,5.5,-120,100
2025-02-06,CBJ,UTA,15,5.5,-122,-102
2025-02-06,CBJ,UTA,30,6.5,114,-135
2025-02-06,CBJ,UTA,68,5.5,-122,102
2025-02-06,CBJ,UTA,69,5.5,-120,-102
2025-02-06,CBJ,UTA,71,5.5,-124,102
2025-02-06,CBJ,UTA,75,5.5,-120,100
2025-02-06,NJ,VGK,15,5.5,-105,-115
2025-02-06,NJ,VGK,30,5.5,-130,110
2025-02-06,NJ,VGK,68,5.5,-105,-115
2025-02-06,NJ,VGK,69,5.5,-102,-120
2025-02-06,NJ,VGK,71,5.5,-115,-106
2025-02-06,NJ,VGK,75,5.5,-105,-115
2025-02-06,TB,OTT,15,5.5,-125,105
2025-02-06,TB,OTT,30,5.5,-120,-100
2025-02-06,TB,OTT,68,5.5,-125,105
2025-02-06,TB,OTT,69,5.5,-120,-102
2025-02-06,TB,OTT,71,5.5,-120,-103
2025-02-06,TB,OTT,75,6.0,100,-120
2025-02-06,MIN,CAR,15,5.5,-108,-110
2025-02-06,MIN,CAR,30,5.5,-120,-100
2025-02-06,MIN,CAR,68,5.5,-108,-112
2025-02-06,MIN,CAR,69,5.5,-112,-108
2025-02-06,MIN,CAR,71,5.5,-105,-117
2025-02-06,MIN,CAR,75,5.5,-110,-110
2025-02-06,STL,FLA,15,5.5,-120,100
2025-02-06,STL,FLA,30,5.5,-125,105
2025-02-06,STL,FLA,68,5.5,-120,100
2025-02-06,STL,FLA,69,5.5,-124,102
2025-02-06,STL,FLA,71,5.5,-113,-108
2025-02-06,STL,FLA,75,5.5,-120,100
2025-02-06,CGY,COL,15,5.5,-125,110
2025-02-06,CGY,COL,30,5.5,-130,110
2025-02-06,CGY,COL,68,5.5,-125,105
2025-02-06,CGY,COL,69,5.5,-134,110
2025-02-06,CGY,COL,71,6.0,-103,-120
2025-02-06,CGY,COL,75,6.0,100,-120
2025-02-06,SEA,TOR,15,6.5,110,-130
2025-02-06,SEA,TOR,30,6.5,105,-125
2025-02-06,SEA,TOR,68,6.5,110,-130
2025-02-06,SEA,TOR,69,6.5,110,-134
2025-02-06,SEA,TOR,71,6.0,-110,-109
2025-02-06,SEA,TOR,75,6.0,-115,-105
2025-02-06,SJ,VAN,15,5.5,-120,102
2025-02-06,SJ,VAN,30,6.5,114,-135
2025-02-06,SJ,VAN,68,5.5,-122,102
2025-02-06,SJ,VAN,69,5.5,-120,-102
2025-02-06,SJ,VAN,71,6.0,102,-124
2025-02-06,SJ,VAN,75,5.5,-120,100
2025-02-07,NYR,PIT,15,5.5,-130,106
2025-02-07,NYR,PIT,30,6.5,105,-125
2025-02-07,NYR,PIT,68,5.5,-125,105
2025-02-07,NYR,PIT,69,5.5,-130,106
2025-02-07,NYR,PIT,71,6.0,-108,-112
2025-02-07,NYR,PIT,75,6.0,100,-120
2025-02-07,WPG,NYI,15,5.5,-102,-120
2025-02-07,WPG,NYI,30,5.5,-120,-100
2025-02-07,WPG,NYI,68,5.5,-102,-118
2025-02-07,WPG,NYI,69,5.5,104,-128
2025-02-07,WPG,NYI,71,5.5,-105,-117
2025-02-07,WPG,NYI,75,5.5,100,-120
2025-02-07,CHI,NSH,15,6.5,110,-130
2025-02-07,CHI,NSH,30,5.5,-130,110
2025-02-07,CHI,NSH,68,6.5,110,-130
2025-02-07,CHI,NSH,69,6.5,114,-140
2025-02-07,CHI,NSH,71,6.0,-114,-107
2025-02-07,CHI,NSH,75,6.0,-115,-105
2025-02-07,EDM,COL,15,6.5,-122,102
2025-02-07,EDM,COL,30,6.5,105,-125
2025-02-07,EDM,COL,68,6.5,-122,102
2025-02-07,EDM,COL,69,6.5,-124,102
2025-02-07,EDM,COL,71,6.5,-115,-106
2025-02-07,EDM,COL,75,6.5,-120,100
2025-02-07,LA,DAL,15,5.5,102,-122
2025-02-07,LA,DAL,30,5.5,-115,-105
2025-02-07,LA,DAL,68,5.5,102,-122
2025-02-07,LA,DAL,69,5.5,-100,-122
2025-02-07,LA,DAL,71,5.5,104,-125
2025-02-07,LA,DAL,75,5.5,100,-120
2025-02-08,CAR,UTA,15,5.5,-102,-120
2025-02-08,CAR,UTA,30,5.5,-141,-100
2025-02-08,CAR,UTA,68,5.5,-102,-118
2025-02-08,CAR,UTA,69,5.5,-100,-122
2025-02-08,CAR,UTA,71,5.5,-110,-110
2025-02-08,CAR,UTA,75,5.5,-110,-110
2025-02-08,MTL,NJ,15,5.5,-126,104
2025-02-08,MTL,NJ,30,5.5,-141,-100
2025-02-08,MTL,NJ,68,5.5,-118,-102
2025-02-08,MTL,NJ,69,5.5,-134,110
2025-02-08,MTL,NJ,71,6.0,-108,-113
2025-02-08,MTL,NJ,75,6.0,-110,-110
2025-02-08,DET,TB,15,6.5,110,-130
2025-02-08,DET,TB,30,6.5,-105,-125
2025-02-08,DET,TB,68,6.5,110,-130
2025-02-08,DET,TB,69,6.5,108,-132
2025-02-08,DET,TB,71,6.0,-109,-112
2025-02-08,DET,TB,75,6.0,-115,-105
2025-02-08,BOS,VGK,15,5.5,-120,-102
2025-02-08,BOS,VGK,30,5.5,-116,-105
2025-02-08,BOS,VGK,68,5.5,-118,-102
2025-02-08,BOS,VGK,69,5.5,-122,-100
2025-02-08,BOS,VGK,71,5.5,-118,-108
2025-02-08,BOS,VGK,75,5.5,-115,-105
2025-02-08,PHI,PIT,15,5.5,102,-120
2025-02-08,PHI,PIT,30,5.5,-135,-100
2025-02-08,PHI,PIT,68,5.5,-102,-118
2025-02-08,PHI,PIT,69,5.5,102,-124
2025-02-08,PHI,PIT,71,5.5,-106,-115
2025-02-08,PHI,PIT,75,5.5,-105,-115
2025-02-08,FLA,OTT,15,5.5,-110,-112
2025-02-08,FLA,OTT,30,5.5,-125,-105
2025-02-08,FLA,OTT,68,5.5,-108,-112
2025-02-08,FLA,OTT,69,5.5,-110,-110
2025-02-08,FLA,OTT,71,5.5,-109,-117
2025-02-08,FLA,OTT,75,5.5,-110,-110
2025-02-08,CBJ,NYR,15,6.5,105,-125
2025-02-08,CBJ,NYR,30,5.5,-138,112
2025-02-08,CBJ,NYR,68,6.5,105,-125
2025-02-08,CBJ,NYR,69,6.5,102,-124
2025-02-08,CBJ,NYR,71,6.0,-122,102
2025-02-08,CBJ,NYR,75,6.0,-120,100
2025-02-08,STL,CHI,15,5.5,-122,102
2025-02-08,STL,CHI,30,5.5,-124,102
2025-02-08,STL,CHI,68,5.5,-122,102
2025-02-08,STL,CHI,69,5.5,-122,-100
2025-02-08,STL,CHI,71,5.5,-120,-103
2025-02-08,STL,CHI,75,5.5,-120,100
2025-02-08,VAN,TOR,15,5.5,100,-118
2025-02-08,VAN,TOR,30,5.5,-141,-100
2025-02-08,VAN,TOR,68,5.5,-102,-118
2025-02-08,VAN,TOR,69,5.5,-100,-122
2025-02-08,VAN,TOR,71,5.5,-107,-114
2025-02-08,VAN,TOR,75,5.5,-105,-115
2025-02-08,NSH,BUF,15,6.5,-106,-113
2025-02-08,NSH,BUF,30,5.5,-140,114
2025-02-08,NSH,BUF,68,6.5,-108,-112
2025-02-08,NSH,BUF,69,6.5,-102,-120
2025-02-08,NSH,BUF,71,6.5,-107,-114
2025-02-08,NSH,BUF,75,6.5,-102,-118
2025-02-08,MIN,NYI,15,5.5,-102,-120
2025-02-08,MIN,NYI,30,5.5,-100,-122
2025-02-08,MIN,NYI,68,5.5,-102,-118
2025-02-08,MIN,NYI,69,5.5,-100,-122
2025-02-08,MIN,NYI,71,5.5,-105,-117
2025-02-08,MIN,NYI,75,5.5,100,-120
2025-02-08,CGY,SEA,15,5.5,-120,102
2025-02-08,CGY,SEA,30,5.5,-125,-105
2025-02-08,CGY,SEA,68,5.5,-122,102
2025-02-08,CGY,SEA,69,5.5,-114,-106
2025-02-08,CGY,SEA,71,5.5,-118,-104
2025-02-08,CGY,SEA,75,5.5,-120,100
2025-02-08,SJ,DAL,15,6.5,110,-130
2025-02-08,SJ,DAL,30,6.5,-100,-135
2025-02-08,SJ,DAL,68,6.5,110,-130
2025-02-08,SJ,DAL,69,6.5,110,-134
2025-02-08,SJ,DAL,71,6.0,-121,-105
2025-02-08,SJ,DAL,75,6.0,-115,-105
2025-02-08,LA,ANA,15,5.5,-110,-110
2025-02-08,LA,ANA,30,5.5,-147,105
2025-02-08,LA,ANA,68,5.5,-110,-110
2025-02-08,LA,ANA,69,5.5,-114,-106
2025-02-08,LA,ANA,71,5.5,-110,-110
2025-02-08,LA,ANA,75,5.5,-110,-110
2025-02-09,WSH,UTA,15,5.5,-110,-112
2025-02-09,WSH,UTA,30,5.5,-115,-105
2025-02-09,WSH,UTA,68,5.5,-108,-112
2025-02-09,WSH,UTA,69,5.5,-110,-110
2025-02-09,WSH,UTA,71,5.5,-113,-108
2025-02-09,WSH,UTA,75,6.0,100,-120
2025-02-09,MTL,TB,15,6.5,-105,-120
2025-02-09,MTL,TB,30,6.5,-100,-120
2025-02-09,MTL,TB,68,6.5,-105,-115
2025-02-09,MTL,TB,69,6.5,104,-128
2025-02-09,MTL,TB,71,6.5,-107,-114
2025-02-09,MTL,TB,75,6.5,100,-120
2025-02-22,DET,MIN,15,5.5,-120,100
2025-02-22,DET,MIN,30,5.5,-115,-105
2025-02-22,DET,MIN,68,5.5,-120,100
2025-02-22,DET,MIN,69,5.5,-122,-100
2025-02-22,DET,MIN,71,5.5,-115,-106
2025-02-22,DET,MIN,75,5.5,-120,100
2025-02-22,PHI,EDM,15,6.5,114,-135
2025-02-22,PHI,EDM,30,6.5,110,-130
2025-02-22,PHI,EDM,68,6.5,114,-135
2025-02-22,PHI,EDM,69,6.5,110,-134
2025-02-22,PHI,EDM,71,6.0,-106,-115
2025-02-22,PHI,EDM,75,6.0,-115,-105
2025-02-22,PIT,WSH,15,5.5,-122,-102
2025-02-22,PIT,WSH,30,5.5,-135,114
2025-02-22,PIT,WSH,68,5.5,-122,102
2025-02-22,PIT,WSH,69,5.5,-120,-102
2025-02-22,PIT,WSH,71,5.5,-118,-104
2025-02-22,PIT,WSH,75,5.5,-120,100
2025-02-22,BUF,NYR,15,6.5,104,-118
2025-02-22,BUF,NYR,30,5.5,-125,105
2025-02-22,BUF,NYR,68,6.5,-102,-118
2025-02-22,BUF,NYR,69,6.5,104,-128
2025-02-22,BUF,NYR,71,6.5,-104,-118
2025-02-22,BUF,NYR,75,6.5,100,-120
2025-02-22,NJ,DAL,15,5.5,-115,-108
2025-02-22,NJ,DAL,30,5.5,-120,-100
2025-02-22,NJ,DAL,68,5.5,-112,-108
2025-02-22,NJ,DAL,69,5.5,-118,-104
2025-02-22,NJ,DAL,71,5.5,-118,-104
2025-02-22,NJ,DAL,75,5.5,-115,-105
2025-02-22,FLA,SEA,15,5.5,-125,105
2025-02-22,FLA,SEA,30,5.5,-130,110
2025-02-22,FLA,SEA,68,5.5,-125,105
2025-02-22,FLA,SEA,69,5.5,-122,-100
2025-02-22,FLA,SEA,71,5.5,-124,102
2025-02-22,FLA,SEA,75,6.0,100,-120
2025-02-22,NSH,COL,15,6.5,100,-118
2025-02-22,NSH,COL,30,5.5,-115,-105
2025-02-22,NSH,COL,68,6.5,100,-120
2025-02-22,NSH,COL,69,6.5,-104,-118
2025-02-22,NSH,COL,71,6.0,-121,-105
2025-02-22,NSH,COL,75,6.5,100,-120
2025-02-22,OTT,MTL,15,5.5,-122,102
2025-02-22,OTT,MTL,30,5.5,-125,105
2025-02-22,OTT,MTL,68,5.5,-122,102
2025-02-22,OTT,MTL,69,5.5,-120,-102
2025-02-22,OTT,MTL,71,6.0,-106,-115
2025-02-22,OTT,MTL,75,5.5,-120,100
2025-02-22,STL,WPG,15,5.5,-140,114
2025-02-22,STL,WPG,30,5.5,-115,-105
2025-02-22,STL,WPG,68,5.5,-130,110
2025-02-22,STL,WPG,69,5.5,-140,114
2025-02-22,STL,WPG,71,6.0,100,-125
2025-02-22,STL,WPG,75,6.0,-105,-115
2025-02-22,BOS,ANA,15,5.5,-115,-106
2025-02-22,BOS,ANA,30,5.5,-105,-115
2025-02-22,BOS,ANA,68,5.5,-120,-110
2025-02-22,BOS,ANA,69,5.5,-114,-106
2025-02-22,BOS,ANA,71,5.5,-114,-112
2025-02-22,BOS,ANA,75,5.5,-115,-105
2025-02-22,TOR,CAR,15,5.5,-123,105
2025-02-22,TOR,CAR,30,5.5,-130,110
2025-02-22,TOR,CAR,68,5.5,-125,105
2025-02-22,TOR,CAR,69,5.5,-122,-100
2025-02-22,TOR,CAR,71,5.5,-122,-104
2025-02-22,TOR,CAR,75,6.0,100,-120
2025-02-22,CBJ,CHI,15,6.5,112,-135
2025-02-22,CBJ,CHI,30,6.5,-100,-120
2025-02-22,CBJ,CHI,68,6.5,114,-135
2025-02-22,CBJ,CHI,69,6.5,112,-138
2025-02-22,CBJ,CHI,71,6.0,-118,-104
2025-02-22,CBJ,CHI,75,6.0,-115,-105
2025-02-22,LA,UTA,15,5.5,-102,-120
2025-02-22,LA,UTA,30,5.5,-110,-110
2025-02-22,LA,UTA,68,5.5,-102,-118
2025-02-22,LA,UTA,69,5.5,-102,-120
2025-02-22,LA,UTA,71,5.5,-106,-115
2025-02-22,LA,UTA,75,5.5,-105,-115
2025-02-22,VGK,VAN,15,5.5,100,-120
2025-02-22,VGK,VAN,30,5.5,-125,105
2025-02-22,VGK,VAN,68,5.5,100,-120
2025-02-22,VGK,VAN,69,5.5,-104,-118
2025-02-22,VGK,VAN,71,5.5,-109,-117
2025-02-22,VGK,VAN,75,5.5,100,-120
2025-02-23,WSH,EDM,15,6.5,-125,105
2025-02-23,WSH,EDM,30,5.5,-115,-105
2025-02-23,WSH,EDM,68,6.5,-125,105
2025-02-23,WSH,EDM,69,6.5,-120,-102
2025-02-23,WSH,EDM,71,6.5,-120,-103
2025-02-23,WSH,EDM,75,6.5,-120,100
2025-02-23,PIT,NYR,15,6.5,102,-122
2025-02-23,PIT,NYR,30,5.5,-125,105
2025-02-23,PIT,NYR,68,6.5,102,-122
2025-02-23,PIT,NYR,69,6.5,104,-128
2025-02-23,PIT,NYR,71,6.0,-117,-105
2025-02-23,PIT,NYR,75,6.0,-110,-110
2025-02-23,TB,SEA,15,6.5,100,-120
2025-02-23,TB,SEA,30,6.5,110,-130
2025-02-23,TB,SEA,68,6.5,100,-120
2025-02-23,TB,SEA,69,6.5,-100,-122
2025-02-23,TB,SEA,71,6.0,-120,-103
2025-02-23,TB,SEA,75,6.5,100,-120
2025-02-23,NSH,NJ,15,5.5,-130,110
2025-02-23,NSH,NJ,30,5.5,-120,100
2025-02-23,NSH,NJ,68,5.5,-130,110
2025-02-23,NSH,NJ,69,5.5,-128,104
2025-02-23,NSH,NJ,71,6.0,-109,-112
2025-02-23,NSH,NJ,75,6.0,-105,-115
2025-02-23,STL,COL,15,5.5,-122,102
2025-02-23,STL,COL,30,6.5,105,-125
2025-02-23,STL,COL,68,5.5,-122,102
2025-02-23,STL,COL,69,5.5,-122,-100
2025-02-23,STL,COL,71,6.0,-109,-112
2025-02-23,STL,COL,75,6.0,100,-120
2025-02-23,DET,ANA,15,5.5,-115,-105
2025-02-23,DET,ANA,30,5.5,-120,100
2025-02-23,DET,ANA,68,5.5,-115,-105
2025-02-23,DET,ANA,69,5.5,-118,-104
2025-02-23,DET,ANA,71,5.5,-113,-107
2025-02-23,DET,ANA,75,5.5,-118,-102
2025-02-23,CHI,TOR,15,6.0,-120,100
2025-02-23,CHI,TOR,30,6.5,110,-130
2025-02-23,CHI,TOR,68,5.5,-142,120
2025-02-23,CHI,TOR,69,6.5,110,-134
2025-02-23,CHI,TOR,71,6.0,-108,-113
2025-02-23,CHI,TOR,75,6.0,-120,100
2025-02-23,NYI,DAL,15,5.5,-120,100
2025-02-23,NYI,DAL,30,5.5,-115,-105
2025-02-23,NYI,DAL,68,5.5,-120,100
2025-02-23,NYI,DAL,69,5.5,-120,-102
2025-02-23,NYI,DAL,71,5.5,-122,102
2025-02-23,NYI,DAL,75,5.5,-120,100
2025-02-23,CGY,SJ,15,6.5,105,-125
2025-02-23,CGY,SJ,30,6.5,105,-125
2025-02-23,CGY,SJ,68,6.5,105,-125
2025-02-23,CGY,SJ,69,6.5,108,-132
2025-02-23,CGY,SJ,71,6.0,-120,-103
2025-02-23,CGY,SJ,75,6.0,-115,-105
2025-02-23,UTA,VAN,15,5.5,100,-120
2025-02-23,UTA,VAN,30,5.5,-110,-110
2025-02-23,UTA,VAN,68,5.5,102,-122
2025-02-23,UTA,VAN,69,5.5,-102,-120
2025-02-23,UTA,VAN,71,5.5,-104,-118
2025-02-23,UTA,VAN,75,5.5,100,-120
2025-02-24,WPG,SJ,15,6.0,-120,100
2025-02-24,WPG,SJ,30,5.5,-125,105
2025-02-24,WPG,SJ,68,6.5,110,-130
2025-02-24,WPG,SJ,69,5.5,-140,114
2025-02-24,WPG,SJ,71,6.0,-108,-117
2025-02-24,WPG,SJ,75,6.0,-120,100
2025-02-24,LA,VGK,15,5.5,-120,102
2025-02-24,LA,VGK,30,5.5,-115,-105
2025-02-24,LA,VGK,68,5.5,-118,-102
2025-02-24,LA,VGK,69,5.5,-124,102
2025-02-24,LA,VGK,71,5.5,-107,-114
2025-02-24,LA,VGK,75,5.5,-110,-110
2025-02-25,WSH,CGY,15,6.5,110,-130
2025-02-25,WSH,CGY,30,5.5,-140,114
2025-02-25,WSH,CGY,68,6.5,110,-130
2025-02-25,WSH,CGY,69,6.5,114,-140
2025-02-25,WSH,CGY,71,6.0,-113,-112
2025-02-25,WSH,CGY,75,6.0,-115,-105
2025-02-25,PHI,PIT,15,5.5,-122,102
2025-02-25,PHI,PIT,30,5.5,-147,105
2025-02-25,PHI,PIT,68,5.5,-122,102
2025-02-25,PHI,PIT,69,5.5,-122,-100
2025-02-25,PHI,PIT,71,6.0,-104,-118
2025-02-25,PHI,PIT,75,6.0,100,-120
2025-02-25,BUF,ANA,15,6.5,105,-125
2025-02-25,BUF,ANA,30,6.5,116,-142
2025-02-25,BUF,ANA,68,6.5,105,-125
2025-02-25,BUF,ANA,69,6.5,108,-132
2025-02-25,BUF,ANA,71,6.0,-122,-103
2025-02-25,BUF,ANA,75,6.0,-115,-105
2025-02-25,BOS,TOR,15,5.5,-130,110
2025-02-25,BOS,TOR,30,5.5,-120,-102
2025-02-25,BOS,TOR,68,5.5,-130,110
2025-02-25,BOS,TOR,69,5.5,-122,-100
2025-02-25,BOS,TOR,71,5.5,-125,100
2025-02-25,BOS,TOR,75,6.0,-105,-115
2025-02-25,MTL,CAR,15,6.5,114,-135
2025-02-25,MTL,CAR,30,6.5,116,-142
2025-02-25,MTL,CAR,68,6.5,114,-135
2025-02-25,MTL,CAR,69,6.5,114,-140
2025-02-25,MTL,CAR,71,6.0,-112,-109
2025-02-25,MTL,CAR,75,6.0,-110,-110
2025-02-25,CBJ,DAL,15,6.5,110,-130
2025-02-25,CBJ,DAL,30,6.5,114,-140
2025-02-25,CBJ,DAL,68,6.5,110,-130
2025-02-25,CBJ,DAL,69,6.5,106,-130
2025-02-25,CBJ,DAL,71,6.0,-118,-104
2025-02-25,CBJ,DAL,75,6.0,-120,100
2025-02-25,TB,EDM,15,6.5,-125,105
2025-02-25,TB,EDM,30,6.5,104,-128
2025-02-25,TB,EDM,68,6.5,-125,105
2025-02-25,TB,EDM,69,6.5,-132,108
2025-02-25,TB,EDM,71,6.5,-122,-103
2025-02-25,TB,EDM,75,6.5,-125,105
2025-02-25,NYI,NYR,15,5.5,-130,106
2025-02-25,NYI,NYR,30,5.5,-124,102
2025-02-25,NYI,NYR,68,5.5,-125,105
2025-02-25,NYI,NYR,69,5.5,-130,106
2025-02-25,NYI,NYR,71,6.0,102,-122
2025-02-25,NYI,NYR,75,6.0,-105,-115
2025-02-25,STL,SEA,15,5.5,-110,-112
2025-02-25,STL,SEA,30,5.5,-118,-104
2025-02-25,STL,SEA,68,5.5,-108,-112
2025-02-25,STL,SEA,69,5.5,-110,-110
2025-02-25,STL,SEA,71,5.5,-105,-117
2025-02-25,STL,SEA,75,5.5,-110,-110
2025-02-25,NSH,FLA,15,5.5,-130,110
2025-02-25,NSH,FLA,30,5.5,-134,110
2025-02-25,NSH,FLA,68,5.5,-130,110
2025-02-25,NSH,FLA,69,5.5,-130,106
2025-02-25,NSH,FLA,71,5.5,-124,102
2025-02-25,NSH,FLA,75,6.0,-102,-118
2025-02-25,MIN,DET,15,5.5,-120,100
2025-02-25,MIN,DET,30,5.5,-122,-100
2025-02-25,MIN,DET,68,5.5,-120,100
2025-02-25,MIN,DET,69,5.5,-118,-102
2025-02-25,MIN,DET,71,5.5,-117,-109
2025-02-25,MIN,DET,75,5.5,-120,100
2025-02-25,UTA,CHI,15,6.5,100,-120
2025-02-25,UTA,CHI,30,6.5,105,-147
2025-02-25,UTA,CHI,68,6.5,102,-122
2025-02-25,UTA,CHI,69,6.5,104,-128
2025-02-25,UTA,CHI,71,6.0,-125,100
2025-02-25,UTA,CHI,75,6.5,100,-120
2025-02-26,OTT,WPG,15,5.5,110,-130
2025-02-26,OTT,WPG,30,5.5,-120,-100
2025-02-26,OTT,WPG,68,5.5,110,-130
2025-02-26,OTT,WPG,69,5.5,112,-138
2025-02-26,OTT,WPG,71,5.5,102,-129
2025-02-26,OTT,WPG,75,5.5,105,-125
2025-02-26,COL,NJ,15,5.5,-120,100
2025-02-26,COL,NJ,30,5.5,-130,110
2025-02-26,COL,NJ,68,5.5,-120,100
2025-02-26,COL,NJ,69,5.5,-118,-104
2025-02-26,COL,NJ,71,5.5,-124,102
2025-02-26,COL,NJ,75,5.5,-120,100
2025-02-26,LA,VAN,15,5.5,117,-140
2025-02-26,LA,VAN,30,5.5,-110,-110
2025-02-26,LA,VAN,68,5.5,120,-142
2025-02-26,LA,VAN,69,5.5,114,-140
2025-02-26,LA,VAN,71,5.5,116,-141
2025-02-26,LA,VAN,75,5.5,115,-140
2025-02-27,DET,CBJ,15,6.5,110,-130
2025-02-27,DET,CBJ,30,6.5,-110,-110
2025-02-27,DET,CBJ,68,6.5,110,-130
2025-02-27,DET,CBJ,69,6.5,-100,-122
2025-02-27,DET,CBJ,71,6.0,-121,-105
2025-02-27,DET,CBJ,75,6.0,-115,-105
2025-02-27,TB,CGY,15,5.5,-134,110
2025-02-27,TB,CGY,30,5.5,-115,-105
2025-02-27,TB,CGY,68,5.5,-125,105
2025-02-27,TB,CGY,69,5.5,-134,110
2025-02-27,TB,CGY,71,6.0,-106,-115
2025-02-27,TB,CGY,75,6.0,-105,-115
2025-02-27,BOS,NYI,15,5.5,-130,110
2025-02-27,BOS,NYI,30,5.5,-120,-100
2025-02-27,BOS,NYI,68,5.5,-130,110
2025-02-27,BOS,NYI,69,5.5,-114,-106
2025-02-27,BOS,NYI,71,5.5,-124,102
2025-02-27,BOS,NYI,75,6.0,100,-120
2025-02-27,MTL,SJ,15,5.5,-140,114
2025-02-27,MTL,SJ,30,6.5,110,-130
2025-02-27,MTL,SJ,68,5.5,-130,110
2025-02-27,MTL,SJ,69,5.5,-140,114
2025-02-27,MTL,SJ,71,6.0,-109,-117
2025-02-27,MTL,SJ,75,6.0,-105,-115
2025-02-27,WSH,STL,15,5.5,-122,105
2025-02-27,WSH,STL,30,5.5,-130,110
2025-02-27,WSH,STL,68,5.5,-122,102
2025-02-27,WSH,STL,69,5.5,-110,-110
2025-02-27,WSH,STL,71,5.5,-115,-106
2025-02-27,WSH,STL,75,5.5,-120,100
2025-02-27,FLA,EDM,15,6.5,-105,-115
2025-02-27,FLA,EDM,30,6.5,110,-130
2025-02-27,FLA,EDM,68,6.5,-105,-115
2025-02-27,FLA,EDM,69,6.5,104,-128
2025-02-27,FLA,EDM,71,6.5,-109,-117
2025-02-27,FLA,EDM,75,6.5,-110,-110
2025-02-27,CAR,BUF,15,6.5,-105,-120
2025-02-27,CAR,BUF,30,6.0,-110,-110
2025-02-27,CAR,BUF,68,6.5,100,-120
2025-02-27,CAR,BUF,69,6.5,-105,-115
2025-02-27,CAR,BUF,71,6.5,-103,-120
2025-02-27,CAR,BUF,75,6.5,-105,-115
2025-02-27,PIT,PHI,15,5.5,-125,105
2025-02-27,PIT,PHI,30,6.5,110,-130
2025-02-27,PIT,PHI,68,5.5,-125,105
2025-02-27,PIT,PHI,69,5.5,-120,-102
2025-02-27,PIT,PHI,71,6.0,100,-121
2025-02-27,PIT,PHI,75,5.5,-120,100
2025-02-27,NSH,WPG,15,5.5,-125,105
2025-02-27,NSH,WPG,30,5.5,-115,-105
2025-02-27,NSH,WPG,68,5.5,-125,105
2025-02-27,NSH,WPG,69,5.5,-128,104
2025-02-27,NSH,WPG,71,6.0,100,-127
2025-02-27,NSH,WPG,75,6.0,-105,-115
2025-02-27,UTA,MIN,15,5.5,-120,-102
2025-02-27,UTA,MIN,30,5.5,-120,-100
2025-02-27,UTA,MIN,68,5.5,-118,-102
2025-02-27,UTA,MIN,69,5.5,-122,-100
2025-02-27,UTA,MIN,71,6.0,100,-120
2025-02-27,UTA,MIN,75,5.5,-120,100
2025-02-27,ANA,VAN,15,5.5,-112,-110
2025-02-27,ANA,VAN,30,5.5,-135,114
2025-02-27,ANA,VAN,68,5.5,-112,-108
2025-02-27,ANA,VAN,69,5.5,-104,-118
2025-02-27,ANA,VAN,71,5.5,-121,-105
2025-02-27,ANA,VAN,75,5.5,-110,-110
2025-02-27,VGK,CHI,15,6.5,110,-130
2025-02-27,VGK,CHI,30,6.5,105,-125
2025-02-27,VGK,CHI,68,6.5,110,-130
2025-02-27,VGK,CHI,69,6.5,108,-132
2025-02-27,VGK,CHI,71,6.0,-113,-108
2025-02-27,VGK,CHI,75,6.0,-115,-105
2025-02-28,NYR,TOR,15,6.5,110,-130
2025-02-28,NYR,TOR,30,6.5,105,-125
2025-02-28,NYR,TOR,68,6.5,110,-130
2025-02-28,NYR,TOR,69,6.5,112,-140
2025-02-28,NYR,TOR,71,6.0,-113,-108
2025-02-28,NYR,TOR,75,6.0,-118,-102
2025-02-28,DAL,LA,15,5.5,-108,-112
2025-02-28,DAL,LA,30,5.5,-115,-105
2025-02-28,DAL,LA,68,5.5,-108,-112
2025-02-28,DAL,LA,69,5.5,-105,-115
2025-02-28,DAL,LA,71,5.5,-105,-117
2025-02-28,DAL,LA,75,5.5,-110,-110
2025-02-28,COL,MIN,15,5.5,-142,120
2025-02-28,COL,MIN,30,5.5,-135,114
2025-02-28,COL,MIN,68,5.5,-142,120
2025-02-28,COL,MIN,69,5.5,-140,114
2025-02-28,COL,MIN,71,6.0,-109,-112
2025-02-28,COL,MIN,75,6.0,-110,-110
2025-03-01,WSH,TB,15,5.5,-130,110
2025-03-01,WSH,TB,30,5.5,-125,105
2025-03-01,WSH,TB,68,5.5,-130,110
2025-03-01,WSH,TB,69,5.5,-130,106
2025-03-01,WSH,TB,71,6.0,-112,-109
2025-03-01,WSH,TB,75,6.0,-105,-115
2025-03-01,NYI,NSH,15,5.5,-115,-105
2025-03-01,NYI,NSH,30,5.5,-115,-105
2025-03-01,NYI,NSH,68,5.5,-115,-105
2025-03-01,NYI,NSH,69,5.5,-115,-105
2025-03-01,NYI,NSH,71,5.5,-107,-114
2025-03-01,NYI,NSH,75,5.5,-120,100
2025-03-01,PIT,BOS,15,6.5,-105,-115
2025-03-01,PIT,BOS,30,6.5,110,-130
2025-03-01,PIT,BOS,68,6.5,-105,-115
2025-03-01,PIT,BOS,69,6.5,-105,-115
2025-03-01,PIT,BOS,71,6.5,100,-125
2025-03-01,PIT,BOS,75,6.5,100,-120
2025-03-01,FLA,CGY,15,5.5,-122,100
2025-03-01,FLA,CGY,30,5.5,-120,-100
2025-03-01,FLA,CGY,68,5.5,-122,102
2025-03-01,FLA,CGY,69,5.5,-122,-100
2025-03-01,FLA,CGY,71,5.5,-122,102
2025-03-01,FLA,CGY,75,5.5,-120,100
2025-03-01,CBJ,DET,15,6.5,-102,-115
2025-03-01,CBJ,DET,30,5.5,-124,102
2025-03-01,CBJ,DET,68,6.5,-102,-118
2025-03-01,CBJ,DET,69,6.5,-110,-110
2025-03-01,CBJ,DET,71,6.5,-106,-115
2025-03-01,CBJ,DET,75,6.5,-105,-115
2025-03-01,OTT,SJ,15,5.5,-134,110
2025-03-01,OTT,SJ,30,5.5,-130,110
2025-03-01,OTT,SJ,68,5.5,-130,110
2025-03-01,OTT,SJ,69,5.5,-134,110
2025-03-01,OTT,SJ,71,6.0,-103,-124
2025-03-01,OTT,SJ,75,6.0,-105,-115
2025-03-01,CAR,EDM,15,6.5,-115,100
2025-03-01,CAR,EDM,30,6.5,105,-125
2025-03-01,CAR,EDM,68,6.5,-115,-105
2025-03-01,CAR,EDM,69,6.5,-122,-100
2025-03-01,CAR,EDM,71,6.5,-118,-104
2025-03-01,CAR,EDM,75,6.5,-120,100
2025-03-01,BUF,MTL,15,6.5,-110,-110
2025-03-01,BUF,MTL,30,6.5,114,-135
2025-03-01,BUF,MTL,68,6.5,-110,-110
2025-03-01,BUF,MTL,69,6.5,-104,-115
2025-03-01,BUF,MTL,71,6.5,-105,-117
2025-03-01,BUF,MTL,75,6.5,-110,-110
2025-03-01,WPG,PHI,15,5.5,-110,-110
2025-03-01,WPG,PHI,30,5.5,-115,-105
2025-03-01,WPG,PHI,68,5.5,-110,-110
2025-03-01,WPG,PHI,69,5.5,-110,-110
2025-03-01,WPG,PHI,71,5.5,-109,-112
2025-03-01,WPG,PHI,75,5.5,100,-120
2025-03-01,STL,LA,15,5.5,110,-130
2025-03-01,STL,LA,30,5.5,-120,-100
2025-03-01,STL,LA,68,5.5,110,-130
2025-03-01,STL,LA,69,5.5,110,-134
2025-03-01,STL,LA,71,5.5,107,-136
2025-03-01,STL,LA,75,5.5,105,-125
2025-03-01,UTA,NJ,15,5.5,-105,-115
2025-03-01,UTA,NJ,30,5.5,-135,114
2025-03-01,UTA,NJ,68,5.5,-105,-115
2025-03-01,UTA,NJ,69,5.5,-110,-110
2025-03-01,UTA,NJ,71,5.5,-121,-106
2025-03-01,UTA,NJ,75,5.5,-105,-115
2025-03-01,ANA,CHI,15,5.5,-128,105
2025-03-01,ANA,CHI,30,5.5,-135,114
2025-03-01,ANA,CHI,68,5.5,-125,105
2025-03-01,ANA,CHI,69,5.5,-128,104
2025-03-01,ANA,CHI,71,6.0,-104,-125
2025-03-01,ANA,CHI,75,6.0,100,-120
2025-03-01,SEA,VAN,15,5.5,-105,-125
2025-03-01,SEA,VAN,30,5.5,-110,-110
2025-03-01,SEA,VAN,68,5.5,-105,-115
2025-03-01,SEA,VAN,69,5.5,104,-128
2025-03-01,SEA,VAN,71,5.5,-103,-120
2025-03-01,SEA,VAN,75,5.5,100,-120
2025-03-02,PIT,TOR,15,6.5,-105,-115
2025-03-02,PIT,TOR,30,6.5,-105,-115
2025-03-02,PIT,TOR,68,6.5,-105,-115
2025-03-02,PIT,TOR,69,6.5,-108,-112
2025-03-02,PIT,TOR,71,6.5,-105,-121
2025-03-02,PIT,TOR,75,6.5,-105,-115
2025-03-02,MIN,BOS,15,5.5,-105,-115
2025-03-02,MIN,BOS,30,5.5,-120,100
2025-03-02,MIN,BOS,68,5.5,-105,-115
2025-03-02,MIN,BOS,69,5.5,-100,-122
2025-03-02,MIN,BOS,71,5.5,-110,-110
2025-03-02,MIN,BOS,75,5.5,-105,-115
2025-03-02,CAR,CGY,15,5.5,-130,110
2025-03-02,CAR,CGY,30,5.5,-120,100
2025-03-02,CAR,CGY,68,5.5,-130,110
2025-03-02,CAR,CGY,69,5.5,-124,102
2025-03-02,CAR,CGY,71,6.0,100,-120
2025-03-02,CAR,CGY,75,6.0,-105,-115
2025-03-02,DAL,STL,15,5.5,-128,105
2025-03-02,DAL,STL,30,5.5,-125,105
2025-03-02,DAL,STL,68,5.5,-125,105
2025-03-02,DAL,STL,69,5.5,-128,104
2025-03-02,DAL,STL,71,6.0,-103,-120
2025-03-02,DAL,STL,75,6.0,100,-120
2025-03-02,NYR,NSH,15,6.5,100,-115
2025-03-02,NYR,NSH,30,5.5,-125,105
2025-03-02,NYR,NSH,68,6.5,-105,-115
2025-03-02,NYR,NSH,69,6.5,-100,-122
2025-03-02,NYR,NSH,71,6.0,-124,-103
2025-03-02,NYR,NSH,75,6.5,100,-120
2025-03-02,VGK,NJ,15,5.5,-122,102
2025-03-02,VGK,NJ,30,5.5,-130,110
2025-03-02,VGK,NJ,68,5.5,-122,102
2025-03-02,VGK,NJ,69,5.5,-118,-104
2025-03-02,VGK,NJ,71,5.5,-120,-103
2025-03-02,VGK,NJ,75,5.5,-120,100
2025-03-03,WSH,OTT,15,5.5,-115,-105
2025-03-03,WSH,OTT,30,5.5,-120,-100
2025-03-03,WSH,OTT,68,5.5,-115,-105
2025-03-03,WSH,OTT,69,5.5,-115,-105
2025-03-03,WSH,OTT,71,5.5,-115,-106
2025-03-03,WSH,OTT,75,5.5,-120,100
2025-03-03,NYR,NYI,15,6.0,-114,-104
2025-03-03,NYR,NYI,30,5.5,-120,-100
2025-03-03,NYR,NYI,68,5.5,-125,105
2025-03-03,NYR,NYI,69,5.5,-130,106
2025-03-03,NYR,NYI,71,5.5,-120,-103
2025-03-03,NYR,NYI,75,6.0,100,-120
2025-03-03,FLA,TB,15,5.5,-118,100
2025-03-03,FLA,TB,30,5.5,-120,-100
2025-03-03,FLA,TB,68,5.5,-118,-102
2025-03-03,FLA,TB,69,5.5,-122,-100
2025-03-03,FLA,TB,71,6.0,102,-124
2025-03-03,FLA,TB,75,5.5,-120,100
2025-03-03,MTL,BUF,15,6.5,100,-120
2025-03-03,MTL,BUF,30,5.5,-120,-100
2025-03-03,MTL,BUF,68,6.5,100,-120
2025-03-03,MTL,BUF,69,6.5,108,-132
2025-03-03,MTL,BUF,71,6.0,-134,-105
2025-03-03,MTL,BUF,75,6.5,100,-120
2025-03-03,TOR,SJ,15,6.5,100,-118
2025-03-03,TOR,SJ,30,6.5,110,-130
2025-03-03,TOR,SJ,68,6.5,-102,-118
2025-03-03,TOR,SJ,69,6.5,102,-124
2025-03-03,TOR,SJ,71,6.0,-125,100
2025-03-03,TOR,SJ,75,6.0,-120,100
2025-03-03,CHI,LA,15,5.5,-118,-102
2025-03-03,CHI,LA,30,5.5,-125,105
2025-03-03,CHI,LA,68,5.5,-118,-102
2025-03-03,CHI,LA,69,5.5,-112,-108
2025-03-03,CHI,LA,71,6.0,100,-125
2025-03-03,CHI,LA,75,5.5,-120,100
2025-03-04,TB,CBJ,15,6.5,-130,108
2025-03-04,TB,CBJ,30,6.5,-110,-110
2025-03-04,TB,CBJ,68,6.5,-125,105
2025-03-04,TB,CBJ,69,6.5,-132,108
2025-03-04,TB,CBJ,71,6.5,-125,-103
2025-03-04,TB,CBJ,75,6.5,-130,110
2025-03-04,DET,CAR,15,6.5,104,-115
2025-03-04,DET,CAR,30,5.5,-130,110
2025-03-04,DET,CAR,68,6.5,110,-130
2025-03-04,DET,CAR,69,6.5,104,-128
2025-03-04,DET,CAR,71,6.5,100,-127
2025-03-04,DET,CAR,75,6.0,-120,100
2025-03-04,BUF,SJ,15,6.5,-105,-115
2025-03-04,BUF,SJ,30,6.5,-100,-120
2025-03-04,BUF,SJ,68,6.5,-105,-115
2025-03-04,BUF,SJ,69,6.5,-112,-110
2025-03-04,BUF,SJ,71,6.5,-107,-114
2025-03-04,BUF,SJ,75,6.5,-105,-115
2025-03-04,BOS,NSH,15,5.5,-115,-105
2025-03-04,BOS,NSH,30,5.5,-105,-115
2025-03-04,BOS,NSH,68,5.5,-115,-105
2025-03-04,BOS,NSH,69,5.5,-115,-105
2025-03-04,BOS,NSH,71,5.5,-114,-112
2025-03-04,BOS,NSH,75,5.5,-115,-105
2025-03-04,PHI,CGY,15,5.5,-115,-105
2025-03-04,PHI,CGY,30,5.5,-115,-105
2025-03-04,PHI,CGY,68,5.5,-115,-105
2025-03-04,PHI,CGY,69,5.5,-110,-110
2025-03-04,PHI,CGY,71,5.5,-118,-108
2025-03-04,PHI,CGY,75,5.5,-115,-105
2025-03-04,NYI,WPG,15,5.5,-112,-110
2025-03-04,NYI,WPG,30,5.5,-110,-110
2025-03-04,NYI,WPG,68,5.5,-112,-108
2025-03-04,NYI,WPG,69,5.5,-110,-110
2025-03-04,NYI,WPG,71,5.5,-121,100
2025-03-04,NYI,WPG,75,5.5,-110,-110
2025-03-04,DAL,NJ,15,5.5,-124,-102
2025-03-04,DAL,NJ,30,5.5,-130,110
2025-03-04,DAL,NJ,68,5.5,-118,-102
2025-03-04,DAL,NJ,69,5.5,-124,102
2025-03-04,DAL,NJ,71,5.5,-117,-105
2025-03-04,DAL,NJ,75,5.5,-120,100
2025-03-04,EDM,ANA,15,6.5,-120,-104
2025-03-04,EDM,ANA,30,5.5,-141,-100
2025-03-04,EDM,ANA,68,6.5,-120,100
2025-03-04,EDM,ANA,69,6.5,-118,-104
2025-03-04,EDM,ANA,71,6.5,-114,-113
2025-03-04,EDM,ANA,75,6.5,-120,100
2025-03-04,COL,PIT,15,6.5,-112,-105
2025-03-04,COL,PIT,30,6.5,110,-134
2025-03-04,COL,PIT,68,6.5,-112,-108
2025-03-04,COL,PIT,69,6.5,-108,-112
2025-03-04,COL,PIT,71,6.5,-108,-113
2025-03-04,COL,PIT,75,6.5,-115,-105
2025-03-04,SEA,MIN,15,5.5,-105,-115
2025-03-04,SEA,MIN,30,5.5,-125,-105
2025-03-04,SEA,MIN,68,5.5,-105,-115
2025-03-04,SEA,MIN,69,5.5,-106,-114
2025-03-04,SEA,MIN,71,5.5,-106,-115
2025-03-04,SEA,MIN,75,5.5,-110,-110
2025-03-05,CHI,OTT,15,6.5,114,-135
2025-03-05,CHI,OTT,30,5.5,-125,105
2025-03-05,CHI,OTT,68,6.5,114,-135
2025-03-05,CHI,OTT,69,5.5,-132,108
2025-03-05,CHI,OTT,71,6.0,-107,-114
2025-03-05,CHI,OTT,75,6.0,-110,-110
2025-03-05,NYR,WSH,15,5.5,-128,105
2025-03-05,NYR,WSH,30,5.5,-120,100
2025-03-05,NYR,WSH,68,5.5,-125,105
2025-03-05,NYR,WSH,69,5.5,-128,104
2025-03-05,NYR,WSH,71,6.0,-108,-113
2025-03-05,NYR,WSH,75,6.0,-102,-118
2025-03-05,VGK,TOR,15,6.5,114,-135
2025-03-05,VGK,TOR,30,6.5,110,-130
2025-03-05,VGK,TOR,68,6.5,114,-135
2025-03-05,VGK,TOR,69,6.5,110,-134
2025-03-05,VGK,TOR,71,6.0,-114,-107
2025-03-05,VGK,TOR,75,6.0,-110,-110
2025-03-05,VAN,ANA,15,5.5,-115,-105
2025-03-05,VAN,ANA,30,5.5,-105,-115
2025-03-05,VAN,ANA,68,5.5,-115,-105
2025-03-05,VAN,ANA,69,5.5,-115,-105
2025-03-05,VAN,ANA,71,5.5,-115,-110
2025-03-05,VAN,ANA,75,5.5,-115,-105
2025-03-05,LA,STL,15,5.5,110,-130
2025-03-05,LA,STL,30,5.5,-115,-105
2025-03-05,LA,STL,68,5.5,110,-130
2025-03-05,LA,STL,69,5.5,104,-128
2025-03-05,LA,STL,71,5.5,104,-125
2025-03-05,LA,STL,75,5.5,105,-125
2025-03-06,TB,BUF,15,6.5,100,-120
2025-03-06,TB,BUF,30,6.5,110,-152
2025-03-06,TB,BUF,68,6.5,100,-120
2025-03-06,TB,BUF,69,6.5,-102,-120
2025-03-06,TB,BUF,71,6.5,-104,-122
2025-03-06,TB,BUF,75,6.5,100,-120
2025-03-06,FLA,CBJ,15,6.5,110,-130
2025-03-06,FLA,CBJ,30,6.5,105,-147
2025-03-06,FLA,CBJ,68,6.5,110,-130
2025-03-06,FLA,CBJ,69,6.5,110,-134
2025-03-06,FLA,CBJ,71,6.0,-125,100
2025-03-06,FLA,CBJ,75,6.0,-115,-105
2025-03-06,PHI,WPG,15,5.5,-122,100
2025-03-06,PHI,WPG,30,5.5,-147,105
2025-03-06,PHI,WPG,68,5.5,-130,110
2025-03-06,PHI,WPG,69,5.5,-122,-100
2025-03-06,PHI,WPG,71,5.5,-122,-104
2025-03-06,PHI,WPG,75,6.0,100,-120
2025-03-06,CAR,BOS,15,5.5,-134,110
2025-03-06,CAR,BOS,30,5.5,-125,-105
2025-03-06,CAR,BOS,68,5.5,-130,110
2025-03-06,CAR,BOS,69,5.5,-134,110
2025-03-06,CAR,BOS,71,6.0,102,-125
2025-03-06,CAR,BOS,75,6.0,100,-120
2025-03-06,DET,UTA,15,6.5,114,-135
2025-03-06,DET,UTA,30,6.5,105,-147
2025-03-06,DET,UTA,68,6.5,114,-135
2025-03-06,DET,UTA,69,6.5,112,-138
2025-03-06,DET,UTA,71,6.0,-107,-114
2025-03-06,DET,UTA,75,6.0,-110,-110
2025-03-06,DAL,CGY,15,6.5,110,-130
2025-03-06,DAL,CGY,30,5.5,-152,110
2025-03-06,DAL,CGY,68,6.5,110,-130
2025-03-06,DAL,CGY,69,6.5,112,-138
2025-03-06,DAL,CGY,71,6.0,-105,-117
2025-03-06,DAL,CGY,75,6.0,-115,-105
2025-03-06,NSH,SEA,15,5.5,-120,100
2025-03-06,NSH,SEA,30,5.5,-125,-105
2025-03-06,NSH,SEA,68,5.5,-120,100
2025-03-06,NSH,SEA,69,5.5,-118,-104
2025-03-06,NSH,SEA,71,5.5,-120,-106
2025-03-06,NSH,SEA,75,5.5,-118,-102
2025-03-06,EDM,MTL,15,6.5,-118,-102
2025-03-06,EDM,MTL,30,6.5,-100,-135
2025-03-06,EDM,MTL,68,6.5,-118,-102
2025-03-06,EDM,MTL,69,6.5,-120,-102
2025-03-06,EDM,MTL,71,6.5,-108,-112
2025-03-06,EDM,MTL,75,6.5,-115,-105
2025-03-06,COL,SJ,15,6.5,105,-125
2025-03-06,COL,SJ,30,6.5,110,-152
2025-03-06,COL,SJ,68,6.5,105,-125
2025-03-06,COL,SJ,69,6.5,104,-128
2025-03-06,COL,SJ,71,6.0,-125,102
2025-03-06,COL,SJ,75,6.0,-120,100
2025-03-07,NJ,WPG,15,5.5,118,-144
2025-03-07,NJ,WPG,30,5.5,-125,-105
2025-03-07,NJ,WPG,68,5.5,114,-135
2025-03-07,NJ,WPG,69,5.5,118,-144
2025-03-07,NJ,WPG,71,5.5,120,-148
2025-03-07,NJ,WPG,75,5.5,120,-140
2025-03-07,WSH,DET,15,6.5,105,-125
2025-03-07,WSH,DET,30,5.5,-147,105
2025-03-07,WSH,DET,68,6.5,105,-125
2025-03-07,WSH,DET,69,6.5,-102,-120
2025-03-07,WSH,DET,71,6.5,-106,-115
2025-03-07,WSH,DET,75,6.5,-102,-118
2025-03-07,CHI,UTA,15,6.5,114,-134
2025-03-07,CHI,UTA,30,6.5,-105,-125
2025-03-07,CHI,UTA,68,6.5,114,-135
2025-03-07,CHI,UTA,69,6.5,110,-134
2025-03-07,CHI,UTA,71,6.0,-105,-117
2025-03-07,CHI,UTA,75,6.0,-115,-105
2025-03-07,ANA,STL,15,5.5,-120,105
2025-03-07,ANA,STL,30,5.5,-116,-105
2025-03-07,ANA,STL,68,5.5,-120,100
2025-03-07,ANA,STL,69,5.5,-114,-106
2025-03-07,ANA,STL,71,5.5,-122,100
2025-03-07,ANA,STL,75,5.5,-115,-105
2025-03-07,VAN,MIN,15,5.5,105,-128
2025-03-07,VAN,MIN,30,5.5,-100,-122
2025-03-07,VAN,MIN,68,5.5,110,-130
2025-03-07,VAN,MIN,69,5.5,104,-128
2025-03-07,VAN,MIN,71,5.5,102,-124
2025-03-07,VAN,MIN,75,5.5,105,-125
2025-03-07,VGK,PIT,15,6.5,-115,-105
2025-03-07,VGK,PIT,30,6.5,-105,-125
2025-03-07,VGK,PIT,68,6.5,-115,-105
2025-03-07,VGK,PIT,69,6.5,-114,-106
2025-03-07,VGK,PIT,71,6.5,-105,-117
2025-03-07,VGK,PIT,75,6.5,-110,-110
2025-03-08,PHI,SEA,15,6.0,-110,-110
2025-03-08,PHI,SEA,30,5.5,-120,-100
2025-03-08,PHI,SEA,68,6.5,110,-130
2025-03-08,PHI,SEA,69,5.5,-138,112
2025-03-08,PHI,SEA,71,6.0,-107,-113
2025-03-08,PHI,SEA,75,6.0,-105,-115
2025-03-08,OTT,NYR,15,5.5,-120,-102
2025-03-08,OTT,NYR,30,5.5,-125,105
2025-03-08,OTT,NYR,68,5.5,-118,-102
2025-03-08,OTT,NYR,69,5.5,-120,-102
2025-03-08,OTT,NYR,71,5.5,-124,102
2025-03-08,OTT,NYR,75,5.5,-120,100
2025-03-08,TB,BOS,15,5.5,-125,105
2025-03-08,TB,BOS,30,5.5,-110,-110
2025-03-08,TB,BOS,68,5.5,-125,105
2025-03-08,TB,BOS,69,5.5,-122,-100
2025-03-08,TB,BOS,71,6.0,100,-125
2025-03-08,TB,BOS,75,6.0,100,-120
2025-03-08,FLA,BUF,15,6.5,100,-118
2025-03-08,FLA,BUF,30,6.5,114,-135
2025-03-08,FLA,BUF,68,6.5,100,-120
2025-03-08,FLA,BUF,69,6.5,-104,-118
2025-03-08,FLA,BUF,71,6.5,100,-127
2025-03-08,FLA,BUF,75,6.0,-120,100
2025-03-08,COL,TOR,15,6.5,-112,-110
2025-03-08,COL,TOR,30,6.5,114,-135
2025-03-08,COL,TOR,68,6.5,-112,-108
2025-03-08,COL,TOR,69,6.5,-102,-120
2025-03-08,COL,TOR,71,6.5,-104,-117
2025-03-08,COL,TOR,75,6.5,-110,-110
2025-03-08,CGY,MTL,15,5.5,-125,105
2025-03-08,CGY,MTL,30,5.5,-120,-100
2025-03-08,CGY,MTL,68,5.5,-125,105
2025-03-08,CGY,MTL,69,5.5,-128,-100
2025-03-08,CGY,MTL,71,5.5,-125,100
2025-03-08,CGY,MTL,75,6.0,100,-120
2025-03-08,LA,STL,15,5.5,-102,-118
2025-03-08,LA,STL,30,5.5,-115,-105
2025-03-08,LA,STL,68,5.5,-102,-118
2025-03-08,LA,STL,69,5.5,-104,-118
2025-03-08,LA,STL,71,5.5,-103,-120
2025-03-08,LA,STL,75,5.5,100,-120
2025-03-08,NSH,CHI,15,6.5,100,-115
2025-03-08,NSH,CHI,30,6.5,114,-135
2025-03-08,NSH,CHI,68,6.5,100,-120
2025-03-08,NSH,CHI,69,6.5,-106,-114
2025-03-08,NSH,CHI,71,6.5,102,-124
2025-03-08,NSH,CHI,75,6.5,100,-120
2025-03-08,EDM,DAL,15,6.5,-120,100
2025-03-08,EDM,DAL,30,5.5,-130,110
2025-03-08,EDM,DAL,68,6.5,-120,100
2025-03-08,EDM,DAL,69,6.5,-118,-104
2025-03-08,EDM,DAL,71,6.5,-117,-109
2025-03-08,EDM,DAL,75,6.5,-118,-102
2025-03-08,SJ,NYI,15,5.5,-135,114
2025-03-08,SJ,NYI,30,5.5,-130,110
2025-03-08,SJ,NYI,68,5.5,-135,114
2025-03-08,SJ,NYI,69,5.5,-140,114
2025-03-08,SJ,NYI,71,6.0,-107,-118
2025-03-08,SJ,NYI,75,6.0,-110,-110
2025-03-09,PHI,NJ,15,5.5,-108,-112
2025-03-09,PHI,NJ,30,5.5,-120,-100
2025-03-09,PHI,NJ,68,5.5,-108,-112
2025-03-09,PHI,NJ,69,5.5,-108,-112
2025-03-09,PHI,NJ,71,5.5,-104,-117
2025-03-09,PHI,NJ,75,5.5,-105,-115
2025-03-09,WSH,SEA,15,5.5,-130,110
2025-03-09,WSH,SEA,30,5.5,-125,105
2025-03-09,WSH,SEA,68,5.5,-130,110
2025-03-09,WSH,SEA,69,5.5,-130,108
2025-03-09,WSH,SEA,71,6.0,-106,-114
2025-03-09,WSH,SEA,75,6.0,100,-120
2025-03-09,MIN,PIT,15,5.5,-130,110
2025-03-09,MIN,PIT,30,6.5,110,-130
2025-03-09,MIN,PIT,68,5.5,-130,110
2025-03-09,MIN,PIT,69,5.5,-138,112
2025-03-09,MIN,PIT,71,6.0,-106,-115
2025-03-09,MIN,PIT,75,6.0,100,-120
2025-03-09,CAR,WPG,15,5.5,-102,-115
2025-03-09,CAR,WPG,30,5.5,-120,-100
2025-03-09,CAR,WPG,68,5.5,-102,-118
2025-03-09,CAR,WPG,69,5.5,-105,-115
2025-03-09,CAR,WPG,71,5.5,-108,-113
2025-03-09,CAR,WPG,75,5.5,-110,-110
2025-03-09,NYR,CBJ,15,6.5,-115,-105
2025-03-09,NYR,CBJ,30,6.5,105,-125
2025-03-09,NYR,CBJ,68,6.5,-115,-105
2025-03-09,NYR,CBJ,69,6.5,-120,-102
2025-03-09,NYR,CBJ,71,6.5,-105,-121
2025-03-09,NYR,CBJ,75,6.5,-105,-115
2025-03-09,VGK,LA,15,5.5,-120,100
2025-03-09,VGK,LA,30,5.5,-120,-100
2025-03-09,VGK,LA,68,5.5,-120,100
2025-03-09,VGK,LA,69,5.5,-122,-100
2025-03-09,VGK,LA,71,5.5,-121,-105
2025-03-09,VGK,LA,75,5.5,-120,100
2025-03-09,ANA,NYI,15,5.5,-130,110
2025-03-09,ANA,NYI,30,5.5,-115,-105
2025-03-09,ANA,NYI,68,5.5,-130,110
2025-03-09,ANA,NYI,69,5.5,-128,104
2025-03-09,ANA,NYI,71,6.0,-104,-118
2025-03-09,ANA,NYI,75,6.0,-102,-118
2025-03-09,VAN,DAL,15,5.5,-125,105
2025-03-09,VAN,DAL,30,5.5,-120,-100
2025-03-09,VAN,DAL,68,5.5,-125,105
2025-03-09,VAN,DAL,69,5.5,-128,104
2025-03-09,VAN,DAL,71,5.5,-120,-103
2025-03-09,VAN,DAL,75,5.5,-120,100
2025-03-10,BUF,EDM,15,6.5,-125,105
2025-03-10,BUF,EDM,30,6.5,105,-125
2025-03-10,BUF,EDM,68,6.5,-125,105
2025-03-10,BUF,EDM,69,6.5,-124,102
2025-03-10,BUF,EDM,71,6.5,-125,102
2025-03-10,BUF,EDM,75,6.5,-125,105
2025-03-10,OTT,DET,15,6.0,-110,-110
2025-03-10,OTT,DET,30,5.5,-125,105
2025-03-10,OTT,DET,68,6.5,114,-135
2025-03-10,OTT,DET,69,5.5,-140,114
2025-03-10,OTT,DET,71,6.0,-105,-115
2025-03-10,OTT,DET,75,6.0,-110,-110
2025-03-10,COL,CHI,15,6.5,-105,-115
2025-03-10,COL,CHI,30,6.5,110,-130
2025-03-10,COL,CHI,68,6.5,-105,-115
2025-03-10,COL,CHI,69,6.5,-105,-115
2025-03-10,COL,CHI,71,6.5,-109,-115
2025-03-10,COL,CHI,75,6.5,-105,-115
2025-03-10,UTA,TOR,15,6.5,110,-130
2025-03-10,UTA,TOR,30,5.5,-125,105
2025-03-10,UTA,TOR,68,6.5,110,-130
2025-03-10,UTA,TOR,69,6.5,116,-142
2025-03-10,UTA,TOR,71,6.0,-105,-117
2025-03-10,UTA,TOR,75,6.0,-110,-110
2025-03-11,NJ,CBJ,15,5.5,-120,-102
2025-03-11,NJ,CBJ,30,6.5,-105,-115
2025-03-11,NJ,CBJ,68,5.5,-118,-102
2025-03-11,NJ,CBJ,69,5.5,-120,-102
2025-03-11,NJ,CBJ,71,6.0,100,-121
2025-03-11,NJ,CBJ,75,5.5,-120,100
2025-03-11,PIT,VGK,15,6.5,100,-122
2025-03-11,PIT,VGK,30,6.5,-100,-120
2025-03-11,PIT,VGK,68,6.5,102,-122
2025-03-11,PIT,VGK,69,6.5,-100,-122
2025-03-11,PIT,VGK,71,6.5,102,-124
2025-03-11,PIT,VGK,75,6.5,100,-120
2025-03-11,BOS,FLA,15,5.5,-102,-115
2025-03-11,BOS,FLA,30,5.5,-115,-105
2025-03-11,BOS,FLA,68,5.5,-102,-118
2025-03-11,BOS,FLA,69,5.5,-100,-122
2025-03-11,BOS,FLA,71,5.5,-104,-122
2025-03-11,BOS,FLA,75,5.5,-105,-115
2025-03-11,PHI,OTT,15,5.5,-110,-110
2025-03-11,PHI,OTT,30,5.5,-110,-110
2025-03-11,PHI,OTT,68,5.5,-110,-110
2025-03-11,PHI,OTT,69,5.5,-110,-110
2025-03-11,PHI,OTT,71,5.5,-113,-112
2025-03-11,PHI,OTT,75,5.5,-110,-110
2025-03-11,CAR,TB,15,5.5,-118,-105
2025-03-11,CAR,TB,30,5.5,-125,105
2025-03-11,CAR,TB,68,5.5,-118,-102
2025-03-11,CAR,TB,69,5.5,-112,-108
2025-03-11,CAR,TB,71,5.5,-118,-104
2025-03-11,CAR,TB,75,5.5,-120,100
2025-03-11,MIN,COL,15,5.5,-112,-106
2025-03-11,MIN,COL,30,5.5,-125,105
2025-03-11,MIN,COL,68,5.5,-112,-108
2025-03-11,MIN,COL,69,5.5,-114,-106
2025-03-11,MIN,COL,71,5.5,-115,-106
2025-03-11,MIN,COL,75,5.5,-110,-110
2025-03-11,WPG,NYR,15,5.5,-125,105
2025-03-11,WPG,NYR,30,5.5,-120,-100
2025-03-11,WPG,NYR,68,5.5,-125,105
2025-03-11,WPG,NYR,69,5.5,-122,-100
2025-03-11,WPG,NYR,71,5.5,-127,100
2025-03-11,WPG,NYR,75,6.0,100,-120
2025-03-11,VAN,MTL,15,5.5,100,-120
2025-03-11,VAN,MTL,30,5.5,-110,-110
2025-03-11,VAN,MTL,68,5.5,100,-120
2025-03-11,VAN,MTL,69,5.5,102,-124
2025-03-11,VAN,MTL,71,5.5,-103,-120
2025-03-11,VAN,MTL,75,5.5,100,-120
2025-03-11,ANA,WSH,15,6.5,114,-135
2025-03-11,ANA,WSH,30,5.5,-115,-105
2025-03-11,ANA,WSH,68,6.5,114,-135
2025-03-11,ANA,WSH,69,6.5,112,-138
2025-03-11,ANA,WSH,71,6.0,-112,-113
2025-03-11,ANA,WSH,75,6.0,-110,-110
2025-03-11,SJ,NSH,15,6.5,-105,-115
2025-03-11,SJ,NSH,30,5.5,-120,-100
2025-03-11,SJ,NSH,68,6.5,-105,-115
2025-03-11,SJ,NSH,69,6.5,-102,-120
2025-03-11,SJ,NSH,71,6.5,100,-125
2025-03-11,SJ,NSH,75,6.5,-105,-115
2025-03-11,LA,NYI,15,5.5,100,-120
2025-03-11,LA,NYI,30,5.5,-110,-110
2025-03-11,LA,NYI,68,5.5,100,-120
2025-03-11,LA,NYI,69,5.5,-104,-118
2025-03-11,LA,NYI,71,5.5,105,-127
2025-03-11,LA,NYI,75,5.5,100,-120
2025-03-12,DET,BUF,15,6.5,-115,-110
2025-03-12,DET,BUF,30,5.5,-130,110
2025-03-12,DET,BUF,68,6.5,-115,-105
2025-03-12,DET,BUF,69,6.5,-104,-118
2025-03-12,DET,BUF,71,6.5,-110,-114
2025-03-12,DET,BUF,75,6.5,-110,-110
2025-03-12,CGY,VAN,15,5.5,110,-130
2025-03-12,CGY,VAN,30,5.5,-105,-115
2025-03-12,CGY,VAN,68,5.5,110,-130
2025-03-12,CGY,VAN,69,5.5,106,-130
2025-03-12,CGY,VAN,71,5.5,100,-127
2025-03-12,CGY,VAN,75,5.5,105,-125
2025-03-12,UTA,ANA,15,6.5,-104,-118
2025-03-12,UTA,ANA,30,5.5,-120,-100
2025-03-12,UTA,ANA,68,6.5,-102,-118
2025-03-12,UTA,ANA,69,6.5,-104,-118
2025-03-12,UTA,ANA,71,6.0,-113,-107
2025-03-12,UTA,ANA,75,6.5,100,-120
2025-03-12,SEA,MTL,15,6.5,110,-130
2025-03-12,SEA,MTL,30,5.5,-115,-105
2025-03-12,SEA,MTL,68,6.5,110,-130
2025-03-12,SEA,MTL,69,6.5,-100,-122
2025-03-12,SEA,MTL,71,6.0,-115,-106
2025-03-12,SEA,MTL,75,6.0,-115,-105
2025-03-13,TOR,FLA,15,5.5,-120,100
2025-03-13,TOR,FLA,30,5.5,-130,110
2025-03-13,TOR,FLA,68,5.5,-120,100
2025-03-13,TOR,FLA,69,5.5,-122,-100
2025-03-13,TOR,FLA,71,5.5,-121,100
2025-03-13,TOR,FLA,75,5.5,-120,100
2025-03-13,OTT,BOS,15,5.5,-102,-118
2025-03-13,OTT,BOS,30,5.5,-105,-115
2025-03-13,OTT,BOS,68,5.5,-102,-118
2025-03-13,OTT,BOS,69,5.5,-102,-120
2025-03-13,OTT,BOS,71,5.5,105,-127
2025-03-13,OTT,BOS,75,5.5,-105,-115
2025-03-13,PHI,TB,15,5.5,-140,110
2025-03-13,PHI,TB,30,5.5,-130,110
2025-03-13,PHI,TB,68,5.5,-130,110
2025-03-13,PHI,TB,69,5.5,-140,108
2025-03-13,PHI,TB,71,6.0,-108,-117
2025-03-13,PHI,TB,75,6.0,-105,-115
2025-03-13,CBJ,VGK,15,6.5,-100,-120
2025-03-13,CBJ,VGK,30,6.5,105,-125
2025-03-13,CBJ,VGK,68,6.5,100,-120
2025-03-13,CBJ,VGK,69,6.5,102,-128
2025-03-13,CBJ,VGK,71,6.5,-105,-117
2025-03-13,CBJ,VGK,75,6.5,100,-120
2025-03-13,PIT,STL,15,5.5,-115,-105
2025-03-13,PIT,STL,30,6.5,110,-130
2025-03-13,PIT,STL,68,5.5,-115,-105
2025-03-13,PIT,STL,69,5.5,-115,-105
2025-03-13,PIT,STL,71,5.5,-125,100
2025-03-13,PIT,STL,75,5.5,-115,-105
2025-03-13,NJ,EDM,15,5.5,-130,110
2025-03-13,NJ,EDM,30,6.5,-100,-120
2025-03-13,NJ,EDM,68,5.5,-130,110
2025-03-13,NJ,EDM,69,5.5,-130,106
2025-03-13,NJ,EDM,71,6.0,-109,-115
2025-03-13,NJ,EDM,75,6.0,-105,-115
2025-03-13,MIN,NYR,15,5.5,-110,-110
2025-03-13,MIN,NYR,30,5.5,-120,-100
2025-03-13,MIN,NYR,68,5.5,-110,-110
2025-03-13,MIN,NYR,69,5.5,-104,-118
2025-03-13,MIN,NYR,71,5.5,-113,-108
2025-03-13,MIN,NYR,75,5.5,-110,-110
2025-03-13,LA,WSH,15,5.5,-115,-105
2025-03-13,LA,WSH,30,5.5,-125,105
2025-03-13,LA,WSH,68,5.5,-115,-105
2025-03-13,LA,WSH,69,5.5,-118,-104
2025-03-13,LA,WSH,71,5.5,-120,-103
2025-03-13,LA,WSH,75,5.5,-115,-105
2025-03-13,SJ,CHI,15,6.5,105,-122
2025-03-13,SJ,CHI,30,6.5,114,-135
2025-03-13,SJ,CHI,68,6.5,105,-125
2025-03-13,SJ,CHI,69,6.5,-100,-122
2025-03-13,SJ,CHI,71,6.0,-120,-107
2025-03-13,SJ,CHI,75,6.0,-120,100
2025-03-14,CAR,DET,15,5.5,-135,114
2025-03-14,CAR,DET,30,5.5,-130,106
2025-03-14,CAR,DET,68,5.5,-135,114
2025-03-14,CAR,DET,69,5.5,-130,106
2025-03-14,CAR,DET,71,6.0,-106,-115
2025-03-14,CAR,DET,75,6.0,-105,-115
2025-03-14,NYI,EDM,15,6.5,-112,-108
2025-03-14,NYI,EDM,30,6.5,110,-134
2025-03-14,NYI,EDM,68,6.5,-112,-108
2025-03-14,NYI,EDM,69,6.5,-110,-110
2025-03-14,NYI,EDM,71,6.5,-110,-114
2025-03-14,NYI,EDM,75,6.5,-115,-105
2025-03-14,WPG,DAL,15,5.5,-115,-105
2025-03-14,WPG,DAL,30,5.5,-110,-110
2025-03-14,WPG,DAL,68,5.5,-115,-105
2025-03-14,WPG,DAL,69,5.5,-115,-105
2025-03-14,WPG,DAL,71,5.5,-113,-108
2025-03-14,WPG,DAL,75,5.5,-115,-105
2025-03-14,CGY,COL,15,5.5,-123,103
2025-03-14,CGY,COL,30,5.5,-134,110
2025-03-14,CGY,COL,68,5.5,-122,102
2025-03-14,CGY,COL,69,5.5,-122,-100
2025-03-14,CGY,COL,71,5.5,-121,100
2025-03-14,CGY,COL,75,6.0,100,-120
2025-03-14,ANA,NSH,15,6.5,101,-121
2025-03-14,ANA,NSH,30,6.5,112,-138
2025-03-14,ANA,NSH,68,6.5,102,-122
2025-03-14,ANA,NSH,69,6.5,114,-140
2025-03-14,ANA,NSH,71,6.0,-122,-104
2025-03-14,ANA,NSH,75,6.5,100,-120
2025-03-14,SEA,UTA,15,6.5,109,-117
2025-03-14,SEA,UTA,30,5.5,-134,110
2025-03-14,SEA,UTA,68,6.5,110,-130
2025-03-14,SEA,UTA,69,6.5,108,-132
2025-03-14,SEA,UTA,71,6.0,-110,-109
2025-03-14,SEA,UTA,75,6.0,-115,-105
2025-03-15,BUF,VGK,15,6.5,100,-120
2025-03-15,BUF,VGK,30,6.5,110,-130
2025-03-15,BUF,VGK,68,6.5,100,-120
2025-03-15,BUF,VGK,69,6.5,104,-128
2025-03-15,BUF,VGK,71,6.5,-107,-118
2025-03-15,BUF,VGK,75,6.5,100,-120
2025-03-15,PIT,NJ,15,5.5,100,-120
2025-03-15,PIT,NJ,30,5.5,-130,110
2025-03-15,PIT,NJ,68,5.5,100,-120
2025-03-15,PIT,NJ,69,5.5,-102,-120
2025-03-15,PIT,NJ,71,5.5,-109,-117
2025-03-15,PIT,NJ,75,5.5,100,-120
2025-03-15,SJ,WSH,15,6.5,110,-130
2025-03-15,SJ,WSH,30,5.5,-130,110
2025-03-15,SJ,WSH,68,6.5,110,-130
2025-03-15,SJ,WSH,69,6.5,112,-138
2025-03-15,SJ,WSH,71,6.0,-122,102
2025-03-15,SJ,WSH,75,6.0,-110,-110
2025-03-15,BOS,TB,15,5.5,-115,-105
2025-03-15,BOS,TB,30,5.5,-120,-100
2025-03-15,BOS,TB,68,5.5,-115,-105
2025-03-15,BOS,TB,69,5.5,-110,-110
2025-03-15,BOS,TB,71,5.5,-117,-108
2025-03-15,BOS,TB,75,5.5,-115,-105
2025-03-15,CBJ,NYR,15,6.5,104,-125
2025-03-15,CBJ,NYR,30,6.5,114,-135
2025-03-15,CBJ,NYR,68,6.5,105,-125
2025-03-15,CBJ,NYR,69,6.5,104,-128
2025-03-15,CBJ,NYR,71,6.5,102,-124
2025-03-15,CBJ,NYR,75,6.0,-120,100
2025-03-15,PHI,CAR,15,5.5,110,-130
2025-03-15,PHI,CAR,30,5.5,-130,110
2025-03-15,PHI,CAR,68,5.5,110,-130
2025-03-15,PHI,CAR,69,5.5,106,-130
2025-03-15,PHI,CAR,71,5.5,104,-125
2025-03-15,PHI,CAR,75,5.5,105,-125
2025-03-15,TOR,OTT,15,6.0,-110,-110
2025-03-15,TOR,OTT,30,6.5,110,-130
2025-03-15,TOR,OTT,68,6.5,110,-130
2025-03-15,TOR,OTT,69,5.5,-140,112
2025-03-15,TOR,OTT,71,6.0,-107,-114
2025-03-15,TOR,OTT,75,6.0,-110,-110
2025-03-15,MTL,FLA,15,5.5,105,-125
2025-03-15,MTL,FLA,30,5.5,-130,110
2025-03-15,MTL,FLA,68,5.5,105,-125
2025-03-15,MTL,FLA,69,5.5,106,-130
2025-03-15,MTL,FLA,71,5.5,-112,-109
2025-03-15,MTL,FLA,75,5.5,105,-125
2025-03-15,LA,NSH,15,5.5,-118,-102
2025-03-15,LA,NSH,30,5.5,-115,-105
2025-03-15,LA,NSH,68,5.5,-118,-102
2025-03-15,LA,NSH,69,5.5,-142,116
2025-03-15,LA,NSH,71,5.5,-115,-106
2025-03-15,LA,NSH,75,5.5,-120,100
2025-03-15,MIN,STL,15,5.5,105,-125
2025-03-15,MIN,STL,30,5.5,-110,-110
2025-03-15,MIN,STL,68,5.5,105,-125
2025-03-15,MIN,STL,69,5.5,-100,-122
2025-03-15,MIN,STL,71,5.5,107,-130
2025-03-15,MIN,STL,75,5.5,105,-125
2025-03-15,VAN,CHI,15,5.5,-115,-105
2025-03-15,VAN,CHI,30,5.5,-130,110
2025-03-15,VAN,CHI,68,5.5,-115,-105
2025-03-15,VAN,CHI,69,5.5,-118,-104
2025-03-15,VAN,CHI,71,5.5,-115,-113
2025-03-15,VAN,CHI,75,5.5,-115,-105
2025-03-16,DET,VGK,15,6.5,102,-122
2025-03-16,DET,VGK,30,6.5,114,-140
2025-03-16,DET,VGK,68,6.5,102,-122
2025-03-16,DET,VGK,69,6.5,-100,-122
2025-03-16,DET,VGK,71,6.0,-122,100
2025-03-16,DET,VGK,75,6.0,-120,100
2025-03-16,COL,DAL,15,6.5,110,-130
2025-03-16,COL,DAL,30,5.5,-140,114
2025-03-16,COL,DAL,68,6.5,110,-130
2025-03-16,COL,DAL,69,6.5,112,-138
2025-03-16,COL,DAL,71,6.0,-114,-107
2025-03-16,COL,DAL,75,6.0,-110,-110
2025-03-16,NYR,EDM,15,6.5,-108,-112
2025-03-16,NYR,EDM,30,6.5,-105,-115
2025-03-16,NYR,EDM,68,6.5,-108,-112
2025-03-16,NYR,EDM,69,6.5,-110,-110
2025-03-16,NYR,EDM,71,6.5,-108,-113
2025-03-16,NYR,EDM,75,6.5,-105,-115
2025-03-16,NYI,FLA,15,5.5,-108,-112
2025-03-16,NYI,FLA,30,5.5,-128,104
2025-03-16,NYI,FLA,68,5.5,-108,-112
2025-03-16,NYI,FLA,69,5.5,-105,-115
2025-03-16,NYI,FLA,71,5.5,-109,-112
2025-03-16,NYI,FLA,75,5.5,-105,-115
2025-03-16,STL,ANA,15,5.5,-120,100
2025-03-16,STL,ANA,30,5.5,-122,-100
2025-03-16,STL,ANA,68,5.5,-120,100
2025-03-16,STL,ANA,69,5.5,-120,-102
2025-03-16,STL,ANA,71,5.5,-124,102
2025-03-16,STL,ANA,75,5.5,-120,100
2025-03-16,VAN,UTA,15,5.5,100,-115
2025-03-16,VAN,UTA,30,5.5,-134,110
2025-03-16,VAN,UTA,68,5.5,-112,-108
2025-03-16,VAN,UTA,69,5.5,-105,-115
2025-03-16,VAN,UTA,71,5.5,-109,-117
2025-03-16,VAN,UTA,75,5.5,100,-120
2025-03-16,SEA,WPG,15,5.5,-135,114
2025-03-16,SEA,WPG,30,5.5,-100,-122
2025-03-16,SEA,WPG,68,5.5,-135,114
2025-03-16,SEA,WPG,69,5.5,-128,104
2025-03-16,SEA,WPG,71,6.0,100,-122
2025-03-16,SEA,WPG,75,6.0,-105,-115
2025-03-17,CBJ,NJ,15,5.5,-122,-110
2025-03-17,CBJ,NJ,30,6.5,116,-142
2025-03-17,CBJ,NJ,68,6.5,114,-135
2025-03-17,CBJ,NJ,69,5.5,-122,-100
2025-03-17,CBJ,NJ,71,5.5,-114,-110
2025-03-17,CBJ,NJ,75,5.5,-110,-110
2025-03-17,TB,PHI,15,5.5,-120,100
2025-03-17,TB,PHI,30,5.5,-152,110
2025-03-17,TB,PHI,68,5.5,-120,100
2025-03-17,TB,PHI,69,5.5,-120,-102
2025-03-17,TB,PHI,71,5.5,-120,-103
2025-03-17,TB,PHI,75,5.5,-120,100
2025-03-17,BOS,BUF,15,6.5,114,-135
2025-03-17,BOS,BUF,30,5.5,-125,-105
2025-03-17,BOS,BUF,68,6.5,114,-135
2025-03-17,BOS,BUF,69,5.5,-144,110
2025-03-17,BOS,BUF,71,6.0,-110,-110
2025-03-17,BOS,BUF,75,6.0,-110,-110
2025-03-17,TOR,CGY,15,5.5,-120,100
2025-03-17,TOR,CGY,30,6.5,105,-147
2025-03-17,TOR,CGY,68,5.5,-120,100
2025-03-17,TOR,CGY,69,5.5,-124,102
2025-03-17,TOR,CGY,71,5.5,-125,100
2025-03-17,TOR,CGY,75,5.5,-120,100
2025-03-17,MIN,LA,15,5.5,120,-142
2025-03-17,MIN,LA,30,5.5,-105,-125
2025-03-17,MIN,LA,68,5.5,120,-142
2025-03-17,MIN,LA,69,5.5,118,-144
2025-03-17,MIN,LA,71,5.5,114,-143
2025-03-17,MIN,LA,75,5.5,115,-135
2025-03-18,PIT,NYI,15,5.5,-120,100
2025-03-18,PIT,NYI,30,5.5,-130,110
2025-03-18,PIT,NYI,68,5.5,-120,100
2025-03-18,PIT,NYI,69,5.5,-122,-100
2025-03-18,PIT,NYI,71,6.0,102,-124
2025-03-18,PIT,NYI,75,5.5,-120,100
2025-03-18,MTL,OTT,15,5.5,-118,-102
2025-03-18,MTL,OTT,30,5.5,-120,-100
2025-03-18,MTL,OTT,68,5.5,-118,-102
2025-03-18,MTL,OTT,69,5.5,-114,-106
2025-03-18,MTL,OTT,71,5.5,-115,-106
2025-03-18,MTL,OTT,75,5.5,-120,100
2025-03-18,WSH,DET,15,6.5,108,-125
2025-03-18,WSH,DET,30,6.5,110,-130
2025-03-18,WSH,DET,68,6.5,110,-130
2025-03-18,WSH,DET,69,6.5,108,-132
2025-03-18,WSH,DET,71,6.0,-121,100
2025-03-18,WSH,DET,75,6.0,-120,100
2025-03-18,NYR,CGY,15,5.5,-120,100
2025-03-18,NYR,CGY,30,5.5,-120,-100
2025-03-18,NYR,CGY,68,5.5,-120,100
2025-03-18,NYR,CGY,69,5.5,-118,-104
2025-03-18,NYR,CGY,71,5.5,-120,-103
2025-03-18,NYR,CGY,75,5.5,-120,100
2025-03-18,DAL,ANA,15,6.5,110,-130
2025-03-18,DAL,ANA,30,5.5,-120,-100
2025-03-18,DAL,ANA,68,6.5,110,-130
2025-03-18,DAL,ANA,69,6.5,106,-130
2025-03-18,DAL,ANA,71,6.0,-122,102
2025-03-18,DAL,ANA,75,6.0,-120,100
2025-03-18,NSH,STL,15,5.5,-105,-118
2025-03-18,NSH,STL,30,5.5,-110,-110
2025-03-18,NSH,STL,68,5.5,100,-120
2025-03-18,NSH,STL,69,5.5,-105,-115
2025-03-18,NSH,STL,71,5.5,100,-121
2025-03-18,NSH,STL,75,5.5,105,-125
2025-03-18,CHI,SEA,15,5.5,-135,114
2025-03-18,CHI,SEA,30,5.5,-125,105
2025-03-18,CHI,SEA,68,5.5,-135,114
2025-03-18,CHI,SEA,69,5.5,-122,-100
2025-03-18,CHI,SEA,71,6.0,-104,-118
2025-03-18,CHI,SEA,75,6.0,-110,-110
2025-03-18,EDM,UTA,15,6.5,105,-125
2025-03-18,EDM,UTA,30,5.5,-135,114
2025-03-18,EDM,UTA,68,6.5,105,-125
2025-03-18,EDM,UTA,69,6.5,-104,-118
2025-03-18,EDM,UTA,71,6.0,-115,-105
2025-03-18,EDM,UTA,75,6.0,-115,-105
2025-03-18,VAN,WPG,15,5.5,114,-135
2025-03-18,VAN,WPG,30,5.5,-120,-100
2025-03-18,VAN,WPG,68,5.5,114,-135
2025-03-18,VAN,WPG,69,5.5,110,-134
2025-03-18,VAN,WPG,71,5.5,105,-132
2025-03-18,VAN,WPG,75,5.5,110,-135
2025-03-19,TOR,COL,15,6.0,-110,-110
2025-03-19,TOR,COL,30,6.5,112,-138
2025-03-19,TOR,COL,68,6.5,110,-130
2025-03-19,TOR,COL,69,5.5,-140,114
2025-03-19,TOR,COL,71,6.0,-122,-106
2025-03-19,TOR,COL,75,6.0,-115,-105
2025-03-19,MIN,SEA,15,5.5,-112,-108
2025-03-19,MIN,SEA,30,5.5,-128,104
2025-03-19,MIN,SEA,68,5.5,-112,-108
2025-03-19,MIN,SEA,69,5.5,-122,-100
2025-03-19,MIN,SEA,71,5.5,-114,-107
2025-03-19,MIN,SEA,75,5.5,-110,-110
2025-03-20,OTT,COL,15,6.5,105,-125
2025-03-20,OTT,COL,30,6.5,105,-125
2025-03-20,OTT,COL,68,6.5,105,-125
2025-03-20,OTT,COL,69,6.5,106,-130
2025-03-20,OTT,COL,71,6.0,-106,-115
2025-03-20,OTT,COL,75,6.0,-118,-102
2025-03-20,NJ,CGY,15,5.5,114,-135
2025-03-20,NJ,CGY,30,5.5,-125,105
2025-03-20,NJ,CGY,68,5.5,114,-135
2025-03-20,NJ,CGY,69,5.5,114,-140
2025-03-20,NJ,CGY,71,5.5,114,-137
2025-03-20,NJ,CGY,75,5.5,110,-130
2025-03-20,NYR,TOR,15,5.5,-120,100
2025-03-20,NYR,TOR,30,5.5,-120,-100
2025-03-20,NYR,TOR,68,5.5,-120,100
2025-03-20,NYR,TOR,69,5.5,-124,102
2025-03-20,NYR,TOR,71,5.5,-124,-103
2025-03-20,NYR,TOR,75,5.5,-120,100
2025-03-20,WSH,PHI,15,5.5,-120,100
2025-03-20,WSH,PHI,30,5.5,-120,-100
2025-03-20,WSH,PHI,68,5.5,-120,100
2025-03-20,WSH,PHI,69,5.5,-118,-104
2025-03-20,WSH,PHI,71,6.0,100,-129
2025-03-20,WSH,PHI,75,5.5,-120,100
2025-03-20,CBJ,FLA,15,5.5,-130,110
2025-03-20,CBJ,FLA,30,5.5,-125,105
2025-03-20,CBJ,FLA,68,5.5,-130,110
2025-03-20,CBJ,FLA,69,5.5,-124,102
2025-03-20,CBJ,FLA,71,5.5,-125,-103
2025-03-20,CBJ,FLA,75,6.0,-105,-115
2025-03-20,STL,VAN,15,5.5,124,-148
2025-03-20,STL,VAN,30,5.5,-125,105
2025-03-20,STL,VAN,68,5.5,124,-148
2025-03-20,STL,VAN,69,5.5,122,-150
2025-03-20,STL,VAN,71,5.0,-141,117
2025-03-20,STL,VAN,75,5.0,-140,115
2025-03-20,NYI,MTL,15,5.5,-128,105
2025-03-20,NYI,MTL,30,5.5,-110,-110
2025-03-20,NYI,MTL,68,5.5,-125,105
2025-03-20,NYI,MTL,69,5.5,-128,104
2025-03-20,NYI,MTL,71,5.5,-125,-105
2025-03-20,NYI,MTL,75,6.0,100,-120
2025-03-20,NSH,ANA,15,6.5,-122,102
2025-03-20,NSH,ANA,30,5.5,-110,-110
2025-03-20,NSH,ANA,68,6.5,-122,102
2025-03-20,NSH,ANA,69,6.5,-130,106
2025-03-20,NSH,ANA,71,6.5,-114,-107
2025-03-20,NSH,ANA,75,6.5,-125,105
2025-03-20,DAL,TB,15,6.0,-105,-115
2025-03-20,DAL,TB,30,5.5,-120,-100
2025-03-20,DAL,TB,68,6.5,114,-135
2025-03-20,DAL,TB,69,5.5,-138,112
2025-03-20,DAL,TB,71,6.0,-105,-117
2025-03-20,DAL,TB,75,6.0,-105,-115
2025-03-20,CHI,LA,15,5.5,-115,-105
2025-03-20,CHI,LA,30,5.5,-120,-100
2025-03-20,CHI,LA,68,5.5,-115,-105
2025-03-20,CHI,LA,69,5.5,-110,-110
2025-03-20,CHI,LA,71,5.5,-115,-110
2025-03-20,CHI,LA,75,5.5,-115,-105
2025-03-20,EDM,WPG,15,5.5,-130,106
2025-03-20,EDM,WPG,30,6.5,114,-135
2025-03-20,EDM,WPG,68,5.5,-125,105
2025-03-20,EDM,WPG,69,5.5,-130,106
2025-03-20,EDM,WPG,71,6.0,102,-122
2025-03-20,EDM,WPG,75,6.0,100,-120
2025-03-20,UTA,BUF,15,6.5,102,-120
2025-03-20,UTA,BUF,30,6.5,110,-130
2025-03-20,UTA,BUF,68,6.5,102,-122
2025-03-20,UTA,BUF,69,6.5,-104,-118
2025-03-20,UTA,BUF,71,6.0,-115,-106
2025-03-20,UTA,BUF,75,6.0,-120,100
2025-03-20,VGK,BOS,15,5.5,-120,100
2025-03-20,VGK,BOS,30,5.5,-135,114
2025-03-20,VGK,BOS,68,5.5,-120,100
2025-03-20,VGK,BOS,69,5.5,-120,-102
2025-03-20,VGK,BOS,71,5.5,-117,-105
2025-03-20,VGK,BOS,75,5.5,-118,-102
2025-03-20,SJ,CAR,15,5.5,-125,105
2025-03-20,SJ,CAR,30,6.5,114,-135
2025-03-20,SJ,CAR,68,5.5,-125,105
2025-03-20,SJ,CAR,69,5.5,-122,-100
2025-03-20,SJ,CAR,71,6.0,100,-121
2025-03-20,SJ,CAR,75,6.0,100,-120
2025-03-21,PIT,CBJ,15,6.5,102,-122
2025-03-21,PIT,CBJ,30,5.5,-135,114
2025-03-21,PIT,CBJ,68,6.5,102,-122
2025-03-21,PIT,CBJ,69,6.5,106,-130
2025-03-21,PIT,CBJ,71,6.0,-121,100
2025-03-21,PIT,CBJ,75,6.0,-120,100
2025-03-22,NYR,VAN,15,5.5,114,-135
2025-03-22,NYR,VAN,30,5.5,-125,105
2025-03-22,NYR,VAN,68,5.5,114,-135
2025-03-22,NYR,VAN,69,5.5,106,-130
2025-03-22,NYR,VAN,71,5.5,112,-141
2025-03-22,NYR,VAN,75,5.5,115,-135
2025-03-22,DAL,PHI,15,5.5,-118,-104
2025-03-22,DAL,PHI,30,5.5,-120,-100
2025-03-22,DAL,PHI,68,5.5,-118,-102
2025-03-22,DAL,PHI,69,5.5,-118,-104
2025-03-22,DAL,PHI,71,5.5,-124,102
2025-03-22,DAL,PHI,75,5.5,-120,100
2025-03-22,MIN,BUF,15,5.5,-115,-105
2025-03-22,MIN,BUF,30,5.5,-125,105
2025-03-22,MIN,BUF,68,5.5,-115,-105
2025-03-22,MIN,BUF,69,5.5,-118,-104
2025-03-22,MIN,BUF,71,5.5,-115,-106
2025-03-22,MIN,BUF,75,5.5,-115,-105
2025-03-22,STL,CHI,15,5.5,-115,-105
2025-03-22,STL,CHI,30,5.5,-135,114
2025-03-22,STL,CHI,68,5.5,-118,-102
2025-03-22,STL,CHI,69,5.5,-114,-108
2025-03-22,STL,CHI,71,5.5,-113,-113
2025-03-22,STL,CHI,75,5.5,-115,-105
2025-03-22,LA,CAR,15,5.5,120,-142
2025-03-22,LA,CAR,30,5.5,-110,-110
2025-03-22,LA,CAR,68,5.5,120,-142
2025-03-22,LA,CAR,69,5.5,114,-140
2025-03-22,LA,CAR,71,5.5,114,-139
2025-03-22,LA,CAR,75,5.5,120,-140
2025-03-22,NYI,CGY,15,5.5,-125,105
2025-03-22,NYI,CGY,30,5.5,-110,-110
2025-03-22,NYI,CGY,68,5.5,-122,102
2025-03-22,NYI,CGY,69,5.5,-130,106
2025-03-22,NYI,CGY,71,5.5,-113,-108
2025-03-22,NYI,CGY,75,5.5,-118,-102
2025-03-22,UTA,TB,15,6.5,105,-125
2025-03-22,UTA,TB,30,5.5,-130,110
2025-03-22,UTA,TB,68,6.5,105,-125
2025-03-22,UTA,TB,69,6.5,104,-128
2025-03-22,UTA,TB,71,6.0,-112,-109
2025-03-22,UTA,TB,75,6.0,-120,100
2025-03-22,WSH,FLA,15,5.5,-110,-112
2025-03-22,WSH,FLA,30,5.5,-135,114
2025-03-22,WSH,FLA,68,5.5,-108,-112
2025-03-22,WSH,FLA,69,5.5,-114,-106
2025-03-22,WSH,FLA,71,5.5,-115,-110
2025-03-22,WSH,FLA,75,5.5,-118,-102
2025-03-22,NSH,TOR,15,5.5,-125,105
2025-03-22,NSH,TOR,30,5.5,-120,-100
2025-03-22,NSH,TOR,68,5.5,-125,105
2025-03-22,NSH,TOR,69,5.5,-122,-100
2025-03-22,NSH,TOR,71,5.5,-115,-106
2025-03-22,NSH,TOR,75,5.5,-120,100
2025-03-22,MTL,COL,15,6.5,105,-125
2025-03-22,MTL,COL,30,5.5,-135,114
2025-03-22,MTL,COL,68,6.5,105,-125
2025-03-22,MTL,COL,69,6.5,104,-128
2025-03-22,MTL,COL,71,6.0,-118,-107
2025-03-22,MTL,COL,75,6.0,-120,100
2025-03-22,NJ,OTT,15,5.5,100,-120
2025-03-22,NJ,OTT,30,5.5,-130,110
2025-03-22,NJ,OTT,68,5.5,100,-120
2025-03-22,NJ,OTT,69,5.5,106,-130
2025-03-22,NJ,OTT,71,5.5,-103,-120
2025-03-22,NJ,OTT,75,5.5,-105,-115
2025-03-22,VGK,DET,15,5.5,-130,110
2025-03-22,VGK,DET,30,5.5,-130,110
2025-03-22,VGK,DET,68,5.5,-130,110
2025-03-22,VGK,DET,69,5.5,-128,104
2025-03-22,VGK,DET,71,6.0,-105,-121
2025-03-22,VGK,DET,75,6.0,100,-120
2025-03-22,EDM,SEA,15,5.5,-128,105
2025-03-22,EDM,SEA,30,6.5,110,-130
2025-03-22,EDM,SEA,68,5.5,-125,105
2025-03-22,EDM,SEA,69,5.5,-128,104
2025-03-22,EDM,SEA,71,6.0,-104,-122
2025-03-22,EDM,SEA,75,6.0,100,-120
2025-03-22,SJ,BOS,15,5.5,-122,102
2025-03-22,SJ,BOS,30,5.5,-120,-100
2025-03-22,SJ,BOS,68,5.5,-122,102
2025-03-22,SJ,BOS,69,5.5,-124,102
2025-03-22,SJ,BOS,71,5.5,-120,-103
2025-03-22,SJ,BOS,75,6.0,100,-120
2025-03-23,WPG,BUF,15,6.5,109,-130
2025-03-23,WPG,BUF,30,5.5,-130,110
2025-03-23,WPG,BUF,68,6.5,110,-130
2025-03-23,WPG,BUF,69,6.5,108,-132
2025-03-23,WPG,BUF,71,6.0,-107,-114
2025-03-23,WPG,BUF,75,6.0,-105,-115
2025-03-23,CHI,PHI,15,5.5,-105,-115
2025-03-23,CHI,PHI,30,5.5,-130,110
2025-03-23,CHI,PHI,68,5.5,-105,-115
2025-03-23,CHI,PHI,69,5.5,-115,-105
2025-03-23,CHI,PHI,71,5.5,-105,-117
2025-03-23,CHI,PHI,75,5.5,-105,-115
2025-03-23,STL,NSH,15,5.5,102,-122
2025-03-23,STL,NSH,30,5.5,-125,105
2025-03-23,STL,NSH,68,5.5,102,-122
2025-03-23,STL,NSH,69,5.5,-100,-122
2025-03-23,STL,NSH,71,5.5,-107,-114
2025-03-23,STL,NSH,75,5.5,100,-120
2025-03-23,FLA,PIT,15,5.5,-124,102
2025-03-23,FLA,PIT,30,6.5,110,-130
2025-03-23,FLA,PIT,68,5.5,-122,102
2025-03-23,FLA,PIT,69,5.5,-124,102
2025-03-23,FLA,PIT,71,5.5,-125,104
2025-03-23,FLA,PIT,75,6.0,100,-120
2025-03-23,VGK,TB,15,6.5,110,-130
2025-03-23,VGK,TB,30,6.5,114,-135
2025-03-23,VGK,TB,68,6.5,110,-130
2025-03-23,VGK,TB,69,6.5,114,-140
2025-03-23,VGK,TB,71,6.0,-112,-114
2025-03-23,VGK,TB,75,6.0,-115,-105
2025-03-23,ANA,CAR,15,5.5,-132,108
2025-03-23,ANA,CAR,30,5.5,-130,110
2025-03-23,ANA,CAR,68,5.5,-122,102
2025-03-23,ANA,CAR,69,5.5,-132,108
2025-03-23,ANA,CAR,71,5.5,-121,100
2025-03-23,ANA,CAR,75,5.5,-120,100
2025-03-23,LA,BOS,15,5.5,114,-135
2025-03-23,LA,BOS,30,5.5,-105,-115
2025-03-23,LA,BOS,68,5.5,114,-135
2025-03-23,LA,BOS,69,5.5,114,-140
2025-03-23,LA,BOS,71,5.5,110,-134
2025-03-23,LA,BOS,75,5.5,110,-130
2025-03-24,NYI,CBJ,15,6.0,-110,-110
2025-03-24,NYI,CBJ,30,5.5,-147,105
2025-03-24,NYI,CBJ,68,6.5,110,-130
2025-03-24,NYI,CBJ,69,5.5,-138,112
2025-03-24,NYI,CBJ,71,6.0,-109,-115
2025-03-24,NYI,CBJ,75,6.0,-110,-110
2025-03-24,NJ,VAN,15,5.0,-120,100
2025-03-24,NJ,VAN,30,5.5,-105,-125
2025-03-24,NJ,VAN,68,5.5,142,-170
2025-03-24,NJ,VAN,69,5.5,138,-170
2025-03-24,NJ,VAN,71,5.0,-118,-104
2025-03-24,NJ,VAN,75,5.0,-120,100
2025-03-24,DAL,MIN,15,5.5,-100,-120
2025-03-24,DAL,MIN,30,5.5,-116,-105
2025-03-24,DAL,MIN,68,5.5,100,-120
2025-03-24,DAL,MIN,69,5.5,-100,-122
2025-03-24,DAL,MIN,71,5.5,-107,-120
2025-03-24,DAL,MIN,75,5.5,100,-120
2025-03-24,UTA,DET,15,6.5,102,-122
2025-03-24,UTA,DET,30,5.5,-147,105
2025-03-24,UTA,DET,68,6.5,102,-122
2025-03-24,UTA,DET,69,6.5,104,-128
2025-03-24,UTA,DET,71,6.0,-124,102
2025-03-24,UTA,DET,75,6.0,-120,100
2025-03-25,TOR,PHI,15,5.5,-110,-110
2025-03-25,TOR,PHI,30,5.5,-130,110
2025-03-25,TOR,PHI,68,5.5,-110,-110
2025-03-25,TOR,PHI,69,5.5,-106,-114
2025-03-25,TOR,PHI,71,5.5,-110,-110
2025-03-25,TOR,PHI,75,5.5,-110,-110
2025-03-25,BUF,OTT,15,6.5,102,-122
2025-03-25,BUF,OTT,30,6.5,110,-130
2025-03-25,BUF,OTT,68,6.5,102,-122
2025-03-25,BUF,OTT,69,6.5,112,-138
2025-03-25,BUF,OTT,71,6.0,-121,100
2025-03-25,BUF,OTT,75,6.0,-120,100
2025-03-25,TB,PIT,15,6.5,-103,-118
2025-03-25,TB,PIT,30,6.5,-105,-115
2025-03-25,TB,PIT,68,6.5,-102,-118
2025-03-25,TB,PIT,69,6.5,-100,-122
2025-03-25,TB,PIT,71,6.5,100,-120
2025-03-25,TB,PIT,75,6.5,-105,-115
2025-03-25,CAR,NSH,15,5.5,-113,-108
2025-03-25,CAR,NSH,30,5.5,-125,105
2025-03-25,CAR,NSH,68,5.5,-112,-108
2025-03-25,CAR,NSH,69,5.5,-114,-105
2025-03-25,CAR,NSH,71,5.5,-113,-108
2025-03-25,CAR,NSH,75,5.5,-115,-105
2025-03-25,STL,MTL,15,5.5,-108,-112
2025-03-25,STL,MTL,30,5.5,-120,-100
2025-03-25,STL,MTL,68,5.5,-108,-112
2025-03-25,STL,MTL,69,5.5,-106,-114
2025-03-25,STL,MTL,71,5.5,-121,100
2025-03-25,STL,MTL,75,5.5,-110,-110
2025-03-25,MIN,VGK,15,5.5,-112,-105
2025-03-25,MIN,VGK,30,5.5,-125,105
2025-03-25,MIN,VGK,68,5.5,-112,-108
2025-03-25,MIN,VGK,69,5.5,-120,-102
2025-03-25,MIN,VGK,71,5.5,-113,-112
2025-03-25,MIN,VGK,75,5.5,-115,-105
2025-03-25,WPG,WSH,15,5.5,-112,-108
2025-03-25,WPG,WSH,30,5.5,-115,-105
2025-03-25,WPG,WSH,68,5.5,-112,-108
2025-03-25,WPG,WSH,69,5.5,-112,-108
2025-03-25,WPG,WSH,71,5.5,-117,-109
2025-03-25,WPG,WSH,75,5.5,-115,-105
2025-03-25,CGY,SEA,15,5.5,-115,-105
2025-03-25,CGY,SEA,30,5.5,-110,-110
2025-03-25,CGY,SEA,68,5.5,-115,-105
2025-03-25,CGY,SEA,69,5.5,-112,-110
2025-03-25,CGY,SEA,71,5.5,-110,-110
2025-03-25,CGY,SEA,75,5.5,-115,-105
2025-03-25,COL,DET,15,6.5,108,-120
2025-03-25,COL,DET,30,6.5,110,-130
2025-03-25,COL,DET,68,6.5,-110,-120
2025-03-25,COL,DET,69,6.5,108,-132
2025-03-25,COL,DET,71,6.5,100,-127
2025-03-25,COL,DET,75,6.0,-120,100
2025-03-25,LA,NYR,15,5.5,-100,-120
2025-03-25,LA,NYR,30,5.5,-115,-105
2025-03-25,LA,NYR,68,5.5,100,-120
2025-03-25,LA,NYR,69,5.5,-100,-120
2025-03-25,LA,NYR,71,5.5,104,-125
2025-03-25,LA,NYR,75,5.5,100,-120
2025-03-26,NYI,VAN,15,5.5,124,-148
2025-03-26,NYI,VAN,30,5.5,105,-125
2025-03-26,NYI,VAN,68,5.5,124,-148
2025-03-26,NYI,VAN,69,5.5,130,-160
2025-03-26,NYI,VAN,71,5.0,-143,117
2025-03-26,NYI,VAN,75,5.5,118,-140
2025-03-26,CHI,NJ,15,5.5,-120,-105
2025-03-26,CHI,NJ,30,5.5,-100,-120
2025-03-26,CHI,NJ,68,5.5,-120,100
2025-03-26,CHI,NJ,69,5.5,-110,-110
2025-03-26,CHI,NJ,71,5.5,-115,-106
2025-03-26,CHI,NJ,75,5.5,-115,-105
2025-03-26,ANA,BOS,15,5.5,-135,114
2025-03-26,ANA,BOS,30,5.5,-110,-110
2025-03-26,ANA,BOS,68,5.5,-135,114
2025-03-26,ANA,BOS,69,5.5,-134,110
2025-03-26,ANA,BOS,71,6.0,102,-122
2025-03-26,ANA,BOS,75,6.0,-102,-118
2025-03-26,EDM,DAL,15,6.5,105,-125
2025-03-26,EDM,DAL,30,5.5,-125,105
2025-03-26,EDM,DAL,68,6.5,105,-125
2025-03-26,EDM,DAL,69,5.5,-140,114
2025-03-26,EDM,DAL,71,6.0,-121,-105
2025-03-26,EDM,DAL,75,6.0,-118,-102
2025-03-27,TB,UTA,15,6.5,-100,-120
2025-03-27,TB,UTA,30,6.5,114,-135
2025-03-27,TB,UTA,68,6.5,110,-130
2025-03-27,TB,UTA,69,5.5,-138,112
2025-03-27,TB,UTA,71,6.0,-110,-110
2025-03-27,TB,UTA,75,6.0,-110,-110
2025-03-27,BUF,PIT,15,6.5,110,-132
2025-03-27,BUF,PIT,30,6.5,114,-135
2025-03-27,BUF,PIT,68,6.5,110,-130
2025-03-27,BUF,PIT,69,6.5,110,-134
2025-03-27,BUF,PIT,71,6.0,-118,-107
2025-03-27,BUF,PIT,75,6.0,-115,-105
2025-03-27,PHI,MTL,15,5.5,-130,110
2025-03-27,PHI,MTL,30,5.5,-130,110
2025-03-27,PHI,MTL,68,5.5,-130,110
2025-03-27,PHI,MTL,69,5.5,-130,106
2025-03-27,PHI,MTL,71,6.0,-115,-106
2025-03-27,PHI,MTL,75,6.0,-110,-110
2025-03-27,DET,OTT,15,5.5,-128,105
2025-03-27,DET,OTT,30,5.5,-125,105
2025-03-27,DET,OTT,68,5.5,-125,105
2025-03-27,DET,OTT,69,5.5,-128,-102
2025-03-27,DET,OTT,71,6.0,100,-125
2025-03-27,DET,OTT,75,6.0,-105,-115
2025-03-27,MIN,WSH,15,5.5,-105,-115
2025-03-27,MIN,WSH,30,5.5,-110,-110
2025-03-27,MIN,WSH,68,5.5,-105,-115
2025-03-27,MIN,WSH,69,5.5,-106,-114
2025-03-27,MIN,WSH,71,5.5,102,-124
2025-03-27,MIN,WSH,75,5.5,-102,-118
2025-03-27,NSH,STL,15,5.5,110,-131
2025-03-27,NSH,STL,30,5.5,-110,-110
2025-03-27,NSH,STL,68,5.5,110,-130
2025-03-27,NSH,STL,69,5.5,108,-132
2025-03-27,NSH,STL,71,5.5,105,-127
2025-03-27,NSH,STL,75,5.5,110,-130
2025-03-27,CGY,DAL,15,5.5,-126,104
2025-03-27,CGY,DAL,30,5.5,-125,-105
2025-03-27,CGY,DAL,68,5.5,-122,102
2025-03-27,CGY,DAL,69,5.5,-130,106
2025-03-27,CGY,DAL,71,5.5,-122,100
2025-03-27,CGY,DAL,75,5.5,-120,100
2025-03-27,SEA,EDM,15,6.5,111,-134
2025-03-27,SEA,EDM,30,5.5,-141,-100
2025-03-27,SEA,EDM,68,6.5,110,-130
2025-03-27,SEA,EDM,69,6.5,112,-138
2025-03-27,SEA,EDM,71,6.0,-122,-105
2025-03-27,SEA,EDM,75,6.0,-115,-105
2025-03-27,COL,LA,15,5.5,-115,-105
2025-03-27,COL,LA,30,5.5,-135,114
2025-03-27,COL,LA,68,5.5,-115,-105
2025-03-27,COL,LA,69,5.5,-114,-106
2025-03-27,COL,LA,71,5.5,-114,-112
2025-03-27,COL,LA,75,5.5,-118,-102
2025-03-27,SJ,TOR,15,5.5,-140,114
2025-03-27,SJ,TOR,30,6.5,110,-152
2025-03-27,SJ,TOR,68,5.5,-135,114
2025-03-27,SJ,TOR,69,5.5,-140,114
2025-03-27,SJ,TOR,71,6.0,-113,-108
2025-03-27,SJ,TOR,75,6.0,-110,-110
2025-03-28,CAR,MTL,15,5.5,-135,114
2025-03-28,CAR,MTL,30,5.5,-134,110
2025-03-28,CAR,MTL,68,5.5,-135,114
2025-03-28,CAR,MTL,69,5.5,-132,108
2025-03-28,CAR,MTL,71,5.5,-127,105
2025-03-28,CAR,MTL,75,6.0,100,-120
2025-03-28,FLA,UTA,15,5.5,-115,-103
2025-03-28,FLA,UTA,30,5.5,-122,-100
2025-03-28,FLA,UTA,68,5.5,-115,-105
2025-03-28,FLA,UTA,69,5.5,-120,-102
2025-03-28,FLA,UTA,71,6.0,104,-125
2025-03-28,FLA,UTA,75,5.5,-120,100
2025-03-28,CBJ,VAN,15,5.5,-115,-109
2025-03-28,CBJ,VAN,30,5.5,-132,108
2025-03-28,CBJ,VAN,68,5.5,-115,-105
2025-03-28,CBJ,VAN,69,5.5,-106,-114
2025-03-28,CBJ,VAN,71,5.5,-109,-112
2025-03-28,CBJ,VAN,75,5.5,-115,-105
2025-03-28,WPG,NJ,15,5.5,105,-125
2025-03-28,WPG,NJ,30,5.5,-108,-112
2025-03-28,WPG,NJ,68,5.5,105,-125
2025-03-28,WPG,NJ,69,5.5,106,-130
2025-03-28,WPG,NJ,71,5.5,104,-125
2025-03-28,WPG,NJ,75,5.5,105,-125
2025-03-28,CHI,VGK,15,6.5,107,-129
2025-03-28,CHI,VGK,30,5.5,-140,114
2025-03-28,CHI,VGK,68,6.5,105,-125
2025-03-28,CHI,VGK,69,6.5,110,-134
2025-03-28,CHI,VGK,71,6.0,-118,-104
2025-03-28,CHI,VGK,75,6.0,-120,100
2025-03-28,ANA,NYR,15,6.5,-100,-120
2025-03-28,ANA,NYR,30,5.5,-140,114
2025-03-28,ANA,NYR,68,6.5,110,-130
2025-03-28,ANA,NYR,69,5.5,-134,110
2025-03-28,ANA,NYR,71,6.0,-105,-117
2025-03-28,ANA,NYR,75,6.0,-110,-110
2025-03-29,PHI,BUF,15,6.5,105,-127
2025-03-29,PHI,BUF,30,5.5,-130,110
2025-03-29,PHI,BUF,68,6.5,105,-125
2025-03-29,PHI,BUF,69,6.5,106,-130
2025-03-29,PHI,BUF,71,6.0,-113,-108
2025-03-29,PHI,BUF,75,6.0,-120,100
2025-03-29,TB,NYI,15,6.5,-105,-114
2025-03-29,TB,NYI,30,5.5,-125,105
2025-03-29,TB,NYI,68,6.5,-105,-115
2025-03-29,TB,NYI,69,6.5,-106,-114
2025-03-29,TB,NYI,71,6.0,-110,-110
2025-03-29,TB,NYI,75,6.0,-120,100
2025-03-29,COL,STL,15,5.5,-132,110
2025-03-29,COL,STL,30,5.5,-125,105
2025-03-29,COL,STL,68,5.5,-130,110
2025-03-29,COL,STL,69,5.5,-134,110
2025-03-29,COL,STL,71,6.0,100,-120
2025-03-29,COL,STL,75,5.5,-120,100
2025-03-29,MIN,NJ,15,5.5,134,-162
2025-03-29,MIN,NJ,30,5.5,-120,-100
2025-03-29,MIN,NJ,68,5.5,124,-148
2025-03-29,MIN,NJ,69,5.5,134,-164
2025-03-29,MIN,NJ,71,5.5,112,-137
2025-03-29,MIN,NJ,75,5.5,120,-145
2025-03-29,NSH,VGK,15,6.0,112,-144
2025-03-29,NSH,VGK,30,5.5,-142,120
2025-03-29,NSH,VGK,68,6.5,110,-130
2025-03-29,NSH,VGK,69,5.5,-112,-108
2025-03-29,NSH,VGK,71,6.0,-105,-121
2025-03-29,NSH,VGK,75,6.0,-110,-110
2025-03-29,OTT,CBJ,15,6.5,-104,-119
2025-03-29,OTT,CBJ,30,5.5,-142,120
2025-03-29,OTT,CBJ,68,6.5,100,-120
2025-03-29,OTT,CBJ,69,6.5,-104,-118
2025-03-29,OTT,CBJ,71,6.0,-125,102
2025-03-29,OTT,CBJ,75,6.5,-105,-115
2025-03-29,LA,TOR,15,5.5,-113,-105
2025-03-29,LA,TOR,30,5.5,-110,-110
2025-03-29,LA,TOR,68,5.5,-115,-105
2025-03-29,LA,TOR,69,5.5,-112,-108
2025-03-29,LA,TOR,71,5.5,-110,-110
2025-03-29,LA,TOR,75,5.5,-115,-105
2025-03-29,DET,BOS,15,5.5,-114,-105
2025-03-29,DET,BOS,30,5.5,-125,105
2025-03-29,DET,BOS,68,5.5,-115,-105
2025-03-29,DET,BOS,69,5.5,-114,-106
2025-03-29,DET,BOS,71,5.5,-118,-104
2025-03-29,DET,BOS,75,5.5,-115,-105
2025-03-29,EDM,CGY,15,6.5,-100,-122
2025-03-29,EDM,CGY,30,5.5,-142,120
2025-03-29,EDM,CGY,68,6.5,102,-122
2025-03-29,EDM,CGY,69,6.5,-100,-122
2025-03-29,EDM,CGY,71,6.0,-122,102
2025-03-29,EDM,CGY,75,6.0,-120,100
2025-03-29,SJ,NYR,15,6.5,110,-130
2025-03-29,SJ,NYR,30,6.5,105,-125
2025-03-29,SJ,NYR,68,6.5,110,-130
2025-03-29,SJ,NYR,69,6.5,112,-138
2025-03-29,SJ,NYR,71,6.0,-120,-103
2025-03-29,SJ,NYR,75,6.0,-115,-105
2025-03-29,SEA,DAL,15,6.0,-138,105
2025-03-29,SEA,DAL,30,5.5,-120,-100
2025-03-29,SEA,DAL,68,6.5,110,-130
2025-03-29,SEA,DAL,69,5.5,-138,112
2025-03-29,SEA,DAL,71,6.0,-112,-109
2025-03-29,SEA,DAL,75,6.0,-110,-110
2025-03-30,FLA,MTL,15,5.5,-127,105
2025-03-30,FLA,MTL,30,5.5,-125,105
2025-03-30,FLA,MTL,68,5.5,-125,105
2025-03-30,FLA,MTL,69,5.5,-130,106
2025-03-30,FLA,MTL,71,6.0,102,-129
2025-03-30,FLA,MTL,75,5.5,-120,100
2025-03-30,WSH,BUF,15,6.5,103,-125
2025-03-30,WSH,BUF,30,5.5,-120,-100
2025-03-30,WSH,BUF,68,6.5,102,-122
2025-03-30,WSH,BUF,69,6.5,104,-128
2025-03-30,WSH,BUF,71,6.5,102,-129
2025-03-30,WSH,BUF,75,6.0,-120,100
2025-03-30,WPG,VAN,15,5.5,124,-148
2025-03-30,WPG,VAN,30,5.5,-110,-110
2025-03-30,WPG,VAN,68,5.5,124,-148
2025-03-30,WPG,VAN,69,5.5,126,-154
2025-03-30,WPG,VAN,71,5.0,-141,112
2025-03-30,WPG,VAN,75,5.5,120,-145
2025-03-30,CHI,UTA,15,6.5,102,-124
2025-03-30,CHI,UTA,30,5.5,-125,105
2025-03-30,CHI,UTA,68,6.5,100,-120
2025-03-30,CHI,UTA,69,6.5,104,-128
2025-03-30,CHI,UTA,71,6.0,-120,-103
2025-03-30,CHI,UTA,75,6.5,100,-120
2025-03-30,PIT,OTT,15,6.5,110,-130
2025-03-30,PIT,OTT,30,6.5,105,-125
2025-03-30,PIT,OTT,68,6.5,110,-130
2025-03-30,PIT,OTT,69,6.5,112,-138
2025-03-30,PIT,OTT,71,6.0,-115,-106
2025-03-30,PIT,OTT,75,6.0,-115,-105
2025-03-30,CAR,NYI,15,5.5,-125,105
2025-03-30,CAR,NYI,30,5.5,-130,110
2025-03-30,CAR,NYI,68,5.5,-125,105
2025-03-30,CAR,NYI,69,5.5,-118,-104
2025-03-30,CAR,NYI,71,5.5,-124,102
2025-03-30,CAR,NYI,75,6.0,-105,-115
2025-03-30,ANA,TOR,15,6.5,-105,-116
2025-03-30,ANA,TOR,30,5.5,-125,105
2025-03-30,ANA,TOR,68,6.5,-105,-115
2025-03-30,ANA,TOR,69,6.5,-100,-122
2025-03-30,ANA,TOR,71,6.0,-124,102
2025-03-30,ANA,TOR,75,6.5,100,-120
2025-03-30,LA,SJ,15,5.5,-126,105
2025-03-30,LA,SJ,30,5.5,-120,-100
2025-03-30,LA,SJ,68,5.5,-125,105
2025-03-30,LA,SJ,69,5.5,-128,104
2025-03-30,LA,SJ,71,6.0,104,-125
2025-03-30,LA,SJ,75,5.5,-120,100
2025-03-31,NJ,MIN,15,5.5,112,-134
2025-03-31,NJ,MIN,30,5.5,110,-130
2025-03-31,NJ,MIN,68,5.5,114,-135
2025-03-31,NJ,MIN,69,5.5,110,-134
2025-03-31,NJ,MIN,71,5.5,112,-143
2025-03-31,NJ,MIN,75,5.5,118,-140
2025-03-31,PHI,NSH,15,5.5,-134,111
2025-03-31,PHI,NSH,30,5.5,-115,-105
2025-03-31,PHI,NSH,68,5.5,-130,110
2025-03-31,PHI,NSH,69,5.5,-138,112
2025-03-31,PHI,NSH,71,6.0,100,-121
2025-03-31,PHI,NSH,75,6.0,-110,-110
2025-03-31,COL,CGY,15,6.5,105,-125
2025-03-31,COL,CGY,30,5.5,-125,105
2025-03-31,COL,CGY,68,6.5,105,-125
2025-03-31,COL,CGY,69,6.5,106,-130
2025-03-31,COL,CGY,71,6.0,-114,-112
2025-03-31,COL,CGY,75,6.5,100,-120
2025-03-31,SEA,DAL,15,6.5,-108,-110
2025-03-31,SEA,DAL,30,5.5,-125,105
2025-03-31,SEA,DAL,68,6.5,-112,-108
2025-03-31,SEA,DAL,69,6.5,-108,-112
2025-03-31,SEA,DAL,71,6.5,-110,-114
2025-03-31,SEA,DAL,75,6.5,-110,-110
2025-04-01,MTL,FLA,15,5.5,-128,105
2025-04-01,MTL,FLA,30,5.5,-147,105
2025-04-01,MTL,FLA,68,5.5,-125,105
2025-04-01,MTL,FLA,69,5.5,-128,104
2025-04-01,MTL,FLA,71,6.0,-105,-117
2025-04-01,MTL,FLA,75,6.0,100,-120
2025-04-01,CBJ,NSH,15,6.5,-105,-116
2025-04-01,CBJ,NSH,30,6.5,102,-124
2025-04-01,CBJ,NSH,68,6.5,-102,-118
2025-04-01,CBJ,NSH,69,6.5,-105,-115
2025-04-01,CBJ,NSH,71,6.5,-103,-120
2025-04-01,CBJ,NSH,75,6.5,-105,-115
2025-04-01,OTT,BUF,15,6.5,105,-125
2025-04-01,OTT,BUF,30,5.5,-134,110
2025-04-01,OTT,BUF,68,6.5,105,-125
2025-04-01,OTT,BUF,69,6.5,104,-128
2025-04-01,OTT,BUF,71,6.5,104,-125
2025-04-01,OTT,BUF,75,6.5,100,-120
2025-04-01,BOS,WSH,15,5.5,-123,102
2025-04-01,BOS,WSH,30,5.5,-114,-106
2025-04-01,BOS,WSH,68,5.5,-122,102
2025-04-01,BOS,WSH,69,5.5,-124,102
2025-04-01,BOS,WSH,71,5.5,-115,-106
2025-04-01,BOS,WSH,75,5.5,-120,100
2025-04-01,NYI,TB,15,6.5,105,-132
2025-04-01,NYI,TB,30,5.5,-130,106
2025-04-01,NYI,TB,68,6.5,105,-125
2025-04-01,NYI,TB,69,6.5,114,-140
2025-04-01,NYI,TB,71,6.0,-110,-110
2025-04-01,NYI,TB,75,6.0,-115,-105
2025-04-01,STL,DET,15,5.5,-122,-100
2025-04-01,STL,DET,30,5.5,-115,-105
2025-04-01,STL,DET,68,5.5,-122,102
2025-04-01,STL,DET,69,5.5,-122,-100
2025-04-01,STL,DET,71,6.0,-103,-120
2025-04-01,STL,DET,75,5.5,-120,100
2025-04-01,UTA,CGY,15,5.5,-120,-100
2025-04-01,UTA,CGY,30,6.5,105,-147
2025-04-01,UTA,CGY,68,5.5,-120,100
2025-04-01,UTA,CGY,69,5.5,-124,102
2025-04-01,UTA,CGY,71,5.5,-124,102
2025-04-01,UTA,CGY,75,5.5,-120,100
2025-04-01,ANA,SJ,15,6.5,-102,-119
2025-04-01,ANA,SJ,30,5.5,-147,105
2025-04-01,ANA,SJ,68,6.5,-102,-118
2025-04-01,ANA,SJ,69,6.5,-102,-120
2025-04-01,ANA,SJ,71,6.5,-106,-115
2025-04-01,ANA,SJ,75,6.5,100,-120
2025-04-01,VGK,EDM,15,6.5,100,-120
2025-04-01,VGK,EDM,30,5.5,-138,112
2025-04-01,VGK,EDM,68,6.5,100,-120
2025-04-01,VGK,EDM,69,6.5,-100,-122
2025-04-01,VGK,EDM,71,6.0,-127,100
2025-04-01,VGK,EDM,75,6.5,100,-120
2025-04-01,LA,WPG,15,5.5,120,-142
2025-04-01,LA,WPG,30,5.5,105,-147
2025-04-01,LA,WPG,68,5.5,120,-142
2025-04-01,LA,WPG,69,5.5,118,-144
2025-04-01,LA,WPG,71,5.5,115,-139
2025-04-01,LA,WPG,75,5.5,120,-140
2025-04-02,CAR,WSH,15,5.5,-125,-105
2025-04-02,CAR,WSH,30,5.5,-105,-116
2025-04-02,CAR,WSH,68,5.5,-125,105
2025-04-02,CAR,WSH,69,5.5,-115,-105
2025-04-02,CAR,WSH,71,5.5,-124,102
2025-04-02,CAR,WSH,75,6.0,100,-120
2025-04-02,NYR,MIN,15,5.5,105,-126
2025-04-02,NYR,MIN,30,5.5,-105,-116
2025-04-02,NYR,MIN,68,5.5,105,-125
2025-04-02,NYR,MIN,69,5.5,104,-128
2025-04-02,NYR,MIN,71,5.5,100,-121
2025-04-02,NYR,MIN,75,5.5,110,-125
2025-04-02,TOR,FLA,15,5.5,-112,-104
2025-04-02,TOR,FLA,30,5.5,-135,-100
2025-04-02,TOR,FLA,68,5.5,-110,-110
2025-04-02,TOR,FLA,69,5.5,-118,-104
2025-04-02,TOR,FLA,71,5.5,-112,-109
2025-04-02,TOR,FLA,75,5.5,-118,-102
2025-04-02,CHI,COL,15,6.5,-110,-110
2025-04-02,CHI,COL,30,6.5,110,-152
2025-04-02,CHI,COL,68,6.5,-110,-110
2025-04-02,CHI,COL,69,6.5,-114,-106
2025-04-02,CHI,COL,71,6.5,-104,-118
2025-04-02,CHI,COL,75,6.5,-110,-110
2025-04-02,VAN,SEA,15,5.5,-105,-115
2025-04-02,VAN,SEA,30,5.5,-100,-135
2025-04-02,VAN,SEA,68,5.5,-105,-115
2025-04-02,VAN,SEA,69,5.5,-102,-120
2025-04-02,VAN,SEA,71,5.5,-107,-113
2025-04-02,VAN,SEA,75,5.5,-105,-115
2025-04-03,MTL,BOS,15,5.5,-117,102
2025-04-03,MTL,BOS,30,5.5,-110,-110
2025-04-03,MTL,BOS,68,5.5,-122,102
2025-04-03,MTL,BOS,69,5.5,-115,-105
2025-04-03,MTL,BOS,71,5.5,-117,-105
2025-04-03,MTL,BOS,75,5.5,-120,100
2025-04-03,OTT,TB,15,5.5,-120,-100
2025-04-03,OTT,TB,30,5.5,-130,110
2025-04-03,OTT,TB,68,5.5,-120,100
2025-04-03,OTT,TB,69,5.5,-122,-100
2025-04-03,OTT,TB,71,6.0,100,-121
2025-04-03,OTT,TB,75,6.0,100,-120
2025-04-03,CBJ,COL,15,6.5,-110,-112
2025-04-03,CBJ,COL,30,6.5,-105,-115
2025-04-03,CBJ,COL,68,6.5,-110,-110
2025-04-03,CBJ,COL,69,6.5,-106,-114
2025-04-03,CBJ,COL,71,6.5,-109,-112
2025-04-03,CBJ,COL,75,6.5,-110,-110
2025-04-03,STL,PIT,15,5.5,-120,-102
2025-04-03,STL,PIT,30,5.5,-120,-100
2025-04-03,STL,PIT,68,5.5,-120,100
2025-04-03,STL,PIT,69,5.5,-118,-104
2025-04-03,STL,PIT,71,5.5,-127,100
2025-04-03,STL,PIT,75,5.5,-120,100
2025-04-03,DAL,NSH,15,6.5,100,-120
2025-04-03,DAL,NSH,30,5.5,-115,-105
2025-04-03,DAL,NSH,68,6.5,100,-120
2025-04-03,DAL,NSH,69,6.5,-100,-122
2025-04-03,DAL,NSH,71,6.0,-125,100
2025-04-03,DAL,NSH,75,6.5,100,-120
2025-04-03,UTA,LA,15,5.5,104,-126
2025-04-03,UTA,LA,30,5.5,-110,-110
2025-04-03,UTA,LA,68,5.5,105,-125
2025-04-03,UTA,LA,69,5.5,104,-128
2025-04-03,UTA,LA,71,5.5,102,-122
2025-04-03,UTA,LA,75,5.5,100,-120
2025-04-03,CGY,ANA,15,6.5,-100,-120
2025-04-03,CGY,ANA,30,5.5,-110,-110
2025-04-03,CGY,ANA,68,6.5,100,-120
2025-04-03,CGY,ANA,69,6.5,106,-130
2025-04-03,CGY,ANA,71,6.0,-113,-112
2025-04-03,CGY,ANA,75,6.5,100,-120
2025-04-03,VGK,WPG,15,5.5,-125,105
2025-04-03,VGK,WPG,30,5.5,-125,105
2025-04-03,VGK,WPG,68,5.5,-125,105
2025-04-03,VGK,WPG,69,5.5,-120,-102
2025-04-03,VGK,WPG,71,5.5,-115,-110
2025-04-03,VGK,WPG,75,5.5,-125,105
2025-04-03,SJ,EDM,15,6.5,-122,104
2025-04-03,SJ,EDM,30,6.5,110,-130
2025-04-03,SJ,EDM,68,6.5,-120,100
2025-04-03,SJ,EDM,69,6.5,-128,104
2025-04-03,SJ,EDM,71,6.5,-118,-104
2025-04-03,SJ,EDM,75,6.5,-125,105
2025-04-04,WSH,CHI,15,6.5,-125,103
2025-04-04,WSH,CHI,30,6.5,110,-130
2025-04-04,WSH,CHI,68,6.5,-125,105
2025-04-04,WSH,CHI,69,6.5,-124,102
2025-04-04,WSH,CHI,71,6.5,-120,-103
2025-04-04,WSH,CHI,75,6.5,-120,100
2025-04-04,DET,CAR,15,5.5,-125,105
2025-04-04,DET,CAR,30,5.5,-135,114
2025-04-04,DET,CAR,68,5.5,-125,105
2025-04-04,DET,CAR,69,5.5,-120,-102
2025-04-04,DET,CAR,71,6.0,100,-121
2025-04-04,DET,CAR,75,6.0,100,-120
2025-04-04,NYI,MIN,15,5.5,-104,-115
2025-04-04,NYI,MIN,30,5.5,-110,-110
2025-04-04,NYI,MIN,68,5.5,-105,-115
2025-04-04,NYI,MIN,69,5.5,-104,-118
2025-04-04,NYI,MIN,71,5.5,-106,-121
2025-04-04,NYI,MIN,75,5.5,-105,-115
2025-04-05,NJ,NYR,15,5.5,-100,-122
2025-04-05,NJ,NYR,30,5.5,-110,-110
2025-04-05,NJ,NYR,68,5.5,102,-122
2025-04-05,NJ,NYR,69,5.5,-100,-122
2025-04-05,NJ,NYR,71,5.5,-109,-117
2025-04-05,NJ,NYR,75,5.5,100,-120
2025-04-05,OTT,FLA,15,5.5,106,-130
2025-04-05,OTT,FLA,30,5.5,-110,-110
2025-04-05,OTT,FLA,68,5.5,110,-130
2025-04-05,OTT,FLA,69,5.5,106,-130
2025-04-05,OTT,FLA,71,5.5,-104,-122
2025-04-05,OTT,FLA,75,5.5,100,-120
2025-04-05,DAL,PIT,15,6.5,-108,-113
2025-04-05,DAL,PIT,30,5.5,-125,105
2025-04-05,DAL,PIT,68,6.5,-105,-115
2025-04-05,DAL,PIT,69,6.5,-108,-112
2025-04-05,DAL,PIT,71,6.0,-124,102
2025-04-05,DAL,PIT,75,6.5,-102,-118
2025-04-05,LA,EDM,15,5.5,-110,-110
2025-04-05,LA,EDM,30,5.5,-110,-110
2025-04-05,LA,EDM,68,5.5,-110,-110
2025-04-05,LA,EDM,69,5.5,-115,-105
2025-04-05,LA,EDM,71,5.5,-110,-110
2025-04-05,LA,EDM,75,5.5,-110,-110
2025-04-05,VAN,ANA,15,5.5,-121,-102
2025-04-05,VAN,ANA,30,5.5,-120,-100
2025-04-05,VAN,ANA,68,5.5,-122,102
2025-04-05,VAN,ANA,69,5.5,-120,-102
2025-04-05,VAN,ANA,71,5.5,-122,100
2025-04-05,VAN,ANA,75,5.5,-120,100
2025-04-05,UTA,WPG,15,5.5,103,-125
2025-04-05,UTA,WPG,30,5.5,-110,-110
2025-04-05,UTA,WPG,68,5.5,100,-120
2025-04-05,UTA,WPG,69,5.5,106,-130
2025-04-05,UTA,WPG,71,5.5,-103,-120
2025-04-05,UTA,WPG,75,5.5,100,-120
2025-04-05,BOS,CAR,15,5.5,-110,-111
2025-04-05,BOS,CAR,30,5.5,-135,114
2025-04-05,BOS,CAR,68,5.5,-110,-110
2025-04-05,BOS,CAR,69,5.5,-108,-112
2025-04-05,BOS,CAR,71,5.5,-118,-108
2025-04-05,BOS,CAR,75,5.5,-115,-105
2025-04-05,MTL,PHI,15,5.5,-138,116
2025-04-05,MTL,PHI,30,5.5,-130,110
2025-04-05,MTL,PHI,68,5.5,-135,114
2025-04-05,MTL,PHI,69,5.5,-142,116
2025-04-05,MTL,PHI,71,6.0,100,-125
2025-04-05,MTL,PHI,75,6.0,-105,-115
2025-04-05,BUF,TB,15,6.5,-118,-102
2025-04-05,BUF,TB,30,6.5,110,-130
2025-04-05,BUF,TB,68,6.5,-118,-102
2025-04-05,BUF,TB,69,6.5,-120,-102
2025-04-05,BUF,TB,71,6.5,-129,102
2025-04-05,BUF,TB,75,6.5,-115,-105
2025-04-05,TOR,CBJ,15,6.5,-115,-103
2025-04-05,TOR,CBJ,30,6.5,110,-130
2025-04-05,TOR,CBJ,68,6.5,-115,-105
2025-04-05,TOR,CBJ,69,6.5,-120,-102
2025-04-05,TOR,CBJ,71,6.5,-114,-106
2025-04-05,TOR,CBJ,75,6.5,-115,-105
2025-04-05,STL,COL,15,5.5,-115,-105
2025-04-05,STL,COL,30,5.5,-120,-100
2025-04-05,STL,COL,68,5.5,-115,-105
2025-04-05,STL,COL,69,5.5,-114,-106
2025-04-05,STL,COL,71,5.5,-120,-103
2025-04-05,STL,COL,75,5.5,-115,-105
2025-04-05,CGY,VGK,15,5.5,-122,102
2025-04-05,CGY,VGK,30,5.5,-120,-100
2025-04-05,CGY,VGK,68,5.5,-122,102
2025-04-05,CGY,VGK,69,5.5,-128,104
2025-04-05,CGY,VGK,71,5.5,-121,100
2025-04-05,CGY,VGK,75,5.5,-120,100
2025-04-05,SJ,SEA,15,6.5,105,-127
2025-04-05,SJ,SEA,30,5.5,-135,114
2025-04-05,SJ,SEA,68,6.5,105,-125
2025-04-05,SJ,SEA,69,6.5,106,-130
2025-04-05,SJ,SEA,71,6.0,-124,102
2025-04-05,SJ,SEA,75,6.5,100,-120
2025-04-06,NYI,WSH,15,6.5,-100,-120
2025-04-06,NYI,WSH,30,5.5,-125,105
2025-04-06,NYI,WSH,68,6.5,100,-120
2025-04-06,NYI,WSH,69,6.5,106,-130
2025-04-06,NYI,WSH,71,6.0,-120,-103
2025-04-06,NYI,WSH,75,6.5,100,-120
2025-04-06,MIN,DAL,15,5.5,-102,-120
2025-04-06,MIN,DAL,30,5.5,-105,-115
2025-04-06,MIN,DAL,68,5.5,-102,-118
2025-04-06,MIN,DAL,69,5.5,-100,-122
2025-04-06,MIN,DAL,71,5.5,-107,-114
2025-04-06,MIN,DAL,75,5.5,-105,-115
2025-04-06,OTT,CBJ,15,6.0,-105,-115
2025-04-06,OTT,CBJ,30,5.5,-135,114
2025-04-06,OTT,CBJ,68,6.5,114,-135
2025-04-06,OTT,CBJ,69,5.5,-142,116
2025-04-06,OTT,CBJ,71,6.0,-115,-106
2025-04-06,OTT,CBJ,75,6.0,-110,-110
2025-04-06,DET,FLA,15,5.5,102,-123
2025-04-06,DET,FLA,30,5.5,-125,105
2025-04-06,DET,FLA,68,5.5,105,-125
2025-04-06,DET,FLA,69,5.5,-100,-122
2025-04-06,DET,FLA,71,5.5,104,-125
2025-04-06,DET,FLA,75,5.5,105,-125
2025-04-06,CHI,PIT,15,6.5,-118,-102
2025-04-06,CHI,PIT,30,5.5,-120,-100
2025-04-06,CHI,PIT,68,6.5,-118,-102
2025-04-06,CHI,PIT,69,6.5,-118,-104
2025-04-06,CHI,PIT,71,6.5,-107,-114
2025-04-06,CHI,PIT,75,6.5,-115,-105
2025-04-06,BUF,BOS,15,6.5,102,-123
2025-04-06,BUF,BOS,30,5.5,-130,110
2025-04-06,BUF,BOS,68,6.5,105,-125
2025-04-06,BUF,BOS,69,6.5,-100,-122
2025-04-06,BUF,BOS,71,6.0,100,-120
2025-04-06,BUF,BOS,75,6.0,-120,100
2025-04-06,NSH,MTL,15,6.0,-123,-141
2025-04-06,NSH,MTL,30,5.5,-142,120
2025-04-06,NSH,MTL,68,6.5,110,-130
2025-04-06,NSH,MTL,69,5.5,-138,112
2025-04-06,NSH,MTL,71,6.0,-107,-114
2025-04-06,NSH,MTL,75,6.0,-110,-110
2025-04-06,VAN,VGK,15,5.5,-104,-118
2025-04-06,VAN,VGK,30,5.5,-125,105
2025-04-06,VAN,VGK,68,5.5,-102,-118
2025-04-06,VAN,VGK,69,5.5,-104,-118
2025-04-06,VAN,VGK,71,5.5,-112,-109
2025-04-06,VAN,VGK,75,5.5,-105,-115
2025-04-07,NYR,TB,15,5.5,-120,-102
2025-04-07,NYR,TB,30,5.5,-134,110
2025-04-07,NYR,TB,68,5.5,-120,100
2025-04-07,NYR,TB,69,5.5,-120,-102
2025-04-07,NYR,TB,71,5.5,-122,100
2025-04-07,NYR,TB,75,5.5,-120,100
2025-04-07,WPG,STL,15,5.5,105,-126
2025-04-07,WPG,STL,30,5.5,104,-128
2025-04-07,WPG,STL,68,5.5,105,-125
2025-04-07,WPG,STL,69,5.5,104,-128
2025-04-07,WPG,STL,71,5.5,105,-127
2025-04-07,WPG,STL,75,5.5,105,-125
2025-04-07,ANA,EDM,15,6.5,100,-120
2025-04-07,ANA,EDM,30,6.5,-104,-118
2025-04-07,ANA,EDM,68,6.5,100,-120
2025-04-07,ANA,EDM,69,6.5,-102,-120
2025-04-07,ANA,EDM,71,6.0,-122,102
2025-04-07,ANA,EDM,75,6.5,100,-120
2025-04-07,LA,SEA,15,5.5,-115,-104
2025-04-07,LA,SEA,30,5.5,-112,-108
2025-04-07,LA,SEA,68,5.5,-115,-105
2025-04-07,LA,SEA,69,5.5,-118,-104
2025-04-07,LA,SEA,71,5.5,-118,-104
2025-04-07,LA,SEA,75,5.5,-115,-105
2025-04-07,SJ,CGY,15,5.5,-134,111
2025-04-07,SJ,CGY,30,6.5,110,-134
2025-04-07,SJ,CGY,68,5.5,-130,110
2025-04-07,SJ,CGY,69,5.5,-138,112
2025-04-07,SJ,CGY,71,6.0,-103,-120
2025-04-07,SJ,CGY,75,6.0,100,-120
2025-04-08,CBJ,OTT,15,6.5,105,-122
2025-04-08,CBJ,OTT,30,6.5,114,-135
2025-04-08,CBJ,OTT,68,6.5,105,-125
2025-04-08,CBJ,OTT,69,6.5,106,-130
2025-04-08,CBJ,OTT,71,6.0,-115,-110
2025-04-08,CBJ,OTT,75,6.0,-115,-105
2025-04-08,FLA,TOR,15,5.5,-110,-111
2025-04-08,FLA,TOR,30,5.5,-120,-100
2025-04-08,FLA,TOR,68,5.5,-108,-112
2025-04-08,FLA,TOR,69,5.5,-108,-112
2025-04-08,FLA,TOR,71,5.5,-105,-117
2025-04-08,FLA,TOR,75,5.5,-110,-110
2025-04-08,MTL,DET,15,5.5,-120,-100
2025-04-08,MTL,DET,30,5.5,-120,-100
2025-04-08,MTL,DET,68,5.5,-120,100
2025-04-08,MTL,DET,69,5.5,-128,102
2025-04-08,MTL,DET,71,6.0,102,-124
2025-04-08,MTL,DET,75,5.5,-120,100
2025-04-08,NJ,BOS,15,5.5,120,-142
2025-04-08,NJ,BOS,30,5.5,-120,-100
2025-04-08,NJ,BOS,68,5.5,120,-142
2025-04-08,NJ,BOS,69,5.5,116,-142
2025-04-08,NJ,BOS,71,5.5,108,-132
2025-04-08,NJ,BOS,75,5.5,120,-145
2025-04-08,PIT,CHI,15,6.5,-106,-112
2025-04-08,PIT,CHI,30,5.5,-120,-100
2025-04-08,PIT,CHI,68,6.5,-108,-112
2025-04-08,PIT,CHI,69,6.5,-105,-115
2025-04-08,PIT,CHI,71,6.5,-107,-118
2025-04-08,PIT,CHI,75,6.5,-105,-115
2025-04-08,BUF,CAR,15,6.5,102,-122
2025-04-08,BUF,CAR,30,6.5,110,-130
2025-04-08,BUF,CAR,68,6.5,102,-122
2025-04-08,BUF,CAR,69,6.5,106,-130
2025-04-08,BUF,CAR,71,6.5,100,-125
2025-04-08,BUF,CAR,75,6.5,100,-120
2025-04-08,NSH,NYI,15,5.5,-112,-108
2025-04-08,NSH,NYI,30,5.5,-110,-110
2025-04-08,NSH,NYI,68,5.5,-112,-108
2025-04-08,NSH,NYI,69,5.5,-115,-105
2025-04-08,NSH,NYI,71,5.5,-113,-108
2025-04-08,NSH,NYI,75,5.5,-110,-110
2025-04-08,DAL,VAN,15,5.5,-115,-105
2025-04-08,DAL,VAN,30,5.5,-120,-100
2025-04-08,DAL,VAN,68,5.5,-115,-105
2025-04-08,DAL,VAN,69,5.5,-114,-106
2025-04-08,DAL,VAN,71,5.5,-110,-110
2025-04-08,DAL,VAN,75,5.5,-115,-105
2025-04-08,UTA,SEA,15,6.5,-100,-121
2025-04-08,UTA,SEA,30,5.5,-110,-110
2025-04-08,UTA,SEA,68,6.5,100,-120
2025-04-08,UTA,SEA,69,6.5,-100,-122
2025-04-08,UTA,SEA,71,6.5,-104,-118
2025-04-08,UTA,SEA,75,6.5,100,-120
2025-04-08,COL,VGK,15,5.5,-140,114
2025-04-08,COL,VGK,30,6.5,114,-135
2025-04-08,COL,VGK,68,5.5,-130,110
2025-04-08,COL,VGK,69,5.5,-140,114
2025-04-08,COL,VGK,71,6.0,-108,-118
2025-04-08,COL,VGK,75,6.0,-105,-115
2025-04-09,TB,TOR,15,6.5,-100,-119
2025-04-09,TB,TOR,30,5.5,-130,110
2025-04-09,TB,TOR,68,6.5,114,-135
2025-04-09,TB,TOR,69,5.5,-134,110
2025-04-09,TB,TOR,71,6.0,-105,-117
2025-04-09,TB,TOR,75,6.0,-110,-110
2025-04-09,NYR,PHI,15,5.5,-129,110
2025-04-09,NYR,PHI,30,5.5,-115,-105
2025-04-09,NYR,PHI,68,5.5,-130,110
2025-04-09,NYR,PHI,69,5.5,-128,104
2025-04-09,NYR,PHI,71,6.0,102,-124
2025-04-09,NYR,PHI,75,6.0,-105,-115
2025-04-09,MIN,SJ,15,5.5,-128,105
2025-04-09,MIN,SJ,30,5.5,-120,-100
2025-04-09,MIN,SJ,68,5.5,-125,105
2025-04-09,MIN,SJ,69,5.5,-128,104
2025-04-09,MIN,SJ,71,5.5,-136,-104
2025-04-09,MIN,SJ,75,5.5,-125,105
2025-04-09,EDM,STL,15,5.5,-116,-105
2025-04-09,EDM,STL,30,5.5,-125,105
2025-04-09,EDM,STL,68,5.5,-115,-105
2025-04-09,EDM,STL,69,5.5,-118,-104
2025-04-09,EDM,STL,71,5.5,-113,-108
2025-04-09,EDM,STL,75,5.5,-115,-105
2025-04-09,ANA,CGY,15,6.5,-105,-116
2025-04-09,ANA,CGY,30,5.5,-115,-105
2025-04-09,ANA,CGY,68,6.5,-105,-115
2025-04-09,ANA,CGY,69,6.5,-104,-118
2025-04-09,ANA,CGY,71,6.5,102,-122
2025-04-09,ANA,CGY,75,6.5,100,-120
2025-04-10,FLA,DET,15,5.5,104,-125
2025-04-10,FLA,DET,30,5.5,-130,110
2025-04-10,FLA,DET,68,5.5,105,-125
2025-04-10,FLA,DET,69,5.5,104,-128
2025-04-10,FLA,DET,71,5.5,102,-130
2025-04-10,FLA,DET,75,5.5,105,-125
2025-04-10,CBJ,BUF,15,6.5,-135,114
2025-04-10,CBJ,BUF,30,6.5,-100,-120
2025-04-10,CBJ,BUF,68,6.5,-135,114
2025-04-10,CBJ,BUF,69,6.5,-130,106
2025-04-10,CBJ,BUF,71,6.5,-124,102
2025-04-10,CBJ,BUF,75,6.5,-135,115
2025-04-10,BOS,CHI,15,5.5,-102,114
2025-04-10,BOS,CHI,30,5.5,-130,110
2025-04-10,BOS,CHI,68,5.5,-135,114
2025-04-10,BOS,CHI,69,5.5,-140,114
2025-04-10,BOS,CHI,71,6.0,-105,-117
2025-04-10,BOS,CHI,75,6.0,-110,-110
2025-04-10,NYI,NYR,15,6.5,-107,-119
2025-04-10,NYI,NYR,30,5.5,-110,-110
2025-04-10,NYI,NYR,68,5.5,-135,114
2025-04-10,NYI,NYR,69,6.5,110,-134
2025-04-10,NYI,NYR,71,6.0,-109,-110
2025-04-10,NYI,NYR,75,6.0,-110,-110
2025-04-10,WSH,CAR,15,6.5,110,-130
2025-04-10,WSH,CAR,30,5.5,-125,105
2025-04-10,WSH,CAR,68,6.5,110,-130
2025-04-10,WSH,CAR,69,6.5,116,-142
2025-04-10,WSH,CAR,71,6.0,-109,-112
2025-04-10,WSH,CAR,75,6.0,-115,-105
2025-04-10,DAL,WPG,15,5.5,-111,-109
2025-04-10,DAL,WPG,30,5.5,-110,-110
2025-04-10,DAL,WPG,68,5.5,-112,-108
2025-04-10,DAL,WPG,69,5.5,-110,-110
2025-04-10,DAL,WPG,71,5.5,-109,-112
2025-04-10,DAL,WPG,75,5.5,-110,-110
2025-04-10,UTA,NSH,15,5.5,-135,114
2025-04-10,UTA,NSH,30,5.5,-120,-100
2025-04-10,UTA,NSH,68,5.5,-135,114
2025-04-10,UTA,NSH,69,5.5,-134,110
2025-04-10,UTA,NSH,71,6.0,-109,-112
2025-04-10,UTA,NSH,75,6.0,-110,-110
2025-04-10,COL,VAN,15,5.5,-113,-108
2025-04-10,COL,VAN,30,5.5,-125,105
2025-04-10,COL,VAN,68,5.5,-115,-105
2025-04-10,COL,VAN,69,5.5,-112,-108
2025-04-10,COL,VAN,71,5.5,-113,-108
2025-04-10,COL,VAN,75,5.5,-115,-105
2025-04-10,LA,ANA,15,5.5,-120,100
2025-04-10,LA,ANA,30,5.5,-115,-105
2025-04-10,LA,ANA,68,5.5,-120,100
2025-04-10,LA,ANA,69,5.5,-114,-106
2025-04-10,LA,ANA,71,5.5,-122,-104
2025-04-10,LA,ANA,75,5.5,-120,100
2025-04-10,VGK,SEA,15,6.5,108,-132
2025-04-10,VGK,SEA,30,5.5,-120,-100
2025-04-10,VGK,SEA,68,6.5,114,-135
2025-04-10,VGK,SEA,69,6.5,108,-132
2025-04-10,VGK,SEA,71,6.0,-117,-109
2025-04-10,VGK,SEA,75,6.0,-110,-110
2025-04-11,NJ,PIT,15,5.5,-130,110
2025-04-11,NJ,PIT,30,5.5,-120,-100
2025-04-11,NJ,PIT,68,5.5,-130,110
2025-04-11,NJ,PIT,69,5.5,-124,102
2025-04-11,NJ,PIT,71,6.0,-110,-110
2025-04-11,NJ,PIT,75,6.0,-102,-118
2025-04-11,TB,DET,15,6.5,104,-128
2025-04-11,TB,DET,30,6.5,110,-130
2025-04-11,TB,DET,68,6.5,120,-142
2025-04-11,TB,DET,69,6.5,104,-128
2025-04-11,TB,DET,71,6.0,-118,-104
2025-04-11,TB,DET,75,6.0,-115,-105
2025-04-11,OTT,MTL,15,5.5,-121,-100
2025-04-11,OTT,MTL,30,5.5,-120,-100
2025-04-11,OTT,MTL,68,5.5,-120,100
2025-04-11,OTT,MTL,69,5.5,-122,-100
2025-04-11,OTT,MTL,71,5.5,-120,-103
2025-04-11,OTT,MTL,75,5.5,-120,100
2025-04-11,EDM,SJ,15,6.5,-120,-100
2025-04-11,EDM,SJ,30,6.5,-115,-105
2025-04-11,EDM,SJ,68,6.5,-120,100
2025-04-11,EDM,SJ,69,6.5,-125,-104
2025-04-11,EDM,SJ,71,6.5,-130,108
2025-04-11,EDM,SJ,75,6.5,-125,105
2025-04-11,CGY,MIN,15,5.5,-124,-100
2025-04-11,CGY,MIN,30,5.5,-125,105
2025-04-11,CGY,MIN,68,5.5,-115,-105
2025-04-11,CGY,MIN,69,5.5,-128,104
2025-04-11,CGY,MIN,71,5.5,-115,-110
2025-04-11,CGY,MIN,75,5.5,-115,-105
2025-04-12,PHI,NYI,15,5.5,-132,110
2025-04-12,PHI,NYI,30,5.5,-110,-110
2025-04-12,PHI,NYI,68,5.5,-130,110
2025-04-12,PHI,NYI,69,5.5,-132,108
2025-04-12,PHI,NYI,71,5.5,-125,104
2025-04-12,PHI,NYI,75,6.0,-105,-115
2025-04-12,CBJ,WSH,15,6.5,-105,-117
2025-04-12,CBJ,WSH,30,5.5,-135,114
2025-04-12,CBJ,WSH,68,6.5,-105,-115
2025-04-12,CBJ,WSH,69,6.5,-102,-120
2025-04-12,CBJ,WSH,71,6.5,100,-122
2025-04-12,CBJ,WSH,75,6.5,-102,-118
2025-04-12,CAR,NYR,15,5.5,-130,110
2025-04-12,CAR,NYR,30,5.5,-115,-105
2025-04-12,CAR,NYR,68,5.5,-130,110
2025-04-12,CAR,NYR,69,5.5,-128,104
2025-04-12,CAR,NYR,71,5.5,-121,100
2025-04-12,CAR,NYR,75,6.0,-105,-115
2025-04-12,LA,COL,15,5.5,110,-132
2025-04-12,LA,COL,30,5.5,-110,-110
2025-04-12,LA,COL,68,5.5,110,-130
2025-04-12,LA,COL,69,5.5,110,-134
2025-04-12,LA,COL,71,5.5,108,-132
2025-04-12,LA,COL,75,5.5,115,-135
2025-04-12,FLA,BUF,15,5.5,-116,-107
2025-04-12,FLA,BUF,30,6.5,120,-142
2025-04-12,FLA,BUF,68,5.5,-118,-102
2025-04-12,FLA,BUF,69,5.5,-110,-110
2025-04-12,FLA,BUF,71,5.5,-115,-106
2025-04-12,FLA,BUF,75,5.5,-110,-110
2025-04-12,CHI,WPG,15,5.5,-121,-100
2025-04-12,CHI,WPG,30,5.5,-120,-100
2025-04-12,CHI,WPG,68,5.5,-120,100
2025-04-12,CHI,WPG,69,5.5,-122,-100
2025-04-12,CHI,WPG,71,5.5,-122,100
2025-04-12,CHI,WPG,75,6.0,100,-120
2025-04-12,TOR,MTL,15,5.5,-140,114
2025-04-12,TOR,MTL,30,5.5,-130,110
2025-04-12,TOR,MTL,68,5.5,-130,110
2025-04-12,TOR,MTL,69,5.5,-140,114
2025-04-12,TOR,MTL,71,6.0,-115,-106
2025-04-12,TOR,MTL,75,6.0,-105,-115
2025-04-12,DAL,UTA,15,6.5,-116,-105
2025-04-12,DAL,UTA,30,5.5,-120,-100
2025-04-12,DAL,UTA,68,6.5,-115,-105
2025-04-12,DAL,UTA,69,6.5,-118,-104
2025-04-12,DAL,UTA,71,6.5,-114,-107
2025-04-12,DAL,UTA,75,6.5,-115,-105
2025-04-12,VGK,NSH,15,5.5,-130,110
2025-04-12,VGK,NSH,30,5.5,-125,105
2025-04-12,VGK,NSH,68,5.5,-130,110
2025-04-12,VGK,NSH,69,5.5,-130,106
2025-04-12,VGK,NSH,71,6.0,-103,-120
2025-04-12,VGK,NSH,75,6.0,100,-120
2025-04-12,SEA,STL,15,5.5,-122,101
2025-04-12,SEA,STL,30,5.5,-110,-110
2025-04-12,SEA,STL,68,5.5,-122,102
2025-04-12,SEA,STL,69,5.5,-122,-100
2025-04-12,SEA,STL,71,5.5,-118,-104
2025-04-12,SEA,STL,75,5.5,-120,100
2025-04-12,VAN,MIN,15,5.5,-110,-110
2025-04-12,VAN,MIN,30,5.5,-110,-110
2025-04-12,VAN,MIN,68,5.5,-110,-110
2025-04-12,VAN,MIN,69,5.5,-115,-105
2025-04-12,VAN,MIN,71,5.5,-117,-112
2025-04-12,VAN,MIN,75,5.5,-110,-110
2025-04-13,OTT,PHI,15,5.5,-130,110
2025-04-13,OTT,PHI,30,5.5,-115,-105
2025-04-13,OTT,PHI,68,5.5,-130,110
2025-04-13,OTT,PHI,69,5.5,-122,-100
2025-04-13,OTT,PHI,71,5.5,-120,-103
2025-04-13,OTT,PHI,75,6.0,-102,-118
2025-04-13,NJ,NYI,15,5.5,-117,-102
2025-04-13,NJ,NYI,30,5.5,-120,-100
2025-04-13,NJ,NYI,68,5.5,-115,-105
2025-04-13,NJ,NYI,69,5.5,-120,-102
2025-04-13,NJ,NYI,71,6.0,102,-124
2025-04-13,NJ,NYI,75,5.5,-118,-102
2025-04-13,PIT,BOS,15,6.0,136,-183
2025-04-13,PIT,BOS,30,5.5,-125,105
2025-04-13,PIT,BOS,68,6.5,110,-130
2025-04-13,PIT,BOS,69,5.5,-140,112
2025-04-13,PIT,BOS,71,6.0,-113,-108
2025-04-13,PIT,BOS,75,6.0,-110,-110
2025-04-13,CAR,TOR,15,5.5,-130,110
2025-04-13,CAR,TOR,30,5.5,-115,-105
2025-04-13,CAR,TOR,68,5.5,-130,110
2025-04-13,CAR,TOR,69,5.5,-122,-100
2025-04-13,CAR,TOR,71,6.0,102,-124
2025-04-13,CAR,TOR,75,6.0,100,-120
2025-04-13,TB,BUF,15,6.5,-121,-101
2025-04-13,TB,BUF,30,6.5,105,-125
2025-04-13,TB,BUF,68,6.5,-122,102
2025-04-13,TB,BUF,69,6.5,-118,-104
2025-04-13,TB,BUF,71,6.5,-120,-103
2025-04-13,TB,BUF,75,6.5,-120,100
2025-04-13,WSH,CBJ,15,6.5,-101,-115
2025-04-13,WSH,CBJ,30,6.5,-100,-120
2025-04-13,WSH,CBJ,68,6.5,-105,-115
2025-04-13,WSH,CBJ,69,6.5,102,-124
2025-04-13,WSH,CBJ,71,6.5,-107,-114
2025-04-13,WSH,CBJ,75,6.5,-105,-115
2025-04-13,WPG,EDM,15,5.5,-130,110
2025-04-13,WPG,EDM,30,5.5,-120,-100
2025-04-13,WPG,EDM,68,5.5,-130,110
2025-04-13,WPG,EDM,69,5.5,-130,106
2025-04-13,WPG,EDM,71,6.0,100,-121
2025-04-13,WPG,EDM,75,6.0,-110,-110
2025-04-13,CGY,SJ,15,5.5,-140,114
2025-04-13,CGY,SJ,30,5.5,-120,-100
2025-04-13,CGY,SJ,68,5.5,-135,114
2025-04-13,CGY,SJ,69,5.5,-140,108
2025-04-13,CGY,SJ,71,6.0,-108,-113
2025-04-13,CGY,SJ,75,6.0,-110,-110
2025-04-13,ANA,COL,15,6.5,105,-125
2025-04-13,ANA,COL,30,5.5,-110,-110
2025-04-13,ANA,COL,68,6.5,105,-125
2025-04-13,ANA,COL,69,6.5,112,-138
2025-04-13,ANA,COL,71,6.0,-113,-113
2025-04-13,ANA,COL,75,6.5,105,-140
2025-04-14,MTL,CHI,15,6.5,-102,-117
2025-04-14,MTL,CHI,30,5.5,-125,105
2025-04-14,MTL,CHI,68,6.5,110,-130
2025-04-14,MTL,CHI,69,5.5,-144,118
2025-04-14,MTL,CHI,71,6.0,-113,-108
2025-04-14,MTL,CHI,75,6.0,-115,-105
2025-04-14,FLA,NYR,15,5.5,-121,-100
2025-04-14,FLA,NYR,30,5.5,-125,105
2025-04-14,FLA,NYR,68,5.5,-120,100
2025-04-14,FLA,NYR,69,5.5,-122,-100
2025-04-14,FLA,NYR,71,5.5,-117,-105
2025-04-14,FLA,NYR,75,5.5,-120,100
2025-04-14,DET,DAL,15,6.5,111,-133
2025-04-14,DET,DAL,30,6.5,110,-130
2025-04-14,DET,DAL,68,6.5,114,-135
2025-04-14,DET,DAL,69,6.5,108,-132
2025-04-14,DET,DAL,71,6.0,-110,-109
2025-04-14,DET,DAL,75,6.0,-110,-110
2025-04-14,NSH,UTA,15,6.5,-105,-112
2025-04-14,NSH,UTA,30,5.5,-125,105
2025-04-14,NSH,UTA,68,6.5,-105,-115
2025-04-14,NSH,UTA,69,6.5,-108,-112
2025-04-14,NSH,UTA,71,6.0,-120,-106
2025-04-14,NSH,UTA,75,6.5,-105,-115
2025-04-14,EDM,LA,15,5.5,-109,-112
2025-04-14,EDM,LA,30,5.5,-110,-110
2025-04-14,EDM,LA,68,5.5,-108,-112
2025-04-14,EDM,LA,69,5.5,-110,-110
2025-04-14,EDM,LA,71,5.5,-113,-108
2025-04-14,EDM,LA,75,5.5,-110,-110
2025-04-14,VAN,SJ,15,6.0,-119,-100
2025-04-14,VAN,SJ,30,5.5,-120,-100
2025-04-14,VAN,SJ,68,5.5,-135,114
2025-04-14,VAN,SJ,69,6.5,114,-140
2025-04-14,VAN,SJ,71,6.0,-127,102
2025-04-14,VAN,SJ,75,6.0,-110,-110
2025-04-15,PHI,CBJ,15,6.5,-102,-115
2025-04-15,PHI,CBJ,30,6.5,105,-125
2025-04-15,PHI,CBJ,68,6.5,-105,-115
2025-04-15,PHI,CBJ,69,6.5,-102,-120
2025-04-15,PHI,CBJ,71,6.5,-106,-121
2025-04-15,PHI,CBJ,75,6.5,100,-120
2025-04-15,OTT,CHI,15,6.5,101,-122
2025-04-15,OTT,CHI,30,5.5,-120,-100
2025-04-15,OTT,CHI,68,6.5,105,-125
2025-04-15,OTT,CHI,69,6.5,-102,-120
2025-04-15,OTT,CHI,71,6.0,-113,-108
2025-04-15,OTT,CHI,75,6.5,100,-120
2025-04-15,BOS,NJ,15,5.5,-102,-117
2025-04-15,BOS,NJ,30,5.5,-115,-105
2025-04-15,BOS,NJ,68,5.5,100,-120
2025-04-15,BOS,NJ,69,5.5,-105,-115
2025-04-15,BOS,NJ,71,5.5,102,-130
2025-04-15,BOS,NJ,75,5.5,100,-120
2025-04-15,BUF,TOR,15,6.5,-100,-120
2025-04-15,BUF,TOR,30,6.5,110,-130
2025-04-15,BUF,TOR,68,6.5,100,-120
2025-04-15,BUF,TOR,69,6.5,-100,-122
2025-04-15,BUF,TOR,71,6.5,-103,-120
2025-04-15,BUF,TOR,75,6.5,100,-120
2025-04-15,TB,FLA,15,5.5,-115,-105
2025-04-15,TB,FLA,30,5.5,-125,105
2025-04-15,TB,FLA,68,5.5,-115,-105
2025-04-15,TB,FLA,69,5.5,-114,-106
2025-04-15,TB,FLA,71,5.5,-110,-110
2025-04-15,TB,FLA,75,5.5,-115,-105
2025-04-15,NYI,WSH,15,5.5,-130,110
2025-04-15,NYI,WSH,30,5.5,-125,105
2025-04-15,NYI,WSH,68,5.5,-130,110
2025-04-15,NYI,WSH,69,5.5,-130,106
2025-04-15,NYI,WSH,71,6.0,-108,-113
2025-04-15,NYI,WSH,75,6.0,-105,-115
2025-04-15,MIN,ANA,15,5.5,-140,114
2025-04-15,MIN,ANA,30,5.5,-120,-100
2025-04-15,MIN,ANA,68,5.5,-135,114
2025-04-15,MIN,ANA,69,5.5,-140,114
2025-04-15,MIN,ANA,71,6.0,-103,-120
2025-04-15,MIN,ANA,75,6.0,-105,-115
2025-04-15,STL,UTA,15,5.5,-125,105
2025-04-15,STL,UTA,30,5.5,-125,105
2025-04-15,STL,UTA,68,5.5,-125,105
2025-04-15,STL,UTA,69,5.5,-124,102
2025-04-15,STL,UTA,71,5.5,-120,-106
2025-04-15,STL,UTA,75,6.0,100,-120
2025-04-15,CGY,VGK,15,5.5,-115,-106
2025-04-15,CGY,VGK,30,5.5,-120,-100
2025-04-15,CGY,VGK,68,5.5,-115,-105
2025-04-15,CGY,VGK,69,5.5,-112,-108
2025-04-15,CGY,VGK,71,5.5,-113,-108
2025-04-15,CGY,VGK,75,5.5,-120,100
2025-04-15,SEA,LA,15,5.5,-112,-111
2025-04-15,SEA,LA,30,5.5,-115,-105
2025-04-15,SEA,LA,68,5.5,-108,-112
2025-04-15,SEA,LA,69,5.5,-115,-105
2025-04-15,SEA,LA,71,5.5,-117,-105
2025-04-15,SEA,LA,75,5.5,-110,-110
2025-04-16,WPG,ANA,15,5.5,-130,108
2025-04-16,WPG,ANA,30,5.5,-130,108
2025-04-16,WPG,ANA,68,5.5,-130,110
2025-04-16,WPG,ANA,69,5.5,-130,106
2025-04-16,WPG,ANA,71,5.5,-122,100
2025-04-16,WPG,ANA,75,6.0,100,-120
2025-04-16,MTL,CAR,15,5.5,-130,110
2025-04-16,MTL,CAR,30,5.5,-130,106
2025-04-16,MTL,CAR,68,5.5,-130,110
2025-04-16,MTL,CAR,69,5.5,-130,106
2025-04-16,MTL,CAR,71,6.0,-103,-120
2025-04-16,MTL,CAR,75,6.0,-105,-115
2025-04-16,NJ,DET,15,5.5,-118,-102
2025-04-16,NJ,DET,30,5.5,-104,-118
2025-04-16,NJ,DET,68,5.5,-118,-102
2025-04-16,NJ,DET,69,5.5,-120,-102
2025-04-16,NJ,DET,71,5.5,-117,-104
2025-04-16,NJ,DET,75,5.5,-120,100
2025-04-16,NSH,DAL,15,6.5,-115,-105
2025-04-16,NSH,DAL,30,6.5,112,-138
2025-04-16,NSH,DAL,68,6.5,-115,-105
2025-04-16,NSH,DAL,69,6.5,-115,-105
2025-04-16,NSH,DAL,71,6.5,-106,-115
2025-04-16,NSH,DAL,75,6.5,-115,-105
2025-04-16,VAN,VGK,15,5.5,-117,-105
2025-04-16,VAN,VGK,30,5.5,-106,-114
2025-04-16,VAN,VGK,68,5.5,-120,100
2025-04-16,VAN,VGK,69,5.5,-115,-105
2025-04-16,VAN,VGK,71,5.5,-113,-108
2025-04-16,VAN,VGK,75,5.5,-115,-105
2025-04-16,SJ,EDM,15,6.5,-122,-100
2025-04-16,SJ,EDM,30,6.5,-106,-114
2025-04-16,SJ,EDM,68,6.5,-125,105
2025-04-16,SJ,EDM,69,6.5,-122,-100
2025-04-16,SJ,EDM,71,6.5,-121,-106
2025-04-16,SJ,EDM,75,6.5,-120,100
2025-04-17,NYR,TB,15,6.5,-121,-100
2025-04-17,NYR,TB,30,5.5,-125,105
2025-04-17,NYR,TB,68,6.5,-122,102
2025-04-17,NYR,TB,69,6.5,-122,-100
2025-04-17,NYR,TB,71,6.5,-110,-109
2025-04-17,NYR,TB,75,6.5,-120,100
2025-04-17,PIT,WSH,15,6.5,-105,-115
2025-04-17,PIT,WSH,30,5.5,-130,110
2025-04-17,PIT,WSH,68,6.5,-105,-115
2025-04-17,PIT,WSH,69,6.5,-105,-115
2025-04-17,PIT,WSH,71,6.5,102,-122
2025-04-17,PIT,WSH,75,6.5,-105,-115
2025-04-17,TOR,DET,15,5.5,-132,110
2025-04-17,TOR,DET,30,5.5,-120,-100
2025-04-17,TOR,DET,68,5.5,-130,110
2025-04-17,TOR,DET,69,5.5,-132,108
2025-04-17,TOR,DET,71,6.0,-105,-117
2025-04-17,TOR,DET,75,6.0,-105,-115
2025-04-17,CBJ,NYI,15,6.5,-112,-105
2025-04-17,CBJ,NYI,30,5.5,-130,110
2025-04-17,CBJ,NYI,68,6.5,-118,-102
2025-04-17,CBJ,NYI,69,6.5,-112,-108
2025-04-17,CBJ,NYI,71,6.5,-103,-120
2025-04-17,CBJ,NYI,75,6.5,-115,-105
2025-04-17,BUF,PHI,15,6.5,-112,-110
2025-04-17,BUF,PHI,30,6.5,-100,-120
2025-04-17,BUF,PHI,68,6.5,-115,-105
2025-04-17,BUF,PHI,69,6.5,-110,-110
2025-04-17,BUF,PHI,71,6.5,-106,-120
2025-04-17,BUF,PHI,75,6.5,-115,-105
2025-04-17,OTT,CAR,15,5.5,-121,-100
2025-04-17,OTT,CAR,30,5.5,-125,105
2025-04-17,OTT,CAR,68,5.5,-120,100
2025-04-17,OTT,CAR,69,5.5,-122,-100
2025-04-17,OTT,CAR,71,5.5,-117,-105
2025-04-17,OTT,CAR,75,5.5,-120,100
2025-04-17,LA,CGY,15,5.5,-122,101
2025-04-17,LA,CGY,30,5.5,-120,-100
2025-04-17,LA,CGY,68,5.5,-122,102
2025-04-17,LA,CGY,69,5.5,-122,-100
2025-04-17,LA,CGY,71,5.5,-120,-103
2025-04-17,LA,CGY,75,5.5,-120,100
2025-04-19,WPG,STL,15,5.5,136,-165
2025-04-19,WPG,STL,30,5.5,110,-130
2025-04-19,WPG,STL,68,5.5,136,-162
2025-04-19,WPG,STL,69,5.5,136,-168
2025-04-19,WPG,STL,71,5.0,-148,115
2025-04-19,WPG,STL,75,5.0,-135,115
2025-04-19,DAL,COL,15,6.5,102,-122
2025-04-19,DAL,COL,30,5.5,-120,-100
2025-04-19,DAL,COL,68,6.5,102,-122
2025-04-19,DAL,COL,69,6.5,104,-128
2025-04-19,DAL,COL,71,6.5,100,-125
2025-04-19,DAL,COL,75,6.5,100,-120
2025-04-20,CAR,NJ,15,5.5,107,-127
2025-04-20,CAR,NJ,30,5.5,110,-130
2025-04-20,CAR,NJ,68,5.5,105,-125
2025-04-20,CAR,NJ,69,5.5,112,-138
2025-04-20,CAR,NJ,71,5.5,112,-137
2025-04-20,CAR,NJ,75,5.5,105,-125
2025-04-20,TOR,OTT,15,5.5,-126,104
2025-04-20,TOR,OTT,30,5.5,-110,-110
2025-04-20,TOR,OTT,68,5.5,-125,105
2025-04-20,TOR,OTT,69,5.5,-128,104
2025-04-20,TOR,OTT,71,5.5,-112,-109
2025-04-20,TOR,OTT,75,6.0,100,-120
2025-04-20,VGK,MIN,15,5.5,-120,-102
2025-04-20,VGK,MIN,30,5.5,-115,-105
2025-04-20,VGK,MIN,68,5.5,-120,100
2025-04-20,VGK,MIN,69,5.5,-118,-104
2025-04-20,VGK,MIN,71,5.5,-115,-106
2025-04-20,VGK,MIN,75,5.5,-120,100
2025-04-21,WSH,MTL,15,5.5,-122,102
2025-04-21,WSH,MTL,30,5.5,-115,-105
2025-04-21,WSH,MTL,68,5.5,-122,102
2025-04-21,WSH,MTL,69,5.5,-128,102
2025-04-21,WSH,MTL,71,6.0,-108,-113
2025-04-21,WSH,MTL,75,6.0,100,-120
2025-04-21,WPG,STL,15,5.5,130,-155
2025-04-21,WPG,STL,30,5.5,124,-148
2025-04-21,WPG,STL,68,5.5,130,-155
2025-04-21,WPG,STL,69,5.5,130,-160
2025-04-21,WPG,STL,71,5.5,120,-148
2025-04-21,WPG,STL,75,5.0,-135,110
2025-04-21,DAL,COL,15,6.5,-105,-115
2025-04-21,DAL,COL,30,6.5,105,-125
2025-04-21,DAL,COL,68,6.5,-105,-115
2025-04-21,DAL,COL,69,6.5,-105,-115
2025-04-21,DAL,COL,71,6.0,-121,100
2025-04-21,DAL,COL,75,6.5,100,-120
2025-04-21,LA,EDM,15,5.5,-106,-116
2025-04-21,LA,EDM,30,5.5,100,-120
2025-04-21,LA,EDM,68,5.5,-108,-112
2025-04-21,LA,EDM,69,5.5,-104,-118
2025-04-21,LA,EDM,71,5.5,-110,-110
2025-04-21,LA,EDM,75,5.5,-105,-115
2025-04-22,CAR,NJ,15,5.5,110,-132
2025-04-22,CAR,NJ,30,5.5,110,-130
2025-04-22,CAR,NJ,68,5.5,110,-130
2025-04-22,CAR,NJ,69,5.5,110,-134
2025-04-22,CAR,NJ,71,5.5,110,-134
2025-04-22,CAR,NJ,75,5.5,110,-130
2025-04-22,TOR,OTT,15,5.5,-125,105
2025-04-22,TOR,OTT,30,5.5,-125,105
2025-04-22,TOR,OTT,68,5.5,-125,105
2025-04-22,TOR,OTT,69,5.5,-124,102
2025-04-22,TOR,OTT,71,6.0,102,-127
2025-04-22,TOR,OTT,75,6.0,100,-120
2025-04-22,TB,FLA,15,5.5,-110,-110
2025-04-22,TB,FLA,30,5.5,-105,-115
2025-04-22,TB,FLA,68,5.5,-110,-110
2025-04-22,TB,FLA,69,5.5,-110,-110
2025-04-22,TB,FLA,71,5.5,-115,-110
2025-04-22,TB,FLA,75,5.5,-110,-110
2025-04-22,VGK,MIN,15,5.5,-116,-106
2025-04-22,VGK,MIN,30,5.5,-100,-120
2025-04-22,VGK,MIN,68,5.5,-112,-108
2025-04-22,VGK,MIN,69,5.5,-118,-104
2025-04-22,VGK,MIN,71,5.5,-110,-110
2025-04-22,VGK,MIN,75,5.5,-110,-110
2025-04-23,WSH,MTL,15,5.5,-128,104
2025-04-23,WSH,MTL,30,5.5,-130,110
2025-04-23,WSH,MTL,68,5.5,-122,102
2025-04-23,WSH,MTL,69,5.5,-128,104
2025-04-23,WSH,MTL,71,6.0,-105,-117
2025-04-23,WSH,MTL,75,6.0,100,-120
2025-04-23,COL,DAL,15,6.5,-106,-112
2025-04-23,COL,DAL,30,6.5,-105,-115
2025-04-23,COL,DAL,68,6.5,-108,-112
2025-04-23,COL,DAL,69,6.5,-112,-108
2025-04-23,COL,DAL,71,6.5,-107,-114
2025-04-23,COL,DAL,75,6.5,-105,-115
2025-04-23,LA,EDM,15,5.5,-130,110
2025-04-23,LA,EDM,30,5.5,-110,-110
2025-04-23,LA,EDM,68,5.5,-130,110
2025-04-23,LA,EDM,69,5.5,-128,104
2025-04-23,LA,EDM,71,6.0,-104,-117
2025-04-23,LA,EDM,75,6.0,-105,-115
2025-04-24,TB,FLA,15,5.5,-126,104
2025-04-24,TB,FLA,30,5.5,-116,-105
2025-04-24,TB,FLA,68,5.5,-125,105
2025-04-24,TB,FLA,69,5.5,-128,104
2025-04-24,TB,FLA,71,6.0,102,-122
2025-04-24,TB,FLA,75,6.0,-105,-115
2025-04-24,OTT,TOR,15,5.5,-119,-100
2025-04-24,OTT,TOR,30,5.5,-120,-100
2025-04-24,OTT,TOR,68,5.5,-122,102
2025-04-24,OTT,TOR,69,5.5,-118,-100
2025-04-24,OTT,TOR,71,5.5,-122,-104
2025-04-24,OTT,TOR,75,5.5,-120,100
2025-04-24,MIN,VGK,15,5.5,-114,-107
2025-04-24,MIN,VGK,30,5.5,-125,105
2025-04-24,MIN,VGK,68,5.5,-112,-108
2025-04-24,MIN,VGK,69,5.5,-114,-106
2025-04-24,MIN,VGK,71,5.5,-122,100
2025-04-24,MIN,VGK,75,5.5,-118,-102
2025-04-24,STL,WPG,15,5.5,132,-160
2025-04-24,STL,WPG,30,5.5,120,-142
2025-04-24,STL,WPG,68,5.5,136,-162
2025-04-24,STL,WPG,69,5.5,128,-158
2025-04-24,STL,WPG,71,5.0,-141,117
2025-04-24,STL,WPG,75,5.0,-130,110
2025-04-25,MTL,WSH,15,5.5,-126,105
2025-04-25,MTL,WSH,30,5.5,-115,-105
2025-04-25,MTL,WSH,68,5.5,-125,105
2025-04-25,MTL,WSH,69,5.5,-128,104
2025-04-25,MTL,WSH,71,5.5,-120,-103
2025-04-25,MTL,WSH,75,5.5,-125,105
2025-04-25,NJ,CAR,15,5.5,102,-130
2025-04-25,NJ,CAR,30,5.5,120,-142
2025-04-25,NJ,CAR,68,5.5,100,-130
2025-04-25,NJ,CAR,69,5.5,108,-132
2025-04-25,NJ,CAR,71,5.5,106,-134
2025-04-25,NJ,CAR,75,5.5,105,-125
2025-04-25,EDM,LA,15,6.5,105,-125
2025-04-25,EDM,LA,30,6.5,105,-125
2025-04-25,EDM,LA,68,6.5,105,-125
2025-04-25,EDM,LA,69,6.5,108,-140
2025-04-25,EDM,LA,71,6.0,-114,-107
2025-04-25,EDM,LA,75,6.0,-120,100
2025-10-01,BUF,PIT,15,6.5,109,-130
2025-10-01,BUF,PIT,30,5.5,-141,110
2025-10-01,BUF,PIT,68,6.5,110,-130
2025-10-01,BUF,PIT,69,6.5,108,-134
2025-10-01,BUF,PIT,71,6.5,100,-129
2025-10-01,BUF,PIT,75,6.0,-115,-105
2025-10-01,VGK,COL,15,6.0,-117,-102
2025-10-01,VGK,COL,30,6.5,112,-138
2025-10-01,VGK,COL,68,5.5,-130,110
2025-10-01,VGK,COL,69,6.5,110,-134
2025-10-01,VGK,COL,71,6.0,100,-129
2025-10-01,VGK,COL,75,6.0,-105,-115
2025-10-01,CGY,VAN,15,5.5,-130,110
2025-10-01,CGY,VAN,30,5.5,-140,114
2025-10-01,CGY,VAN,68,5.5,-130,110
2025-10-01,CGY,VAN,69,5.5,-118,-105
2025-10-01,CGY,VAN,71,6.0,-103,-127
2025-10-01,CGY,VAN,75,6.0,-110,-110
2025-10-01,SJ,ANA,15,6.5,-106,-118
2025-10-01,SJ,ANA,30,5.5,-141,110
2025-10-01,SJ,ANA,68,6.5,-102,-118
2025-10-01,SJ,ANA,69,6.5,-110,-110
2025-10-01,SJ,ANA,71,6.5,-121,-107
2025-10-01,SJ,ANA,75,6.5,-105,-115
2025-10-01,SEA,EDM,15,5.5,-118,-106
2025-10-01,SEA,EDM,30,5.5,-140,112
2025-10-01,SEA,EDM,68,5.5,-118,-102
2025-10-01,SEA,EDM,69,5.5,-110,-110
2025-10-01,SEA,EDM,71,5.5,-124,-105
2025-10-01,SEA,EDM,75,5.5,-120,100
2025-10-02,NYR,NJ,15,5.5,-132,108
2025-10-02,NYR,NJ,30,6.5,-111,-111
2025-10-02,NYR,NJ,68,5.5,-125,105
2025-10-02,NYR,NJ,69,5.5,-132,108
2025-10-02,NYR,NJ,71,6.0,-109,-120
2025-10-02,NYR,NJ,75,6.0,-105,-115
2025-10-02,TB,FLA,15,6.5,-102,-106
2025-10-02,TB,FLA,30,5.5,-130,110
2025-10-02,TB,FLA,68,6.5,110,-130
2025-10-02,TB,FLA,69,5.5,-142,112
2025-10-02,TB,FLA,71,6.0,-121,-108
2025-10-02,TB,FLA,75,6.0,-120,100
2025-10-02,TOR,DET,15,6.0,-114,-144
2025-10-02,TOR,DET,30,5.5,-141,110
2025-10-02,TOR,DET,68,5.5,-130,110
2025-10-02,TOR,DET,69,6.5,112,-134
2025-10-02,TOR,DET,71,6.0,-108,-121
2025-10-02,TOR,DET,75,6.0,-105,-115
2025-10-02,WSH,BOS,15,5.5,-125,105
2025-10-02,WSH,BOS,30,5.5,-130,106
2025-10-02,WSH,BOS,68,5.5,-125,105
2025-10-02,WSH,BOS,69,5.5,-130,106
2025-10-02,WSH,BOS,71,6.0,-109,-118
2025-10-02,WSH,BOS,75,6.0,100,-120
2025-10-02,PHI,NYI,15,5.5,-120,-102
2025-10-02,PHI,NYI,30,5.5,-132,108
2025-10-02,PHI,NYI,68,5.5,-120,100
2025-10-02,PHI,NYI,69,5.5,-118,-104
2025-10-02,PHI,NYI,71,6.0,-103,-127
2025-10-02,PHI,NYI,75,5.5,-120,100
2025-10-02,STL,OTT,15,5.5,-140,116
2025-10-02,STL,OTT,30,5.5,-135,115
2025-10-02,STL,OTT,68,5.5,-130,110
2025-10-02,STL,OTT,69,5.5,-140,116
2025-10-02,STL,OTT,71,6.0,-109,-118
2025-10-02,STL,OTT,75,6.0,-105,-115
2025-10-02,UTA,LA,15,5.5,-117,-100
2025-10-02,UTA,LA,30,5.5,-125,105
2025-10-02,UTA,LA,68,5.5,-120,100
2025-10-02,UTA,LA,69,5.5,-115,-105
2025-10-02,UTA,LA,71,6.0,-109,-120
2025-10-02,UTA,LA,75,5.5,-115,-105
2025-10-03,PIT,BUF,15,6.5,114,-135
2025-10-03,PIT,BUF,30,5.5,-140,114
2025-10-03,PIT,BUF,68,6.5,114,-135
2025-10-03,PIT,BUF,69,6.5,114,-138
2025-10-03,PIT,BUF,71,6.0,-109,-120
2025-10-03,PIT,BUF,75,6.0,-118,-102
2025-10-03,CHI,MIN,15,5.5,-131,110
2025-10-03,CHI,MIN,30,5.5,-134,110
2025-10-03,CHI,MIN,68,5.5,-130,110
2025-10-03,CHI,MIN,69,5.5,-132,108
2025-10-03,CHI,MIN,71,6.0,-112,-117
2025-10-03,CHI,MIN,75,6.0,-105,-115
2025-10-03,CGY,WPG,15,5.5,-116,-107
2025-10-03,CGY,WPG,30,5.5,-122,-100
2025-10-03,CGY,WPG,68,5.5,-112,-108
2025-10-03,CGY,WPG,69,5.5,-118,-106
2025-10-03,CGY,WPG,71,6.0,100,-129
2025-10-03,CGY,WPG,75,5.5,-110,-110
2025-10-03,VAN,EDM,15,5.5,-130,110
2025-10-03,VAN,EDM,30,5.5,-142,116
2025-10-03,VAN,EDM,68,5.5,-130,110
2025-10-03,VAN,EDM,69,6.5,-124,102
2025-10-03,VAN,EDM,71,6.0,-113,-114
2025-10-03,VAN,EDM,75,6.0,-115,-105
2025-10-03,VGK,SJ,15,6.0,-105,-113
2025-10-03,VGK,SJ,30,6.5,116,-142
2025-10-03,VGK,SJ,68,6.5,120,-142
2025-10-03,VGK,SJ,69,5.5,-132,110
2025-10-03,VGK,SJ,71,6.0,-114,-114
2025-10-03,VGK,SJ,75,6.0,-110,-110
2025-10-04,PHI,NJ,15,5.5,-130,110
2025-10-04,PHI,NJ,30,5.5,-111,-111
2025-10-04,PHI,NJ,68,5.5,-130,110
2025-10-04,PHI,NJ,69,5.5,-130,106
2025-10-04,PHI,NJ,71,6.0,-105,-124
2025-10-04,PHI,NJ,75,6.0,-110,-110
2025-10-04,BOS,NYR,15,5.5,-125,105
2025-10-04,BOS,NYR,30,5.5,-111,-111
2025-10-04,BOS,NYR,68,5.5,-125,105
2025-10-04,BOS,NYR,69,5.5,-115,-104
2025-10-04,BOS,NYR,71,6.0,100,-129
2025-10-04,BOS,NYR,75,6.0,100,-120
2025-10-04,LA,ANA,15,5.5,-120,-100
2025-10-04,LA,ANA,30,5.5,-132,-100
2025-10-04,LA,ANA,68,5.5,-120,100
2025-10-04,LA,ANA,69,5.5,-115,-105
2025-10-04,LA,ANA,71,6.0,100,-129
2025-10-04,LA,ANA,75,5.5,-120,100
2025-10-04,NSH,CAR,15,5.5,-130,110
2025-10-04,NSH,CAR,30,5.5,-132,108
2025-10-04,NSH,CAR,68,5.5,-130,110
2025-10-04,NSH,CAR,69,5.5,-128,104
2025-10-04,NSH,CAR,71,6.0,-107,-121
2025-10-04,NSH,CAR,75,6.0,-102,-118
2025-10-04,DAL,COL,15,5.5,-130,110
2025-10-04,DAL,COL,30,5.5,-132,-100
2025-10-04,DAL,COL,68,5.5,-130,110
2025-10-04,DAL,COL,69,5.5,-130,106
2025-10-04,DAL,COL,71,6.0,-114,-114
2025-10-04,DAL,COL,75,6.0,100,-120
2025-10-04,MTL,OTT,15,5.5,-125,102
2025-10-04,MTL,OTT,30,5.5,-130,110
2025-10-04,MTL,OTT,68,5.5,-125,102
2025-10-04,MTL,OTT,69,5.5,-122,-100
2025-10-04,MTL,OTT,71,6.0,-108,-120
2025-10-04,MTL,OTT,75,5.5,-120,100
2025-10-04,DET,TOR,15,6.5,112,-132
2025-10-04,DET,TOR,30,5.5,-140,114
2025-10-04,DET,TOR,68,6.5,114,-135
2025-10-04,DET,TOR,69,6.5,-138,114
2025-10-04,DET,TOR,71,6.0,-117,-110
2025-10-04,DET,TOR,75,6.0,-110,-110
2025-10-04,CHI,STL,15,5.5,-134,112
2025-10-04,CHI,STL,30,5.5,-130,110
2025-10-04,CHI,STL,68,5.5,-135,114
2025-10-04,CHI,STL,69,5.5,-134,110
2025-10-04,CHI,STL,71,6.0,-105,-124
2025-10-04,CHI,STL,75,6.0,-110,-110
2025-10-04,FLA,TB,15,5.5,-135,114
2025-10-04,FLA,TB,30,5.5,-130,110
2025-10-04,FLA,TB,68,5.5,-130,110
2025-10-04,FLA,TB,69,5.5,-138,114
2025-10-04,FLA,TB,71,6.0,-105,-124
2025-10-04,FLA,TB,75,6.0,-110,-110
2025-10-04,WSH,CBJ,15,5.5,-135,114
2025-10-04,WSH,CBJ,30,5.5,-140,112
2025-10-04,WSH,CBJ,68,5.5,-135,114
2025-10-04,WSH,CBJ,69,5.5,-140,114
2025-10-04,WSH,CBJ,71,6.0,100,-129
2025-10-04,WSH,CBJ,75,6.0,-110,-110
2025-10-04,UTA,SJ,15,5.5,-138,114
2025-10-04,UTA,SJ,30,5.5,-135,114
2025-10-04,UTA,SJ,68,5.5,-130,110
2025-10-04,UTA,SJ,69,5.5,-142,114
2025-10-04,UTA,SJ,71,6.0,-117,-112
2025-10-04,UTA,SJ,75,6.0,-110,-110
2025-10-07,FLA,CHI,15,5.5,-123,102
2025-10-07,FLA,CHI,30,5.5,-122,-100
2025-10-07,FLA,CHI,68,5.5,-125,105
2025-10-07,FLA,CHI,69,5.5,-122,-100
2025-10-07,FLA,CHI,71,5.5,-120,-104
2025-10-07,FLA,CHI,75,5.5,-120,100
2025-10-07,NYR,PIT,15,6.5,110,-134
2025-10-07,NYR,PIT,30,6.0,100,-120
2025-10-07,NYR,PIT,68,6.5,114,-135
2025-10-07,NYR,PIT,69,6.5,110,-134
2025-10-07,NYR,PIT,71,6.0,-117,-107
2025-10-07,NYR,PIT,75,6.0,-120,100
2025-10-07,LA,COL,15,5.5,-132,110
2025-10-07,LA,COL,30,5.5,-115,-105
2025-10-07,LA,COL,68,5.5,-130,110
2025-10-07,LA,COL,69,5.5,-132,106
2025-10-07,LA,COL,71,6.0,-109,-114
2025-10-07,LA,COL,75,6.0,-120,100
2025-10-08,TOR,MTL,15,6.5,103,114
2025-10-08,TOR,MTL,30,5.5,-125,105
2025-10-08,TOR,MTL,68,5.5,-135,114
2025-10-08,TOR,MTL,69,5.5,116,114
2025-10-08,TOR,MTL,71,6.0,-105,-120
2025-10-08,TOR,MTL,75,6.0,-110,-110
2025-10-08,WSH,BOS,15,5.5,-110,-105
2025-10-08,WSH,BOS,30,5.5,-110,-110
2025-10-08,WSH,BOS,68,5.5,-115,-105
2025-10-08,WSH,BOS,69,5.5,-110,-110
2025-10-08,WSH,BOS,71,5.5,-121,-104
2025-10-08,WSH,BOS,75,3.0,-5000,1050
2025-10-08,VGK,LA,15,5.5,-140,110
2025-10-08,VGK,LA,30,5.5,-120,100
2025-10-08,VGK,LA,68,5.5,-130,110
2025-10-08,VGK,LA,69,5.5,-140,110
2025-10-08,VGK,LA,71,6.0,100,-122
2025-10-08,VGK,LA,75,6.0,-105,-115
2025-10-08,EDM,CGY,15,6.5,114,-137
2025-10-08,EDM,CGY,30,6.5,100,-120
2025-10-08,EDM,CGY,68,6.5,114,-135
2025-10-08,EDM,CGY,69,6.5,114,-140
2025-10-08,EDM,CGY,71,6.0,-124,100
2025-10-08,EDM,CGY,75,6.0,-120,100
2025-10-09,TB,OTT,15,6.5,113,-136
2025-10-09,TB,OTT,30,6.5,110,-130
2025-10-09,TB,OTT,68,6.5,114,-135
2025-10-09,TB,OTT,69,6.5,112,-138
2025-10-09,TB,OTT,71,6.0,-109,-114
2025-10-09,TB,OTT,75,6.0,-115,-105
2025-10-09,PIT,NYI,15,6.5,107,-117
2025-10-09,PIT,NYI,30,5.5,-125,105
2025-10-09,PIT,NYI,68,6.5,114,-135
2025-10-09,PIT,NYI,69,5.5,-130,106
2025-10-09,PIT,NYI,71,6.0,100,-125
2025-10-09,PIT,NYI,75,6.0,-115,-105
2025-10-09,BOS,CHI,15,5.5,-128,105
2025-10-09,BOS,CHI,30,5.5,-115,-105
2025-10-09,BOS,CHI,68,5.5,-125,105
2025-10-09,BOS,CHI,69,5.5,-128,104
2025-10-09,BOS,CHI,71,5.5,-127,102
2025-10-09,BOS,CHI,75,6.0,-105,-115
2025-10-09,FLA,PHI,15,5.5,-118,-102
2025-10-09,FLA,PHI,30,5.5,-110,-110
2025-10-09,FLA,PHI,68,5.5,-118,-102
2025-10-09,FLA,PHI,69,5.5,-118,-102
2025-10-09,FLA,PHI,71,5.5,-120,-105
2025-10-09,FLA,PHI,75,5.5,-118,-102
2025-10-09,BUF,NYR,15,6.5,-107,-112
2025-10-09,BUF,NYR,30,6.5,110,-130
2025-10-09,BUF,NYR,68,6.5,105,-125
2025-10-09,BUF,NYR,69,6.5,104,-128
2025-10-09,BUF,NYR,71,6.5,-103,-122
2025-10-09,BUF,NYR,75,6.0,-120,100
2025-10-09,DET,MTL,15,6.5,106,-129
2025-10-09,DET,MTL,30,6.5,110,-130
2025-10-09,DET,MTL,68,6.5,105,-125
2025-10-09,DET,MTL,69,6.5,108,-134
2025-10-09,DET,MTL,71,6.5,-104,-120
2025-10-09,DET,MTL,75,6.0,-120,100
2025-10-09,CAR,NJ,15,5.5,-121,-100
2025-10-09,CAR,NJ,30,5.5,-115,-105
2025-10-09,CAR,NJ,68,5.5,-120,100
2025-10-09,CAR,NJ,69,5.5,-122,-100
2025-10-09,CAR,NJ,71,5.5,-113,-110
2025-10-09,CAR,NJ,75,5.5,-115,-105
2025-10-09,NSH,CBJ,15,6.5,104,-125
2025-10-09,NSH,CBJ,30,6.5,110,-130
2025-10-09,NSH,CBJ,68,6.5,105,-125
2025-10-09,NSH,CBJ,69,6.5,104,-128
2025-10-09,NSH,CBJ,71,6.0,-125,102
2025-10-09,NSH,CBJ,75,6.0,-120,100
2025-10-09,STL,MIN,15,5.5,-123,105
2025-10-09,STL,MIN,30,5.5,-115,-105
2025-10-09,STL,MIN,68,5.5,-125,105
2025-10-09,STL,MIN,69,5.5,-122,-100
2025-10-09,STL,MIN,71,6.0,100,-125
2025-10-09,STL,MIN,75,6.0,100,-120
2025-10-09,WPG,DAL,15,5.5,-115,-105
2025-10-09,WPG,DAL,30,5.5,-110,-110
2025-10-09,WPG,DAL,68,5.5,-115,-105
2025-10-09,WPG,DAL,69,5.5,-114,-104
2025-10-09,WPG,DAL,71,5.5,-114,-108
2025-10-09,WPG,DAL,75,5.5,-115,-105
2025-10-09,COL,UTA,15,6.5,-100,-120
2025-10-09,COL,UTA,30,6.5,100,-120
2025-10-09,COL,UTA,68,6.5,100,-120
2025-10-09,COL,UTA,69,6.5,104,-128
2025-10-09,COL,UTA,71,6.0,-125,100
2025-10-09,COL,UTA,75,6.5,100,-120
2025-10-09,SEA,ANA,15,6.5,105,-125
2025-10-09,SEA,ANA,30,5.5,-120,100
2025-10-09,SEA,ANA,68,6.5,105,-125
2025-10-09,SEA,ANA,69,6.5,106,-130
2025-10-09,SEA,ANA,71,6.0,-114,-109
2025-10-09,SEA,ANA,75,6.0,-120,100
2025-10-09,VAN,CGY,15,5.5,-120,-104
2025-10-09,VAN,CGY,30,5.5,-120,100
2025-10-09,VAN,CGY,68,5.5,-120,100
2025-10-09,VAN,CGY,69,5.5,-118,-104
2025-10-09,VAN,CGY,71,6.0,-105,-120
2025-10-09,VAN,CGY,75,5.5,-120,100
2025-10-09,SJ,VGK,15,6.5,-102,-117
2025-10-09,SJ,VGK,30,5.5,-130,110
2025-10-09,SJ,VGK,68,6.5,-105,-115
2025-10-09,SJ,VGK,69,6.5,-102,-120
2025-10-09,SJ,VGK,71,6.0,-124,100
2025-10-09,SJ,VGK,75,6.5,-105,-115
2025-10-11,WPG,LA,15,5.5,-102,-120
2025-10-11,WPG,LA,30,5.5,-125,105
2025-10-11,WPG,LA,68,5.5,-102,-118
2025-10-11,WPG,LA,69,5.5,-102,-120
2025-10-11,WPG,LA,71,5.5,-107,-117
2025-10-11,WPG,LA,75,5.5,100,-120
2025-10-11,CGY,STL,15,5.5,-117,-105
2025-10-11,CGY,STL,30,5.5,-125,105
2025-10-11,CGY,STL,68,5.5,-115,-105
2025-10-11,CGY,STL,69,5.5,-120,-104
2025-10-11,CGY,STL,71,5.5,-121,-104
2025-10-11,CGY,STL,75,5.5,-115,-105
2025-10-11,PIT,NYR,15,6.5,112,-135
2025-10-11,PIT,NYR,30,5.5,-125,105
2025-10-11,PIT,NYR,68,6.5,114,-135
2025-10-11,PIT,NYR,69,6.5,112,-138
2025-10-11,PIT,NYR,71,6.0,-109,-114
2025-10-11,PIT,NYR,75,6.0,-115,-105
2025-10-11,NYI,WSH,15,5.5,-115,-105
2025-10-11,NYI,WSH,30,5.5,-111,-111
2025-10-11,NYI,WSH,68,5.5,-115,-105
2025-10-11,NYI,WSH,69,5.5,-114,-104
2025-10-11,NYI,WSH,71,5.5,-120,-105
2025-10-11,NYI,WSH,75,5.5,-115,-105
2025-10-11,TB,NJ,15,6.5,111,-134
2025-10-11,TB,NJ,30,6.5,105,-125
2025-10-11,TB,NJ,68,6.5,110,-130
2025-10-11,TB,NJ,69,6.5,112,-138
2025-10-11,TB,NJ,71,6.0,-112,-112
2025-10-11,TB,NJ,75,6.0,-118,-102
2025-10-11,DET,TOR,15,6.5,103,116
2025-10-11,DET,TOR,30,6.5,105,-125
2025-10-11,DET,TOR,68,5.5,-130,110
2025-10-11,DET,TOR,69,6.5,112,116
2025-10-11,DET,TOR,71,6.0,-108,-114
2025-10-11,DET,TOR,75,6.0,-105,-115
2025-10-11,CAR,PHI,15,5.5,-134,114
2025-10-11,CAR,PHI,30,5.5,-132,110
2025-10-11,CAR,PHI,68,5.5,-135,114
2025-10-11,CAR,PHI,69,5.5,-134,108
2025-10-11,CAR,PHI,71,6.0,102,-127
2025-10-11,CAR,PHI,75,6.0,-105,-115
2025-10-11,CHI,MTL,15,6.5,110,-134
2025-10-11,CHI,MTL,30,5.5,-111,-111
2025-10-11,CHI,MTL,68,6.5,114,-135
2025-10-11,CHI,MTL,69,6.5,110,-134
2025-10-11,CHI,MTL,71,6.0,-114,-109
2025-10-11,CHI,MTL,75,6.0,-115,-105
2025-10-11,BOS,BUF,15,5.5,-138,114
2025-10-11,BOS,BUF,30,6.5,105,-125
2025-10-11,BOS,BUF,68,5.5,-135,114
2025-10-11,BOS,BUF,69,5.5,-138,114
2025-10-11,BOS,BUF,71,6.0,-110,-112
2025-10-11,BOS,BUF,75,6.0,-110,-110
2025-10-11,FLA,OTT,15,5.5,-119,-102
2025-10-11,FLA,OTT,30,5.5,-111,-111
2025-10-11,FLA,OTT,68,5.5,-118,-102
2025-10-11,FLA,OTT,69,5.5,-120,-102
2025-10-11,FLA,OTT,71,5.5,-120,-105
2025-10-11,FLA,OTT,75,5.5,-115,-105
2025-10-11,NSH,UTA,15,5.5,-122,105
2025-10-11,NSH,UTA,30,6.5,105,-125
2025-10-11,NSH,UTA,68,5.5,-122,105
2025-10-11,NSH,UTA,69,5.5,-122,-100
2025-10-11,NSH,UTA,71,6.0,100,-125
2025-10-11,NSH,UTA,75,6.0,100,-120
2025-10-11,MIN,CBJ,15,6.5,103,-126
2025-10-11,MIN,CBJ,30,5.5,-125,105
2025-10-11,MIN,CBJ,68,6.5,102,-125
2025-10-11,MIN,CBJ,69,6.5,104,-128
2025-10-11,MIN,CBJ,71,6.0,-115,-108
2025-10-11,MIN,CBJ,75,6.0,-120,100
2025-10-11,COL,DAL,15,6.5,107,-130
2025-10-11,COL,DAL,30,5.5,-132,110
2025-10-11,COL,DAL,68,6.5,110,-130
2025-10-11,COL,DAL,69,6.5,104,-130
2025-10-11,COL,DAL,71,6.0,-115,-108
2025-10-11,COL,DAL,75,6.0,-120,100
2025-10-11,SJ,ANA,15,6.5,-116,-105
2025-10-11,SJ,ANA,30,6.5,105,-125
2025-10-11,SJ,ANA,68,6.5,-118,-102
2025-10-11,SJ,ANA,69,6.5,-114,-106
2025-10-11,SJ,ANA,71,6.5,-114,-109
2025-10-11,SJ,ANA,75,6.5,-115,-105
2025-10-11,SEA,VGK,15,6.0,-122,-102
2025-10-11,SEA,VGK,30,5.5,-132,110
2025-10-11,SEA,VGK,68,5.5,-130,100
2025-10-11,SEA,VGK,69,6.5,108,-130
2025-10-11,SEA,VGK,71,6.0,-115,-107
2025-10-11,SEA,VGK,75,6.0,-120,100
2025-10-11,EDM,VAN,15,5.5,-138,115
2025-10-11,EDM,VAN,30,6.5,-105,-116
2025-10-11,EDM,VAN,68,5.5,-135,114
2025-10-11,EDM,VAN,69,5.5,-142,116
2025-10-11,EDM,VAN,71,6.0,-114,-109
2025-10-11,EDM,VAN,75,6.0,-110,-110
2025-10-12,NYR,WSH,15,6.0,-124,102
2025-10-12,NYR,WSH,30,5.5,-125,105
2025-10-12,NYR,WSH,68,6.5,114,-135
2025-10-12,NYR,WSH,69,5.5,-140,114
2025-10-12,NYR,WSH,71,6.0,-113,-110
2025-10-12,NYR,WSH,75,6.0,-115,-105
2025-10-13,BUF,COL,15,6.5,-109,-110
2025-10-13,BUF,COL,30,6.5,-116,-105
2025-10-13,BUF,COL,68,6.5,-110,-110
2025-10-13,BUF,COL,69,6.5,-108,-112
2025-10-13,BUF,COL,71,6.5,-104,-120
2025-10-13,BUF,COL,75,6.5,-110,-110
2025-10-13,BOS,TB,15,6.5,104,-127
2025-10-13,BOS,TB,30,6.5,-100,-120
2025-10-13,BOS,TB,68,6.5,105,-125
2025-10-13,BOS,TB,69,6.5,104,-130
2025-10-13,BOS,TB,71,6.0,-121,-103
2025-10-13,BOS,TB,75,6.0,-120,100
2025-10-13,OTT,NSH,15,5.5,-125,105
2025-10-13,OTT,NSH,30,6.5,105,-125
2025-10-13,OTT,NSH,68,5.5,-125,105
2025-10-13,OTT,NSH,69,5.5,-122,-100
2025-10-13,OTT,NSH,71,5.5,-122,-103
2025-10-13,OTT,NSH,75,6.0,-102,-118
2025-10-13,NYI,WPG,15,5.5,-126,105
2025-10-13,NYI,WPG,30,5.5,-132,110
2025-10-13,NYI,WPG,68,5.5,-125,105
2025-10-13,NYI,WPG,69,5.5,-128,106
2025-10-13,NYI,WPG,71,5.5,-122,-103
2025-10-13,NYI,WPG,75,6.0,100,-120
2025-10-13,TOR,DET,15,6.5,102,-124
2025-10-13,TOR,DET,30,6.5,-100,-120
2025-10-13,TOR,DET,68,6.5,105,-125
2025-10-13,TOR,DET,69,6.5,102,-124
2025-10-13,TOR,DET,71,6.0,-112,-112
2025-10-13,TOR,DET,75,6.5,100,-120
2025-10-13,CBJ,NJ,15,6.5,-105,-114
2025-10-13,CBJ,NJ,30,5.5,-125,105
2025-10-13,CBJ,NJ,68,6.5,-108,-112
2025-10-13,CBJ,NJ,69,6.5,-105,-114
2025-10-13,CBJ,NJ,71,6.5,-110,-113
2025-10-13,CBJ,NJ,75,6.5,-102,-118
2025-10-13,PHI,FLA,15,5.5,-128,105
2025-10-13,PHI,FLA,30,5.5,-111,-111
2025-10-13,PHI,FLA,68,5.5,-125,105
2025-10-13,PHI,FLA,69,5.5,-132,104
2025-10-13,PHI,FLA,71,6.0,-104,-121
2025-10-13,PHI,FLA,75,6.0,-105,-115
2025-10-13,VAN,STL,15,5.5,-115,-103
2025-10-13,VAN,STL,30,5.5,-132,110
2025-10-13,VAN,STL,68,5.5,-115,-105
2025-10-13,VAN,STL,69,5.5,-120,-102
2025-10-13,VAN,STL,71,5.5,-121,-104
2025-10-13,VAN,STL,75,5.5,-115,-105
2025-10-13,MIN,LA,15,5.5,-122,-102
2025-10-13,MIN,LA,30,5.5,-100,-120
2025-10-13,MIN,LA,68,5.5,-122,102
2025-10-13,MIN,LA,69,5.5,-122,-102
2025-10-13,MIN,LA,71,5.5,-121,-104
2025-10-13,MIN,LA,75,5.5,-120,100
2025-10-13,CHI,UTA,15,5.5,-138,114
2025-10-13,CHI,UTA,30,6.5,-100,-120
2025-10-13,CHI,UTA,68,5.5,-135,114
2025-10-13,CHI,UTA,69,5.5,-142,114
2025-10-13,CHI,UTA,71,6.0,-107,-117
2025-10-13,CHI,UTA,75,6.0,-115,-105
2025-10-14,TOR,NSH,15,6.5,-105,-119
2025-10-14,TOR,NSH,30,6.5,-105,-115
2025-10-14,TOR,NSH,68,6.5,-105,-115
2025-10-14,TOR,NSH,69,6.5,102,-124
2025-10-14,TOR,NSH,71,6.5,-103,-121
2025-10-14,TOR,NSH,75,6.5,100,-120
2025-10-14,WSH,TB,15,5.5,-132,110
2025-10-14,WSH,TB,30,6.5,105,-125
2025-10-14,WSH,TB,68,5.5,-135,114
2025-10-14,WSH,TB,69,5.5,-130,106
2025-10-14,WSH,TB,71,6.0,-108,-115
2025-10-14,WSH,TB,75,6.0,-110,-110
2025-10-14,NYR,EDM,15,5.5,-135,112
2025-10-14,NYR,EDM,30,5.5,-125,105
2025-10-14,NYR,EDM,68,5.5,-130,110
2025-10-14,NYR,EDM,69,5.5,-140,114
2025-10-14,NYR,EDM,71,6.0,-107,-117
2025-10-14,NYR,EDM,75,6.0,-105,-115
2025-10-14,MTL,SEA,15,5.5,-133,112
2025-10-14,MTL,SEA,30,5.5,-130,110
2025-10-14,MTL,SEA,68,5.5,-135,114
2025-10-14,MTL,SEA,69,5.5,-132,110
2025-10-14,MTL,SEA,71,6.0,-104,-121
2025-10-14,MTL,SEA,75,6.0,-110,-110
2025-10-14,CGY,VGK,15,5.5,-130,110
2025-10-14,CGY,VGK,30,5.5,-115,-105
2025-10-14,CGY,VGK,68,5.5,-130,110
2025-10-14,CGY,VGK,69,5.5,-130,104
2025-10-14,CGY,VGK,71,6.0,-104,-121
2025-10-14,CGY,VGK,75,6.0,-105,-115
2025-10-14,DAL,MIN,15,6.0,-127,104
2025-10-14,DAL,MIN,30,5.5,-130,110
2025-10-14,DAL,MIN,68,6.5,114,-135
2025-10-14,DAL,MIN,69,5.5,-140,114
2025-10-14,DAL,MIN,71,6.0,-115,-108
2025-10-14,DAL,MIN,75,6.0,-110,-110
2025-10-14,SJ,CAR,15,6.5,-116,-105
2025-10-14,SJ,CAR,30,6.5,-105,-115
2025-10-14,SJ,CAR,68,6.5,-118,-102
2025-10-14,SJ,CAR,69,6.5,-115,-105
2025-10-14,SJ,CAR,71,6.5,-110,-113
2025-10-14,SJ,CAR,75,6.5,-115,-105
2025-10-14,ANA,PIT,15,6.5,103,-126
2025-10-14,ANA,PIT,30,6.5,-100,-120
2025-10-14,ANA,PIT,68,6.5,102,-122
2025-10-14,ANA,PIT,69,6.5,104,-130
2025-10-14,ANA,PIT,71,6.0,-122,100
2025-10-14,ANA,PIT,75,6.5,100,-120
2025-10-15,BUF,OTT,15,6.5,109,-130
2025-10-15,BUF,OTT,30,6.5,110,-130
2025-10-15,BUF,OTT,68,6.5,110,-130
2025-10-15,BUF,OTT,69,6.5,108,-130
2025-10-15,BUF,OTT,71,6.0,-121,-103
2025-10-15,BUF,OTT,75,6.0,-115,-105
2025-10-15,DET,FLA,15,5.5,-118,-103
2025-10-15,DET,FLA,30,5.5,-132,110
2025-10-15,DET,FLA,68,5.5,-118,-102
2025-10-15,DET,FLA,69,5.5,-118,-105
2025-10-15,DET,FLA,71,5.5,-110,-112
2025-10-15,DET,FLA,75,5.5,-115,-105
2025-10-15,UTA,CGY,15,6.0,-110,-110
2025-10-15,UTA,CGY,30,5.5,-120,100
2025-10-15,UTA,CGY,68,5.5,-135,114
2025-10-15,UTA,CGY,69,6.5,116,-140
2025-10-15,UTA,CGY,71,6.0,-104,-121
2025-10-15,UTA,CGY,75,6.0,-110,-110
2025-10-15,STL,CHI,15,5.5,-138,114
2025-10-15,STL,CHI,30,5.5,-125,105
2025-10-15,STL,CHI,68,5.5,-135,114
2025-10-15,STL,CHI,69,5.5,-138,112
2025-10-15,STL,CHI,71,6.0,-114,-109
2025-10-15,STL,CHI,75,6.0,-105,-115
2025-10-16,TOR,NYR,15,5.5,-130,110
2025-10-16,TOR,NYR,30,6.5,110,-130
2025-10-16,TOR,NYR,68,5.5,-130,110
2025-10-16,TOR,NYR,69,5.5,-130,106
2025-10-16,TOR,NYR,71,6.0,-104,-121
2025-10-16,TOR,NYR,75,6.0,-105,-115
2025-10-16,CBJ,COL,15,6.5,-110,-110
2025-10-16,CBJ,COL,30,6.5,105,-125
2025-10-16,CBJ,COL,68,6.5,-110,-110
2025-10-16,CBJ,COL,69,6.5,-110,-110
2025-10-16,CBJ,COL,71,6.5,-112,-112
2025-10-16,CBJ,COL,75,6.5,-115,-105
2025-10-16,MTL,NSH,15,5.5,-132,110
2025-10-16,MTL,NSH,30,5.5,-120,-100
2025-10-16,MTL,NSH,68,5.5,-130,110
2025-10-16,MTL,NSH,69,5.5,-134,110
2025-10-16,MTL,NSH,71,6.0,-105,-120
2025-10-16,MTL,NSH,75,6.0,-105,-115
2025-10-16,PHI,WPG,15,5.5,-120,-100
2025-10-16,PHI,WPG,30,5.5,-120,-100
2025-10-16,PHI,WPG,68,5.5,-120,100
2025-10-16,PHI,WPG,69,5.5,-120,-105
2025-10-16,PHI,WPG,71,5.5,-114,-109
2025-10-16,PHI,WPG,75,5.5,-120,100
2025-10-16,OTT,SEA,15,6.0,-120,-105
2025-10-16,OTT,SEA,30,5.5,-120,-100
2025-10-16,OTT,SEA,68,5.5,-130,100
2025-10-16,OTT,SEA,69,6.5,112,-138
2025-10-16,OTT,SEA,71,6.0,-112,-112
2025-10-16,OTT,SEA,75,6.0,-115,-105
2025-10-16,NJ,FLA,15,5.5,-135,114
2025-10-16,NJ,FLA,30,6.5,105,-125
2025-10-16,NJ,FLA,68,5.5,-135,114
2025-10-16,NJ,FLA,69,5.5,-130,104
2025-10-16,NJ,FLA,71,6.0,-104,-121
2025-10-16,NJ,FLA,75,6.0,-110,-110
2025-10-16,NYI,EDM,15,6.5,102,-122
2025-10-16,NYI,EDM,30,5.5,-125,105
2025-10-16,NYI,EDM,68,6.5,102,-122
2025-10-16,NYI,EDM,69,6.5,104,-128
2025-10-16,NYI,EDM,71,6.0,-114,-109
2025-10-16,NYI,EDM,75,6.5,100,-120
2025-10-16,DAL,VAN,15,6.5,111,-134
2025-10-16,DAL,VAN,30,5.5,-115,-105
2025-10-16,DAL,VAN,68,6.5,114,-135
2025-10-16,DAL,VAN,69,6.5,108,-134
2025-10-16,DAL,VAN,71,6.0,-120,-105
2025-10-16,DAL,VAN,75,6.0,-115,-105
2025-10-16,LA,PIT,15,6.5,-100,-121
2025-10-16,LA,PIT,30,5.5,-115,-105
2025-10-16,LA,PIT,68,6.5,100,-120
2025-10-16,LA,PIT,69,6.5,-100,-122
2025-10-16,LA,PIT,71,6.5,102,-125
2025-10-16,LA,PIT,75,6.5,100,-120
2025-10-16,ANA,CAR,15,6.5,-103,-118
2025-10-16,ANA,CAR,30,5.5,-120,-100
2025-10-16,ANA,CAR,68,6.5,-102,-118
2025-10-16,ANA,CAR,69,6.5,-104,-118
2025-10-16,ANA,CAR,71,6.5,100,-124
2025-10-16,ANA,CAR,75,6.5,-105,-115
2025-10-16,VGK,BOS,15,6.5,112,-134
2025-10-16,VGK,BOS,30,6.5,110,-130
2025-10-16,VGK,BOS,68,6.5,114,-135
2025-10-16,VGK,BOS,69,6.5,110,-134
2025-10-16,VGK,BOS,71,6.0,-110,-113
2025-10-16,VGK,BOS,75,6.0,-115,-105
2025-10-17,DET,TB,15,5.5,-131,110
2025-10-17,DET,TB,30,6.5,105,-125
2025-10-17,DET,TB,68,5.5,-130,110
2025-10-17,DET,TB,69,5.5,-132,106
2025-10-17,DET,TB,71,6.0,-107,-117
2025-10-17,DET,TB,75,6.0,-105,-115
2025-10-17,WSH,MIN,15,5.5,-127,105
2025-10-17,WSH,MIN,30,5.5,-125,105
2025-10-17,WSH,MIN,68,5.5,-125,105
2025-10-17,WSH,MIN,69,5.5,-130,106
2025-10-17,WSH,MIN,71,6.0,100,-124
2025-10-17,WSH,MIN,75,6.0,100,-120
2025-10-17,CHI,VAN,15,6.5,114,-135
2025-10-17,CHI,VAN,30,6.5,105,-125
2025-10-17,CHI,VAN,68,6.5,114,-135
2025-10-17,CHI,VAN,69,6.5,114,-140
2025-10-17,CHI,VAN,71,6.0,-115,-108
2025-10-17,CHI,VAN,75,6.0,-115,-105
2025-10-17,UTA,SJ,15,6.5,102,-124
2025-10-17,UTA,SJ,30,6.5,105,-125
2025-10-17,UTA,SJ,68,6.5,100,-120
2025-10-17,UTA,SJ,69,6.5,104,-128
2025-10-17,UTA,SJ,71,6.0,-124,100
2025-10-17,UTA,SJ,75,6.5,100,-120
2025-10-18,BUF,FLA,15,5.5,-132,111
2025-10-18,BUF,FLA,30,6.5,105,-125
2025-10-18,BUF,FLA,68,5.5,-135,114
2025-10-18,BUF,FLA,69,5.5,-130,108
2025-10-18,BUF,FLA,71,6.0,-107,-117
2025-10-18,BUF,FLA,75,6.0,-110,-110
2025-10-18,OTT,NYI,15,5.5,-135,114
2025-10-18,OTT,NYI,30,6.5,105,-125
2025-10-18,OTT,NYI,68,5.5,-135,114
2025-10-18,OTT,NYI,69,5.5,-134,108
2025-10-18,OTT,NYI,71,6.0,-108,-115
2025-10-18,OTT,NYI,75,6.0,-110,-110
2025-10-18,NJ,EDM,15,6.5,106,-130
2025-10-18,NJ,EDM,30,6.5,110,-130
2025-10-18,NJ,EDM,68,6.5,110,-130
2025-10-18,NJ,EDM,69,6.5,106,-130
2025-10-18,NJ,EDM,71,6.0,-122,-103
2025-10-18,NJ,EDM,75,6.0,-115,-105
2025-10-18,TOR,SEA,15,5.5,-142,120
2025-10-18,TOR,SEA,30,5.5,-147,120
2025-10-18,TOR,SEA,68,5.5,-142,120
2025-10-18,TOR,SEA,69,5.5,-140,114
2025-10-18,TOR,SEA,71,6.0,-114,-109
2025-10-18,TOR,SEA,75,6.0,-110,-110
2025-10-18,MTL,NYR,15,5.5,-138,114
2025-10-18,MTL,NYR,30,5.5,-130,110
2025-10-18,MTL,NYR,68,5.5,-135,114
2025-10-18,MTL,NYR,69,5.5,-138,114
2025-10-18,MTL,NYR,71,6.0,100,-124
2025-10-18,MTL,NYR,75,6.0,-110,-110
2025-10-18,WPG,NSH,15,5.5,-107,-113
2025-10-18,WPG,NSH,30,5.5,-125,105
2025-10-18,WPG,NSH,68,5.5,-108,-112
2025-10-18,WPG,NSH,69,5.5,-106,-114
2025-10-18,WPG,NSH,71,5.5,-120,-105
2025-10-18,WPG,NSH,75,5.5,-110,-110
2025-10-18,PHI,MIN,15,6.5,-101,-119
2025-10-18,PHI,MIN,30,6.5,110,-130
2025-10-18,PHI,MIN,68,6.5,114,-135
2025-10-18,PHI,MIN,69,6.5,112,-138
2025-10-18,PHI,MIN,71,6.0,-114,-108
2025-10-18,PHI,MIN,75,6.0,-115,-105
2025-10-18,STL,DAL,15,5.5,-134,112
2025-10-18,STL,DAL,30,5.5,-132,110
2025-10-18,STL,DAL,68,5.5,-135,114
2025-10-18,STL,DAL,69,5.5,-134,110
2025-10-18,STL,DAL,71,6.0,-108,-114
2025-10-18,STL,DAL,75,6.0,-105,-115
2025-10-18,CBJ,TB,15,6.5,-110,-112
2025-10-18,CBJ,TB,30,6.5,-110,-110
2025-10-18,CBJ,TB,68,6.5,-110,-110
2025-10-18,CBJ,TB,69,6.5,-106,-114
2025-10-18,CBJ,TB,71,6.5,-108,-115
2025-10-18,CBJ,TB,75,6.5,-110,-110
2025-10-18,LA,CAR,15,6.5,113,-136
2025-10-18,LA,CAR,30,5.5,-120,-100
2025-10-18,LA,CAR,68,6.5,114,-135
2025-10-18,LA,CAR,69,6.5,112,-138
2025-10-18,LA,CAR,71,6.0,-104,-121
2025-10-18,LA,CAR,75,6.0,-110,-110
2025-10-18,COL,BOS,15,6.0,130,-172
2025-10-18,COL,BOS,30,5.5,-130,110
2025-10-18,COL,BOS,68,5.5,-142,120
2025-10-18,COL,BOS,69,6.5,110,-140
2025-10-18,COL,BOS,71,6.0,-114,-109
2025-10-18,COL,BOS,75,6.0,-110,-110
2025-10-18,VGK,CGY,15,6.5,112,-133
2025-10-18,VGK,CGY,30,5.5,-147,120
2025-10-18,VGK,CGY,68,6.5,114,-135
2025-10-18,VGK,CGY,69,6.5,110,-132
2025-10-18,VGK,CGY,71,6.0,-117,-107
2025-10-18,VGK,CGY,75,6.0,-120,100
2025-10-18,SJ,PIT,15,6.5,-107,-112
2025-10-18,SJ,PIT,30,6.5,-105,-116
2025-10-18,SJ,PIT,68,6.5,-108,-112
2025-10-18,SJ,PIT,69,6.5,-106,-114
2025-10-18,SJ,PIT,71,6.5,-112,-112
2025-10-18,SJ,PIT,75,6.5,-110,-110
2025-10-19,WSH,VAN,15,5.5,-120,-103
2025-10-19,WSH,VAN,30,5.5,-125,105
2025-10-19,WSH,VAN,68,5.5,-120,100
2025-10-19,WSH,VAN,69,5.5,-114,-106
2025-10-19,WSH,VAN,71,5.5,-113,-109
2025-10-19,WSH,VAN,75,5.5,-120,100
2025-10-19,DET,EDM,15,5.5,-140,114
2025-10-19,DET,EDM,30,6.5,105,-125
2025-10-19,DET,EDM,68,5.5,-135,114
2025-10-19,DET,EDM,69,5.5,-140,112
2025-10-19,DET,EDM,71,6.0,-121,-104
2025-10-19,DET,EDM,75,6.0,-110,-110
2025-10-19,UTA,BOS,15,5.5,-134,110
2025-10-19,UTA,BOS,30,5.5,-130,110
2025-10-19,UTA,BOS,68,5.5,-130,110
2025-10-19,UTA,BOS,69,5.5,-134,110
2025-10-19,UTA,BOS,71,6.0,-112,-112
2025-10-19,UTA,BOS,75,6.0,-105,-115
2025-10-19,CHI,ANA,15,6.5,-102,-122
2025-10-19,CHI,ANA,30,5.5,-125,105
2025-10-19,CHI,ANA,68,6.5,105,-125
2025-10-19,CHI,ANA,69,6.5,-102,-122
2025-10-19,CHI,ANA,71,6.0,-122,-103
2025-10-19,CHI,ANA,75,6.0,-118,-102
2025-10-20,PHI,SEA,15,5.5,-119,-110
2025-10-20,PHI,SEA,30,5.5,-125,105
2025-10-20,PHI,SEA,68,5.5,-120,-110
2025-10-20,PHI,SEA,69,5.5,-118,-105
2025-10-20,PHI,SEA,71,5.5,-120,-105
2025-10-20,PHI,SEA,75,5.5,-115,-105
2025-10-20,NYR,MIN,15,5.5,-109,-110
2025-10-20,NYR,MIN,30,5.5,-120,-100
2025-10-20,NYR,MIN,68,5.5,-110,-110
2025-10-20,NYR,MIN,69,5.5,-108,-112
2025-10-20,NYR,MIN,71,5.5,-115,-108
2025-10-20,NYR,MIN,75,3.0,-5000,1050
2025-10-20,MTL,BUF,15,6.5,-107,-112
2025-10-20,MTL,BUF,30,6.5,105,-125
2025-10-20,MTL,BUF,68,6.5,105,-125
2025-10-20,MTL,BUF,69,6.5,106,-132
2025-10-20,MTL,BUF,71,6.0,-122,-103
2025-10-20,MTL,BUF,75,3.0,-10000,1400
2025-10-20,CGY,WPG,15,5.5,-120,-100
2025-10-20,CGY,WPG,30,5.5,-125,105
2025-10-20,CGY,WPG,68,5.5,-120,100
2025-10-20,CGY,WPG,69,5.5,-118,-105
2025-10-20,CGY,WPG,71,5.5,-118,-106
2025-10-20,CGY,WPG,75,5.5,-120,100
2025-10-20,VGK,CAR,15,6.5,-104,-120
2025-10-20,VGK,CAR,30,6.5,-105,-116
2025-10-20,VGK,CAR,68,6.5,110,-130
2025-10-20,VGK,CAR,69,6.5,112,-138
2025-10-20,VGK,CAR,71,6.0,-109,-113
2025-10-20,VGK,CAR,75,6.0,-120,100
2025-10-21,PIT,VAN,15,6.5,105,-123
2025-10-21,PIT,VAN,30,5.5,-132,110
2025-10-21,PIT,VAN,68,6.5,105,-122
2025-10-21,PIT,VAN,69,6.5,104,-130
2025-10-21,PIT,VAN,71,6.0,-115,-107
2025-10-21,PIT,VAN,75,6.0,-120,100
2025-10-21,WSH,SEA,15,5.5,-134,110
2025-10-21,WSH,SEA,30,5.5,-130,110
2025-10-21,WSH,SEA,68,5.5,-130,110
2025-10-21,WSH,SEA,69,5.5,-134,110
2025-10-21,WSH,SEA,71,6.0,-112,-112
2025-10-21,WSH,SEA,75,6.0,-110,-110
2025-10-21,OTT,EDM,15,5.5,-134,110
2025-10-21,OTT,EDM,30,5.5,-130,110
2025-10-21,OTT,EDM,68,5.5,-130,110
2025-10-21,OTT,EDM,69,5.5,-134,108
2025-10-21,OTT,EDM,71,6.0,-103,-122
2025-10-21,OTT,EDM,75,6.0,-105,-115
2025-10-21,TOR,NJ,15,5.5,-128,106
2025-10-21,TOR,NJ,30,6.5,114,-135
2025-10-21,TOR,NJ,68,5.5,-125,105
2025-10-21,TOR,NJ,69,5.5,-132,108
2025-10-21,TOR,NJ,71,6.0,-107,-117
2025-10-21,TOR,NJ,75,6.0,100,-120
2025-10-21,NYI,SJ,15,6.5,-111,-111
2025-10-21,NYI,SJ,30,5.5,-125,105
2025-10-21,NYI,SJ,68,6.5,-108,-112
2025-10-21,NYI,SJ,69,6.5,-112,-108
2025-10-21,NYI,SJ,71,6.5,-103,-122
2025-10-21,NYI,SJ,75,6.5,-110,-110
2025-10-21,BOS,FLA,15,5.5,-110,-110
2025-10-21,BOS,FLA,30,5.5,-122,102
2025-10-21,BOS,FLA,68,5.5,-110,-110
2025-10-21,BOS,FLA,69,5.5,-110,-110
2025-10-21,BOS,FLA,71,5.5,-105,-118
2025-10-21,BOS,FLA,75,5.5,-110,-110
2025-10-21,DAL,CBJ,15,6.5,-104,-115
2025-10-21,DAL,CBJ,30,6.5,105,-125
2025-10-21,DAL,CBJ,68,6.5,-105,-115
2025-10-21,DAL,CBJ,69,6.5,-104,-118
2025-10-21,DAL,CBJ,71,6.5,-103,-122
2025-10-21,DAL,CBJ,75,6.5,-105,-115
2025-10-21,NSH,ANA,15,6.5,104,-132
2025-10-21,NSH,ANA,30,5.5,-120,100
2025-10-21,NSH,ANA,68,6.5,100,-130
2025-10-21,NSH,ANA,69,6.5,108,-134
2025-10-21,NSH,ANA,71,6.0,-107,-117
2025-10-21,NSH,ANA,75,6.0,-120,100
2025-10-21,STL,LA,15,5.5,-120,-100
2025-10-21,STL,LA,30,5.5,-115,-105
2025-10-21,STL,LA,68,5.5,-120,100
2025-10-21,STL,LA,69,5.5,-120,-102
2025-10-21,STL,LA,71,6.0,102,-125
2025-10-21,STL,LA,75,5.5,-120,100
2025-10-21,UTA,COL,15,5.5,-132,110
2025-10-21,UTA,COL,30,6.5,110,-130
2025-10-21,UTA,COL,68,5.5,-130,110
2025-10-21,UTA,COL,69,5.5,-132,106
2025-10-21,UTA,COL,71,6.0,-114,-109
2025-10-21,UTA,COL,75,6.0,-105,-115
2025-10-22,NJ,MIN,15,5.5,-100,110
2025-10-22,NJ,MIN,30,5.5,-132,110
2025-10-22,NJ,MIN,68,5.5,-130,110
2025-10-22,NJ,MIN,69,5.5,-124,102
2025-10-22,NJ,MIN,71,6.0,-105,-118
2025-10-22,NJ,MIN,75,6.0,-102,-118
2025-10-22,BUF,DET,15,6.5,105,-125
2025-10-22,BUF,DET,30,6.5,115,-141
2025-10-22,BUF,DET,68,6.5,105,-125
2025-10-22,BUF,DET,69,6.5,106,-132
2025-10-22,BUF,DET,71,6.0,-125,100
2025-10-22,BUF,DET,75,6.5,100,-120
2025-10-22,CGY,MTL,15,5.5,-124,104
2025-10-22,CGY,MTL,30,5.5,-132,110
2025-10-22,CGY,MTL,68,5.5,-125,105
2025-10-22,CGY,MTL,69,5.5,-124,104
2025-10-22,CGY,MTL,71,6.0,-107,-117
2025-10-22,CGY,MTL,75,6.0,-110,-110
2025-10-23,TB,CHI,15,6.5,106,-130
2025-10-23,TB,CHI,30,6.5,110,-130
2025-10-23,TB,CHI,68,6.5,114,-135
2025-10-23,TB,CHI,69,6.5,106,-130
2025-10-23,TB,CHI,71,6.0,-118,-105
2025-10-23,TB,CHI,75,6.0,-115,-105
2025-10-23,FLA,PIT,15,5.5,-100,110
2025-10-23,FLA,PIT,30,6.5,105,-125
2025-10-23,FLA,PIT,68,5.5,-130,110
2025-10-23,FLA,PIT,69,5.5,-122,-100
2025-10-23,FLA,PIT,71,6.0,100,-124
2025-10-23,FLA,PIT,75,6.0,-102,-118
2025-10-23,NYI,DET,15,6.5,112,-135
2025-10-23,NYI,DET,30,5.5,-120,100
2025-10-23,NYI,DET,68,6.5,114,-135
2025-10-23,NYI,DET,69,6.5,112,-138
2025-10-23,NYI,DET,71,6.0,-121,-104
2025-10-23,NYI,DET,75,6.0,-115,-105
2025-10-23,BOS,ANA,15,6.5,-111,-109
2025-10-23,BOS,ANA,30,5.5,-120,-100
2025-10-23,BOS,ANA,68,6.5,-108,-112
2025-10-23,BOS,ANA,69,6.5,-114,-106
2025-10-23,BOS,ANA,71,6.5,-103,-121
2025-10-23,BOS,ANA,75,6.5,-110,-110
2025-10-23,OTT,PHI,15,5.5,-125,105
2025-10-23,OTT,PHI,30,5.5,-125,105
2025-10-23,OTT,PHI,68,5.5,-125,105
2025-10-23,OTT,PHI,69,5.5,-118,-104
2025-10-23,OTT,PHI,71,6.0,100,-122
2025-10-23,OTT,PHI,75,6.0,-105,-115
2025-10-23,NYR,SJ,15,6.5,109,-132
2025-10-23,NYR,SJ,30,5.5,-130,110
2025-10-23,NYR,SJ,68,6.5,110,-130
2025-10-23,NYR,SJ,69,6.5,108,-132
2025-10-23,NYR,SJ,71,6.0,-113,-110
2025-10-23,NYR,SJ,75,6.0,-120,100
2025-10-23,WPG,SEA,15,5.5,-105,-114
2025-10-23,WPG,SEA,30,5.5,-120,-100
2025-10-23,WPG,SEA,68,5.5,-105,-115
2025-10-23,WPG,SEA,69,5.5,-106,-114
2025-10-23,WPG,SEA,71,5.5,-118,-106
2025-10-23,WPG,SEA,75,5.5,-105,-115
2025-10-23,NSH,VAN,15,5.5,-123,102
2025-10-23,NSH,VAN,30,5.5,-115,-105
2025-10-23,NSH,VAN,68,5.5,-125,105
2025-10-23,NSH,VAN,69,5.5,-122,-100
2025-10-23,NSH,VAN,71,6.0,-106,-118
2025-10-23,NSH,VAN,75,6.0,-105,-115
2025-10-23,STL,UTA,15,5.5,-120,-102
2025-10-23,STL,UTA,30,6.5,110,-130
2025-10-23,STL,UTA,68,5.5,-118,-102
2025-10-23,STL,UTA,69,5.5,-120,-102
2025-10-23,STL,UTA,71,6.0,102,-125
2025-10-23,STL,UTA,75,5.5,-120,100
2025-10-23,DAL,LA,15,5.5,-109,-113
2025-10-23,DAL,LA,30,5.5,-125,105
2025-10-23,DAL,LA,68,5.5,-108,-112
2025-10-23,DAL,LA,69,5.5,-108,-114
2025-10-23,DAL,LA,71,5.5,-120,-105
2025-10-23,DAL,LA,75,5.5,-105,-115
2025-10-23,EDM,MTL,15,6.0,-124,102
2025-10-23,EDM,MTL,30,6.5,-100,-120
2025-10-23,EDM,MTL,68,6.5,114,-135
2025-10-23,EDM,MTL,69,5.5,-140,112
2025-10-23,EDM,MTL,71,6.0,-118,-106
2025-10-23,EDM,MTL,75,6.0,-115,-105
2025-10-23,COL,CAR,15,6.5,106,-128
2025-10-23,COL,CAR,30,5.5,-130,110
2025-10-23,COL,CAR,68,6.5,105,-125
2025-10-23,COL,CAR,69,6.5,106,-128
2025-10-23,COL,CAR,71,6.0,-114,-109
2025-10-23,COL,CAR,75,6.5,100,-120
2025-10-24,BUF,TOR,15,6.5,103,-124
2025-10-24,BUF,TOR,30,6.5,110,-132
2025-10-24,BUF,TOR,68,6.5,105,-125
2025-10-24,BUF,TOR,69,6.5,102,-124
2025-10-24,BUF,TOR,71,6.0,-125,102
2025-10-24,BUF,TOR,75,6.5,100,-120
2025-10-24,CBJ,WSH,15,6.5,108,-130
2025-10-24,CBJ,WSH,30,6.5,105,-125
2025-10-24,CBJ,WSH,68,6.5,110,-130
2025-10-24,CBJ,WSH,69,6.5,108,-132
2025-10-24,CBJ,WSH,71,6.0,-113,-110
2025-10-24,CBJ,WSH,75,6.0,-118,-102
2025-10-24,NJ,SJ,15,6.5,-102,-117
2025-10-24,NJ,SJ,30,6.5,120,-147
2025-10-24,NJ,SJ,68,6.5,-105,-115
2025-10-24,NJ,SJ,69,6.5,-102,-122
2025-10-24,NJ,SJ,71,6.0,-121,-103
2025-10-24,NJ,SJ,75,6.5,100,-120
2025-10-24,WPG,CGY,15,5.5,-121,-101
2025-10-24,WPG,CGY,30,5.5,-120,-100
2025-10-24,WPG,CGY,68,5.5,-118,-102
2025-10-24,WPG,CGY,69,5.5,-122,-100
2025-10-24,WPG,CGY,71,5.5,-121,-104
2025-10-24,WPG,CGY,75,5.5,-120,100
2025-10-25,PHI,NYI,15,6.5,104,-127
2025-10-25,PHI,NYI,30,5.5,-130,110
2025-10-25,PHI,NYI,68,6.5,105,-125
2025-10-25,PHI,NYI,69,6.5,104,-130
2025-10-25,PHI,NYI,71,6.0,-124,100
2025-10-25,PHI,NYI,75,6.5,100,-120
2025-10-25,BOS,COL,15,6.0,120,-162
2025-10-25,BOS,COL,30,5.5,-125,105
2025-10-25,BOS,COL,68,5.5,-135,114
2025-10-25,BOS,COL,69,6.5,112,-138
2025-10-25,BOS,COL,71,6.0,-110,-112
2025-10-25,BOS,COL,75,6.0,-110,-110
2025-10-25,TB,ANA,15,6.5,-120,-102
2025-10-25,TB,ANA,30,5.5,-125,105
2025-10-25,TB,ANA,68,6.5,-120,100
2025-10-25,TB,ANA,69,6.5,-118,-105
2025-10-25,TB,ANA,71,6.5,-124,100
2025-10-25,TB,ANA,75,6.5,-120,100
2025-10-25,TOR,BUF,15,6.5,-110,-114
2025-10-25,TOR,BUF,30,6.5,105,-125
2025-10-25,TOR,BUF,68,6.5,-110,-110
2025-10-25,TOR,BUF,69,6.5,-104,-118
2025-10-25,TOR,BUF,71,6.5,-113,-110
2025-10-25,TOR,BUF,75,6.5,-110,-110
2025-10-25,FLA,VGK,15,5.5,-127,104
2025-10-25,FLA,VGK,30,6.5,105,-125
2025-10-25,FLA,VGK,68,5.5,-125,105
2025-10-25,FLA,VGK,69,5.5,-130,104
2025-10-25,FLA,VGK,71,6.0,-103,-122
2025-10-25,FLA,VGK,75,6.0,100,-120
2025-10-25,MIN,UTA,15,5.5,-130,105
2025-10-25,MIN,UTA,30,5.5,-120,100
2025-10-25,MIN,UTA,68,5.5,-125,105
2025-10-25,MIN,UTA,69,5.5,-130,104
2025-10-25,MIN,UTA,71,6.0,102,-127
2025-10-25,MIN,UTA,75,6.0,-105,-115
2025-10-25,DET,STL,15,5.5,-120,-101
2025-10-25,DET,STL,30,5.5,-130,110
2025-10-25,DET,STL,68,5.5,-120,100
2025-10-25,DET,STL,69,5.5,-120,-102
2025-10-25,DET,STL,71,6.0,100,-125
2025-10-25,DET,STL,75,5.5,-120,100
2025-10-25,PIT,CBJ,15,6.5,-110,-110
2025-10-25,PIT,CBJ,30,6.5,-120,100
2025-10-25,PIT,CBJ,68,6.5,-110,-110
2025-10-25,PIT,CBJ,69,6.5,-106,-110
2025-10-25,PIT,CBJ,71,6.5,-113,-110
2025-10-25,PIT,CBJ,75,6.5,-110,-110
2025-10-25,VAN,MTL,15,5.5,-132,110
2025-10-25,VAN,MTL,30,6.5,105,-125
2025-10-25,VAN,MTL,68,5.5,-130,110
2025-10-25,VAN,MTL,69,5.5,-134,110
2025-10-25,VAN,MTL,71,6.0,-112,-112
2025-10-25,VAN,MTL,75,6.0,-105,-115
2025-10-25,WSH,OTT,15,5.5,-122,-100
2025-10-25,WSH,OTT,30,5.5,-130,110
2025-10-25,WSH,OTT,68,5.5,-120,100
2025-10-25,WSH,OTT,69,5.5,-124,-100
2025-10-25,WSH,OTT,71,5.5,-125,102
2025-10-25,WSH,OTT,75,5.5,-120,100
2025-10-25,NSH,LA,15,5.5,-110,-110
2025-10-25,NSH,LA,30,5.5,-130,110
2025-10-25,NSH,LA,68,5.5,-110,-110
2025-10-25,NSH,LA,69,5.5,-110,-110
2025-10-25,NSH,LA,71,5.5,-113,-110
2025-10-25,NSH,LA,75,5.5,-110,-110
2025-10-25,DAL,CAR,15,6.5,106,-131
2025-10-25,DAL,CAR,30,5.5,-142,120
2025-10-25,DAL,CAR,68,6.5,114,-135
2025-10-25,DAL,CAR,69,6.5,106,-130
2025-10-25,DAL,CAR,71,6.0,-115,-108
2025-10-25,DAL,CAR,75,6.0,-115,-105
2025-10-25,SEA,EDM,15,5.5,-125,-105
2025-10-25,SEA,EDM,30,6.5,110,-130
2025-10-25,SEA,EDM,68,5.5,-125,105
2025-10-25,SEA,EDM,69,5.5,-115,-105
2025-10-25,SEA,EDM,71,6.0,-106,-117
2025-10-25,SEA,EDM,75,6.0,100,-120
2025-10-26,NJ,COL,15,6.5,110,-130
2025-10-26,NJ,COL,30,5.5,-135,114
2025-10-26,NJ,COL,68,6.5,110,-130
2025-10-26,NJ,COL,69,6.5,110,-132
2025-10-26,NJ,COL,71,6.0,-120,-104
2025-10-26,NJ,COL,75,6.0,-115,-105
2025-10-26,TB,VGK,15,6.5,102,-122
2025-10-26,TB,VGK,30,6.5,110,-130
2025-10-26,TB,VGK,68,6.5,105,-125
2025-10-26,TB,VGK,69,6.5,102,-122
2025-10-26,TB,VGK,71,6.0,-124,100
2025-10-26,TB,VGK,75,6.0,-120,100
2025-10-26,MIN,SJ,15,6.5,-106,-117
2025-10-26,MIN,SJ,30,6.5,105,-125
2025-10-26,MIN,SJ,68,6.5,-108,-112
2025-10-26,MIN,SJ,69,6.5,-102,-120
2025-10-26,MIN,SJ,71,6.0,-124,100
2025-10-26,MIN,SJ,75,6.5,-105,-115
2025-10-26,WPG,UTA,15,5.5,-124,101
2025-10-26,WPG,UTA,30,5.5,-120,-100
2025-10-26,WPG,UTA,68,5.5,-125,102
2025-10-26,WPG,UTA,69,5.5,-124,-100
2025-10-26,WPG,UTA,71,5.5,-125,102
2025-10-26,WPG,UTA,75,5.5,-120,100
2025-10-26,NSH,DAL,15,6.0,-125,-135
2025-10-26,NSH,DAL,30,5.5,-130,110
2025-10-26,NSH,DAL,68,6.5,114,-135
2025-10-26,NSH,DAL,69,5.5,-142,116
2025-10-26,NSH,DAL,71,6.0,-108,-115
2025-10-26,NSH,DAL,75,6.0,-115,-105
2025-10-26,CHI,LA,15,6.5,104,-128
2025-10-26,CHI,LA,30,5.5,-120,-100
2025-10-26,CHI,LA,68,6.5,110,-130
2025-10-26,CHI,LA,69,6.5,104,-128
2025-10-26,CHI,LA,71,6.0,-106,-118
2025-10-26,CHI,LA,75,6.0,-118,-102
2025-10-26,CGY,NYR,15,5.5,-105,-115
2025-10-26,CGY,NYR,30,5.5,-120,-100
2025-10-26,CGY,NYR,68,5.5,-105,-115
2025-10-26,CGY,NYR,69,5.5,-105,-115
2025-10-26,CGY,NYR,71,5.5,-108,-114
2025-10-26,CGY,NYR,75,5.5,-105,-115
2025-10-26,VAN,EDM,15,6.5,112,-135
2025-10-26,VAN,EDM,30,5.5,-135,114
2025-10-26,VAN,EDM,68,6.5,114,-135
2025-10-26,VAN,EDM,69,6.5,110,-138
2025-10-26,VAN,EDM,71,6.0,-122,-103
2025-10-26,VAN,EDM,75,6.0,-115,-105
2025-10-27,PIT,STL,15,6.5,110,-132
2025-10-27,PIT,STL,30,6.5,105,-125
2025-10-27,PIT,STL,68,6.5,110,-130
2025-10-27,PIT,STL,69,6.5,110,-134
2025-10-27,PIT,STL,71,6.0,-115,-107
2025-10-27,PIT,STL,75,6.0,-120,100
2025-10-27,OTT,BOS,15,6.5,112,-134
2025-10-27,OTT,BOS,30,5.5,-125,105
2025-10-27,OTT,BOS,68,6.5,114,-135
2025-10-27,OTT,BOS,69,6.5,110,-134
2025-10-27,OTT,BOS,71,6.0,-114,-108
2025-10-27,OTT,BOS,75,6.0,-115,-105
2025-10-28,PHI,PIT,15,6.5,110,-130
2025-10-28,PHI,PIT,30,5.5,-125,105
2025-10-28,PHI,PIT,68,6.5,110,-130
2025-10-28,PHI,PIT,69,6.5,110,-134
2025-10-28,PHI,PIT,71,6.0,-114,-109
2025-10-28,PHI,PIT,75,6.0,-120,100
2025-10-28,TOR,CGY,15,5.5,-136,113
2025-10-28,TOR,CGY,30,5.5,-130,110
2025-10-28,TOR,CGY,68,5.5,-135,114
2025-10-28,TOR,CGY,69,5.5,-138,112
2025-10-28,TOR,CGY,71,6.0,102,-127
2025-10-28,TOR,CGY,75,6.0,-110,-110
2025-10-28,CAR,VGK,15,6.5,-104,-105
2025-10-28,CAR,VGK,30,6.5,110,-130
2025-10-28,CAR,VGK,68,5.5,-135,114
2025-10-28,CAR,VGK,69,6.5,110,-134
2025-10-28,CAR,VGK,71,6.0,-113,-110
2025-10-28,CAR,VGK,75,6.0,-120,100
2025-10-28,BUF,CBJ,15,6.5,-104,-115
2025-10-28,BUF,CBJ,30,6.5,-110,-110
2025-10-28,BUF,CBJ,68,6.5,-105,-115
2025-10-28,BUF,CBJ,69,6.5,-104,-118
2025-10-28,BUF,CBJ,71,6.5,-112,-112
2025-10-28,BUF,CBJ,75,6.5,-105,-115
2025-10-28,FLA,ANA,15,6.5,-100,-122
2025-10-28,FLA,ANA,30,5.5,-130,110
2025-10-28,FLA,ANA,68,6.5,102,-122
2025-10-28,FLA,ANA,69,6.5,-100,-122
2025-10-28,FLA,ANA,71,6.0,-125,100
2025-10-28,FLA,ANA,75,6.5,100,-120
2025-10-28,BOS,NYI,15,6.5,-105,-117
2025-10-28,BOS,NYI,30,5.5,-120,-100
2025-10-28,BOS,NYI,68,6.5,-105,-115
2025-10-28,BOS,NYI,69,6.5,-102,-120
2025-10-28,BOS,NYI,71,6.5,-103,-122
2025-10-28,BOS,NYI,75,6.5,-105,-115
2025-10-28,NSH,TB,15,5.5,-126,110
2025-10-28,NSH,TB,30,5.5,-130,110
2025-10-28,NSH,TB,68,5.5,-130,110
2025-10-28,NSH,TB,69,5.5,-122,-100
2025-10-28,NSH,TB,71,6.0,-103,-122
2025-10-28,NSH,TB,75,6.0,-105,-115
2025-10-28,MIN,WPG,15,6.5,103,-127
2025-10-28,MIN,WPG,30,5.5,-130,110
2025-10-28,MIN,WPG,68,5.5,-130,110
2025-10-28,MIN,WPG,69,6.5,112,-140
2025-10-28,MIN,WPG,71,6.0,-109,-114
2025-10-28,MIN,WPG,75,6.0,-110,-110
2025-10-28,STL,DET,15,5.5,-130,110
2025-10-28,STL,DET,30,6.5,110,-130
2025-10-28,STL,DET,68,5.5,-130,110
2025-10-28,STL,DET,69,5.5,-124,102
2025-10-28,STL,DET,71,6.0,-103,-121
2025-10-28,STL,DET,75,6.0,-105,-115
2025-10-28,DAL,WSH,15,5.5,-116,-102
2025-10-28,DAL,WSH,30,5.5,-130,110
2025-10-28,DAL,WSH,68,5.5,-120,100
2025-10-28,DAL,WSH,69,5.5,-118,-104
2025-10-28,DAL,WSH,71,6.0,100,-124
2025-10-28,DAL,WSH,75,5.5,-115,-105
2025-10-28,CHI,OTT,15,5.5,-130,110
2025-10-28,CHI,OTT,30,5.5,-130,110
2025-10-28,CHI,OTT,68,5.5,-130,110
2025-10-28,CHI,OTT,69,5.5,-128,106
2025-10-28,CHI,OTT,71,6.0,-104,-121
2025-10-28,CHI,OTT,75,6.0,-105,-115
2025-10-28,COL,NJ,15,6.5,107,-129
2025-10-28,COL,NJ,30,6.5,105,-125
2025-10-28,COL,NJ,68,6.5,110,-130
2025-10-28,COL,NJ,69,6.5,104,-128
2025-10-28,COL,NJ,71,6.0,-121,-103
2025-10-28,COL,NJ,75,6.0,-120,100
2025-10-28,EDM,UTA,15,6.5,111,-134
2025-10-28,EDM,UTA,30,6.5,-105,-115
2025-10-28,EDM,UTA,68,6.5,110,-130
2025-10-28,EDM,UTA,69,6.5,112,-138
2025-10-28,EDM,UTA,71,6.0,-109,-114
2025-10-28,EDM,UTA,75,6.0,-120,100
2025-10-28,VAN,NYR,15,5.5,-120,-100
2025-10-28,VAN,NYR,30,5.5,-125,105
2025-10-28,VAN,NYR,68,5.5,-120,100
2025-10-28,VAN,NYR,69,5.5,-120,-102
2025-10-28,VAN,NYR,71,5.5,-125,102
2025-10-28,VAN,NYR,75,5.5,-120,100
2025-10-28,SEA,MTL,15,5.5,-122,-100
2025-10-28,SEA,MTL,30,6.5,110,-130
2025-10-28,SEA,MTL,68,5.5,-122,102
2025-10-28,SEA,MTL,69,5.5,-122,-100
2025-10-28,SEA,MTL,71,6.0,100,-125
2025-10-28,SEA,MTL,75,6.0,100,-120
2025-10-28,SJ,LA,15,5.5,-142,120
2025-10-28,SJ,LA,30,6.5,110,-130
2025-10-28,SJ,LA,68,5.5,-142,120
2025-10-28,SJ,LA,69,5.5,-134,110
2025-10-28,SJ,LA,71,6.0,-109,-114
2025-10-28,SJ,LA,75,6.0,-110,-110
2025-10-29,CBJ,TOR,15,6.5,-125,105
2025-10-29,CBJ,TOR,30,6.5,105,-125
2025-10-29,CBJ,TOR,68,6.5,-125,105
2025-10-29,CBJ,TOR,69,6.5,-120,-102
2025-10-29,CBJ,TOR,71,6.5,-122,100
2025-10-29,CBJ,TOR,75,6.5,-130,105
2025-10-30,OTT,CGY,15,6.5,110,-130
2025-10-30,OTT,CGY,30,5.5,-130,110
2025-10-30,OTT,CGY,68,6.5,110,-130
2025-10-30,OTT,CGY,69,6.5,106,-130
2025-10-30,OTT,CGY,71,6.0,-107,-117
2025-10-30,OTT,CGY,75,6.0,-120,100
2025-10-30,BOS,BUF,15,6.5,-104,-118
2025-10-30,BOS,BUF,30,6.5,105,-125
2025-10-30,BOS,BUF,68,6.5,100,-120
2025-10-30,BOS,BUF,69,6.5,-105,-115
2025-10-30,BOS,BUF,71,6.5,-108,-115
2025-10-30,BOS,BUF,75,6.5,100,-120
2025-10-30,PHI,NSH,15,5.5,-115,-105
2025-10-30,PHI,NSH,30,5.5,-130,110
2025-10-30,PHI,NSH,68,5.5,-115,-105
2025-10-30,PHI,NSH,69,5.5,-115,-105
2025-10-30,PHI,NSH,71,5.5,-118,-106
2025-10-30,PHI,NSH,75,5.5,-115,-105
2025-10-30,TB,DAL,15,5.5,-125,105
2025-10-30,TB,DAL,30,6.5,110,-130
2025-10-30,TB,DAL,68,5.5,-125,105
2025-10-30,TB,DAL,69,5.5,-124,102
2025-10-30,TB,DAL,71,6.0,-107,-117
2025-10-30,TB,DAL,75,6.0,-105,-115
2025-10-30,CAR,NYI,15,6.5,-122,102
2025-10-30,CAR,NYI,30,5.5,-130,110
2025-10-30,CAR,NYI,68,6.5,-122,102
2025-10-30,CAR,NYI,69,6.5,-124,102
2025-10-30,CAR,NYI,71,7.0,102,-127
2025-10-30,CAR,NYI,75,6.5,-125,105
2025-10-30,WPG,CHI,15,5.5,-130,110
2025-10-30,WPG,CHI,30,5.5,-130,110
2025-10-30,WPG,CHI,68,5.5,-130,110
2025-10-30,WPG,CHI,69,5.5,-128,104
2025-10-30,WPG,CHI,71,6.0,102,-125
2025-10-30,WPG,CHI,75,6.0,-102,-118
2025-10-30,STL,VAN,15,5.5,-131,110
2025-10-30,STL,VAN,30,6.5,110,-130
2025-10-30,STL,VAN,68,5.5,-130,110
2025-10-30,STL,VAN,69,5.5,-130,106
2025-10-30,STL,VAN,71,6.0,-103,-121
2025-10-30,STL,VAN,75,6.0,-105,-115
2025-10-30,MIN,PIT,15,6.5,-116,-102
2025-10-30,MIN,PIT,30,6.5,-100,-120
2025-10-30,MIN,PIT,68,6.5,-118,-102
2025-10-30,MIN,PIT,69,6.5,-114,-104
2025-10-30,MIN,PIT,71,6.5,-124,100
2025-10-30,MIN,PIT,75,6.5,-118,-102
2025-10-30,EDM,NYR,15,5.5,-123,103
2025-10-30,EDM,NYR,30,5.5,-130,110
2025-10-30,EDM,NYR,68,5.5,-125,105
2025-10-30,EDM,NYR,69,5.5,-122,102
2025-10-30,EDM,NYR,71,6.0,-105,-120
2025-10-30,EDM,NYR,75,6.0,100,-120
2025-10-30,SJ,NJ,15,6.5,-123,105
2025-10-30,SJ,NJ,30,6.5,110,-130
2025-10-30,SJ,NJ,68,6.5,-125,105
2025-10-30,SJ,NJ,69,6.5,-122,-100
2025-10-30,SJ,NJ,71,6.5,-121,-104
2025-10-30,SJ,NJ,75,6.5,-130,105
2025-10-30,LA,DET,15,5.5,-118,-104
2025-10-30,LA,DET,30,5.5,-130,110
2025-10-30,LA,DET,68,5.5,-118,-102
2025-10-30,LA,DET,69,5.5,-115,-104
2025-10-30,LA,DET,71,5.5,-121,-103
2025-10-30,LA,DET,75,5.5,-115,-105
2025-10-31,VGK,COL,15,6.5,-111,-110
2025-10-31,VGK,COL,30,6.5,105,-125
2025-10-31,VGK,COL,68,6.5,-112,-108
2025-10-31,VGK,COL,69,6.5,-110,-110
2025-10-31,VGK,COL,71,6.5,-110,-112
2025-10-31,VGK,COL,75,6.5,-110,-110
2025-10-31,WSH,NYI,15,6.5,-105,-114
2025-10-31,WSH,NYI,30,5.5,-125,105
2025-10-31,WSH,NYI,68,6.5,110,-130
2025-10-31,WSH,NYI,69,6.5,108,-130
2025-10-31,WSH,NYI,71,6.0,-124,100
2025-10-31,WSH,NYI,75,6.5,100,-120
2025-10-31,ANA,DET,15,6.5,-110,-111
2025-10-31,ANA,DET,30,6.5,110,-132
2025-10-31,ANA,DET,68,6.5,-110,-110
2025-10-31,ANA,DET,69,6.5,-108,-112
2025-10-31,ANA,DET,71,6.5,-106,-118
2025-10-31,ANA,DET,75,6.5,-110,-110
2025-11-01,BOS,CAR,15,6.5,-110,-108
2025-11-01,BOS,CAR,30,6.5,120,-147
2025-11-01,BOS,CAR,68,6.5,-112,-108
2025-11-01,BOS,CAR,69,6.5,-106,-114
2025-11-01,BOS,CAR,71,6.5,100,-122
2025-11-01,BOS,CAR,75,6.5,-110,-110
2025-11-01,WPG,PIT,15,6.5,-105,-120
2025-11-01,WPG,PIT,30,6.5,115,-141
2025-11-01,WPG,PIT,68,6.5,-105,-115
2025-11-01,WPG,PIT,69,6.5,-104,-122
2025-11-01,WPG,PIT,71,6.0,-124,100
2025-11-01,WPG,PIT,75,6.5,100,-120
2025-11-01,NSH,CGY,15,5.5,-115,-105
2025-11-01,NSH,CGY,30,5.5,-132,110
2025-11-01,NSH,CGY,68,5.5,-115,-105
2025-11-01,NSH,CGY,69,5.5,-110,-110
2025-11-01,NSH,CGY,71,5.5,-121,-104
2025-11-01,NSH,CGY,75,5.5,-115,-105
2025-11-01,SJ,COL,15,6.5,-130,110
2025-11-01,SJ,COL,30,6.5,110,-132
2025-11-01,SJ,COL,68,6.5,-135,114
2025-11-01,SJ,COL,69,6.5,-130,104
2025-11-01,SJ,COL,71,7.0,110,-137
2025-11-01,SJ,COL,75,6.5,-135,110
2025-11-01,FLA,DAL,15,5.5,-104,-118
2025-11-01,FLA,DAL,30,5.5,-125,105
2025-11-01,FLA,DAL,68,5.5,-102,-118
2025-11-01,FLA,DAL,69,5.5,-104,-115
2025-11-01,FLA,DAL,71,5.5,-106,-118
2025-11-01,FLA,DAL,75,5.5,-105,-115
2025-11-01,MTL,OTT,15,6.5,112,-135
2025-11-01,MTL,OTT,30,5.5,-147,120
2025-11-01,MTL,OTT,68,6.5,114,-135
2025-11-01,MTL,OTT,69,6.5,112,-140
2025-11-01,MTL,OTT,71,6.5,100,-125
2025-11-01,MTL,OTT,75,6.0,-110,-110
2025-11-01,PHI,TOR,15,5.5,-118,-102
2025-11-01,PHI,TOR,30,6.5,115,-141
2025-11-01,PHI,TOR,68,5.5,-118,-102
2025-11-01,PHI,TOR,69,5.5,-118,-102
2025-11-01,PHI,TOR,71,6.0,-105,-120
2025-11-01,PHI,TOR,75,5.5,-120,100
2025-11-01,MIN,VAN,15,5.5,-130,110
2025-11-01,MIN,VAN,30,5.5,-132,110
2025-11-01,MIN,VAN,68,5.5,-130,110
2025-11-01,MIN,VAN,69,5.5,-122,-100
2025-11-01,MIN,VAN,71,6.0,-108,-115
2025-11-01,MIN,VAN,75,6.0,-105,-115
2025-11-01,BUF,WSH,15,6.5,-108,-115
2025-11-01,BUF,WSH,30,6.5,120,-147
2025-11-01,BUF,WSH,68,6.5,-108,-112
2025-11-01,BUF,WSH,69,6.5,-102,-118
2025-11-01,BUF,WSH,71,6.5,-106,-118
2025-11-01,BUF,WSH,75,6.5,-110,-110
2025-11-01,CBJ,STL,15,6.5,-110,-110
2025-11-01,CBJ,STL,30,6.5,115,-141
2025-11-01,CBJ,STL,68,6.5,-110,-110
2025-11-01,CBJ,STL,69,6.5,-104,-118
2025-11-01,CBJ,STL,71,6.5,-109,-114
2025-11-01,CBJ,STL,75,6.5,-110,-110
2025-11-01,LA,NJ,15,5.5,-140,114
2025-11-01,LA,NJ,30,5.5,-141,115
2025-11-01,LA,NJ,68,5.5,-135,114
2025-11-01,LA,NJ,69,5.5,-140,112
2025-11-01,LA,NJ,71,6.0,-109,-114
2025-11-01,LA,NJ,75,6.0,-110,-110
2025-11-01,SEA,NYR,15,5.5,102,-122
2025-11-01,SEA,NYR,30,5.5,-125,105
2025-11-01,SEA,NYR,68,5.5,102,-122
2025-11-01,SEA,NYR,69,5.5,-100,-122
2025-11-01,SEA,NYR,71,5.5,-104,-121
2025-11-01,SEA,NYR,75,5.5,100,-120
2025-11-01,EDM,CHI,15,6.5,102,-120
2025-11-01,EDM,CHI,30,6.5,115,-141
2025-11-01,EDM,CHI,68,6.5,102,-122
2025-11-01,EDM,CHI,69,6.5,-102,-120
2025-11-01,EDM,CHI,71,6.5,-110,-113
2025-11-01,EDM,CHI,75,6.5,100,-120
2025-11-02,UTA,TB,15,6.5,-105,-115
2025-11-02,UTA,TB,30,6.5,105,-125
2025-11-02,UTA,TB,68,6.5,-105,-115
2025-11-02,UTA,TB,69,6.5,102,-122
2025-11-02,UTA,TB,71,6.5,-103,-122
2025-11-02,UTA,TB,75,6.5,-102,-118
2025-11-02,NYI,CBJ,15,6.5,-132,110
2025-11-02,NYI,CBJ,30,6.5,-105,-115
2025-11-02,NYI,CBJ,68,6.5,-135,114
2025-11-02,NYI,CBJ,69,6.5,-132,110
2025-11-02,NYI,CBJ,71,6.5,-137,112
2025-11-02,NYI,CBJ,75,6.5,-135,110
2025-11-02,PHI,CGY,15,5.5,-120,-100
2025-11-02,PHI,CGY,30,5.5,-120,-100
2025-11-02,PHI,CGY,68,5.5,-120,100
2025-11-02,PHI,CGY,69,5.5,-122,-100
2025-11-02,PHI,CGY,71,5.5,-120,-105
2025-11-02,PHI,CGY,75,5.5,-120,100
2025-11-02,SJ,DET,15,6.5,-120,-100
2025-11-02,SJ,DET,30,6.5,-115,-105
2025-11-02,SJ,DET,68,6.5,-120,100
2025-11-02,SJ,DET,69,6.5,-112,-108
2025-11-02,SJ,DET,71,6.5,-112,-112
2025-11-02,SJ,DET,75,6.5,-120,100
2025-11-02,ANA,NJ,15,6.5,-110,-110
2025-11-02,ANA,NJ,30,6.5,-100,-120
2025-11-02,ANA,NJ,68,6.5,-110,-110
2025-11-02,ANA,NJ,69,6.5,-110,-110
2025-11-02,ANA,NJ,71,6.5,-108,-115
2025-11-02,ANA,NJ,75,6.5,-110,-110
2025-11-03,TOR,PIT,15,6.5,-115,-105
2025-11-03,TOR,PIT,30,6.5,-105,-115
2025-11-03,TOR,PIT,68,6.5,-115,-105
2025-11-03,TOR,PIT,69,6.5,-114,-106
2025-11-03,TOR,PIT,71,6.5,-121,-104
2025-11-03,TOR,PIT,75,6.5,-115,-105
2025-11-03,STL,EDM,15,6.5,105,-124
2025-11-03,STL,EDM,30,5.5,-139,113
2025-11-03,STL,EDM,68,6.5,105,-125
2025-11-03,STL,EDM,69,6.5,106,-124
2025-11-03,STL,EDM,71,6.0,-121,-103
2025-11-03,STL,EDM,75,6.5,100,-120
2025-11-03,NSH,VAN,15,5.5,-115,-105
2025-11-03,NSH,VAN,30,5.5,-120,-100
2025-11-03,NSH,VAN,68,5.5,-115,-105
2025-11-03,NSH,VAN,69,5.5,-114,-106
2025-11-03,NSH,VAN,71,5.5,-118,-106
2025-11-03,NSH,VAN,75,5.5,-115,-105
2025-11-03,SEA,CHI,15,5.5,-130,110
2025-11-03,SEA,CHI,30,6.5,115,-141
2025-11-03,SEA,CHI,68,5.5,-130,110
2025-11-03,SEA,CHI,69,5.5,-140,112
2025-11-03,SEA,CHI,71,6.0,-104,-121
2025-11-03,SEA,CHI,75,6.0,-105,-115
2025-11-04,NYI,BOS,15,6.5,-111,-134
2025-11-04,NYI,BOS,30,5.5,-130,110
2025-11-04,NYI,BOS,68,6.5,114,-135
2025-11-04,NYI,BOS,69,6.5,110,-134
2025-11-04,NYI,BOS,71,6.0,-122,-103
2025-11-04,NYI,BOS,75,6.0,-120,100
2025-11-04,MTL,PHI,15,5.5,-115,-110
2025-11-04,MTL,PHI,30,5.5,-135,114
2025-11-04,MTL,PHI,68,5.5,-115,-105
2025-11-04,MTL,PHI,69,5.5,-110,-110
2025-11-04,MTL,PHI,71,5.5,-124,100
2025-11-04,MTL,PHI,75,5.5,-115,-105
2025-11-04,BUF,UTA,15,6.5,-105,-115
2025-11-04,BUF,UTA,30,6.5,105,-125
2025-11-04,BUF,UTA,68,6.5,-105,-115
2025-11-04,BUF,UTA,69,6.5,-104,-118
2025-11-04,BUF,UTA,71,6.5,-103,-122
2025-11-04,BUF,UTA,75,6.5,-105,-115
2025-11-04,NYR,CAR,15,5.5,-125,105
2025-11-04,NYR,CAR,30,5.5,-130,110
2025-11-04,NYR,CAR,68,5.5,-122,102
2025-11-04,NYR,CAR,69,5.5,-142,116
2025-11-04,NYR,CAR,71,6.0,-103,-122
2025-11-04,NYR,CAR,75,6.0,-115,-105
2025-11-04,MIN,NSH,15,6.5,-102,-118
2025-11-04,MIN,NSH,30,6.5,110,-130
2025-11-04,MIN,NSH,68,6.5,-102,-118
2025-11-04,MIN,NSH,69,6.5,104,-122
2025-11-04,MIN,NSH,71,6.0,-124,100
2025-11-04,MIN,NSH,75,6.5,100,-120
2025-11-04,DAL,EDM,15,5.5,-128,104
2025-11-04,DAL,EDM,30,6.5,110,-130
2025-11-04,DAL,EDM,68,5.5,-122,102
2025-11-04,DAL,EDM,69,5.5,-128,104
2025-11-04,DAL,EDM,71,6.0,-112,-112
2025-11-04,DAL,EDM,75,5.5,-120,100
2025-11-04,COL,TB,15,6.5,105,-125
2025-11-04,COL,TB,30,5.5,-135,114
2025-11-04,COL,TB,68,6.5,105,-125
2025-11-04,COL,TB,69,6.5,108,-132
2025-11-04,COL,TB,71,6.0,-124,100
2025-11-04,COL,TB,75,6.0,-118,-102
2025-11-04,ANA,FLA,15,6.5,110,-130
2025-11-04,ANA,FLA,30,5.5,-130,110
2025-11-04,ANA,FLA,68,6.5,110,-130
2025-11-04,ANA,FLA,69,6.5,112,-138
2025-11-04,ANA,FLA,71,6.0,-108,-115
2025-11-04,ANA,FLA,75,6.0,-118,-102
2025-11-04,VGK,DET,15,6.5,102,-122
2025-11-04,VGK,DET,30,5.5,-130,110
2025-11-04,VGK,DET,68,6.5,102,-122
2025-11-04,VGK,DET,69,6.5,104,-128
2025-11-04,VGK,DET,71,6.0,-124,100
2025-11-04,VGK,DET,75,6.5,100,-120
2025-11-04,LA,WPG,15,5.5,-115,-105
2025-11-04,LA,WPG,30,5.5,-120,-100
2025-11-04,LA,WPG,68,5.5,-115,-105
2025-11-04,LA,WPG,69,5.5,-120,-102
2025-11-04,LA,WPG,71,5.5,-118,-106
2025-11-04,LA,WPG,75,5.5,-115,-105
2025-11-05,TOR,UTA,15,6.5,-105,-115
2025-11-05,TOR,UTA,30,6.5,105,-125
2025-11-05,TOR,UTA,68,6.5,-105,-115
2025-11-05,TOR,UTA,69,6.5,-106,-114
2025-11-05,TOR,UTA,71,6.5,-110,-113
2025-11-05,TOR,UTA,75,6.5,-105,-115
2025-11-05,WSH,STL,15,5.5,-105,-115
2025-11-05,WSH,STL,30,5.5,-141,115
2025-11-05,WSH,STL,68,5.5,-105,-115
2025-11-05,WSH,STL,69,5.5,-110,-110
2025-11-05,WSH,STL,71,5.5,-112,-112
2025-11-05,WSH,STL,75,5.5,-105,-115
2025-11-05,CGY,CBJ,15,5.5,-135,114
2025-11-05,CGY,CBJ,30,6.5,110,-132
2025-11-05,CGY,CBJ,68,5.5,-135,114
2025-11-05,CGY,CBJ,69,6.5,110,-132
2025-11-05,CGY,CBJ,71,6.0,-107,-115
2025-11-05,CGY,CBJ,75,6.0,-115,-105
2025-11-05,SEA,SJ,15,6.5,110,-130
2025-11-05,SEA,SJ,30,6.5,105,-125
2025-11-05,SEA,SJ,68,6.5,110,-130
2025-11-05,SEA,SJ,69,6.5,108,-134
2025-11-05,SEA,SJ,71,6.0,-113,-110
2025-11-05,SEA,SJ,75,6.0,-120,100
2025-11-05,VAN,CHI,15,6.5,112,-135
2025-11-05,VAN,CHI,30,5.5,-141,115
2025-11-05,VAN,CHI,68,6.5,114,-135
2025-11-05,VAN,CHI,69,6.5,112,-138
2025-11-05,VAN,CHI,71,6.0,-105,-120
2025-11-05,VAN,CHI,75,6.0,-115,-105
2025-11-06,NJ,MTL,15,6.5,110,-118
2025-11-06,NJ,MTL,30,6.5,115,-141
2025-11-06,NJ,MTL,68,6.5,110,-130
2025-11-06,NJ,MTL,69,5.5,-138,114
2025-11-06,NJ,MTL,71,6.0,-115,-108
2025-11-06,NJ,MTL,75,6.0,-115,-105
2025-11-06,CAR,MIN,15,6.5,-105,-120
2025-11-06,CAR,MIN,30,6.5,115,-141
2025-11-06,CAR,MIN,68,6.5,-105,-115
2025-11-06,CAR,MIN,69,6.5,-102,-120
2025-11-06,CAR,MIN,71,6.0,-125,102
2025-11-06,CAR,MIN,75,6.5,-105,-115
2025-11-06,BUF,STL,15,6.5,-100,-120
2025-11-06,BUF,STL,30,6.5,105,-125
2025-11-06,BUF,STL,68,6.5,100,-120
2025-11-06,BUF,STL,69,6.5,-100,-124
2025-11-06,BUF,STL,71,6.5,100,-125
2025-11-06,BUF,STL,75,6.5,100,-120
2025-11-06,BOS,OTT,15,5.5,-142,116
2025-11-06,BOS,OTT,30,6.5,110,-132
2025-11-06,BOS,OTT,68,5.5,-135,114
2025-11-06,BOS,OTT,69,5.5,-142,116
2025-11-06,BOS,OTT,71,6.0,-112,-112
2025-11-06,BOS,OTT,75,6.0,-110,-110
2025-11-06,PIT,WSH,15,6.5,100,-120
2025-11-06,PIT,WSH,30,6.5,105,-125
2025-11-06,PIT,WSH,68,6.5,100,-120
2025-11-06,PIT,WSH,69,6.5,-100,-122
2025-11-06,PIT,WSH,71,6.5,-103,-121
2025-11-06,PIT,WSH,75,6.5,100,-120
2025-11-06,DAL,ANA,15,6.5,102,-122
2025-11-06,DAL,ANA,30,6.5,115,-141
2025-11-06,DAL,ANA,68,6.5,102,-122
2025-11-06,DAL,ANA,69,6.5,-100,-122
2025-11-06,DAL,ANA,71,6.5,100,-122
2025-11-06,DAL,ANA,75,6.5,-102,-118
2025-11-06,NSH,PHI,15,5.5,-108,-112
2025-11-06,NSH,PHI,30,5.5,-125,105
2025-11-06,NSH,PHI,68,5.5,-108,-112
2025-11-06,NSH,PHI,69,5.5,-106,-114
2025-11-06,NSH,PHI,71,5.5,-112,-112
2025-11-06,NSH,PHI,75,5.5,-110,-110
2025-11-06,VGK,TB,15,6.0,-105,-115
2025-11-06,VGK,TB,30,6.5,110,-132
2025-11-06,VGK,TB,68,5.5,-130,110
2025-11-06,VGK,TB,69,6.5,112,-138
2025-11-06,VGK,TB,71,6.0,-106,-118
2025-11-06,VGK,TB,75,6.0,-105,-115
2025-11-06,LA,FLA,15,5.5,100,-120
2025-11-06,LA,FLA,30,5.5,-111,-111
2025-11-06,LA,FLA,68,5.5,100,-120
2025-11-06,LA,FLA,69,5.5,-104,-115
2025-11-06,LA,FLA,71,5.5,-103,-122
2025-11-06,LA,FLA,75,5.5,-105,-115
2025-11-07,NYI,MIN,15,6.5,-120,100
2025-11-07,NYI,MIN,30,5.5,-135,114
2025-11-07,NYI,MIN,68,6.5,-120,100
2025-11-07,NYI,MIN,69,6.5,-122,-100
2025-11-07,NYI,MIN,71,6.5,-114,-108
2025-11-07,NYI,MIN,75,6.5,-120,100
2025-11-07,DET,NYR,15,6.5,102,-122
2025-11-07,DET,NYR,30,5.5,-135,114
2025-11-07,DET,NYR,68,6.5,114,-135
2025-11-07,DET,NYR,69,5.5,-140,110
2025-11-07,DET,NYR,71,6.0,-108,-115
2025-11-07,DET,NYR,75,6.0,-115,-105
2025-11-07,CGY,CHI,15,5.5,-130,110
2025-11-07,CGY,CHI,30,5.5,-135,114
2025-11-07,CGY,CHI,68,5.5,-130,110
2025-11-07,CGY,CHI,69,5.5,-122,-100
2025-11-07,CGY,CHI,71,6.0,-113,-110
2025-11-07,CGY,CHI,75,6.0,-105,-115
2025-11-07,SJ,WPG,15,6.5,105,-120
2025-11-07,SJ,WPG,30,6.5,105,-125
2025-11-07,SJ,WPG,68,6.5,105,-125
2025-11-07,SJ,WPG,69,6.5,-110,-110
2025-11-07,SJ,WPG,71,6.5,100,-122
2025-11-07,SJ,WPG,75,6.5,100,-120
2025-11-08,NJ,PIT,15,6.5,-110,-110
2025-11-08,NJ,PIT,30,6.5,-110,-110
2025-11-08,NJ,PIT,68,6.5,-110,-110
2025-11-08,NJ,PIT,69,6.5,-102,-120
2025-11-08,NJ,PIT,71,6.5,-110,-113
2025-11-08,NJ,PIT,75,6.5,-110,-110
2025-11-08,PHI,OTT,15,5.5,-105,-115
2025-11-08,PHI,OTT,30,5.5,-142,116
2025-11-08,PHI,OTT,68,5.5,-105,-115
2025-11-08,PHI,OTT,69,5.5,-105,-115
2025-11-08,PHI,OTT,71,5.5,-121,-104
2025-11-08,PHI,OTT,75,5.5,-105,-115
2025-11-08,NSH,DAL,15,5.5,-130,110
2025-11-08,NSH,DAL,30,5.5,-120,-100
2025-11-08,NSH,DAL,68,5.5,-130,110
2025-11-08,NSH,DAL,69,5.5,-134,110
2025-11-08,NSH,DAL,71,6.0,102,-125
2025-11-08,NSH,DAL,75,6.0,-110,-110
2025-11-08,TOR,BOS,15,5.5,-135,114
2025-11-08,TOR,BOS,30,6.5,-100,-120
2025-11-08,TOR,BOS,68,5.5,-135,114
2025-11-08,TOR,BOS,69,5.5,-134,110
2025-11-08,TOR,BOS,71,6.0,-112,-112
2025-11-08,TOR,BOS,75,6.0,-105,-115
2025-11-08,STL,SEA,15,5.5,-135,114
2025-11-08,STL,SEA,30,5.5,-125,105
2025-11-08,STL,SEA,68,5.5,-135,114
2025-11-08,STL,SEA,69,5.5,-134,108
2025-11-08,STL,SEA,71,6.0,102,-125
2025-11-08,STL,SEA,75,6.0,-110,-110
2025-11-08,TB,WSH,15,5.5,-130,110
2025-11-08,TB,WSH,30,5.5,-141,115
2025-11-08,TB,WSH,68,5.5,-130,110
2025-11-08,TB,WSH,69,5.5,-115,-105
2025-11-08,TB,WSH,71,6.0,102,-125
2025-11-08,TB,WSH,75,5.5,-120,100
2025-11-08,CAR,BUF,15,6.5,-118,-102
2025-11-08,CAR,BUF,30,6.5,-100,-120
2025-11-08,CAR,BUF,68,6.5,-118,-102
2025-11-08,CAR,BUF,69,6.5,-114,-108
2025-11-08,CAR,BUF,71,6.5,100,-124
2025-11-08,CAR,BUF,75,6.5,-120,100
2025-11-08,MTL,UTA,15,6.0,-110,-110
2025-11-08,MTL,UTA,30,6.5,110,-132
2025-11-08,MTL,UTA,68,5.5,-135,114
2025-11-08,MTL,UTA,69,6.5,110,-134
2025-11-08,MTL,UTA,71,6.0,-122,-103
2025-11-08,MTL,UTA,75,6.0,-110,-110
2025-11-08,NYR,NYI,15,5.5,-130,110
2025-11-08,NYR,NYI,30,5.5,-147,120
2025-11-08,NYR,NYI,68,5.5,-130,110
2025-11-08,NYR,NYI,69,5.5,-130,104
2025-11-08,NYR,NYI,71,6.0,-103,-122
2025-11-08,NYR,NYI,75,6.0,-105,-115
2025-11-08,EDM,COL,15,6.5,-112,-115
2025-11-08,EDM,COL,30,6.5,105,-125
2025-11-08,EDM,COL,68,6.5,-112,-108
2025-11-08,EDM,COL,69,6.5,-102,-120
2025-11-08,EDM,COL,71,6.5,-107,-117
2025-11-08,EDM,COL,75,6.5,-110,-110
2025-11-08,SJ,FLA,15,6.5,100,-120
2025-11-08,SJ,FLA,30,5.5,-147,120
2025-11-08,SJ,FLA,68,6.5,100,-120
2025-11-08,SJ,FLA,69,6.5,106,-128
2025-11-08,SJ,FLA,71,6.0,-127,102
2025-11-08,SJ,FLA,75,6.5,100,-120
2025-11-08,VGK,ANA,15,6.5,-135,114
2025-11-08,VGK,ANA,30,6.5,-105,-116
2025-11-08,VGK,ANA,68,6.5,-135,114
2025-11-08,VGK,ANA,69,6.5,-138,112
2025-11-08,VGK,ANA,71,6.5,-120,-105
2025-11-08,VGK,ANA,75,7.0,110,-135
2025-11-08,VAN,CBJ,15,6.5,-115,-110
2025-11-08,VAN,CBJ,30,6.5,110,-132
2025-11-08,VAN,CBJ,68,6.5,-115,-105
2025-11-08,VAN,CBJ,69,6.5,-104,-114
2025-11-08,VAN,CBJ,71,6.5,-104,-121
2025-11-08,VAN,CBJ,75,6.5,-110,-110
2025-11-09,DET,CHI,15,6.5,102,-122
2025-11-09,DET,CHI,30,6.5,110,-130
2025-11-09,DET,CHI,68,6.5,105,-125
2025-11-09,DET,CHI,69,6.5,102,-122
2025-11-09,DET,CHI,71,6.0,-121,-104
2025-11-09,DET,CHI,75,6.0,-118,-102
2025-11-09,PIT,LA,15,6.5,110,-128
2025-11-09,PIT,LA,30,5.5,-135,114
2025-11-09,PIT,LA,68,6.5,110,-130
2025-11-09,PIT,LA,69,6.5,106,-128
2025-11-09,PIT,LA,71,6.0,-115,-108
2025-11-09,PIT,LA,75,6.0,-115,-105
2025-11-09,DAL,SEA,15,5.5,-135,114
2025-11-09,DAL,SEA,30,6.5,105,-125
2025-11-09,DAL,SEA,68,5.5,-135,114
2025-11-09,DAL,SEA,69,6.5,112,-134
2025-11-09,DAL,SEA,71,6.0,-114,-109
2025-11-09,DAL,SEA,75,6.0,-105,-115
2025-11-09,TOR,CAR,15,6.5,-115,-108
2025-11-09,TOR,CAR,30,6.5,-110,-110
2025-11-09,TOR,CAR,68,6.5,-112,-108
2025-11-09,TOR,CAR,69,6.5,-122,-100
2025-11-09,TOR,CAR,71,6.5,-121,-104
2025-11-09,TOR,CAR,75,6.5,-115,-105
2025-11-09,OTT,UTA,15,5.5,-130,110
2025-11-09,OTT,UTA,30,6.5,105,-125
2025-11-09,OTT,UTA,68,5.5,-130,110
2025-11-09,OTT,UTA,69,5.5,-122,-100
2025-11-09,OTT,UTA,71,6.0,-115,-108
2025-11-09,OTT,UTA,75,6.0,-105,-115
2025-11-09,MIN,CGY,15,6.5,100,-118
2025-11-09,MIN,CGY,30,5.5,-125,105
2025-11-09,MIN,CGY,68,6.5,-102,-118
2025-11-09,MIN,CGY,69,6.5,-100,-124
2025-11-09,MIN,CGY,71,6.5,-104,-121
2025-11-09,MIN,CGY,75,6.5,100,-120
2025-11-09,ANA,WPG,15,6.5,-108,-112
2025-11-09,ANA,WPG,30,5.5,-130,110
2025-11-09,ANA,WPG,68,6.5,-108,-112
2025-11-09,ANA,WPG,69,6.5,-106,-114
2025-11-09,ANA,WPG,71,6.5,-107,-117
2025-11-09,ANA,WPG,75,6.5,-115,-105
2025-11-09,VAN,COL,15,6.5,-115,-105
2025-11-09,VAN,COL,30,6.5,105,-125
2025-11-09,VAN,COL,68,6.5,-115,-105
2025-11-09,VAN,COL,69,6.5,-115,-105
2025-11-09,VAN,COL,71,6.5,-113,-110
2025-11-09,VAN,COL,75,6.5,-115,-105
2025-11-10,NJ,NYI,15,6.5,105,-125
2025-11-10,NJ,NYI,30,6.5,110,-132
2025-11-10,NJ,NYI,68,6.5,105,-125
2025-11-10,NJ,NYI,69,6.5,108,-130
2025-11-10,NJ,NYI,71,6.5,100,-124
2025-11-10,NJ,NYI,75,6.0,-120,100
2025-11-10,NYR,NSH,15,5.5,-115,-105
2025-11-10,NYR,NSH,30,5.5,-125,105
2025-11-10,NYR,NSH,68,5.5,-115,-105
2025-11-10,NYR,NSH,69,5.5,-120,-102
2025-11-10,NYR,NSH,71,5.5,-118,-106
2025-11-10,NYR,NSH,75,5.5,-115,-105
2025-11-10,EDM,CBJ,15,6.5,-115,-108
2025-11-10,EDM,CBJ,30,6.5,-111,-111
2025-11-10,EDM,CBJ,68,6.5,-115,-105
2025-11-10,EDM,CBJ,69,6.5,-115,-108
2025-11-10,EDM,CBJ,71,6.5,-122,100
2025-11-10,EDM,CBJ,75,6.5,-115,-105
2025-11-10,VGK,FLA,15,5.5,-115,-105
2025-11-10,VGK,FLA,30,6.5,120,-147
2025-11-10,VGK,FLA,68,5.5,-115,-105
2025-11-10,VGK,FLA,69,5.5,-114,-106
2025-11-10,VGK,FLA,71,6.0,102,-125
2025-11-10,VGK,FLA,75,5.5,-115,-105
2025-11-11,BOS,TOR,15,6.5,114,-135
2025-11-11,BOS,TOR,30,6.5,-105,-115
2025-11-11,BOS,TOR,68,6.5,114,-135
2025-11-11,BOS,TOR,69,6.5,110,-134
2025-11-11,BOS,TOR,71,6.5,100,-124
2025-11-11,BOS,TOR,75,6.0,-120,100
2025-11-11,CAR,WSH,15,6.5,108,-130
2025-11-11,CAR,WSH,30,5.5,-130,110
2025-11-11,CAR,WSH,68,6.5,110,-130
2025-11-11,CAR,WSH,69,6.5,108,-132
2025-11-11,CAR,WSH,71,6.0,-115,-108
2025-11-11,CAR,WSH,75,6.0,-115,-105
2025-11-11,MTL,LA,15,5.5,-115,-105
2025-11-11,MTL,LA,30,6.5,110,-130
2025-11-11,MTL,LA,68,5.5,-115,-105
2025-11-11,MTL,LA,69,5.5,-115,-105
2025-11-11,MTL,LA,71,5.5,-118,-106
2025-11-11,MTL,LA,75,5.5,-115,-105
2025-11-11,OTT,DAL,15,5.5,-115,-105
2025-11-11,OTT,DAL,30,5.5,-130,110
2025-11-11,OTT,DAL,68,5.5,-115,-105
2025-11-11,OTT,DAL,69,5.5,-118,-105
2025-11-11,OTT,DAL,71,5.5,-121,-104
2025-11-11,OTT,DAL,75,5.5,-118,-102
2025-11-11,MIN,SJ,15,6.5,-105,-115
2025-11-11,MIN,SJ,30,6.5,-100,-120
2025-11-11,MIN,SJ,68,6.5,-105,-115
2025-11-11,MIN,SJ,69,6.5,-105,-115
2025-11-11,MIN,SJ,71,6.5,-108,-115
2025-11-11,MIN,SJ,75,6.5,-105,-115
2025-11-11,STL,CGY,15,5.5,-115,-105
2025-11-11,STL,CGY,30,5.5,-125,105
2025-11-11,STL,CGY,68,5.5,-115,-105
2025-11-11,STL,CGY,69,5.5,-115,-105
2025-11-11,STL,CGY,71,5.5,-120,-105
2025-11-11,STL,CGY,75,5.5,-115,-105
2025-11-11,COL,ANA,15,6.5,-142,120
2025-11-11,COL,ANA,30,6.5,-105,-115
2025-11-11,COL,ANA,68,6.5,-148,124
2025-11-11,COL,ANA,69,6.5,-142,114
2025-11-11,COL,ANA,71,7.0,102,-127
2025-11-11,COL,ANA,75,7.0,105,-125
2025-11-11,SEA,CBJ,15,6.5,-104,-120
2025-11-11,SEA,CBJ,30,6.5,105,-125
2025-11-11,SEA,CBJ,68,6.5,105,-125
2025-11-11,SEA,CBJ,69,6.5,-104,-118
2025-11-11,SEA,CBJ,71,6.5,100,-124
2025-11-11,SEA,CBJ,75,6.5,100,-120
2025-11-11,VAN,WPG,15,5.5,-134,110
2025-11-11,VAN,WPG,30,5.5,-125,105
2025-11-11,VAN,WPG,68,5.5,-130,110
2025-11-11,VAN,WPG,69,5.5,-134,108
2025-11-11,VAN,WPG,71,6.0,-107,-117
2025-11-11,VAN,WPG,75,6.0,-105,-115
2025-11-12,TB,NYR,15,5.5,-120,100
2025-11-12,TB,NYR,30,5.5,-147,120
2025-11-12,TB,NYR,68,5.5,-120,100
2025-11-12,TB,NYR,69,5.5,-112,-108
2025-11-12,TB,NYR,71,6.0,100,-122
2025-11-12,TB,NYR,75,5.5,-118,-102
2025-11-12,PHI,EDM,15,5.5,-115,-105
2025-11-12,PHI,EDM,30,6.5,115,-141
2025-11-12,PHI,EDM,68,5.5,-115,-105
2025-11-12,PHI,EDM,69,5.5,-108,-114
2025-11-12,PHI,EDM,71,5.5,-117,-107
2025-11-12,PHI,EDM,75,5.5,-115,-105
2025-11-12,UTA,BUF,15,6.5,-105,-115
2025-11-12,UTA,BUF,30,6.5,-105,-116
2025-11-12,UTA,BUF,68,6.5,-105,-115
2025-11-12,UTA,BUF,69,6.5,-102,-120
2025-11-12,UTA,BUF,71,6.5,-110,-113
2025-11-12,UTA,BUF,75,6.5,-105,-115
2025-11-12,CHI,NJ,15,6.5,110,-130
2025-11-12,CHI,NJ,30,6.5,110,-132
2025-11-12,CHI,NJ,68,6.5,110,-130
2025-11-12,CHI,NJ,69,6.5,114,-140
2025-11-12,CHI,NJ,71,6.0,-118,-106
2025-11-12,CHI,NJ,75,6.0,-110,-110
2025-11-13,TOR,LA,15,5.5,-130,110
2025-11-13,TOR,LA,30,6.5,105,-125
2025-11-13,TOR,LA,68,5.5,-130,110
2025-11-13,TOR,LA,69,5.5,-130,108
2025-11-13,TOR,LA,71,6.0,-103,-122
2025-11-13,TOR,LA,75,6.0,-105,-115
2025-11-13,MTL,DAL,15,5.5,-125,105
2025-11-13,MTL,DAL,30,6.5,110,-130
2025-11-13,MTL,DAL,68,5.5,-122,105
2025-11-13,MTL,DAL,69,5.5,-128,104
2025-11-13,MTL,DAL,71,6.0,-103,-122
2025-11-13,MTL,DAL,75,6.0,100,-120
2025-11-13,DET,ANA,15,6.5,-118,-105
2025-11-13,DET,ANA,30,5.5,-130,110
2025-11-13,DET,ANA,68,6.5,-118,-102
2025-11-13,DET,ANA,69,6.5,-115,-105
2025-11-13,DET,ANA,71,6.5,-121,-104
2025-11-13,DET,ANA,75,6.5,-120,100
2025-11-13,OTT,BOS,15,5.5,-138,112
2025-11-13,OTT,BOS,30,5.5,-135,114
2025-11-13,OTT,BOS,68,5.5,-125,105
2025-11-13,OTT,BOS,69,5.5,-138,112
2025-11-13,OTT,BOS,71,6.0,102,-127
2025-11-13,OTT,BOS,75,6.0,100,-120
2025-11-13,FLA,WSH,15,5.5,102,-122
2025-11-13,FLA,WSH,30,5.5,-130,110
2025-11-13,FLA,WSH,68,5.5,102,-122
2025-11-13,FLA,WSH,69,5.5,-100,-122
2025-11-13,FLA,WSH,71,5.5,-112,-112
2025-11-13,FLA,WSH,75,5.5,105,-125
2025-11-13,CBJ,EDM,15,6.5,-115,-105
2025-11-13,CBJ,EDM,30,6.5,-120,-100
2025-11-13,CBJ,EDM,68,6.5,-115,-105
2025-11-13,CBJ,EDM,69,6.5,-112,-108
2025-11-13,CBJ,EDM,71,6.5,-113,-110
2025-11-13,CBJ,EDM,75,6.5,-115,-105
2025-11-13,COL,BUF,15,6.5,-125,105
2025-11-13,COL,BUF,30,6.5,-120,-100
2025-11-13,COL,BUF,68,6.5,-125,105
2025-11-13,COL,BUF,69,6.5,-130,106
2025-11-13,COL,BUF,71,6.5,-118,-106
2025-11-13,COL,BUF,75,6.5,-125,105
2025-11-13,CGY,SJ,15,6.5,114,-134
2025-11-13,CGY,SJ,30,5.5,-130,110
2025-11-13,CGY,SJ,68,6.5,114,-135
2025-11-13,CGY,SJ,69,6.5,114,-134
2025-11-13,CGY,SJ,71,6.0,-115,-108
2025-11-13,CGY,SJ,75,6.0,-110,-110
2025-11-13,SEA,WPG,15,5.5,-120,100
2025-11-13,SEA,WPG,30,5.5,-125,105
2025-11-13,SEA,WPG,68,5.5,-120,100
2025-11-13,SEA,WPG,69,5.5,-128,102
2025-11-13,SEA,WPG,71,6.0,100,-124
2025-11-13,SEA,WPG,75,5.5,-120,100
2025-11-13,VGK,NYI,15,6.5,105,-125
2025-11-13,VGK,NYI,30,6.5,105,-125
2025-11-13,VGK,NYI,68,6.5,105,-125
2025-11-13,VGK,NYI,69,6.5,102,-124
2025-11-13,VGK,NYI,71,6.0,-117,-107
2025-11-13,VGK,NYI,75,6.0,-120,100
2025-11-14,NSH,PIT,15,6.5,105,-125
2025-11-14,NSH,PIT,30,6.5,-105,-116
2025-11-14,NSH,PIT,68,6.5,105,-125
2025-11-14,NSH,PIT,69,6.5,102,-130
2025-11-14,NSH,PIT,71,6.0,-125,102
2025-11-14,NSH,PIT,75,6.0,-118,-102
2025-11-14,CAR,VAN,15,6.5,-118,-105
2025-11-14,CAR,VAN,30,6.5,105,-125
2025-11-14,CAR,VAN,68,6.5,-118,-102
2025-11-14,CAR,VAN,69,6.5,-110,-110
2025-11-14,CAR,VAN,71,6.5,-112,-112
2025-11-14,CAR,VAN,75,6.5,-115,-105
2025-11-14,STL,PHI,15,5.5,-110,-112
2025-11-14,STL,PHI,30,5.5,-125,105
2025-11-14,STL,PHI,68,5.5,-108,-112
2025-11-14,STL,PHI,69,5.5,-110,-110
2025-11-14,STL,PHI,71,5.5,-108,-115
2025-11-14,STL,PHI,75,5.5,-110,-110
2025-11-14,UTA,NYI,15,6.5,-110,-105
2025-11-14,UTA,NYI,30,6.5,-105,-116
2025-11-14,UTA,NYI,68,6.5,-115,-105
2025-11-14,UTA,NYI,69,6.5,-110,-110
2025-11-14,UTA,NYI,71,6.5,-113,-109
2025-11-14,UTA,NYI,75,6.5,-115,-105
2025-11-15,FLA,TB,15,5.5,-125,105
2025-11-15,FLA,TB,30,5.5,-111,-111
2025-11-15,FLA,TB,68,5.5,-125,105
2025-11-15,FLA,TB,69,5.5,-120,-102
2025-11-15,FLA,TB,71,6.0,102,-125
2025-11-15,FLA,TB,75,6.0,100,-120
2025-11-15,MIN,ANA,15,6.5,-135,114
2025-11-15,MIN,ANA,30,6.5,-105,-116
2025-11-15,MIN,ANA,68,6.5,-135,114
2025-11-15,MIN,ANA,69,6.5,-140,112
2025-11-15,MIN,ANA,71,6.5,-132,106
2025-11-15,MIN,ANA,75,7.0,110,-135
2025-11-15,WSH,NJ,15,5.5,-118,-102
2025-11-15,WSH,NJ,30,5.5,-125,105
2025-11-15,WSH,NJ,68,5.5,-118,-102
2025-11-15,WSH,NJ,69,5.5,-115,-105
2025-11-15,WSH,NJ,71,5.5,-121,-104
2025-11-15,WSH,NJ,75,5.5,-120,100
2025-11-15,OTT,LA,15,5.5,-115,-105
2025-11-15,OTT,LA,30,5.5,-120,-100
2025-11-15,OTT,LA,68,5.5,-115,-105
2025-11-15,OTT,LA,69,5.5,-115,-105
2025-11-15,OTT,LA,71,5.5,-114,-109
2025-11-15,OTT,LA,75,5.5,-110,-110
2025-11-15,CBJ,NYR,15,6.5,105,-125
2025-11-15,CBJ,NYR,30,6.5,105,-125
2025-11-15,CBJ,NYR,68,6.5,105,-125
2025-11-15,CBJ,NYR,69,6.5,108,-134
2025-11-15,CBJ,NYR,71,6.0,-121,-104
2025-11-15,CBJ,NYR,75,6.0,-120,100
2025-11-15,CHI,TOR,15,6.5,-102,-115
2025-11-15,CHI,TOR,30,6.5,105,-125
2025-11-15,CHI,TOR,68,6.5,-102,-118
2025-11-15,CHI,TOR,69,6.5,-108,-112
2025-11-15,CHI,TOR,71,6.5,100,-122
2025-11-15,CHI,TOR,75,6.5,-105,-115
2025-11-15,DET,BUF,15,6.5,-105,-115
2025-11-15,DET,BUF,30,6.5,-100,-120
2025-11-15,DET,BUF,68,6.5,-105,-115
2025-11-15,DET,BUF,69,6.5,-110,-110
2025-11-15,DET,BUF,71,6.5,-106,-118
2025-11-15,DET,BUF,75,6.5,-110,-110
2025-11-15,CAR,EDM,15,6.5,-105,-115
2025-11-15,CAR,EDM,30,6.5,-105,-116
2025-11-15,CAR,EDM,68,6.5,-105,-115
2025-11-15,CAR,EDM,69,6.5,-100,-122
2025-11-15,CAR,EDM,71,6.5,-105,-120
2025-11-15,CAR,EDM,75,6.5,-102,-118
2025-11-15,MTL,BOS,15,5.5,-118,-105
2025-11-15,MTL,BOS,30,6.5,120,-147
2025-11-15,MTL,BOS,68,5.5,-118,-102
2025-11-15,MTL,BOS,69,5.5,-114,-106
2025-11-15,MTL,BOS,71,6.0,102,-125
2025-11-15,MTL,BOS,75,5.5,-115,-105
2025-11-15,DAL,PHI,15,5.5,-110,-115
2025-11-15,DAL,PHI,30,5.5,-120,-100
2025-11-15,DAL,PHI,68,5.5,-110,-110
2025-11-15,DAL,PHI,69,5.5,-102,-118
2025-11-15,DAL,PHI,71,5.5,-112,-112
2025-11-15,DAL,PHI,75,5.5,-110,-110
2025-11-15,STL,VGK,15,5.5,-132,108
2025-11-15,STL,VGK,30,6.5,115,-141
2025-11-15,STL,VGK,68,5.5,-135,114
2025-11-15,STL,VGK,69,5.5,-132,108
2025-11-15,STL,VGK,71,6.0,-115,-108
2025-11-15,STL,VGK,75,6.0,-110,-110
2025-11-15,CGY,WPG,15,5.5,-120,100
2025-11-15,CGY,WPG,30,5.5,-120,-100
2025-11-15,CGY,WPG,68,5.5,-120,100
2025-11-15,CGY,WPG,69,5.5,-120,-102
2025-11-15,CGY,WPG,71,5.5,-118,-106
2025-11-15,CGY,WPG,75,5.5,-120,100
2025-11-15,SEA,SJ,15,5.5,-120,100
2025-11-15,SEA,SJ,30,6.5,-100,-120
2025-11-15,SEA,SJ,68,5.5,-120,100
2025-11-15,SEA,SJ,69,5.5,-122,-100
2025-11-15,SEA,SJ,71,6.0,-107,-117
2025-11-15,SEA,SJ,75,5.5,-120,100
2025-11-16,PIT,NSH,15,6.5,106,-130
2025-11-16,PIT,NSH,30,5.5,-120,-100
2025-11-16,PIT,NSH,68,6.5,110,-130
2025-11-16,PIT,NSH,69,6.5,106,-132
2025-11-16,PIT,NSH,71,6.0,-115,-108
2025-11-16,PIT,NSH,75,6.0,-120,100
2025-11-16,TB,VAN,15,6.5,-118,-102
2025-11-16,TB,VAN,30,6.5,105,-125
2025-11-16,TB,VAN,68,6.5,-118,-102
2025-11-16,TB,VAN,69,6.5,-118,-105
2025-11-16,TB,VAN,71,6.5,-117,-107
2025-11-16,TB,VAN,75,6.5,-115,-105
2025-11-16,MIN,VGK,15,6.5,110,-130
2025-11-16,MIN,VGK,30,6.5,110,-132
2025-11-16,MIN,VGK,68,6.5,110,-130
2025-11-16,MIN,VGK,69,6.5,104,-132
2025-11-16,MIN,VGK,71,6.0,-120,-105
2025-11-16,MIN,VGK,75,6.0,-110,-110
2025-11-16,NYR,DET,15,5.5,-135,114
2025-11-16,NYR,DET,30,5.5,-141,115
2025-11-16,NYR,DET,68,5.5,-135,114
2025-11-16,NYR,DET,69,5.5,-132,108
2025-11-16,NYR,DET,71,6.0,-103,-122
2025-11-16,NYR,DET,75,6.0,-110,-110
2025-11-16,COL,NYI,15,6.5,-118,-102
2025-11-16,COL,NYI,30,6.5,105,-125
2025-11-16,COL,NYI,68,6.5,-118,-102
2025-11-16,COL,NYI,69,6.5,-114,-106
2025-11-16,COL,NYI,71,6.5,-110,-113
2025-11-16,COL,NYI,75,6.5,-118,-102
2025-11-17,FLA,VAN,15,5.5,-135,114
2025-11-17,FLA,VAN,30,5.5,-116,-105
2025-11-17,FLA,VAN,68,5.5,-135,114
2025-11-17,FLA,VAN,69,5.5,-134,110
2025-11-17,FLA,VAN,71,6.0,100,-124
2025-11-17,FLA,VAN,75,6.0,-105,-115
2025-11-17,WSH,LA,15,5.5,-112,-108
2025-11-17,WSH,LA,30,5.5,-132,110
2025-11-17,WSH,LA,68,5.5,-112,-108
2025-11-17,WSH,LA,69,5.5,-114,-106
2025-11-17,WSH,LA,71,5.5,-117,-107
2025-11-17,WSH,LA,75,5.5,-110,-110
2025-11-17,BOS,CAR,15,6.0,-120,100
2025-11-17,BOS,CAR,30,6.5,115,-141
2025-11-17,BOS,CAR,68,6.5,105,-125
2025-11-17,BOS,CAR,69,6.5,106,-128
2025-11-17,BOS,CAR,71,6.0,-122,100
2025-11-17,BOS,CAR,75,3.0,-10000,1450
2025-11-17,BUF,EDM,15,6.5,-108,-112
2025-11-17,BUF,EDM,30,6.5,105,-125
2025-11-17,BUF,EDM,68,6.5,-108,-112
2025-11-17,BUF,EDM,69,6.5,-106,-114
2025-11-17,BUF,EDM,71,6.5,-108,-115
2025-11-17,BUF,EDM,75,6.5,-105,-115
2025-11-17,CBJ,MTL,15,6.5,-105,-115
2025-11-17,CBJ,MTL,30,6.5,105,-125
2025-11-17,CBJ,MTL,68,6.5,-105,-115
2025-11-17,CBJ,MTL,69,6.5,102,-122
2025-11-17,CBJ,MTL,71,6.5,-109,-114
2025-11-17,CBJ,MTL,75,6.5,-102,-118
2025-11-17,ANA,UTA,15,6.5,100,-120
2025-11-17,ANA,UTA,30,6.5,-100,-120
2025-11-17,ANA,UTA,68,6.5,100,-120
2025-11-17,ANA,UTA,69,6.5,104,-128
2025-11-17,ANA,UTA,71,6.5,-106,-118
2025-11-17,ANA,UTA,75,6.5,100,-120
2025-11-18,DET,SEA,15,5.5,-115,-105
2025-11-18,DET,SEA,30,5.5,-132,110
2025-11-18,DET,SEA,68,5.5,-115,-105
2025-11-18,DET,SEA,69,5.5,-112,-108
2025-11-18,DET,SEA,71,5.5,-118,-106
2025-11-18,DET,SEA,75,5.5,-115,-105
2025-11-18,TOR,STL,15,6.0,-110,-110
2025-11-18,TOR,STL,30,5.5,-120,-100
2025-11-18,TOR,STL,68,6.5,110,-130
2025-11-18,TOR,STL,69,5.5,-132,106
2025-11-18,TOR,STL,71,6.0,-117,-107
2025-11-18,TOR,STL,75,6.0,-110,-110
2025-11-18,TB,NJ,15,5.5,-138,114
2025-11-18,TB,NJ,30,5.5,-116,-105
2025-11-18,TB,NJ,68,5.5,-135,114
2025-11-18,TB,NJ,69,5.5,-138,112
2025-11-18,TB,NJ,71,6.0,-106,-118
2025-11-18,TB,NJ,75,6.0,-110,-110
2025-11-18,WPG,CBJ,15,6.5,-115,-105
2025-11-18,WPG,CBJ,30,6.5,115,-141
2025-11-18,WPG,CBJ,68,6.5,-115,-105
2025-11-18,WPG,CBJ,69,6.5,-108,-112
2025-11-18,WPG,CBJ,71,6.5,-109,-114
2025-11-18,WPG,CBJ,75,6.5,-115,-105
2025-11-18,DAL,NYI,15,6.5,100,-120
2025-11-18,DAL,NYI,30,5.5,-132,110
2025-11-18,DAL,NYI,68,6.5,105,-125
2025-11-18,DAL,NYI,69,6.5,104,-128
2025-11-18,DAL,NYI,71,6.0,-124,100
2025-11-18,DAL,NYI,75,6.5,100,-120
2025-11-18,CHI,CGY,15,5.5,-125,105
2025-11-18,CHI,CGY,30,5.5,-147,120
2025-11-18,CHI,CGY,68,5.5,-125,105
2025-11-18,CHI,CGY,69,5.5,-122,-100
2025-11-18,CHI,CGY,71,6.0,-104,-121
2025-11-18,CHI,CGY,75,6.0,-102,-118
2025-11-18,VGK,NYR,15,5.5,-125,-104
2025-11-18,VGK,NYR,30,5.5,-141,115
2025-11-18,VGK,NYR,68,5.5,-125,102
2025-11-18,VGK,NYR,69,5.5,-118,-104
2025-11-18,VGK,NYR,71,6.0,102,-125
2025-11-18,VGK,NYR,75,6.0,100,-120
2025-11-18,SJ,UTA,15,6.0,-118,-105
2025-11-18,SJ,UTA,30,6.5,-100,-120
2025-11-18,SJ,UTA,68,6.5,105,-125
2025-11-18,SJ,UTA,69,6.5,112,-138
2025-11-18,SJ,UTA,71,6.0,-125,100
2025-11-18,SJ,UTA,75,6.0,-118,-102
2025-11-19,WSH,EDM,15,6.5,110,-130
2025-11-19,WSH,EDM,30,6.5,110,-147
2025-11-19,WSH,EDM,68,6.5,110,-130
2025-11-19,WSH,EDM,69,6.5,114,-142
2025-11-19,WSH,EDM,71,6.0,-122,100
2025-11-19,WSH,EDM,75,6.0,-118,-102
2025-11-19,BUF,CGY,15,6.5,110,-130
2025-11-19,BUF,CGY,30,6.5,105,-141
2025-11-19,BUF,CGY,68,6.5,110,-130
2025-11-19,BUF,CGY,69,6.5,106,-134
2025-11-19,BUF,CGY,71,6.5,102,-125
2025-11-19,BUF,CGY,75,6.0,-115,-105
2025-11-19,MIN,CAR,15,6.5,105,-125
2025-11-19,MIN,CAR,30,5.5,-141,105
2025-11-19,MIN,CAR,68,6.5,105,-125
2025-11-19,MIN,CAR,69,6.5,104,-128
2025-11-19,MIN,CAR,71,6.0,-118,-109
2025-11-19,MIN,CAR,75,6.0,-118,-102
2025-11-19,ANA,BOS,15,6.5,-104,-118
2025-11-19,ANA,BOS,30,6.5,-111,-120
2025-11-19,ANA,BOS,68,6.5,-102,-118
2025-11-19,ANA,BOS,69,6.5,-104,-118
2025-11-19,ANA,BOS,71,6.5,-107,-117
2025-11-19,ANA,BOS,75,6.5,100,-120
2025-11-20,DET,NYI,15,6.5,108,-130
2025-11-20,DET,NYI,30,5.5,-135,114
2025-11-20,DET,NYI,68,6.5,110,-130
2025-11-20,DET,NYI,69,6.5,108,-130
2025-11-20,DET,NYI,71,6.0,-121,-104
2025-11-20,DET,NYI,75,6.0,-120,100
2025-11-20,MTL,WSH,15,6.0,-105,-115
2025-11-20,MTL,WSH,30,6.5,110,-130
2025-11-20,MTL,WSH,68,5.5,-130,110
2025-11-20,MTL,WSH,69,6.5,106,-130
2025-11-20,MTL,WSH,71,6.0,-120,-105
2025-11-20,MTL,WSH,75,6.0,-105,-115
2025-11-20,PHI,STL,15,5.5,-108,-112
2025-11-20,PHI,STL,30,5.5,-120,-100
2025-11-20,PHI,STL,68,5.5,-108,-112
2025-11-20,PHI,STL,69,5.5,-108,-112
2025-11-20,PHI,STL,71,5.5,-107,-117
2025-11-20,PHI,STL,75,5.5,-110,-110
2025-11-20,FLA,NJ,15,5.5,-100,-115
2025-11-20,FLA,NJ,30,6.5,110,-130
2025-11-20,FLA,NJ,68,5.5,-105,-115
2025-11-20,FLA,NJ,69,5.5,-100,-122
2025-11-20,FLA,NJ,71,5.5,-108,-114
2025-11-20,FLA,NJ,75,3.0,-3000,1000
2025-11-20,TOR,CBJ,15,6.5,-106,-108
2025-11-20,TOR,CBJ,30,6.5,-125,105
2025-11-20,TOR,CBJ,68,6.5,-112,-108
2025-11-20,TOR,CBJ,69,6.5,-106,-114
2025-11-20,TOR,CBJ,71,6.5,-110,-113
2025-11-20,TOR,CBJ,75,6.5,-115,-105
2025-11-20,TB,EDM,15,6.5,-110,-105
2025-11-20,TB,EDM,30,6.5,-105,-115
2025-11-20,TB,EDM,68,6.5,-115,-105
2025-11-20,TB,EDM,69,6.5,-110,-110
2025-11-20,TB,EDM,71,6.5,-107,-117
2025-11-20,TB,EDM,75,6.5,-110,-110
2025-11-20,CHI,SEA,15,5.5,-118,-102
2025-11-20,CHI,SEA,30,5.5,-130,110
2025-11-20,CHI,SEA,68,5.5,-118,-102
2025-11-20,CHI,SEA,69,5.5,-115,-104
2025-11-20,CHI,SEA,71,5.5,-122,-103
2025-11-20,CHI,SEA,75,5.5,-115,-105
2025-11-20,UTA,VGK,15,5.5,-134,110
2025-11-20,UTA,VGK,30,6.5,115,-141
2025-11-20,UTA,VGK,68,5.5,-130,110
2025-11-20,UTA,VGK,69,5.5,-134,110
2025-11-20,UTA,VGK,71,6.0,100,-125
2025-11-20,UTA,VGK,75,6.0,-105,-115
2025-11-20,COL,NYR,15,6.5,110,-130
2025-11-20,COL,NYR,30,6.5,105,-125
2025-11-20,COL,NYR,68,6.5,110,-130
2025-11-20,COL,NYR,69,6.5,112,-138
2025-11-20,COL,NYR,71,6.0,-117,-107
2025-11-20,COL,NYR,75,6.0,-118,-102
2025-11-20,SJ,LA,15,5.5,-125,105
2025-11-20,SJ,LA,30,5.5,-141,115
2025-11-20,SJ,LA,68,5.5,-125,105
2025-11-20,SJ,LA,69,5.5,-122,102
2025-11-20,SJ,LA,71,6.0,-104,-121
2025-11-20,SJ,LA,75,5.5,-120,100
2025-11-20,ANA,OTT,15,6.5,102,-120
2025-11-20,ANA,OTT,30,6.5,115,-141
2025-11-20,ANA,OTT,68,6.5,102,-122
2025-11-20,ANA,OTT,69,6.5,-104,-118
2025-11-20,ANA,OTT,71,6.5,-105,-120
2025-11-20,ANA,OTT,75,6.5,100,-120
2025-11-20,VAN,DAL,15,6.5,-105,-115
2025-11-20,VAN,DAL,30,5.5,-141,115
2025-11-20,VAN,DAL,68,6.5,-105,-115
2025-11-20,VAN,DAL,69,6.5,-105,-115
2025-11-20,VAN,DAL,71,6.5,100,-124
2025-11-20,VAN,DAL,75,6.5,-105,-115
2025-11-21,BUF,CHI,15,6.5,-102,-118
2025-11-21,BUF,CHI,30,6.5,110,-132
2025-11-21,BUF,CHI,68,6.5,-102,-118
2025-11-21,BUF,CHI,69,6.5,-100,-122
2025-11-21,BUF,CHI,71,6.5,-106,-122
2025-11-21,BUF,CHI,75,6.5,-102,-118
2025-11-21,PIT,MIN,15,5.5,-135,114
2025-11-21,PIT,MIN,30,6.5,102,-124
2025-11-21,PIT,MIN,68,5.5,-135,114
2025-11-21,PIT,MIN,69,5.5,-134,110
2025-11-21,PIT,MIN,71,6.0,-109,-114
2025-11-21,PIT,MIN,75,6.0,-105,-115
2025-11-21,WPG,CAR,15,6.5,-105,-115
2025-11-21,WPG,CAR,30,5.5,-134,110
2025-11-21,WPG,CAR,68,6.5,-105,-115
2025-11-21,WPG,CAR,69,6.5,-108,-112
2025-11-21,WPG,CAR,71,6.5,-104,-121
2025-11-21,WPG,CAR,75,6.5,-105,-115
2025-11-21,LA,BOS,15,5.5,-115,-105
2025-11-21,LA,BOS,30,5.5,-116,-105
2025-11-21,LA,BOS,68,5.5,-115,-105
2025-11-21,LA,BOS,69,5.5,-115,-104
2025-11-21,LA,BOS,71,5.5,-118,-106
2025-11-21,LA,BOS,75,5.5,-118,-102
2025-11-22,DET,CBJ,15,6.5,-102,-118
2025-11-22,DET,CBJ,30,6.5,-122,102
2025-11-22,DET,CBJ,68,6.5,-102,-118
2025-11-22,DET,CBJ,69,6.5,-105,-115
2025-11-22,DET,CBJ,71,6.5,-104,-120
2025-11-22,DET,CBJ,75,6.5,100,-120
2025-11-22,NYI,STL,15,5.5,-135,114
2025-11-22,NYI,STL,30,6.5,-100,-120
2025-11-22,NYI,STL,68,5.5,-135,114
2025-11-22,NYI,STL,69,5.5,-134,108
2025-11-22,NYI,STL,71,6.0,-112,-112
2025-11-22,NYI,STL,75,6.0,-105,-115
2025-11-22,WSH,TB,15,6.5,102,-122
2025-11-22,WSH,TB,30,6.5,105,-125
2025-11-22,WSH,TB,68,6.5,102,-122
2025-11-22,WSH,TB,69,6.5,104,-128
2025-11-22,WSH,TB,71,6.0,-118,-106
2025-11-22,WSH,TB,75,6.5,-102,-118
2025-11-22,MTL,TOR,15,6.5,-102,-118
2025-11-22,MTL,TOR,30,6.5,-118,-102
2025-11-22,MTL,TOR,68,6.5,-102,-118
2025-11-22,MTL,TOR,69,6.5,110,-134
2025-11-22,MTL,TOR,71,6.5,-108,-115
2025-11-22,MTL,TOR,75,6.0,-115,-105
2025-11-22,FLA,EDM,15,5.5,-122,102
2025-11-22,FLA,EDM,30,5.5,-141,115
2025-11-22,FLA,EDM,68,5.5,-122,102
2025-11-22,FLA,EDM,69,5.5,-128,104
2025-11-22,FLA,EDM,71,6.0,-108,-115
2025-11-22,FLA,EDM,75,5.5,-120,100
2025-11-22,PIT,SEA,15,5.5,-125,104
2025-11-22,PIT,SEA,30,5.5,-125,105
2025-11-22,PIT,SEA,68,5.5,-125,102
2025-11-22,PIT,SEA,69,5.5,-130,104
2025-11-22,PIT,SEA,71,6.0,-105,-120
2025-11-22,PIT,SEA,75,6.0,100,-120
2025-11-22,SJ,OTT,15,5.5,-115,-105
2025-11-22,SJ,OTT,30,6.5,102,-122
2025-11-22,SJ,OTT,68,5.5,-115,-105
2025-11-22,SJ,OTT,69,5.5,-118,-105
2025-11-22,SJ,OTT,71,5.5,-121,-103
2025-11-22,SJ,OTT,75,5.5,-115,-105
2025-11-22,PHI,NJ,15,5.5,105,-125
2025-11-22,PHI,NJ,30,5.5,-130,110
2025-11-22,PHI,NJ,68,5.5,105,-125
2025-11-22,PHI,NJ,69,5.5,102,-124
2025-11-22,PHI,NJ,71,5.5,-107,-117
2025-11-22,PHI,NJ,75,5.5,105,-125
2025-11-22,NSH,COL,15,6.5,-102,-118
2025-11-22,NSH,COL,30,6.5,110,-130
2025-11-22,NSH,COL,68,6.5,-102,-118
2025-11-22,NSH,COL,69,6.5,104,-130
2025-11-22,NSH,COL,71,6.5,-103,-122
2025-11-22,NSH,COL,75,6.5,100,-120
2025-11-22,UTA,NYR,15,5.5,-125,105
2025-11-22,UTA,NYR,30,5.5,-125,105
2025-11-22,UTA,NYR,68,5.5,-125,105
2025-11-22,UTA,NYR,69,5.5,-124,-100
2025-11-22,UTA,NYR,71,6.0,-104,-120
2025-11-22,UTA,NYR,75,6.0,100,-120
2025-11-22,ANA,VGK,15,6.5,105,-122
2025-11-22,ANA,VGK,30,6.5,-115,-105
2025-11-22,ANA,VGK,68,6.5,105,-122
2025-11-22,ANA,VGK,69,6.5,102,-130
2025-11-22,ANA,VGK,71,6.0,-125,102
2025-11-22,ANA,VGK,75,6.0,-120,100
2025-11-22,CGY,DAL,15,5.5,-130,110
2025-11-22,CGY,DAL,30,5.5,-130,110
2025-11-22,CGY,DAL,68,5.5,-130,110
2025-11-22,CGY,DAL,69,5.5,-130,104
2025-11-22,CGY,DAL,71,6.0,-105,-120
2025-11-22,CGY,DAL,75,6.0,100,-120
2025-11-23,BUF,CAR,15,6.5,-120,100
2025-11-23,BUF,CAR,30,6.5,-105,-115
2025-11-23,BUF,CAR,68,6.5,-122,102
2025-11-23,BUF,CAR,69,6.5,-120,-100
2025-11-23,BUF,CAR,71,6.5,-113,-110
2025-11-23,BUF,CAR,75,6.5,-125,105
2025-11-23,WPG,MIN,15,5.5,-128,106
2025-11-23,WPG,MIN,30,5.5,-135,114
2025-11-23,WPG,MIN,68,5.5,-125,105
2025-11-23,WPG,MIN,69,5.5,-128,106
2025-11-23,WPG,MIN,71,6.0,-106,-118
2025-11-23,WPG,MIN,75,6.0,-105,-115
2025-11-23,NYI,SEA,15,5.5,-130,110
2025-11-23,NYI,SEA,30,5.5,-135,114
2025-11-23,NYI,SEA,68,5.5,-130,110
2025-11-23,NYI,SEA,69,5.5,-138,110
2025-11-23,NYI,SEA,71,6.0,-107,-115
2025-11-23,NYI,SEA,75,6.0,-105,-115
2025-11-23,CHI,COL,15,6.5,-105,-115
2025-11-23,CHI,COL,30,6.5,-110,-110
2025-11-23,CHI,COL,68,6.5,-105,-115
2025-11-23,CHI,COL,69,6.5,-100,-122
2025-11-23,CHI,COL,71,6.5,-103,-121
2025-11-23,CHI,COL,75,6.5,-110,-110
2025-11-23,SJ,BOS,15,6.0,-110,-110
2025-11-23,SJ,BOS,30,6.5,105,-125
2025-11-23,SJ,BOS,68,6.5,114,-135
2025-11-23,SJ,BOS,69,5.5,-138,112
2025-11-23,SJ,BOS,71,6.0,-122,-103
2025-11-23,SJ,BOS,75,6.0,-115,-105
2025-11-23,VAN,CGY,15,6.5,114,-135
2025-11-23,VAN,CGY,30,5.5,-125,105
2025-11-23,VAN,CGY,68,6.5,114,-135
2025-11-23,VAN,CGY,69,6.5,114,-140
2025-11-23,VAN,CGY,71,6.0,-114,-109
2025-11-23,VAN,CGY,75,6.0,-115,-105
2025-11-24,NJ,DET,15,5.5,-130,110
2025-11-24,NJ,DET,30,5.5,-125,105
2025-11-24,NJ,DET,68,5.5,-130,110
2025-11-24,NJ,DET,69,5.5,-128,102
2025-11-24,NJ,DET,71,6.0,-105,-120
2025-11-24,NJ,DET,75,6.0,-102,-118
2025-11-24,TB,PHI,15,5.5,-135,114
2025-11-24,TB,PHI,30,5.5,-105,-116
2025-11-24,TB,PHI,68,5.5,-135,114
2025-11-24,TB,PHI,69,5.5,-122,102
2025-11-24,TB,PHI,71,6.0,-106,-118
2025-11-24,TB,PHI,75,6.0,-105,-115
2025-11-24,NYR,STL,15,5.5,-102,-118
2025-11-24,NYR,STL,30,5.5,-116,-105
2025-11-24,NYR,STL,68,5.5,-102,-118
2025-11-24,NYR,STL,69,5.5,-104,-118
2025-11-24,NYR,STL,71,5.5,-106,-117
2025-11-24,NYR,STL,75,5.5,-102,-118
2025-11-24,WSH,CBJ,15,6.5,100,-120
2025-11-24,WSH,CBJ,30,6.5,110,-132
2025-11-24,WSH,CBJ,68,6.5,100,-120
2025-11-24,WSH,CBJ,69,6.5,-100,-122
2025-11-24,WSH,CBJ,71,6.5,102,-125
2025-11-24,WSH,CBJ,75,6.5,100,-120
2025-11-24,NSH,FLA,15,5.5,-125,105
2025-11-24,NSH,FLA,30,5.5,-125,105
2025-11-24,NSH,FLA,68,5.5,-125,105
2025-11-24,NSH,FLA,69,5.5,-122,-100
2025-11-24,NSH,FLA,71,6.0,100,-122
2025-11-24,NSH,FLA,75,6.0,100,-120
2025-11-24,UTA,VGK,15,5.5,-130,110
2025-11-24,UTA,VGK,30,6.5,115,-141
2025-11-24,UTA,VGK,68,5.5,-130,110
2025-11-24,UTA,VGK,69,5.5,-134,106
2025-11-24,UTA,VGK,71,6.0,-105,-120
2025-11-24,UTA,VGK,75,6.0,-105,-115
2025-11-24,LA,OTT,15,5.5,108,-130
2025-11-24,LA,OTT,30,5.5,-111,-111
2025-11-24,LA,OTT,68,5.5,110,-130
2025-11-24,LA,OTT,69,5.5,108,-132
2025-11-24,LA,OTT,71,5.5,100,-124
2025-11-24,LA,OTT,75,5.5,105,-125
2025-11-25,EDM,DAL,15,5.5,-132,110
2025-11-25,EDM,DAL,30,5.5,-141,115
2025-11-25,EDM,DAL,68,5.5,-130,110
2025-11-25,EDM,DAL,69,5.5,-132,108
2025-11-25,EDM,DAL,71,6.0,-115,-108
2025-11-25,EDM,DAL,75,6.0,-110,-110
2025-11-26,PIT,BUF,15,6.5,-105,-115
2025-11-26,PIT,BUF,30,6.5,-111,-111
2025-11-26,PIT,BUF,68,6.5,-105,-115
2025-11-26,PIT,BUF,69,6.5,-102,-122
2025-11-26,PIT,BUF,71,6.5,-107,-117
2025-11-26,PIT,BUF,75,6.5,100,-120
2025-11-26,CAR,NYR,15,5.5,-135,114
2025-11-26,CAR,NYR,30,5.5,-141,115
2025-11-26,CAR,NYR,68,5.5,-135,114
2025-11-26,CAR,NYR,69,5.5,-130,104
2025-11-26,CAR,NYR,71,6.0,-104,-121
2025-11-26,CAR,NYR,75,6.0,-105,-115
2025-11-26,NJ,STL,15,5.5,-115,-105
2025-11-26,NJ,STL,30,5.5,-105,-116
2025-11-26,NJ,STL,68,5.5,-115,-105
2025-11-26,NJ,STL,69,5.5,-110,-110
2025-11-26,NJ,STL,71,5.5,-112,-112
2025-11-26,NJ,STL,75,5.5,-115,-105
2025-11-26,DET,NSH,15,6.5,114,-135
2025-11-26,DET,NSH,30,6.5,120,-147
2025-11-26,DET,NSH,68,6.5,114,-135
2025-11-26,DET,NSH,69,6.5,110,-134
2025-11-26,DET,NSH,71,6.0,-110,-113
2025-11-26,DET,NSH,75,6.0,-115,-105
2025-11-26,TB,CGY,15,5.5,-125,105
2025-11-26,TB,CGY,30,5.5,-125,105
2025-11-26,TB,CGY,68,5.5,-125,105
2025-11-26,TB,CGY,69,5.5,-118,-104
2025-11-26,TB,CGY,71,5.5,-124,100
2025-11-26,TB,CGY,75,6.0,100,-120
2025-11-26,FLA,PHI,15,5.5,105,-125
2025-11-26,FLA,PHI,30,5.5,-116,-105
2025-11-26,FLA,PHI,68,5.5,105,-125
2025-11-26,FLA,PHI,69,5.5,-105,-115
2025-11-26,FLA,PHI,71,5.5,-106,-118
2025-11-26,FLA,PHI,75,5.5,105,-125
2025-11-26,CBJ,TOR,15,6.5,-110,-108
2025-11-26,CBJ,TOR,30,5.5,-147,120
2025-11-26,CBJ,TOR,68,6.5,-112,-108
2025-11-26,CBJ,TOR,69,6.5,-108,-112
2025-11-26,CBJ,TOR,71,6.5,-104,-121
2025-11-26,CBJ,TOR,75,6.5,-110,-110
2025-11-26,NYI,BOS,15,5.5,-130,110
2025-11-26,NYI,BOS,30,6.5,120,-147
2025-11-26,NYI,BOS,68,5.5,-130,110
2025-11-26,NYI,BOS,69,5.5,-122,102
2025-11-26,NYI,BOS,71,6.0,-107,-115
2025-11-26,NYI,BOS,75,6.0,-105,-115
2025-11-26,WSH,WPG,15,6.5,102,-122
2025-11-26,WSH,WPG,30,6.5,110,-132
2025-11-26,WSH,WPG,68,6.5,102,-122
2025-11-26,WSH,WPG,69,6.5,108,-132
2025-11-26,WSH,WPG,71,6.0,-125,102
2025-11-26,WSH,WPG,75,6.0,-118,-102
2025-11-26,CHI,MIN,15,5.5,-115,-105
2025-11-26,CHI,MIN,30,6.5,115,-141
2025-11-26,CHI,MIN,68,5.5,-115,-105
2025-11-26,CHI,MIN,69,5.5,-115,-105
2025-11-26,CHI,MIN,71,5.5,-122,100
2025-11-26,CHI,MIN,75,5.5,-120,100
2025-11-26,COL,SJ,15,6.5,-105,-115
2025-11-26,COL,SJ,30,6.5,115,-141
2025-11-26,COL,SJ,68,6.5,-105,-115
2025-11-26,COL,SJ,69,6.5,-110,-110
2025-11-26,COL,SJ,71,6.5,102,-127
2025-11-26,COL,SJ,75,6.5,-102,-118
2025-11-26,UTA,MTL,15,5.5,-135,114
2025-11-26,UTA,MTL,30,5.5,-147,120
2025-11-26,UTA,MTL,68,5.5,-135,114
2025-11-26,UTA,MTL,69,5.5,-130,104
2025-11-26,UTA,MTL,71,6.0,-113,-110
2025-11-26,UTA,MTL,75,6.0,-105,-115
2025-11-26,SEA,DAL,15,5.5,-118,-102
2025-11-26,SEA,DAL,30,5.5,-132,110
2025-11-26,SEA,DAL,68,5.5,-118,-102
2025-11-26,SEA,DAL,69,5.5,-118,-105
2025-11-26,SEA,DAL,71,5.5,-124,100
2025-11-26,SEA,DAL,75,5.5,-120,100
2025-11-26,ANA,VAN,15,6.5,-148,124
2025-11-26,ANA,VAN,30,6.5,-100,-120
2025-11-26,ANA,VAN,68,6.5,-148,124
2025-11-26,ANA,VAN,69,6.5,-148,122
2025-11-26,ANA,VAN,71,7.0,106,-132
2025-11-26,ANA,VAN,75,7.0,100,-120
2025-11-26,VGK,OTT,15,5.5,-115,-105
2025-11-26,VGK,OTT,30,5.5,-132,110
2025-11-26,VGK,OTT,68,5.5,-115,-105
2025-11-26,VGK,OTT,69,5.5,-114,-105
2025-11-26,VGK,OTT,71,5.5,-121,-103
2025-11-26,VGK,OTT,75,5.5,-110,-110
2025-11-28,DET,TB,15,6.5,-102,-120
2025-11-28,DET,TB,30,6.5,105,-125
2025-11-28,DET,TB,68,6.5,-102,-118
2025-11-28,DET,TB,69,6.5,110,-132
2025-11-28,DET,TB,71,6.5,100,-122
2025-11-28,DET,TB,75,6.5,100,-120
2025-11-28,BOS,NYR,15,5.5,-110,-110
2025-11-28,BOS,NYR,30,5.5,-125,105
2025-11-28,BOS,NYR,68,5.5,-110,-110
2025-11-28,BOS,NYR,69,5.5,-104,-114
2025-11-28,BOS,NYR,71,5.5,-112,-112
2025-11-28,BOS,NYR,75,5.5,-110,-110
2025-11-28,MIN,COL,15,6.5,112,-135
2025-11-28,MIN,COL,30,6.5,105,-125
2025-11-28,MIN,COL,68,6.5,114,-135
2025-11-28,MIN,COL,69,6.5,112,-138
2025-11-28,MIN,COL,71,6.0,-125,102
2025-11-28,MIN,COL,75,6.0,-115,-105
2025-11-28,SJ,VAN,15,6.5,-122,102
2025-11-28,SJ,VAN,30,6.5,-105,-116
2025-11-28,SJ,VAN,68,6.5,-122,102
2025-11-28,SJ,VAN,69,6.5,-125,-104
2025-11-28,SJ,VAN,71,6.5,-117,-107
2025-11-28,SJ,VAN,75,6.5,-125,105
2025-11-28,ANA,LA,15,6.5,114,-135
2025-11-28,ANA,LA,30,6.5,110,-132
2025-11-28,ANA,LA,68,6.5,114,-135
2025-11-28,ANA,LA,69,6.5,112,-138
2025-11-28,ANA,LA,71,6.0,-117,-107
2025-11-28,ANA,LA,75,6.0,-120,100
2025-11-28,VGK,MTL,15,6.5,106,-130
2025-11-28,VGK,MTL,30,6.5,115,-141
2025-11-28,VGK,MTL,68,6.5,110,-130
2025-11-28,VGK,MTL,69,6.5,106,-130
2025-11-28,VGK,MTL,71,6.5,100,-125
2025-11-28,VGK,MTL,75,6.0,-118,-102
2025-11-28,NYI,PHI,15,6.5,110,-130
2025-11-28,NYI,PHI,30,6.5,120,-147
2025-11-28,NYI,PHI,68,6.5,110,-130
2025-11-28,NYI,PHI,69,5.5,-140,114
2025-11-28,NYI,PHI,71,6.0,-115,-107
2025-11-28,NYI,PHI,75,6.0,-115,-105
2025-11-28,BUF,NJ,15,6.5,112,-135
2025-11-28,BUF,NJ,30,6.5,120,-147
2025-11-28,BUF,NJ,68,6.5,114,-135
2025-11-28,BUF,NJ,69,6.5,112,-140
2025-11-28,BUF,NJ,71,6.0,-118,-106
2025-11-28,BUF,NJ,75,6.0,-115,-105
2025-11-28,STL,OTT,15,5.5,-108,-112
2025-11-28,STL,OTT,30,6.5,115,-141
2025-11-28,STL,OTT,68,5.5,-108,-112
2025-11-28,STL,OTT,69,5.5,-105,-118
2025-11-28,STL,OTT,71,5.5,-121,-104
2025-11-28,STL,OTT,75,5.5,-110,-110
2025-11-28,FLA,CGY,15,5.5,-122,102
2025-11-28,FLA,CGY,30,5.5,-116,-105
2025-11-28,FLA,CGY,68,5.5,-122,102
2025-11-28,FLA,CGY,69,5.5,-130,102
2025-11-28,FLA,CGY,71,5.5,-121,-104
2025-11-28,FLA,CGY,75,6.0,100,-120
2025-11-28,WSH,TOR,15,6.5,112,-135
2025-11-28,WSH,TOR,30,5.5,-141,115
2025-11-28,WSH,TOR,68,6.5,114,-135
2025-11-28,WSH,TOR,69,6.5,112,-138
2025-11-28,WSH,TOR,71,6.0,-117,-107
2025-11-28,WSH,TOR,75,6.0,-115,-105
2025-11-28,CAR,WPG,15,6.5,-105,-115
2025-11-28,CAR,WPG,30,6.5,-105,-116
2025-11-28,CAR,WPG,68,6.5,-105,-115
2025-11-28,CAR,WPG,69,6.5,-108,-112
2025-11-28,CAR,WPG,71,6.5,100,-122
2025-11-28,CAR,WPG,75,6.5,-105,-115
2025-11-28,CBJ,PIT,15,6.5,110,-130
2025-11-28,CBJ,PIT,30,6.5,-125,105
2025-11-28,CBJ,PIT,68,6.5,110,-130
2025-11-28,CBJ,PIT,69,6.5,108,-130
2025-11-28,CBJ,PIT,71,6.5,102,-127
2025-11-28,CBJ,PIT,75,6.0,-120,100
2025-11-28,CHI,NSH,15,5.5,-130,110
2025-11-28,CHI,NSH,30,6.5,110,-132
2025-11-28,CHI,NSH,68,5.5,-130,110
2025-11-28,CHI,NSH,69,5.5,-124,102
2025-11-28,CHI,NSH,71,6.0,-110,-113
2025-11-28,CHI,NSH,75,6.0,-105,-115
2025-11-28,DAL,UTA,15,5.5,-132,110
2025-11-28,DAL,UTA,30,6.5,120,-147
2025-11-28,DAL,UTA,68,5.5,-130,110
2025-11-28,DAL,UTA,69,5.5,-132,108
2025-11-28,DAL,UTA,71,6.0,-110,-113
2025-11-28,DAL,UTA,75,6.0,-105,-115
2025-11-29,NYR,TB,15,6.5,105,-125
2025-11-29,NYR,TB,30,6.5,105,-125
2025-11-29,NYR,TB,68,6.5,105,-125
2025-11-29,NYR,TB,69,6.5,112,-138
2025-11-29,NYR,TB,71,6.5,-104,-121
2025-11-29,NYR,TB,75,6.0,-118,-102
2025-11-29,COL,MTL,15,6.5,-102,-120
2025-11-29,COL,MTL,30,6.5,110,-130
2025-11-29,COL,MTL,68,6.5,100,-120
2025-11-29,COL,MTL,69,6.5,-102,-122
2025-11-29,COL,MTL,71,6.5,-107,-117
2025-11-29,COL,MTL,75,6.5,100,-120
2025-11-29,SEA,EDM,15,5.5,-135,114
2025-11-29,SEA,EDM,30,6.5,110,-130
2025-11-29,SEA,EDM,68,5.5,-135,114
2025-11-29,SEA,EDM,69,5.5,-130,106
2025-11-29,SEA,EDM,71,6.0,-106,-118
2025-11-29,SEA,EDM,75,6.0,-105,-115
2025-11-29,NJ,PHI,15,5.5,-105,-115
2025-11-29,NJ,PHI,30,5.5,-135,114
2025-11-29,NJ,PHI,68,5.5,-105,-115
2025-11-29,NJ,PHI,69,5.5,-102,-120
2025-11-29,NJ,PHI,71,5.5,-121,-104
2025-11-29,NJ,PHI,75,5.5,-105,-115
2025-11-29,NSH,WPG,15,6.5,114,115
2025-11-29,NSH,WPG,30,5.5,-130,110
2025-11-29,NSH,WPG,68,6.5,114,-135
2025-11-29,NSH,WPG,69,5.5,-142,116
2025-11-29,NSH,WPG,71,6.0,-115,-108
2025-11-29,NSH,WPG,75,6.0,-115,-105
2025-11-29,PIT,TOR,15,6.5,-102,-118
2025-11-29,PIT,TOR,30,6.5,110,-130
2025-11-29,PIT,TOR,68,6.5,-102,-118
2025-11-29,PIT,TOR,69,6.5,-102,-120
2025-11-29,PIT,TOR,71,6.5,-106,-124
2025-11-29,PIT,TOR,75,6.5,100,-120
2025-11-29,BOS,DET,15,5.5,-119,-101
2025-11-29,BOS,DET,30,5.5,-135,114
2025-11-29,BOS,DET,68,5.5,-118,-102
2025-11-29,BOS,DET,69,5.5,-122,-100
2025-11-29,BOS,DET,71,6.0,-105,-120
2025-11-29,BOS,DET,75,5.5,-120,100
2025-11-29,STL,UTA,15,5.5,-118,-102
2025-11-29,STL,UTA,30,5.5,-130,110
2025-11-29,STL,UTA,68,5.5,-118,-102
2025-11-29,STL,UTA,69,5.5,-118,-106
2025-11-29,STL,UTA,71,5.5,-114,-108
2025-11-29,STL,UTA,75,5.5,-120,100
2025-11-29,MIN,BUF,15,6.5,110,-130
2025-11-29,MIN,BUF,30,6.5,110,-130
2025-11-29,MIN,BUF,68,6.5,110,-130
2025-11-29,MIN,BUF,69,6.5,110,-140
2025-11-29,MIN,BUF,71,6.0,-115,-108
2025-11-29,MIN,BUF,75,6.0,-120,100
2025-11-29,VGK,SJ,15,6.5,100,-120
2025-11-29,VGK,SJ,30,6.5,110,-130
2025-11-29,VGK,SJ,68,6.5,100,-120
2025-11-29,VGK,SJ,69,6.5,-100,-122
2025-11-29,VGK,SJ,71,6.5,-105,-118
2025-11-29,VGK,SJ,75,6.0,-120,100
2025-11-29,LA,VAN,15,6.5,-105,-125
2025-11-29,LA,VAN,30,6.5,100,-120
2025-11-29,LA,VAN,68,6.5,-105,-125
2025-11-29,LA,VAN,69,6.5,106,-128
2025-11-29,LA,VAN,71,6.5,-106,-118
2025-11-29,LA,VAN,75,6.0,-120,100
2025-11-30,NYI,WSH,15,6.0,-110,-135
2025-11-30,NYI,WSH,30,6.5,116,-142
2025-11-30,NYI,WSH,68,6.5,114,-135
2025-11-30,NYI,WSH,69,5.5,-142,-140
2025-11-30,NYI,WSH,71,6.0,-110,-113
2025-11-30,NYI,WSH,75,6.0,-115,-105
2025-11-30,CHI,ANA,15,6.5,-120,100
2025-11-30,CHI,ANA,30,6.5,-115,-105
2025-11-30,CHI,ANA,68,6.5,-120,100
2025-11-30,CHI,ANA,69,6.5,-118,-104
2025-11-30,CHI,ANA,71,6.5,-122,100
2025-11-30,CHI,ANA,75,6.5,-120,100
2025-11-30,CAR,CGY,15,6.0,-115,-110
2025-11-30,CAR,CGY,30,6.5,116,-142
2025-11-30,CAR,CGY,68,6.5,114,-135
2025-11-30,CAR,CGY,69,6.5,112,-138
2025-11-30,CAR,CGY,71,6.0,-121,-104
2025-11-30,CAR,CGY,75,6.0,-115,-105
2025-11-30,DAL,OTT,15,5.5,-122,102
2025-11-30,DAL,OTT,30,5.5,-130,106
2025-11-30,DAL,OTT,68,5.5,-122,102
2025-11-30,DAL,OTT,69,5.5,-134,110
2025-11-30,DAL,OTT,71,6.0,100,-125
2025-11-30,DAL,OTT,75,5.5,-120,100
2025-12-01,NJ,CBJ,15,6.5,105,-125
2025-12-01,NJ,CBJ,30,6.5,116,-142
2025-12-01,NJ,CBJ,68,6.5,105,-125
2025-12-01,NJ,CBJ,69,6.5,-100,-122
2025-12-01,NJ,CBJ,71,6.0,-124,100
2025-12-01,NJ,CBJ,75,6.5,100,-120
2025-12-01,PHI,PIT,15,5.5,-130,110
2025-12-01,PHI,PIT,30,5.5,-118,-104
2025-12-01,PHI,PIT,68,5.5,-130,110
2025-12-01,PHI,PIT,69,5.5,-120,-102
2025-12-01,PHI,PIT,71,6.0,-105,-120
2025-12-01,PHI,PIT,75,6.0,-105,-115
2025-12-01,BUF,WPG,15,6.5,105,-125
2025-12-01,BUF,WPG,30,6.5,106,-130
2025-12-01,BUF,WPG,68,6.5,105,-125
2025-12-01,BUF,WPG,69,6.5,-100,-122
2025-12-01,BUF,WPG,71,6.5,-107,-117
2025-12-01,BUF,WPG,75,6.0,-118,-102
2025-12-01,STL,ANA,15,6.5,-102,-118
2025-12-01,STL,ANA,30,5.5,-135,114
2025-12-01,STL,ANA,68,6.5,-102,-118
2025-12-01,STL,ANA,69,6.5,-102,-120
2025-12-01,STL,ANA,71,6.0,-125,102
2025-12-01,STL,ANA,75,6.5,100,-120
2025-12-01,SJ,UTA,15,5.5,-122,102
2025-12-01,SJ,UTA,30,6.5,114,-140
2025-12-01,SJ,UTA,68,5.5,-122,102
2025-12-01,SJ,UTA,69,5.5,-120,-100
2025-12-01,SJ,UTA,71,5.5,-127,102
2025-12-01,SJ,UTA,75,6.0,-105,-115
2025-12-02,NYR,DAL,15,5.5,-110,-110
2025-12-02,NYR,DAL,30,5.5,-120,-102
2025-12-02,NYR,DAL,68,5.5,-110,-110
2025-12-02,NYR,DAL,69,5.5,-106,-114
2025-12-02,NYR,DAL,71,5.5,-112,-112
2025-12-02,NYR,DAL,75,5.5,-110,-110
2025-12-02,MTL,OTT,15,5.5,-125,105
2025-12-02,MTL,OTT,30,5.5,-138,112
2025-12-02,MTL,OTT,68,5.5,-125,105
2025-12-02,MTL,OTT,69,5.5,-124,102
2025-12-02,MTL,OTT,71,6.0,-121,-104
2025-12-02,MTL,OTT,75,6.0,100,-120
2025-12-02,NYI,TB,15,5.5,-130,110
2025-12-02,NYI,TB,30,6.5,112,-138
2025-12-02,NYI,TB,68,5.5,-130,110
2025-12-02,NYI,TB,69,5.5,-134,110
2025-12-02,NYI,TB,71,6.0,-103,-122
2025-12-02,NYI,TB,75,6.0,-105,-115
2025-12-02,DET,BOS,15,5.5,-120,100
2025-12-02,DET,BOS,30,5.5,-128,104
2025-12-02,DET,BOS,68,5.5,-120,100
2025-12-02,DET,BOS,69,5.5,-120,-102
2025-12-02,DET,BOS,71,6.0,100,-122
2025-12-02,DET,BOS,75,6.0,100,-120
2025-12-02,FLA,TOR,15,6.5,-105,-112
2025-12-02,FLA,TOR,30,5.5,-134,110
2025-12-02,FLA,TOR,68,6.5,-108,-112
2025-12-02,FLA,TOR,69,6.5,-100,-124
2025-12-02,FLA,TOR,71,6.5,-107,-117
2025-12-02,FLA,TOR,75,6.5,-110,-110
2025-12-02,NSH,CGY,15,5.5,-125,105
2025-12-02,NSH,CGY,30,5.5,-132,108
2025-12-02,NSH,CGY,68,5.5,-125,105
2025-12-02,NSH,CGY,69,5.5,-130,106
2025-12-02,NSH,CGY,71,5.5,-121,-104
2025-12-02,NSH,CGY,75,6.0,-105,-115
2025-12-02,EDM,MIN,15,6.5,104,-130
2025-12-02,EDM,MIN,30,5.5,-140,114
2025-12-02,EDM,MIN,68,6.5,110,-130
2025-12-02,EDM,MIN,69,6.5,104,-132
2025-12-02,EDM,MIN,71,6.0,-122,-103
2025-12-02,EDM,MIN,75,6.0,-120,100
2025-12-02,COL,VAN,15,6.5,-115,102
2025-12-02,COL,VAN,30,6.5,-110,-110
2025-12-02,COL,VAN,68,6.5,-122,102
2025-12-02,COL,VAN,69,6.5,-115,-104
2025-12-02,COL,VAN,71,6.5,-118,-105
2025-12-02,COL,VAN,75,6.5,-125,105
2025-12-02,VGK,CHI,15,5.5,-135,114
2025-12-02,VGK,CHI,30,6.5,114,-140
2025-12-02,VGK,CHI,68,5.5,-135,114
2025-12-02,VGK,CHI,69,5.5,-134,110
2025-12-02,VGK,CHI,71,6.0,-107,-117
2025-12-02,VGK,CHI,75,6.0,-110,-110
2025-12-02,LA,WSH,15,5.5,102,-122
2025-12-02,LA,WSH,30,5.5,-120,-102
2025-12-02,LA,WSH,68,5.5,102,-122
2025-12-02,LA,WSH,69,5.5,106,-130
2025-12-02,LA,WSH,71,5.5,-103,-122
2025-12-02,LA,WSH,75,5.5,105,-125
2025-12-03,NJ,DAL,15,5.5,-130,110
2025-12-03,NJ,DAL,30,5.5,-115,-105
2025-12-03,NJ,DAL,68,5.5,-130,110
2025-12-03,NJ,DAL,69,5.5,-130,106
2025-12-03,NJ,DAL,71,6.0,-107,-117
2025-12-03,NJ,DAL,75,6.0,-105,-115
2025-12-03,MTL,WPG,15,6.5,100,-120
2025-12-03,MTL,WPG,30,6.5,-100,-120
2025-12-03,MTL,WPG,68,6.5,100,-120
2025-12-03,MTL,WPG,69,6.5,112,-138
2025-12-03,MTL,WPG,71,6.5,-103,-122
2025-12-03,MTL,WPG,75,6.5,100,-120
2025-12-03,PHI,BUF,15,6.5,102,-122
2025-12-03,PHI,BUF,30,5.5,-134,110
2025-12-03,PHI,BUF,68,6.5,102,-122
2025-12-03,PHI,BUF,69,6.5,108,-130
2025-12-03,PHI,BUF,71,6.5,-107,-117
2025-12-03,PHI,BUF,75,6.5,100,-120
2025-12-03,ANA,UTA,15,6.5,-115,-108
2025-12-03,ANA,UTA,30,6.5,-105,-115
2025-12-03,ANA,UTA,68,6.5,-115,-105
2025-12-03,ANA,UTA,69,6.5,-112,-108
2025-12-03,ANA,UTA,71,6.5,-122,-103
2025-12-03,ANA,UTA,75,6.5,-115,-105
2025-12-03,SJ,WSH,15,6.5,110,-130
2025-12-03,SJ,WSH,30,5.5,-130,110
2025-12-03,SJ,WSH,68,6.5,110,-130
2025-12-03,SJ,WSH,69,6.5,116,-142
2025-12-03,SJ,WSH,71,6.0,-121,-104
2025-12-03,SJ,WSH,75,6.0,-115,-105
2025-12-04,TB,PIT,15,6.5,-110,-115
2025-12-04,TB,PIT,30,5.5,-141,115
2025-12-04,TB,PIT,68,6.5,-105,-115
2025-12-04,TB,PIT,69,6.5,-110,-110
2025-12-04,TB,PIT,71,6.5,-108,-115
2025-12-04,TB,PIT,75,6.5,-110,-110
2025-12-04,OTT,NYR,15,5.5,-120,104
2025-12-04,OTT,NYR,30,5.5,-116,-105
2025-12-04,OTT,NYR,68,5.5,-120,100
2025-12-04,OTT,NYR,69,5.5,-128,104
2025-12-04,OTT,NYR,71,5.5,-115,-108
2025-12-04,OTT,NYR,75,5.5,-120,100
2025-12-04,CAR,TOR,15,6.5,-102,-118
2025-12-04,CAR,TOR,30,6.5,-105,-116
2025-12-04,CAR,TOR,68,6.5,105,-125
2025-12-04,CAR,TOR,69,6.5,-102,-118
2025-12-04,CAR,TOR,71,6.5,100,-122
2025-12-04,CAR,TOR,75,6.5,100,-120
2025-12-04,FLA,NSH,15,6.0,-110,-110
2025-12-04,FLA,NSH,30,5.5,-132,110
2025-12-04,FLA,NSH,68,6.5,120,-142
2025-12-04,FLA,NSH,69,5.5,-132,110
2025-12-04,FLA,NSH,71,6.0,-106,-117
2025-12-04,FLA,NSH,75,6.0,-115,-105
2025-12-04,BOS,STL,15,5.5,-105,-115
2025-12-04,BOS,STL,30,5.5,-105,-116
2025-12-04,BOS,STL,68,5.5,-105,-115
2025-12-04,BOS,STL,69,5.5,-105,-115
2025-12-04,BOS,STL,71,5.5,-120,-105
2025-12-04,BOS,STL,75,5.5,-105,-115
2025-12-04,NYI,COL,15,6.5,114,-135
2025-12-04,NYI,COL,30,6.5,120,-147
2025-12-04,NYI,COL,68,6.5,114,-135
2025-12-04,NYI,COL,69,6.5,106,-130
2025-12-04,NYI,COL,71,6.0,-117,-107
2025-12-04,NYI,COL,75,6.0,-120,100
2025-12-04,CBJ,DET,15,6.5,-120,100
2025-12-04,CBJ,DET,30,6.5,110,-132
2025-12-04,CBJ,DET,68,6.5,-120,100
2025-12-04,CBJ,DET,69,6.5,-118,-105
2025-12-04,CBJ,DET,71,6.5,-115,-108
2025-12-04,CBJ,DET,75,6.5,-118,-102
2025-12-04,EDM,SEA,15,5.5,-134,110
2025-12-04,EDM,SEA,30,5.5,-141,115
2025-12-04,EDM,SEA,68,5.5,-130,110
2025-12-04,EDM,SEA,69,5.5,-134,110
2025-12-04,EDM,SEA,71,6.0,-105,-118
2025-12-04,EDM,SEA,75,6.0,100,-120
2025-12-04,CGY,MIN,15,5.5,-108,-112
2025-12-04,CGY,MIN,30,5.5,-132,110
2025-12-04,CGY,MIN,68,5.5,-108,-112
2025-12-04,CGY,MIN,69,5.5,-108,-112
2025-12-04,CGY,MIN,71,5.5,-121,-104
2025-12-04,CGY,MIN,75,5.5,-110,-110
2025-12-04,LA,CHI,15,5.5,-105,-115
2025-12-04,LA,CHI,30,5.5,-141,115
2025-12-04,LA,CHI,68,5.5,-105,-115
2025-12-04,LA,CHI,69,5.5,-105,-115
2025-12-04,LA,CHI,71,5.5,-112,-112
2025-12-04,LA,CHI,75,5.5,-105,-115
2025-12-05,NJ,VGK,15,5.5,-115,-105
2025-12-05,NJ,VGK,30,6.5,110,-130
2025-12-05,NJ,VGK,68,5.5,-115,-105
2025-12-05,NJ,VGK,69,5.5,-115,-105
2025-12-05,NJ,VGK,71,6.0,100,-124
2025-12-05,NJ,VGK,75,5.5,-115,-105
2025-12-05,WPG,BUF,15,6.5,-105,-110
2025-12-05,WPG,BUF,30,5.5,-135,114
2025-12-05,WPG,BUF,68,6.5,-105,-115
2025-12-05,WPG,BUF,69,6.5,-110,-110
2025-12-05,WPG,BUF,71,6.5,-104,-121
2025-12-05,WPG,BUF,75,6.5,-105,-115
2025-12-05,DAL,SJ,15,6.5,110,-130
2025-12-05,DAL,SJ,30,5.5,-125,105
2025-12-05,DAL,SJ,68,6.5,110,-130
2025-12-05,DAL,SJ,69,6.5,110,-138
2025-12-05,DAL,SJ,71,6.0,-118,-106
2025-12-05,DAL,SJ,75,6.0,-120,100
2025-12-05,VAN,UTA,15,6.5,112,-135
2025-12-05,VAN,UTA,30,6.5,-110,-110
2025-12-05,VAN,UTA,68,6.5,114,-135
2025-12-05,VAN,UTA,69,6.5,112,-140
2025-12-05,VAN,UTA,71,6.5,100,-122
2025-12-05,VAN,UTA,75,6.0,-110,-110
2025-12-05,ANA,WSH,15,6.5,-115,-110
2025-12-05,ANA,WSH,30,6.5,105,-125
2025-12-05,ANA,WSH,68,6.5,-115,-105
2025-12-05,ANA,WSH,69,6.5,-110,-110
2025-12-05,ANA,WSH,71,6.5,-115,-108
2025-12-05,ANA,WSH,75,6.5,-110,-110
2025-12-06,NYR,COL,15,6.5,114,-135
2025-12-06,NYR,COL,30,6.5,105,-125
2025-12-06,NYR,COL,68,6.5,114,-135
2025-12-06,NYR,COL,69,6.5,116,-142
2025-12-06,NYR,COL,71,6.0,-115,-108
2025-12-06,NYR,COL,75,6.0,-110,-110
2025-12-06,FLA,CBJ,15,6.5,108,-130
2025-12-06,FLA,CBJ,30,6.5,105,-125
2025-12-06,FLA,CBJ,68,6.5,110,-130
2025-12-06,FLA,CBJ,69,6.5,106,-130
2025-12-06,FLA,CBJ,71,6.5,-106,-118
2025-12-06,FLA,CBJ,75,6.0,-110,-110
2025-12-06,BOS,NJ,15,5.5,-105,-115
2025-12-06,BOS,NJ,30,5.5,-132,110
2025-12-06,BOS,NJ,68,5.5,-105,-115
2025-12-06,BOS,NJ,69,5.5,-100,-124
2025-12-06,BOS,NJ,71,5.5,-117,-107
2025-12-06,BOS,NJ,75,5.5,-102,-118
2025-12-06,TB,NYI,15,6.0,-115,-105
2025-12-06,TB,NYI,30,5.5,-125,105
2025-12-06,TB,NYI,68,6.5,110,-130
2025-12-06,TB,NYI,69,6.5,114,-140
2025-12-06,TB,NYI,71,6.0,-121,-104
2025-12-06,TB,NYI,75,6.0,-115,-105
2025-12-06,OTT,STL,15,5.5,-110,-110
2025-12-06,OTT,STL,30,5.5,-125,105
2025-12-06,OTT,STL,68,5.5,-110,-110
2025-12-06,OTT,STL,69,5.5,-102,-120
2025-12-06,OTT,STL,71,5.5,-114,-109
2025-12-06,OTT,STL,75,5.5,-110,-110
2025-12-06,CGY,UTA,15,5.5,-120,102
2025-12-06,CGY,UTA,30,6.5,-111,-111
2025-12-06,CGY,UTA,68,5.5,-122,102
2025-12-06,CGY,UTA,69,5.5,-114,-105
2025-12-06,CGY,UTA,71,6.0,-106,-118
2025-12-06,CGY,UTA,75,5.5,-120,100
2025-12-06,TOR,MTL,15,6.5,-115,-105
2025-12-06,TOR,MTL,30,6.5,-110,-110
2025-12-06,TOR,MTL,68,6.5,-115,-105
2025-12-06,TOR,MTL,69,6.5,-115,-106
2025-12-06,TOR,MTL,71,6.5,-121,-103
2025-12-06,TOR,MTL,75,6.5,-118,-102
2025-12-06,CAR,NSH,15,5.5,-135,114
2025-12-06,CAR,NSH,30,5.5,-147,120
2025-12-06,CAR,NSH,68,5.5,-135,114
2025-12-06,CAR,NSH,69,5.5,-132,112
2025-12-06,CAR,NSH,71,6.0,-113,-110
2025-12-06,CAR,NSH,75,6.0,-110,-110
2025-12-06,LA,CHI,15,5.5,-105,-115
2025-12-06,LA,CHI,30,6.5,-105,-115
2025-12-06,LA,CHI,68,5.5,-105,-115
2025-12-06,LA,CHI,69,5.5,102,-124
2025-12-06,LA,CHI,71,5.5,-115,-108
2025-12-06,LA,CHI,75,5.5,100,-120
2025-12-06,SEA,DET,15,5.5,-130,110
2025-12-06,SEA,DET,30,5.5,-130,110
2025-12-06,SEA,DET,68,5.5,-130,110
2025-12-06,SEA,DET,69,5.5,-130,106
2025-12-06,SEA,DET,71,6.0,-108,-114
2025-12-06,SEA,DET,75,6.0,-105,-115
2025-12-06,VAN,MIN,15,5.5,-130,110
2025-12-06,VAN,MIN,30,5.5,-110,-110
2025-12-06,VAN,MIN,68,5.5,-130,110
2025-12-06,VAN,MIN,69,5.5,-124,-100
2025-12-06,VAN,MIN,71,6.0,-106,-118
2025-12-06,VAN,MIN,75,6.0,-110,-110
2025-12-06,EDM,WPG,15,6.5,-105,-115
2025-12-06,EDM,WPG,30,6.5,-110,-110
2025-12-06,EDM,WPG,68,6.5,-105,-115
2025-12-06,EDM,WPG,69,6.5,-100,-122
2025-12-06,EDM,WPG,71,6.5,-113,-110
2025-12-06,EDM,WPG,75,6.5,-105,-115
2025-12-07,PHI,COL,15,6.5,-100,-125
2025-12-07,PHI,COL,30,6.5,115,-141
2025-12-07,PHI,COL,68,6.5,105,-125
2025-12-07,PHI,COL,69,6.5,-100,-122
2025-12-07,PHI,COL,71,6.0,-125,102
2025-12-07,PHI,COL,75,6.0,-120,100
2025-12-07,CAR,SJ,15,6.5,110,-124
2025-12-07,CAR,SJ,30,6.5,105,-125
2025-12-07,CAR,SJ,68,6.5,110,-130
2025-12-07,CAR,SJ,69,6.5,102,-124
2025-12-07,CAR,SJ,71,6.5,102,-127
2025-12-07,CAR,SJ,75,6.0,-120,100
2025-12-07,FLA,NYI,15,6.5,104,-128
2025-12-07,FLA,NYI,30,6.5,110,-132
2025-12-07,FLA,NYI,68,6.5,114,-135
2025-12-07,FLA,NYI,69,6.5,104,-128
2025-12-07,FLA,NYI,71,6.0,-115,-108
2025-12-07,FLA,NYI,75,6.5,100,-120
2025-12-07,DAL,PIT,15,6.0,-105,-115
2025-12-07,DAL,PIT,30,6.5,110,-132
2025-12-07,DAL,PIT,68,5.5,-135,114
2025-12-07,DAL,PIT,69,6.5,116,-138
2025-12-07,DAL,PIT,71,6.0,-115,-108
2025-12-07,DAL,PIT,75,6.0,-110,-110
2025-12-07,WSH,CBJ,15,6.5,-100,-120
2025-12-07,WSH,CBJ,30,6.5,110,-132
2025-12-07,WSH,CBJ,68,6.5,100,-120
2025-12-07,WSH,CBJ,69,6.5,112,-138
2025-12-07,WSH,CBJ,71,6.0,-127,102
2025-12-07,WSH,CBJ,75,6.0,-120,100
2025-12-07,MTL,STL,15,5.5,-110,-110
2025-12-07,MTL,STL,30,5.5,-132,110
2025-12-07,MTL,STL,68,5.5,-110,-110
2025-12-07,MTL,STL,69,5.5,-115,-105
2025-12-07,MTL,STL,71,5.5,-121,-104
2025-12-07,MTL,STL,75,5.5,-110,-110
2025-12-07,NYR,VGK,15,5.5,-135,114
2025-12-07,NYR,VGK,30,6.5,115,-141
2025-12-07,NYR,VGK,68,5.5,-135,114
2025-12-07,NYR,VGK,69,5.5,-132,108
2025-12-07,NYR,VGK,71,6.0,-110,-113
2025-12-07,NYR,VGK,75,6.0,-105,-115
2025-12-07,ANA,CHI,15,6.5,-135,114
2025-12-07,ANA,CHI,30,6.5,-105,-116
2025-12-07,ANA,CHI,68,6.5,-135,114
2025-12-07,ANA,CHI,69,6.5,-128,102
2025-12-07,ANA,CHI,71,6.5,-122,100
2025-12-07,ANA,CHI,75,6.5,-135,110
2025-12-08,TOR,TB,15,6.5,-110,-110
2025-12-08,TOR,TB,30,5.5,-141,115
2025-12-08,TOR,TB,68,6.5,-112,-108
2025-12-08,TOR,TB,69,6.5,-106,-112
2025-12-08,TOR,TB,71,6.5,-117,-107
2025-12-08,TOR,TB,75,6.5,-110,-110
2025-12-08,CGY,BUF,15,6.5,110,-130
2025-12-08,CGY,BUF,30,5.5,-141,115
2025-12-08,CGY,BUF,68,6.5,110,-130
2025-12-08,CGY,BUF,69,6.5,108,-132
2025-12-08,CGY,BUF,71,6.0,-117,-107
2025-12-08,CGY,BUF,75,6.0,-120,100
2025-12-08,UTA,LA,15,5.5,-102,-120
2025-12-08,UTA,LA,30,5.5,-132,110
2025-12-08,UTA,LA,68,5.5,-102,-118
2025-12-08,UTA,LA,69,5.5,-100,-122
2025-12-08,UTA,LA,71,5.5,-106,-118
2025-12-08,UTA,LA,75,5.5,100,-120
2025-12-08,SEA,MIN,15,5.5,-100,-120
2025-12-08,SEA,MIN,30,5.5,-111,-111
2025-12-08,SEA,MIN,68,5.5,100,-120
2025-12-08,SEA,MIN,69,5.5,-100,-122
2025-12-08,SEA,MIN,71,5.5,-106,-118
2025-12-08,SEA,MIN,75,5.5,100,-120
2025-12-08,VAN,DET,15,6.5,-105,-115
2025-12-08,VAN,DET,30,5.5,-141,115
2025-12-08,VAN,DET,68,6.5,-105,-115
2025-12-08,VAN,DET,69,6.5,-100,-122
2025-12-08,VAN,DET,71,6.5,-105,-120
2025-12-08,VAN,DET,75,6.5,-102,-118
2025-12-09,PIT,ANA,15,6.5,-120,100
2025-12-09,PIT,ANA,30,6.5,-100,-120
2025-12-09,PIT,ANA,68,6.5,-120,100
2025-12-09,PIT,ANA,69,6.5,-120,-102
2025-12-09,PIT,ANA,71,6.5,-120,-105
2025-12-09,PIT,ANA,75,6.5,-120,100
2025-12-09,OTT,NJ,15,5.5,-110,-110
2025-12-09,OTT,NJ,30,5.5,-116,-105
2025-12-09,OTT,NJ,68,5.5,-110,-110
2025-12-09,OTT,NJ,69,5.5,-106,-114
2025-12-09,OTT,NJ,71,5.5,-120,-105
2025-12-09,OTT,NJ,75,5.5,-110,-110
2025-12-09,MTL,TB,15,6.5,-105,-115
2025-12-09,MTL,TB,30,6.5,110,-132
2025-12-09,MTL,TB,68,6.5,-105,-115
2025-12-09,MTL,TB,69,6.5,-100,-120
2025-12-09,MTL,TB,71,6.5,100,-122
2025-12-09,MTL,TB,75,6.5,-102,-118
2025-12-09,NYI,VGK,15,5.5,-108,-112
2025-12-09,NYI,VGK,30,5.5,-141,115
2025-12-09,NYI,VGK,68,5.5,-108,-112
2025-12-09,NYI,VGK,69,5.5,-104,-114
2025-12-09,NYI,VGK,71,5.5,-109,-114
2025-12-09,NYI,VGK,75,5.5,-110,-110
2025-12-09,PHI,SJ,15,5.5,-135,114
2025-12-09,PHI,SJ,30,5.5,-141,115
2025-12-09,PHI,SJ,68,5.5,-135,114
2025-12-09,PHI,SJ,69,5.5,-130,106
2025-12-09,PHI,SJ,71,6.0,-108,-115
2025-12-09,PHI,SJ,75,6.0,-110,-110
2025-12-09,CAR,CBJ,15,6.5,-110,-108
2025-12-09,CAR,CBJ,30,6.5,-105,-116
2025-12-09,CAR,CBJ,68,6.5,-112,-108
2025-12-09,CAR,CBJ,69,6.5,-108,-112
2025-12-09,CAR,CBJ,71,6.5,-104,-120
2025-12-09,CAR,CBJ,75,6.5,-110,-110
2025-12-09,STL,BOS,15,5.5,-108,-112
2025-12-09,STL,BOS,30,5.5,-111,-111
2025-12-09,STL,BOS,68,5.5,-108,-112
2025-12-09,STL,BOS,69,5.5,-104,-110
2025-12-09,STL,BOS,71,5.5,-115,-108
2025-12-09,STL,BOS,75,5.5,-110,-110
2025-12-09,WPG,DAL,15,5.5,-134,110
2025-12-09,WPG,DAL,30,6.5,120,-147
2025-12-09,WPG,DAL,68,5.5,-130,110
2025-12-09,WPG,DAL,69,5.5,-134,108
2025-12-09,WPG,DAL,71,6.0,-109,-114
2025-12-09,WPG,DAL,75,6.0,-102,-118
2025-12-09,EDM,BUF,15,6.5,-130,108
2025-12-09,EDM,BUF,30,6.5,-105,-116
2025-12-09,EDM,BUF,68,6.5,-130,110
2025-12-09,EDM,BUF,69,6.5,-130,106
2025-12-09,EDM,BUF,71,6.5,-132,107
2025-12-09,EDM,BUF,75,6.5,-135,110
2025-12-09,NSH,COL,15,6.5,110,-134
2025-12-09,NSH,COL,30,6.5,105,-125
2025-12-09,NSH,COL,68,6.5,114,-135
2025-12-09,NSH,COL,69,6.5,110,-134
2025-12-09,NSH,COL,71,6.0,-114,-109
2025-12-09,NSH,COL,75,6.0,-115,-105
2025-12-10,CHI,NYR,15,5.5,-132,110
2025-12-10,CHI,NYR,30,5.5,-141,115
2025-12-10,CHI,NYR,68,5.5,-130,110
2025-12-10,CHI,NYR,69,5.5,-132,106
2025-12-10,CHI,NYR,71,6.0,-108,-115
2025-12-10,CHI,NYR,75,6.0,-102,-118
2025-12-10,CGY,DET,15,6.5,110,-130
2025-12-10,CGY,DET,30,5.5,-141,115
2025-12-10,CGY,DET,68,6.5,110,-130
2025-12-10,CGY,DET,69,6.5,108,-130
2025-12-10,CGY,DET,71,6.0,-118,-105
2025-12-10,CGY,DET,75,6.0,-118,-102
2025-12-10,UTA,FLA,15,5.5,-118,-105
2025-12-10,UTA,FLA,30,5.5,-132,110
2025-12-10,UTA,FLA,68,5.5,-118,-102
2025-12-10,UTA,FLA,69,5.5,-118,-105
2025-12-10,UTA,FLA,71,6.0,-106,-118
2025-12-10,UTA,FLA,75,5.5,-115,-105
2025-12-10,SEA,LA,15,5.5,100,-120
2025-12-10,SEA,LA,30,5.5,-115,-105
2025-12-10,SEA,LA,68,5.5,102,-122
2025-12-10,SEA,LA,69,5.5,-104,-118
2025-12-10,SEA,LA,71,5.5,102,-127
2025-12-10,SEA,LA,75,5.5,100,-120
2025-12-11,PHI,VGK,15,5.5,-115,-105
2025-12-11,PHI,VGK,30,5.5,-125,105
2025-12-11,PHI,VGK,68,5.5,-115,-105
2025-12-11,PHI,VGK,69,5.5,-112,-108
2025-12-11,PHI,VGK,71,5.5,-122,-103
2025-12-11,PHI,VGK,75,5.5,-118,-102
2025-12-11,NJ,TB,15,5.5,-135,114
2025-12-11,NJ,TB,30,5.5,-125,105
2025-12-11,NJ,TB,68,5.5,-135,114
2025-12-11,NJ,TB,69,5.5,-128,104
2025-12-11,NJ,TB,71,6.0,-110,-113
2025-12-11,NJ,TB,75,6.0,-105,-115
2025-12-11,TOR,SJ,15,6.5,112,-135
2025-12-11,TOR,SJ,30,6.5,105,-125
2025-12-11,TOR,SJ,68,6.5,114,-135
2025-12-11,TOR,SJ,69,6.5,112,-142
2025-12-11,TOR,SJ,71,6.5,100,-124
2025-12-11,TOR,SJ,75,6.0,-118,-102
2025-12-11,NYI,ANA,15,6.5,-122,102
2025-12-11,NYI,ANA,30,6.5,-105,-116
2025-12-11,NYI,ANA,68,6.5,-122,102
2025-12-11,NYI,ANA,69,6.5,-118,-104
2025-12-11,NYI,ANA,71,6.5,-121,-104
2025-12-11,NYI,ANA,75,6.5,-120,100
2025-12-11,WSH,CAR,15,5.5,-122,102
2025-12-11,WSH,CAR,30,6.5,105,-125
2025-12-11,WSH,CAR,68,5.5,-122,102
2025-12-11,WSH,CAR,69,5.5,-118,-104
2025-12-11,WSH,CAR,71,6.0,-104,-120
2025-12-11,WSH,CAR,75,6.0,100,-120
2025-12-11,CBJ,OTT,15,6.5,-110,-110
2025-12-11,CBJ,OTT,30,6.5,115,-141
2025-12-11,CBJ,OTT,68,6.5,-110,-110
2025-12-11,CBJ,OTT,69,6.5,-106,-114
2025-12-11,CBJ,OTT,71,6.5,-110,-113
2025-12-11,CBJ,OTT,75,6.5,-110,-110
2025-12-11,PIT,MTL,15,6.5,105,-125
2025-12-11,PIT,MTL,30,5.5,-147,120
2025-12-11,PIT,MTL,68,6.5,105,-125
2025-12-11,PIT,MTL,69,6.5,106,-128
2025-12-11,PIT,MTL,71,6.5,102,-125
2025-12-11,PIT,MTL,75,6.5,100,-120
2025-12-11,WPG,BOS,15,6.5,110,-135
2025-12-11,WPG,BOS,30,6.5,120,-147
2025-12-11,WPG,BOS,68,6.5,114,-135
2025-12-11,WPG,BOS,69,6.5,106,-138
2025-12-11,WPG,BOS,71,6.0,-115,-108
2025-12-11,WPG,BOS,75,6.0,-118,-102
2025-12-11,NSH,STL,15,5.5,-115,-108
2025-12-11,NSH,STL,30,5.5,-125,105
2025-12-11,NSH,STL,68,5.5,-112,-108
2025-12-11,NSH,STL,69,5.5,-115,-105
2025-12-11,NSH,STL,71,5.5,-121,-104
2025-12-11,NSH,STL,75,5.5,-110,-110
2025-12-11,MIN,DAL,15,5.5,-105,-115
2025-12-11,MIN,DAL,30,5.5,-125,105
2025-12-11,MIN,DAL,68,5.5,-105,-115
2025-12-11,MIN,DAL,69,5.5,-106,-115
2025-12-11,MIN,DAL,71,5.5,-112,-112
2025-12-11,MIN,DAL,75,5.5,-102,-118
2025-12-11,EDM,DET,15,6.5,-125,105
2025-12-11,EDM,DET,30,6.5,110,-132
2025-12-11,EDM,DET,68,6.5,-125,105
2025-12-11,EDM,DET,69,6.5,-128,104
2025-12-11,EDM,DET,71,6.5,-127,102
2025-12-11,EDM,DET,75,6.5,-125,105
2025-12-11,COL,FLA,15,6.5,-102,-119
2025-12-11,COL,FLA,30,5.5,-147,120
2025-12-11,COL,FLA,68,6.5,-102,-118
2025-12-11,COL,FLA,69,6.5,104,-128
2025-12-11,COL,FLA,71,6.5,100,-124
2025-12-11,COL,FLA,75,6.5,100,-120
2025-12-11,VAN,BUF,15,6.5,110,-130
2025-12-11,VAN,BUF,30,5.5,-125,105
2025-12-11,VAN,BUF,68,6.5,110,-130
2025-12-11,VAN,BUF,69,6.5,112,-138
2025-12-11,VAN,BUF,71,6.0,-120,-105
2025-12-11,VAN,BUF,75,6.0,-115,-105
2025-12-12,STL,CHI,15,5.5,-112,-108
2025-12-12,STL,CHI,30,5.5,-141,115
2025-12-12,STL,CHI,68,5.5,-112,-108
2025-12-12,STL,CHI,69,5.5,-112,-108
2025-12-12,STL,CHI,71,6.0,102,-125
2025-12-12,STL,CHI,75,5.5,-110,-110
2025-12-12,UTA,SEA,15,5.5,-110,-110
2025-12-12,UTA,SEA,30,6.5,-111,-111
2025-12-12,UTA,SEA,68,5.5,-110,-110
2025-12-12,UTA,SEA,69,5.5,-114,-106
2025-12-12,UTA,SEA,71,5.5,-120,-104
2025-12-12,UTA,SEA,75,5.5,-110,-110
2025-12-13,NJ,ANA,15,6.5,-110,-102
2025-12-13,NJ,ANA,30,6.5,105,-125
2025-12-13,NJ,ANA,68,6.5,-118,-102
2025-12-13,NJ,ANA,69,6.5,-110,-110
2025-12-13,NJ,ANA,71,6.0,-125,102
2025-12-13,NJ,ANA,75,6.5,-110,-110
2025-12-13,MIN,OTT,15,5.5,-130,110
2025-12-13,MIN,OTT,30,5.5,-130,110
2025-12-13,MIN,OTT,68,5.5,-130,110
2025-12-13,MIN,OTT,69,5.5,-122,-100
2025-12-13,MIN,OTT,71,5.5,-125,102
2025-12-13,MIN,OTT,75,6.0,-102,-118
2025-12-13,PIT,SJ,15,6.5,105,-125
2025-12-13,PIT,SJ,30,6.5,110,-130
2025-12-13,PIT,SJ,68,6.5,105,-125
2025-12-13,PIT,SJ,69,6.5,104,-128
2025-12-13,PIT,SJ,71,6.0,-120,-104
2025-12-13,PIT,SJ,75,6.0,-120,100
2025-12-13,NYI,TB,15,5.5,-135,114
2025-12-13,NYI,TB,30,5.5,-125,105
2025-12-13,NYI,TB,68,5.5,-135,114
2025-12-13,NYI,TB,69,5.5,-124,-100
2025-12-13,NYI,TB,71,6.0,100,-124
2025-12-13,NYI,TB,75,6.0,-110,-110
2025-12-13,TOR,EDM,15,6.5,-104,-118
2025-12-13,TOR,EDM,30,6.5,-105,-116
2025-12-13,TOR,EDM,68,6.5,-102,-118
2025-12-13,TOR,EDM,69,6.5,-104,-118
2025-12-13,TOR,EDM,71,6.5,-110,-113
2025-12-13,TOR,EDM,75,6.5,-102,-118
2025-12-13,PHI,CAR,15,5.5,-135,114
2025-12-13,PHI,CAR,30,5.5,-132,110
2025-12-13,PHI,CAR,68,5.5,-135,114
2025-12-13,PHI,CAR,69,5.5,-130,106
2025-12-13,PHI,CAR,71,6.0,-104,-120
2025-12-13,PHI,CAR,75,6.0,-105,-115
2025-12-13,NYR,MTL,15,5.5,-112,-108
2025-12-13,NYR,MTL,30,5.5,-141,115
2025-12-13,NYR,MTL,68,5.5,-112,-108
2025-12-13,NYR,MTL,69,5.5,-128,104
2025-12-13,NYR,MTL,71,6.0,102,-125
2025-12-13,NYR,MTL,75,5.5,-115,-105
2025-12-13,CBJ,VGK,15,6.5,105,-125
2025-12-13,CBJ,VGK,30,6.5,-100,-120
2025-12-13,CBJ,VGK,68,6.5,105,-125
2025-12-13,CBJ,VGK,69,6.5,106,-128
2025-12-13,CBJ,VGK,71,6.0,-121,-104
2025-12-13,CBJ,VGK,75,6.0,-118,-102
2025-12-13,WPG,WSH,15,5.5,-105,-115
2025-12-13,WPG,WSH,30,6.5,120,-147
2025-12-13,WPG,WSH,68,5.5,-105,-115
2025-12-13,WPG,WSH,69,5.5,-105,-115
2025-12-13,WPG,WSH,71,6.0,-104,-121
2025-12-13,WPG,WSH,75,5.5,-105,-115
2025-12-13,CHI,DET,15,6.5,100,-122
2025-12-13,CHI,DET,30,6.5,105,-125
2025-12-13,CHI,DET,68,6.5,105,-125
2025-12-13,CHI,DET,69,6.5,-100,-122
2025-12-13,CHI,DET,71,6.0,-127,102
2025-12-13,CHI,DET,75,6.5,100,-120
2025-12-13,DAL,FLA,15,5.5,-122,102
2025-12-13,DAL,FLA,30,5.5,-116,-105
2025-12-13,DAL,FLA,68,5.5,-125,105
2025-12-13,DAL,FLA,69,5.5,-122,102
2025-12-13,DAL,FLA,71,6.0,-106,-118
2025-12-13,DAL,FLA,75,6.0,100,-120
2025-12-13,COL,NSH,15,6.5,-108,-112
2025-12-13,COL,NSH,30,6.5,105,-125
2025-12-13,COL,NSH,68,6.5,-108,-112
2025-12-13,COL,NSH,69,6.5,-105,-115
2025-12-13,COL,NSH,71,6.5,-106,-118
2025-12-13,COL,NSH,75,6.5,-110,-110
2025-12-13,LA,CGY,15,5.5,116,-142
2025-12-13,LA,CGY,30,5.5,-116,-105
2025-12-13,LA,CGY,68,5.5,124,-148
2025-12-13,LA,CGY,69,5.5,116,-142
2025-12-13,LA,CGY,71,5.5,112,-137
2025-12-13,LA,CGY,75,5.5,115,-140
2025-12-14,NJ,VAN,15,5.5,-122,102
2025-12-14,NJ,VAN,30,5.5,-110,-110
2025-12-14,NJ,VAN,68,5.5,-122,102
2025-12-14,NJ,VAN,69,5.5,-124,102
2025-12-14,NJ,VAN,71,6.0,102,-125
2025-12-14,NJ,VAN,75,6.0,-105,-115
2025-12-14,PIT,UTA,15,6.5,105,-125
2025-12-14,PIT,UTA,30,6.5,114,-135
2025-12-14,PIT,UTA,68,6.5,105,-125
2025-12-14,PIT,UTA,69,6.5,106,-128
2025-12-14,PIT,UTA,71,6.0,-125,100
2025-12-14,PIT,UTA,75,6.5,100,-120
2025-12-14,CAR,PHI,15,5.5,-118,-102
2025-12-14,CAR,PHI,30,5.5,-130,110
2025-12-14,CAR,PHI,68,5.5,-118,-102
2025-12-14,CAR,PHI,69,5.5,-122,-100
2025-12-14,CAR,PHI,71,5.5,-122,-103
2025-12-14,CAR,PHI,75,5.5,-120,100
2025-12-14,MIN,BOS,15,5.5,-118,-105
2025-12-14,MIN,BOS,30,5.5,-125,105
2025-12-14,MIN,BOS,68,5.5,-118,-102
2025-12-14,MIN,BOS,69,5.5,-110,-110
2025-12-14,MIN,BOS,71,6.0,-104,-121
2025-12-14,MIN,BOS,75,5.5,-115,-105
2025-12-14,MTL,EDM,15,6.5,-121,102
2025-12-14,MTL,EDM,30,6.5,-100,-120
2025-12-14,MTL,EDM,68,6.5,-122,102
2025-12-14,MTL,EDM,69,6.5,-120,-104
2025-12-14,MTL,EDM,71,6.5,-120,-105
2025-12-14,MTL,EDM,75,6.5,-120,100
2025-12-14,SEA,BUF,15,5.5,-135,114
2025-12-14,SEA,BUF,30,5.5,-130,110
2025-12-14,SEA,BUF,68,5.5,-135,114
2025-12-14,SEA,BUF,69,5.5,-134,110
2025-12-14,SEA,BUF,71,6.0,-109,-114
2025-12-14,SEA,BUF,75,6.0,-110,-110
2025-12-15,NYR,ANA,15,6.0,-120,100
2025-12-15,NYR,ANA,30,6.5,105,-125
2025-12-15,NYR,ANA,68,6.5,105,-125
2025-12-15,NYR,ANA,69,6.5,104,-130
2025-12-15,NYR,ANA,71,6.0,-124,100
2025-12-15,NYR,ANA,75,3.0,-10000,1350
2025-12-15,TB,FLA,15,5.5,-132,108
2025-12-15,TB,FLA,30,5.5,-141,115
2025-12-15,TB,FLA,68,5.5,-125,105
2025-12-15,TB,FLA,69,5.5,-132,108
2025-12-15,TB,FLA,71,6.0,-108,-115
2025-12-15,TB,FLA,75,6.0,-105,-115
2025-12-15,WPG,OTT,15,5.5,-112,-108
2025-12-15,WPG,OTT,30,5.5,-116,-105
2025-12-15,WPG,OTT,68,5.5,-112,-108
2025-12-15,WPG,OTT,69,5.5,-110,-110
2025-12-15,WPG,OTT,71,6.0,-103,-122
2025-12-15,WPG,OTT,75,5.5,-115,-105
2025-12-15,STL,NSH,15,5.5,-115,-105
2025-12-15,STL,NSH,30,5.5,-120,-100
2025-12-15,STL,NSH,68,5.5,-115,-105
2025-12-15,STL,NSH,69,5.5,-120,-102
2025-12-15,STL,NSH,71,5.5,-124,100
2025-12-15,STL,NSH,75,3.0,-5000,1050
2025-12-15,DAL,LA,15,5.5,114,-135
2025-12-15,DAL,LA,30,5.5,-120,-100
2025-12-15,DAL,LA,68,5.5,114,-135
2025-12-15,DAL,LA,69,5.5,116,-140
2025-12-15,DAL,LA,71,5.5,107,-132
2025-12-15,DAL,LA,75,5.5,115,-135
2025-12-16,BOS,UTA,15,5.5,-140,114
2025-12-16,BOS,UTA,30,5.5,-132,110
2025-12-16,BOS,UTA,68,5.5,-135,114
2025-12-16,BOS,UTA,69,5.5,-140,114
2025-12-16,BOS,UTA,71,6.0,-122,100
2025-12-16,BOS,UTA,75,6.0,-110,-110
2025-12-16,TOR,CHI,15,5.5,-120,-100
2025-12-16,TOR,CHI,30,6.5,115,-141
2025-12-16,TOR,CHI,68,5.5,-120,100
2025-12-16,TOR,CHI,69,5.5,-122,-100
2025-12-16,TOR,CHI,71,5.5,-125,102
2025-12-16,TOR,CHI,75,5.5,-120,100
2025-12-16,CBJ,ANA,15,6.5,-130,110
2025-12-16,CBJ,ANA,30,6.5,-116,-105
2025-12-16,CBJ,ANA,68,6.5,-130,110
2025-12-16,CBJ,ANA,69,6.5,-130,106
2025-12-16,CBJ,ANA,71,6.5,-137,112
2025-12-16,CBJ,ANA,75,6.5,-130,110
2025-12-16,MTL,PHI,15,5.5,-118,-102
2025-12-16,MTL,PHI,30,6.5,115,-141
2025-12-16,MTL,PHI,68,5.5,-118,-102
2025-12-16,MTL,PHI,69,5.5,-115,-105
2025-12-16,MTL,PHI,71,5.5,-125,100
2025-12-16,MTL,PHI,75,5.5,-120,100
2025-12-16,NYR,VAN,15,5.5,-115,-105
2025-12-16,NYR,VAN,30,5.5,-125,105
2025-12-16,NYR,VAN,68,5.5,-115,-105
2025-12-16,NYR,VAN,69,5.5,-118,-102
2025-12-16,NYR,VAN,71,5.5,-121,-104
2025-12-16,NYR,VAN,75,5.5,-118,-102
2025-12-16,DET,NYI,15,5.5,-142,116
2025-12-16,DET,NYI,30,6.5,115,-141
2025-12-16,DET,NYI,68,5.5,-135,114
2025-12-16,DET,NYI,69,5.5,-142,116
2025-12-16,DET,NYI,71,6.0,-106,-117
2025-12-16,DET,NYI,75,6.0,-110,-110
2025-12-16,PIT,EDM,15,6.5,-110,-112
2025-12-16,PIT,EDM,30,6.5,105,-125
2025-12-16,PIT,EDM,68,6.5,-108,-112
2025-12-16,PIT,EDM,69,6.5,-120,-102
2025-12-16,PIT,EDM,71,6.5,-115,-108
2025-12-16,PIT,EDM,75,6.5,-120,100
2025-12-16,MIN,WSH,15,5.5,-135,114
2025-12-16,MIN,WSH,30,5.5,-141,115
2025-12-16,MIN,WSH,68,5.5,-135,114
2025-12-16,MIN,WSH,69,5.5,-132,106
2025-12-16,MIN,WSH,71,6.0,-104,-120
2025-12-16,MIN,WSH,75,6.0,-110,-110
2025-12-16,SEA,COL,15,5.5,-140,114
2025-12-16,SEA,COL,30,5.5,-147,120
2025-12-16,SEA,COL,68,5.5,-135,114
2025-12-16,SEA,COL,69,5.5,-140,112
2025-12-16,SEA,COL,71,6.0,-106,-118
2025-12-16,SEA,COL,75,6.0,-110,-110
2025-12-16,SJ,CGY,15,5.5,-125,105
2025-12-16,SJ,CGY,30,5.5,-132,110
2025-12-16,SJ,CGY,68,5.5,-125,105
2025-12-16,SJ,CGY,69,5.5,-122,-102
2025-12-16,SJ,CGY,71,5.5,-122,-103
2025-12-16,SJ,CGY,75,6.0,100,-120
2025-12-17,FLA,LA,15,5.5,-115,-110
2025-12-17,FLA,LA,30,5.5,-120,-100
2025-12-17,FLA,LA,68,5.5,-110,-110
2025-12-17,FLA,LA,69,5.5,-118,-105
2025-12-17,FLA,LA,71,6.0,100,-124
2025-12-17,FLA,LA,75,5.5,-115,-105
2025-12-17,DET,UTA,15,6.0,-105,-115
2025-12-17,DET,UTA,30,6.5,110,-132
2025-12-17,DET,UTA,68,5.5,-135,114
2025-12-17,DET,UTA,69,6.5,108,-132
2025-12-17,DET,UTA,71,6.0,-115,-108
2025-12-17,DET,UTA,75,6.0,-105,-115
2025-12-17,NSH,CAR,15,5.5,175,-250
2025-12-17,NSH,CAR,30,5.5,-141,115
2025-12-17,NSH,CAR,68,5.5,-130,110
2025-12-17,NSH,CAR,69,5.5,-138,108
2025-12-17,NSH,CAR,71,6.0,-113,-110
2025-12-17,NSH,CAR,75,6.0,-102,-118
2025-12-17,STL,WPG,15,5.5,-106,-108
2025-12-17,STL,WPG,30,5.5,-100,-120
2025-12-17,STL,WPG,68,5.5,-112,-108
2025-12-17,STL,WPG,69,5.5,-106,-118
2025-12-17,STL,WPG,71,5.5,-114,-109
2025-12-17,STL,WPG,75,5.5,-105,-115
2025-12-17,VGK,NJ,15,5.5,106,-130
2025-12-17,VGK,NJ,30,5.5,-141,115
2025-12-17,VGK,NJ,68,5.5,110,-130
2025-12-17,VGK,NJ,69,5.5,106,-130
2025-12-17,VGK,NJ,71,5.5,100,-122
2025-12-17,VGK,NJ,75,5.5,110,-130
2025-12-18,MTL,CHI,15,5.5,-115,-105
2025-12-18,MTL,CHI,30,5.5,-125,105
2025-12-18,MTL,CHI,68,5.5,-115,-105
2025-12-18,MTL,CHI,69,5.5,-122,-100
2025-12-18,MTL,CHI,71,6.0,102,-127
2025-12-18,MTL,CHI,75,5.5,-115,-105
2025-12-18,WSH,TOR,15,5.5,-130,110
2025-12-18,WSH,TOR,30,5.5,-141,115
2025-12-18,WSH,TOR,68,5.5,-130,110
2025-12-18,WSH,TOR,69,5.5,-122,-100
2025-12-18,WSH,TOR,71,6.0,-103,-121
2025-12-18,WSH,TOR,75,6.0,-102,-118
2025-12-18,CBJ,MIN,15,6.5,100,-122
2025-12-18,CBJ,MIN,30,6.5,110,-132
2025-12-18,CBJ,MIN,68,6.5,100,-122
2025-12-18,CBJ,MIN,69,6.5,-105,-115
2025-12-18,CBJ,MIN,71,6.5,100,-125
2025-12-18,CBJ,MIN,75,6.5,100,-120
2025-12-18,TB,LA,15,5.5,-102,-118
2025-12-18,TB,LA,30,5.5,-125,105
2025-12-18,TB,LA,68,5.5,-102,-118
2025-12-18,TB,LA,69,5.5,-100,-122
2025-12-18,TB,LA,71,5.5,-118,-106
2025-12-18,TB,LA,75,5.5,-102,-118
2025-12-18,OTT,PIT,15,6.5,-108,-110
2025-12-18,OTT,PIT,30,5.5,-147,120
2025-12-18,OTT,PIT,68,6.5,-108,-112
2025-12-18,OTT,PIT,69,6.5,-110,-110
2025-12-18,OTT,PIT,71,6.0,-125,102
2025-12-18,OTT,PIT,75,6.5,-115,-105
2025-12-18,BOS,EDM,15,6.5,-106,-112
2025-12-18,BOS,EDM,30,6.5,115,-141
2025-12-18,BOS,EDM,68,6.5,-108,-112
2025-12-18,BOS,EDM,69,6.5,-106,-114
2025-12-18,BOS,EDM,71,6.5,100,-125
2025-12-18,BOS,EDM,75,6.5,-105,-115
2025-12-18,BUF,PHI,15,6.0,-110,-110
2025-12-18,BUF,PHI,30,5.5,-141,115
2025-12-18,BUF,PHI,68,5.5,-135,114
2025-12-18,BUF,PHI,69,6.5,112,-138
2025-12-18,BUF,PHI,71,6.0,-115,-108
2025-12-18,BUF,PHI,75,6.0,-110,-110
2025-12-18,STL,NYR,15,5.5,110,-130
2025-12-18,STL,NYR,30,5.5,105,-125
2025-12-18,STL,NYR,68,5.5,110,-130
2025-12-18,STL,NYR,69,5.5,110,-134
2025-12-18,STL,NYR,71,5.5,-103,-122
2025-12-18,STL,NYR,75,5.5,110,-135
2025-12-18,CGY,SEA,15,5.5,-118,-102
2025-12-18,CGY,SEA,30,5.5,-116,-105
2025-12-18,CGY,SEA,68,5.5,-118,-102
2025-12-18,CGY,SEA,69,5.5,-115,-105
2025-12-18,CGY,SEA,71,5.5,-115,-108
2025-12-18,CGY,SEA,75,5.5,-118,-102
2025-12-18,SJ,DAL,15,5.5,-135,114
2025-12-18,SJ,DAL,30,5.5,-140,114
2025-12-18,SJ,DAL,68,5.5,-135,114
2025-12-18,SJ,DAL,69,5.5,-128,104
2025-12-18,SJ,DAL,71,6.0,-110,-113
2025-12-18,SJ,DAL,75,6.0,-105,-115
2025-12-19,NYI,VAN,15,5.5,110,-130
2025-12-19,NYI,VAN,30,5.5,-132,110
2025-12-19,NYI,VAN,68,5.5,110,-130
2025-12-19,NYI,VAN,69,5.5,106,-132
2025-12-19,NYI,VAN,71,5.5,-103,-122
2025-12-19,NYI,VAN,75,5.5,110,-135
2025-12-19,FLA,CAR,15,5.5,-125,105
2025-12-19,FLA,CAR,30,5.5,-125,105
2025-12-19,FLA,CAR,68,5.5,-125,105
2025-12-19,FLA,CAR,69,5.5,-128,104
2025-12-19,FLA,CAR,71,6.0,102,-125
2025-12-19,FLA,CAR,75,6.0,-102,-118
2025-12-19,UTA,NJ,15,5.5,-120,100
2025-12-19,UTA,NJ,30,5.5,-120,-100
2025-12-19,UTA,NJ,68,5.5,-120,100
2025-12-19,UTA,NJ,69,5.5,-128,104
2025-12-19,UTA,NJ,71,5.5,-125,100
2025-12-19,UTA,NJ,75,5.5,-120,100
2025-12-19,COL,WPG,15,6.5,112,-135
2025-12-19,COL,WPG,30,5.5,-141,115
2025-12-19,COL,WPG,68,6.5,114,-135
2025-12-19,COL,WPG,69,6.5,112,-140
2025-12-19,COL,WPG,71,6.0,-118,-106
2025-12-19,COL,WPG,75,6.0,-118,-102
2025-12-19,ANA,DAL,15,6.5,-102,-118
2025-12-19,ANA,DAL,30,6.5,110,-132
2025-12-19,ANA,DAL,68,6.5,-102,-118
2025-12-19,ANA,DAL,69,6.5,-102,-120
2025-12-19,ANA,DAL,71,6.5,-104,-121
2025-12-19,ANA,DAL,75,6.5,-102,-118
2025-12-20,NYR,PHI,15,5.5,-105,-115
2025-12-20,NYR,PHI,30,5.5,-111,-111
2025-12-20,NYR,PHI,68,5.5,-105,-115
2025-12-20,NYR,PHI,69,5.5,-108,-112
2025-12-20,NYR,PHI,71,5.5,-107,-117
2025-12-20,NYR,PHI,75,5.5,-105,-115
2025-12-20,WSH,DET,15,5.5,-120,100
2025-12-20,WSH,DET,30,6.5,115,-141
2025-12-20,WSH,DET,68,5.5,-120,100
2025-12-20,WSH,DET,69,5.5,-118,-104
2025-12-20,WSH,DET,71,6.0,-108,-115
2025-12-20,WSH,DET,75,5.5,-120,100
2025-12-20,MIN,EDM,15,6.5,-115,-105
2025-12-20,MIN,EDM,30,6.5,-100,-120
2025-12-20,MIN,EDM,68,6.5,-115,-105
2025-12-20,MIN,EDM,69,6.5,-115,-105
2025-12-20,MIN,EDM,71,6.5,-107,-117
2025-12-20,MIN,EDM,75,6.5,-118,-102
2025-12-20,OTT,CHI,15,5.5,-122,102
2025-12-20,OTT,CHI,30,5.5,-111,-111
2025-12-20,OTT,CHI,68,5.5,-122,102
2025-12-20,OTT,CHI,69,5.5,-124,-100
2025-12-20,OTT,CHI,71,5.5,-115,-108
2025-12-20,OTT,CHI,75,5.5,-120,100
2025-12-20,BUF,NYI,15,6.5,104,-125
2025-12-20,BUF,NYI,30,6.5,110,-132
2025-12-20,BUF,NYI,68,6.5,105,-125
2025-12-20,BUF,NYI,69,6.5,104,-128
2025-12-20,BUF,NYI,71,6.0,-121,-104
2025-12-20,BUF,NYI,75,6.5,100,-120
2025-12-20,FLA,STL,15,5.5,-115,-105
2025-12-20,FLA,STL,30,5.5,-105,-116
2025-12-20,FLA,STL,68,5.5,-115,-105
2025-12-20,FLA,STL,69,5.5,-110,-110
2025-12-20,FLA,STL,71,5.5,-118,-106
2025-12-20,FLA,STL,75,5.5,-115,-105
2025-12-20,TB,CAR,15,5.5,-115,-105
2025-12-20,TB,CAR,30,5.5,-105,-116
2025-12-20,TB,CAR,68,5.5,-115,-105
2025-12-20,TB,CAR,69,5.5,-118,-104
2025-12-20,TB,CAR,71,5.5,-108,-115
2025-12-20,TB,CAR,75,5.5,-115,-105
2025-12-20,NSH,TOR,15,5.5,-135,114
2025-12-20,NSH,TOR,30,5.5,-147,120
2025-12-20,NSH,TOR,68,5.5,-135,114
2025-12-20,NSH,TOR,69,5.5,-134,110
2025-12-20,NSH,TOR,71,6.0,-107,-117
2025-12-20,NSH,TOR,75,6.0,-105,-115
2025-12-20,MTL,PIT,15,6.5,-106,-113
2025-12-20,MTL,PIT,30,6.5,105,-125
2025-12-20,MTL,PIT,68,6.5,-108,-112
2025-12-20,MTL,PIT,69,6.5,-105,-115
2025-12-20,MTL,PIT,71,6.5,-104,-121
2025-12-20,MTL,PIT,75,6.5,-105,-115
2025-12-20,BOS,VAN,15,5.5,-125,105
2025-12-20,BOS,VAN,30,5.5,-120,-100
2025-12-20,BOS,VAN,68,5.5,-125,105
2025-12-20,BOS,VAN,69,5.5,-130,106
2025-12-20,BOS,VAN,71,5.5,-122,-103
2025-12-20,BOS,VAN,75,5.5,-120,100
2025-12-20,CGY,VGK,15,5.5,-115,-110
2025-12-20,CGY,VGK,30,5.5,-111,-111
2025-12-20,CGY,VGK,68,5.5,-115,-105
2025-12-20,CGY,VGK,69,5.5,-114,-114
2025-12-20,CGY,VGK,71,5.5,-117,-107
2025-12-20,CGY,VGK,75,5.5,-110,-110
2025-12-20,ANA,CBJ,15,6.5,-142,120
2025-12-20,ANA,CBJ,30,6.5,-125,105
2025-12-20,ANA,CBJ,68,6.5,-142,120
2025-12-20,ANA,CBJ,69,6.5,-132,112
2025-12-20,ANA,CBJ,71,6.5,-132,107
2025-12-20,ANA,CBJ,75,7.0,110,-135
2025-12-20,SJ,SEA,15,6.5,105,-125
2025-12-20,SJ,SEA,30,5.5,-147,120
2025-12-20,SJ,SEA,68,6.5,105,-125
2025-12-20,SJ,SEA,69,6.5,104,-132
2025-12-20,SJ,SEA,71,6.0,-114,-109
2025-12-20,SJ,SEA,75,6.0,-118,-102
2025-12-21,DET,WSH,15,5.5,305,-556
2025-12-21,DET,WSH,30,6.5,115,-141
2025-12-21,DET,WSH,68,5.5,-135,114
2025-12-21,DET,WSH,69,6.5,110,-132
2025-12-21,DET,WSH,71,6.0,-125,100
2025-12-21,DET,WSH,75,6.0,-115,-105
2025-12-21,MIN,COL,15,6.5,100,-114
2025-12-21,MIN,COL,30,5.5,-111,-111
2025-12-21,MIN,COL,68,6.5,100,-120
2025-12-21,MIN,COL,69,6.5,-104,-114
2025-12-21,MIN,COL,71,6.0,-124,100
2025-12-21,MIN,COL,75,6.5,-102,-118
2025-12-21,UTA,WPG,15,5.5,-115,-105
2025-12-21,UTA,WPG,30,5.5,-111,-111
2025-12-21,UTA,WPG,68,5.5,-115,-105
2025-12-21,UTA,WPG,69,5.5,-115,-113
2025-12-21,UTA,WPG,71,5.5,-122,100
2025-12-21,UTA,WPG,75,5.5,-110,-110
2025-12-21,PIT,MTL,15,6.5,-105,-115
2025-12-21,PIT,MTL,30,5.5,-111,-111
2025-12-21,PIT,MTL,68,6.5,-105,-115
2025-12-21,PIT,MTL,69,6.5,-110,-110
2025-12-21,PIT,MTL,71,6.5,-106,-118
2025-12-21,PIT,MTL,75,6.5,100,-120
2025-12-21,BOS,OTT,15,5.5,-138,114
2025-12-21,BOS,OTT,30,5.5,-111,-111
2025-12-21,BOS,OTT,68,5.5,-135,114
2025-12-21,BOS,OTT,69,5.5,-138,114
2025-12-21,BOS,OTT,71,6.0,-109,-114
2025-12-21,BOS,OTT,75,6.0,-105,-115
2025-12-21,NSH,NYR,15,6.0,-110,-110
2025-12-21,NSH,NYR,30,5.5,-111,-111
2025-12-21,NSH,NYR,68,6.5,114,-135
2025-12-21,NSH,NYR,69,5.5,-142,116
2025-12-21,NSH,NYR,71,6.0,-108,-115
2025-12-21,NSH,NYR,75,6.0,-110,-110
2025-12-21,NJ,BUF,15,6.5,-105,-115
2025-12-21,NJ,BUF,30,5.5,-111,-111
2025-12-21,NJ,BUF,68,6.5,-105,-115
2025-12-21,NJ,BUF,69,6.5,-105,-115
2025-12-21,NJ,BUF,71,6.5,100,-124
2025-12-21,NJ,BUF,75,6.5,-110,-110
2025-12-21,DAL,TOR,15,6.5,108,-130
2025-12-21,DAL,TOR,30,5.5,-111,-111
2025-12-21,DAL,TOR,68,6.5,114,-135
2025-12-21,DAL,TOR,69,6.5,108,-130
2025-12-21,DAL,TOR,71,6.0,-120,-105
2025-12-21,DAL,TOR,75,6.0,-115,-105
2025-12-21,EDM,VGK,15,6.5,-108,-112
2025-12-21,EDM,VGK,30,5.5,-111,-111
2025-12-21,EDM,VGK,68,6.5,-108,-112
2025-12-21,EDM,VGK,69,6.5,-110,-110
2025-12-21,EDM,VGK,71,6.0,-122,100
2025-12-21,EDM,VGK,75,6.5,-105,-115
2025-12-22,TB,STL,15,5.5,-115,-105
2025-12-22,TB,STL,30,5.5,-111,-111
2025-12-22,TB,STL,68,5.5,-115,-105
2025-12-22,TB,STL,69,5.5,-115,-104
2025-12-22,TB,STL,71,5.5,-125,102
2025-12-22,TB,STL,75,5.5,-115,-105
2025-12-22,PHI,VAN,15,5.5,110,-130
2025-12-22,PHI,VAN,30,5.5,-120,-100
2025-12-22,PHI,VAN,68,5.5,110,-130
2025-12-22,PHI,VAN,69,5.5,102,-124
2025-12-22,PHI,VAN,71,5.5,102,-127
2025-12-22,PHI,VAN,75,5.5,110,-135
2025-12-22,LA,CBJ,15,5.5,-125,105
2025-12-22,LA,CBJ,30,5.5,-125,105
2025-12-22,LA,CBJ,68,5.5,-125,105
2025-12-22,LA,CBJ,69,5.5,-128,104
2025-12-22,LA,CBJ,71,6.0,-106,-118
2025-12-22,LA,CBJ,75,5.5,-120,100
2025-12-22,ANA,SEA,15,6.5,-115,-105
2025-12-22,ANA,SEA,30,6.5,105,-125
2025-12-22,ANA,SEA,68,6.5,-115,-105
2025-12-22,ANA,SEA,69,6.5,-115,-108
2025-12-22,ANA,SEA,71,6.5,-127,102
2025-12-22,ANA,SEA,75,6.5,-115,-105
2025-12-23,TOR,PIT,15,6.5,-105,-120
2025-12-23,TOR,PIT,30,5.5,-141,115
2025-12-23,TOR,PIT,68,6.5,100,-120
2025-12-23,TOR,PIT,69,6.5,106,-128
2025-12-23,TOR,PIT,71,6.0,-125,102
2025-12-23,TOR,PIT,75,6.5,100,-120
2025-12-23,DET,DAL,15,5.5,-125,106
2025-12-23,DET,DAL,30,5.5,-147,120
2025-12-23,DET,DAL,68,5.5,-125,105
2025-12-23,DET,DAL,69,5.5,-130,106
2025-12-23,DET,DAL,71,6.0,-118,-106
2025-12-23,DET,DAL,75,6.0,100,-120
2025-12-23,WSH,NYR,15,5.5,102,-122
2025-12-23,WSH,NYR,30,5.5,-120,-100
2025-12-23,WSH,NYR,68,5.5,102,-122
2025-12-23,WSH,NYR,69,5.5,104,-128
2025-12-23,WSH,NYR,71,5.5,-106,-118
2025-12-23,WSH,NYR,75,5.5,100,-120
2025-12-23,OTT,BUF,15,6.5,106,-130
2025-12-23,OTT,BUF,30,6.5,115,-141
2025-12-23,OTT,BUF,68,6.5,110,-130
2025-12-23,OTT,BUF,69,6.5,106,-130
2025-12-23,OTT,BUF,71,6.0,-114,-109
2025-12-23,OTT,BUF,75,6.0,-118,-102
2025-12-23,NYI,NJ,15,5.5,-122,102
2025-12-23,NYI,NJ,30,6.5,115,-141
2025-12-23,NYI,NJ,68,5.5,-125,105
2025-12-23,NYI,NJ,69,5.5,-122,102
2025-12-23,NYI,NJ,71,6.0,-106,-118
2025-12-23,NYI,NJ,75,3.0,-5000,1100
2025-12-23,BOS,MTL,15,6.5,114,-135
2025-12-23,BOS,MTL,30,5.5,-125,105
2025-12-23,BOS,MTL,68,6.5,114,-135
2025-12-23,BOS,MTL,69,5.5,-140,114
2025-12-23,BOS,MTL,71,6.0,-107,-117
2025-12-23,BOS,MTL,75,6.0,-115,-105
2025-12-23,CAR,FLA,15,6.5,114,-135
2025-12-23,CAR,FLA,30,5.5,-125,105
2025-12-23,CAR,FLA,68,6.5,114,-135
2025-12-23,CAR,FLA,69,5.5,-134,110
2025-12-23,CAR,FLA,71,6.0,-115,-108
2025-12-23,CAR,FLA,75,6.0,-115,-105
2025-12-23,MIN,NSH,15,6.5,110,-134
2025-12-23,MIN,NSH,30,6.5,115,-141
2025-12-23,MIN,NSH,68,6.5,114,-135
2025-12-23,MIN,NSH,69,6.5,110,-134
2025-12-23,MIN,NSH,71,6.0,-115,-108
2025-12-23,MIN,NSH,75,6.0,-115,-105
2025-12-23,CHI,PHI,15,5.5,-115,-105
2025-12-23,CHI,PHI,30,5.5,-125,105
2025-12-23,CHI,PHI,68,5.5,-115,-105
2025-12-23,CHI,PHI,69,5.5,-112,-108
2025-12-23,CHI,PHI,71,5.5,-121,-104
2025-12-23,CHI,PHI,75,5.5,-110,-110
2025-12-23,COL,UTA,15,6.5,-100,-122
2025-12-23,COL,UTA,30,6.5,110,-132
2025-12-23,COL,UTA,68,6.5,102,-122
2025-12-23,COL,UTA,69,6.5,-100,-122
2025-12-23,COL,UTA,71,6.0,-125,102
2025-12-23,COL,UTA,75,6.5,-105,-115
2025-12-23,EDM,CGY,15,6.5,-120,100
2025-12-23,EDM,CGY,30,5.5,-141,115
2025-12-23,EDM,CGY,68,6.5,-120,100
2025-12-23,EDM,CGY,69,6.5,-118,-102
2025-12-23,EDM,CGY,71,6.5,-127,102
2025-12-23,EDM,CGY,75,6.5,-120,100
2025-12-23,VGK,SJ,15,6.5,102,-125
2025-12-23,VGK,SJ,30,5.5,-141,115
2025-12-23,VGK,SJ,68,6.5,102,-125
2025-12-23,VGK,SJ,69,6.5,-100,-122
2025-12-23,VGK,SJ,71,6.0,-117,-107
2025-12-23,VGK,SJ,75,6.5,100,-120
2025-12-23,LA,SEA,15,5.5,102,-122
2025-12-23,LA,SEA,30,5.5,-125,105
2025-12-23,LA,SEA,68,5.5,102,-122
2025-12-23,LA,SEA,69,5.5,-104,-120
2025-12-23,LA,SEA,71,5.5,-107,-115
2025-12-23,LA,SEA,75,5.5,105,-125
2025-12-27,NYI,NYR,15,5.5,100,-118
2025-12-27,NYI,NYR,30,5.5,-120,-100
2025-12-27,NYI,NYR,68,5.5,100,-120
2025-12-27,NYI,NYR,69,5.5,-104,-118
2025-12-27,NYI,NYR,71,5.5,-105,-120
2025-12-27,NYI,NYR,75,5.5,105,-125
2025-12-27,FLA,TB,15,5.5,-118,-102
2025-12-27,FLA,TB,30,5.5,-125,105
2025-12-27,FLA,TB,68,5.5,-118,-102
2025-12-27,FLA,TB,69,5.5,-118,-104
2025-12-27,FLA,TB,71,5.5,-121,-104
2025-12-27,FLA,TB,75,5.5,-118,-102
2025-12-27,WPG,MIN,15,5.5,-125,105
2025-12-27,WPG,MIN,30,5.5,-132,110
2025-12-27,WPG,MIN,68,5.5,-125,105
2025-12-27,WPG,MIN,69,5.5,-122,-102
2025-12-27,WPG,MIN,71,5.5,-124,100
2025-12-27,WPG,MIN,75,6.0,100,-120
2025-12-27,BUF,BOS,15,6.5,-110,-108
2025-12-27,BUF,BOS,30,6.5,115,-141
2025-12-27,BUF,BOS,68,6.5,-112,-108
2025-12-27,BUF,BOS,69,6.5,-110,-110
2025-12-27,BUF,BOS,71,6.5,-108,-114
2025-12-27,BUF,BOS,75,6.5,-110,-110
2025-12-27,CAR,DET,15,6.5,110,-135
2025-12-27,CAR,DET,30,5.5,-147,120
2025-12-27,CAR,DET,68,6.5,114,-135
2025-12-27,CAR,DET,69,6.5,110,-138
2025-12-27,CAR,DET,71,6.0,-120,-104
2025-12-27,CAR,DET,75,6.0,-115,-105
2025-12-27,TOR,OTT,15,6.5,114,-135
2025-12-27,TOR,OTT,30,6.5,115,-141
2025-12-27,TOR,OTT,68,6.5,114,-135
2025-12-27,TOR,OTT,69,6.5,110,-132
2025-12-27,TOR,OTT,71,6.0,-115,-108
2025-12-27,TOR,OTT,75,6.0,-115,-105
2025-12-27,NJ,WSH,15,5.5,-118,-102
2025-12-27,NJ,WSH,30,5.5,-147,120
2025-12-27,NJ,WSH,68,5.5,-118,-102
2025-12-27,NJ,WSH,69,5.5,-120,-100
2025-12-27,NJ,WSH,71,5.5,-114,-109
2025-12-27,NJ,WSH,75,5.5,-118,-102
2025-12-27,DAL,CHI,15,5.5,-120,100
2025-12-27,DAL,CHI,30,5.5,-120,-100
2025-12-27,DAL,CHI,68,5.5,-120,100
2025-12-27,DAL,CHI,69,5.5,-124,102
2025-12-27,DAL,CHI,71,5.5,-125,100
2025-12-27,DAL,CHI,75,5.5,-120,100
2025-12-27,STL,NSH,15,5.5,-120,-102
2025-12-27,STL,NSH,30,5.5,-120,-100
2025-12-27,STL,NSH,68,5.5,-118,-102
2025-12-27,STL,NSH,69,5.5,-120,-100
2025-12-27,STL,NSH,71,5.5,-120,-105
2025-12-27,STL,NSH,75,5.5,-115,-105
2025-12-27,LA,ANA,15,6.5,112,-133
2025-12-27,LA,ANA,30,6.5,120,-147
2025-12-27,LA,ANA,68,6.5,114,-135
2025-12-27,LA,ANA,69,6.5,110,-132
2025-12-27,LA,ANA,71,6.0,-110,-112
2025-12-27,LA,ANA,75,6.0,-115,-105
2025-12-27,VGK,COL,15,6.5,102,-125
2025-12-27,VGK,COL,30,5.5,-147,120
2025-12-27,VGK,COL,68,6.5,102,-125
2025-12-27,VGK,COL,69,6.5,108,-130
2025-12-27,VGK,COL,71,6.0,-121,-104
2025-12-27,VGK,COL,75,6.5,100,-120
2025-12-27,CGY,EDM,15,6.5,-120,-100
2025-12-27,CGY,EDM,30,6.5,-100,-120
2025-12-27,CGY,EDM,68,6.5,-120,100
2025-12-27,CGY,EDM,69,6.5,-122,-100
2025-12-27,CGY,EDM,71,6.5,-121,-103
2025-12-27,CGY,EDM,75,6.5,-120,100
2025-12-27,VAN,SJ,15,6.5,105,-125
2025-12-27,VAN,SJ,30,5.5,-147,120
2025-12-27,VAN,SJ,68,6.5,105,-125
2025-12-27,VAN,SJ,69,6.5,110,-134
2025-12-27,VAN,SJ,71,6.0,-120,-105
2025-12-27,VAN,SJ,75,6.0,-115,-105
2025-12-28,CBJ,NYI,15,5.5,-135,-154
2025-12-28,CBJ,NYI,30,5.5,-125,105
2025-12-28,CBJ,NYI,68,5.5,-135,114
2025-12-28,CBJ,NYI,69,6.5,110,-134
2025-12-28,CBJ,NYI,71,6.0,-109,-114
2025-12-28,CBJ,NYI,75,6.0,-118,-102
2025-12-28,TB,MTL,15,6.5,-100,-120
2025-12-28,TB,MTL,30,5.5,-141,115
2025-12-28,TB,MTL,68,6.5,100,-120
2025-12-28,TB,MTL,69,6.5,-100,-124
2025-12-28,TB,MTL,71,6.0,-121,-104
2025-12-28,TB,MTL,75,6.5,100,-120
2025-12-28,DET,TOR,15,6.5,-102,-118
2025-12-28,DET,TOR,30,6.5,110,-132
2025-12-28,DET,TOR,68,6.5,-102,-118
2025-12-28,DET,TOR,69,6.5,-106,-114
2025-12-28,DET,TOR,71,6.5,-104,-121
2025-12-28,DET,TOR,75,6.5,-102,-118
2025-12-28,CHI,PIT,15,5.5,-132,110
2025-12-28,CHI,PIT,30,6.5,115,-141
2025-12-28,CHI,PIT,68,5.5,-130,110
2025-12-28,CHI,PIT,69,5.5,-132,110
2025-12-28,CHI,PIT,71,6.0,-115,-108
2025-12-28,CHI,PIT,75,6.0,-110,-110
2025-12-28,SEA,PHI,15,5.5,-110,-105
2025-12-28,SEA,PHI,30,5.5,-120,-100
2025-12-28,SEA,PHI,68,5.5,-115,-105
2025-12-28,SEA,PHI,69,5.5,-110,-110
2025-12-28,SEA,PHI,71,5.5,-118,-106
2025-12-28,SEA,PHI,75,5.5,-110,-110
2025-12-29,CAR,NYR,15,5.5,-120,100
2025-12-29,CAR,NYR,30,5.5,-125,105
2025-12-29,CAR,NYR,68,5.5,-120,100
2025-12-29,CAR,NYR,69,5.5,-120,-100
2025-12-29,CAR,NYR,71,5.5,-127,102
2025-12-29,CAR,NYR,75,5.5,-118,-102
2025-12-29,FLA,WSH,15,5.5,-125,105
2025-12-29,FLA,WSH,30,5.5,-125,105
2025-12-29,FLA,WSH,68,5.5,-125,105
2025-12-29,FLA,WSH,69,5.5,-120,-102
2025-12-29,FLA,WSH,71,6.0,-104,-120
2025-12-29,FLA,WSH,75,5.5,-120,100
2025-12-29,OTT,CBJ,15,6.5,-115,-102
2025-12-29,OTT,CBJ,30,6.5,-100,-120
2025-12-29,OTT,CBJ,68,6.5,-118,-102
2025-12-29,OTT,CBJ,69,6.5,-110,-112
2025-12-29,OTT,CBJ,71,6.5,-120,-105
2025-12-29,OTT,CBJ,75,6.5,-115,-105
2025-12-29,WPG,EDM,15,6.5,102,-120
2025-12-29,WPG,EDM,30,6.5,115,-141
2025-12-29,WPG,EDM,68,6.5,102,-122
2025-12-29,WPG,EDM,69,6.5,-102,-120
2025-12-29,WPG,EDM,71,6.5,-107,-117
2025-12-29,WPG,EDM,75,6.5,100,-120
2025-12-29,STL,BUF,15,5.5,-134,110
2025-12-29,STL,BUF,30,6.5,115,-141
2025-12-29,STL,BUF,68,5.5,-130,110
2025-12-29,STL,BUF,69,5.5,-134,110
2025-12-29,STL,BUF,71,6.0,-107,-117
2025-12-29,STL,BUF,75,6.0,-105,-115
2025-12-29,UTA,NSH,15,5.5,-122,102
2025-12-29,UTA,NSH,30,5.5,-141,115
2025-12-29,UTA,NSH,68,5.5,-122,102
2025-12-29,UTA,NSH,69,5.5,-124,102
2025-12-29,UTA,NSH,71,5.5,-124,100
2025-12-29,UTA,NSH,75,5.5,-120,100
2025-12-29,COL,LA,15,5.5,-140,112
2025-12-29,COL,LA,30,5.5,-141,115
2025-12-29,COL,LA,68,5.5,-130,110
2025-12-29,COL,LA,69,5.5,-140,112
2025-12-29,COL,LA,71,6.0,-108,-115
2025-12-29,COL,LA,75,6.0,-105,-115
2025-12-29,CGY,BOS,15,5.5,-135,114
2025-12-29,CGY,BOS,30,5.5,-141,115
2025-12-29,CGY,BOS,68,5.5,-135,114
2025-12-29,CGY,BOS,69,6.5,112,-142
2025-12-29,CGY,BOS,71,6.0,-110,-113
2025-12-29,CGY,BOS,75,6.0,-110,-110
2025-12-29,SEA,VAN,15,5.5,-115,-105
2025-12-29,SEA,VAN,30,5.5,-125,105
2025-12-29,SEA,VAN,68,5.5,-115,-105
2025-12-29,SEA,VAN,69,5.5,-102,-120
2025-12-29,SEA,VAN,71,5.5,-121,-104
2025-12-29,SEA,VAN,75,3.0,-5000,1050
2025-12-29,ANA,SJ,15,6.5,-135,114
2025-12-29,ANA,SJ,30,6.5,-105,-116
2025-12-29,ANA,SJ,68,6.5,-135,114
2025-12-29,ANA,SJ,69,6.5,-132,110
2025-12-29,ANA,SJ,71,6.5,-127,102
2025-12-29,ANA,SJ,75,6.5,-135,110
2025-12-29,VGK,MIN,15,5.5,-122,-104
2025-12-29,VGK,MIN,30,5.5,-138,112
2025-12-29,VGK,MIN,68,5.5,-122,102
2025-12-29,VGK,MIN,69,5.5,-118,-104
2025-12-29,VGK,MIN,71,6.0,-106,-118
2025-12-29,VGK,MIN,75,5.5,-120,100
2025-12-30,PIT,CAR,15,6.5,102,-122
2025-12-30,PIT,CAR,30,6.5,105,-125
2025-12-30,PIT,CAR,68,6.5,102,-122
2025-12-30,PIT,CAR,69,6.5,104,-128
2025-12-30,PIT,CAR,71,6.5,100,-125
2025-12-30,PIT,CAR,75,6.5,100,-120
2025-12-30,FLA,MTL,15,6.5,-102,-118
2025-12-30,FLA,MTL,30,5.5,-141,115
2025-12-30,FLA,MTL,68,6.5,-102,-118
2025-12-30,FLA,MTL,69,6.5,106,-130
2025-12-30,FLA,MTL,71,6.5,-110,-113
2025-12-30,FLA,MTL,75,6.5,-102,-118
2025-12-30,TOR,NJ,15,5.5,-122,102
2025-12-30,TOR,NJ,30,5.5,-141,115
2025-12-30,TOR,NJ,68,5.5,-125,102
2025-12-30,TOR,NJ,69,5.5,-114,-106
2025-12-30,TOR,NJ,71,6.0,-109,-114
2025-12-30,TOR,NJ,75,5.5,-120,100
2025-12-30,CHI,NYI,15,5.5,-120,-104
2025-12-30,CHI,NYI,30,5.5,-125,105
2025-12-30,CHI,NYI,68,5.5,-120,100
2025-12-30,CHI,NYI,69,5.5,-118,-104
2025-12-30,CHI,NYI,71,6.0,102,-125
2025-12-30,CHI,NYI,75,5.5,-115,-105
2025-12-30,VAN,PHI,15,5.5,-105,-115
2025-12-30,VAN,PHI,30,5.5,-124,102
2025-12-30,VAN,PHI,68,5.5,-105,-115
2025-12-30,VAN,PHI,69,5.5,-105,-115
2025-12-30,VAN,PHI,71,5.5,-112,-112
2025-12-30,VAN,PHI,75,5.5,-105,-115
2025-12-31,WSH,NYR,15,5.5,-125,102
2025-12-31,WSH,NYR,30,5.5,-110,-110
2025-12-31,WSH,NYR,68,5.5,-125,102
2025-12-31,WSH,NYR,69,5.5,-128,102
2025-12-31,WSH,NYR,71,5.5,-124,100
2025-12-31,WSH,NYR,75,6.0,100,-120
2025-12-31,VGK,NSH,15,6.5,114,-135
2025-12-31,VGK,NSH,30,6.5,105,-125
2025-12-31,VGK,NSH,68,6.5,114,-135
2025-12-31,VGK,NSH,69,6.5,116,116
2025-12-31,VGK,NSH,71,6.0,-107,-117
2025-12-31,VGK,NSH,75,6.0,-118,-102
2025-12-31,ANA,TB,15,6.5,-115,-110
2025-12-31,ANA,TB,30,5.5,-130,110
2025-12-31,ANA,TB,68,6.5,-115,-105
2025-12-31,ANA,TB,69,6.5,-110,-110
2025-12-31,ANA,TB,71,6.5,-121,-104
2025-12-31,ANA,TB,75,6.5,-115,-105
2025-12-31,SJ,MIN,15,6.5,-110,-110
2025-12-31,SJ,MIN,30,5.5,-135,114
2025-12-31,SJ,MIN,68,6.5,-110,-110
2025-12-31,SJ,MIN,69,6.5,-110,-104
2025-12-31,SJ,MIN,71,6.5,-106,-118
2025-12-31,SJ,MIN,75,6.5,-105,-115
2025-12-31,DET,WPG,15,6.0,-105,-115
2025-12-31,DET,WPG,30,5.5,-135,114
2025-12-31,DET,WPG,68,5.5,-130,110
2025-12-31,DET,WPG,69,5.5,-130,106
2025-12-31,DET,WPG,71,6.0,-110,-113
2025-12-31,DET,WPG,75,6.0,-105,-115
2025-12-31,CBJ,NJ,15,6.0,-110,-110
2025-12-31,CBJ,NJ,30,6.5,110,-130
2025-12-31,CBJ,NJ,68,5.5,-125,105
2025-12-31,CBJ,NJ,69,6.5,110,-134
2025-12-31,CBJ,NJ,71,6.0,-112,-112
2025-12-31,CBJ,NJ,75,6.0,-105,-115
2025-12-31,DAL,BUF,15,6.5,105,-125
2025-12-31,DAL,BUF,30,5.5,-135,114
2025-12-31,DAL,BUF,68,6.5,105,-125
2025-12-31,DAL,BUF,69,6.5,108,-132
2025-12-31,DAL,BUF,71,6.0,-115,-108
2025-12-31,DAL,BUF,75,6.0,-120,100
2025-12-31,COL,STL,15,6.5,114,-135
2025-12-31,COL,STL,30,5.5,-140,112
2025-12-31,COL,STL,68,6.5,114,-135
2025-12-31,COL,STL,69,6.5,112,-134
2025-12-31,COL,STL,71,6.0,-120,-104
2025-12-31,COL,STL,75,6.0,-115,-105
2025-12-31,EDM,BOS,15,6.5,-118,-106
2025-12-31,EDM,BOS,30,6.5,106,-130
2025-12-31,EDM,BOS,68,6.5,-118,-102
2025-12-31,EDM,BOS,69,6.5,-114,-106
2025-12-31,EDM,BOS,71,6.5,-117,-106
2025-12-31,EDM,BOS,75,6.5,-118,-102
2025-12-31,CGY,PHI,15,5.5,-120,-102
2025-12-31,CGY,PHI,30,5.5,-120,-100
2025-12-31,CGY,PHI,68,5.5,-118,-102
2025-12-31,CGY,PHI,69,5.5,-120,-106
2025-12-31,CGY,PHI,71,5.5,-122,100
2025-12-31,CGY,PHI,75,5.5,-120,100
2026-01-01,OTT,WSH,15,5.5,-130,110
2026-01-01,OTT,WSH,30,5.5,-120,100
2026-01-01,OTT,WSH,68,5.5,-130,110
2026-01-01,OTT,WSH,69,5.5,-130,108
2026-01-01,OTT,WSH,71,6.0,-109,-120
2026-01-01,OTT,WSH,75,6.0,-105,-115
2026-01-01,NYI,UTA,15,5.5,-120,-102
2026-01-01,NYI,UTA,30,5.5,-135,114
2026-01-01,NYI,UTA,68,5.5,-118,-102
2026-01-01,NYI,UTA,69,5.5,-120,-102
2026-01-01,NYI,UTA,71,6.0,-103,-121
2026-01-01,NYI,UTA,75,5.5,-118,-102
2026-01-01,TOR,WPG,15,5.5,-135,114
2026-01-01,TOR,WPG,30,5.5,-135,114
2026-01-01,TOR,WPG,68,5.5,-135,114
2026-01-01,TOR,WPG,69,5.5,-130,106
2026-01-01,TOR,WPG,71,6.0,-113,-110
2026-01-01,TOR,WPG,75,6.0,-110,-110
2026-01-01,CAR,MTL,15,6.5,110,-130
2026-01-01,CAR,MTL,30,5.5,-130,110
2026-01-01,CAR,MTL,68,6.5,110,-130
2026-01-01,CAR,MTL,69,6.5,108,-132
2026-01-01,CAR,MTL,71,6.0,-115,-108
2026-01-01,CAR,MTL,75,6.0,-118,-102
2026-01-01,PIT,DET,15,6.5,-108,-112
2026-01-01,PIT,DET,30,6.5,110,-130
2026-01-01,PIT,DET,68,6.5,-108,-112
2026-01-01,PIT,DET,69,6.5,-106,-114
2026-01-01,PIT,DET,71,6.5,-104,-121
2026-01-01,PIT,DET,75,6.5,-105,-115
2026-01-01,LA,TB,15,5.5,-115,-105
2026-01-01,LA,TB,30,5.5,-125,105
2026-01-01,LA,TB,68,5.5,-115,-105
2026-01-01,LA,TB,69,5.5,-106,-114
2026-01-01,LA,TB,71,5.5,-121,-104
2026-01-01,LA,TB,75,5.5,-115,-105
2026-01-01,CHI,DAL,15,5.5,-110,-110
2026-01-01,CHI,DAL,30,5.5,-120,100
2026-01-01,CHI,DAL,68,5.5,-110,-110
2026-01-01,CHI,DAL,69,5.5,-110,-110
2026-01-01,CHI,DAL,71,5.5,-118,-106
2026-01-01,CHI,DAL,75,5.5,-110,-110
2026-01-01,SEA,NSH,15,5.5,-115,-105
2026-01-01,SEA,NSH,30,5.5,-120,100
2026-01-01,SEA,NSH,68,5.5,-115,-105
2026-01-01,SEA,NSH,69,5.5,-128,-100
2026-01-01,SEA,NSH,71,5.5,-122,100
2026-01-01,SEA,NSH,75,5.5,-115,-105
2026-01-02,STL,VGK,15,5.5,-130,110
2026-01-02,STL,VGK,30,5.5,-125,105
2026-01-02,STL,VGK,68,5.5,-130,110
2026-01-02,STL,VGK,69,5.5,-122,-100
2026-01-02,STL,VGK,71,6.0,102,-127
2026-01-02,STL,VGK,75,6.0,-105,-115
2026-01-02,FLA,NYR,15,5.5,-110,-110
2026-01-02,FLA,NYR,30,5.5,-111,-111
2026-01-02,FLA,NYR,68,5.5,-110,-110
2026-01-02,FLA,NYR,69,5.5,104,-128
2026-01-02,FLA,NYR,71,5.5,-118,-106
2026-01-02,FLA,NYR,75,5.5,-105,-115
2026-01-02,VAN,SEA,15,5.5,-122,-104
2026-01-02,VAN,SEA,30,5.5,-125,105
2026-01-02,VAN,SEA,68,5.5,-122,102
2026-01-02,VAN,SEA,69,5.5,-122,-104
2026-01-02,VAN,SEA,71,6.0,102,-125
2026-01-02,VAN,SEA,75,5.5,-120,100
2026-01-02,ANA,MIN,15,6.5,-105,-115
2026-01-02,ANA,MIN,30,6.5,-105,-116
2026-01-02,ANA,MIN,68,6.5,-105,-115
2026-01-02,ANA,MIN,69,6.5,-110,-110
2026-01-02,ANA,MIN,71,6.5,-109,-114
2026-01-02,ANA,MIN,75,6.5,-110,-110
2026-01-03,DET,PIT,15,6.5,100,-115
2026-01-03,DET,PIT,30,6.5,110,-130
2026-01-03,DET,PIT,68,6.5,-105,-115
2026-01-03,DET,PIT,69,6.5,-100,-122
2026-01-03,DET,PIT,71,6.0,-125,102
2026-01-03,DET,PIT,75,6.5,100,-120
2026-01-03,CBJ,BUF,15,6.5,-102,-120
2026-01-03,CBJ,BUF,30,6.5,-100,-120
2026-01-03,CBJ,BUF,68,6.5,-102,-118
2026-01-03,CBJ,BUF,69,6.5,104,-130
2026-01-03,CBJ,BUF,71,6.5,-108,-114
2026-01-03,CBJ,BUF,75,6.5,100,-120
2026-01-03,NJ,UTA,15,5.5,-115,-105
2026-01-03,NJ,UTA,30,5.5,-141,115
2026-01-03,NJ,UTA,68,5.5,-115,-105
2026-01-03,NJ,UTA,69,5.5,-124,-100
2026-01-03,NJ,UTA,71,5.5,-122,-103
2026-01-03,NJ,UTA,75,5.5,-115,-105
2026-01-03,EDM,PHI,15,6.5,-108,-112
2026-01-03,EDM,PHI,30,6.5,110,-132
2026-01-03,EDM,PHI,68,6.5,-108,-112
2026-01-03,EDM,PHI,69,6.5,-102,-120
2026-01-03,EDM,PHI,71,6.5,-103,-122
2026-01-03,EDM,PHI,75,6.5,-105,-115
2026-01-03,STL,MTL,15,6.0,-110,-110
2026-01-03,STL,MTL,30,5.5,-125,105
2026-01-03,STL,MTL,68,6.5,114,-135
2026-01-03,STL,MTL,69,5.5,-140,112
2026-01-03,STL,MTL,71,6.0,-109,-113
2026-01-03,STL,MTL,75,6.0,-110,-110
2026-01-03,SJ,TB,15,6.5,112,-133
2026-01-03,SJ,TB,30,6.5,105,-125
2026-01-03,SJ,TB,68,6.5,114,-135
2026-01-03,SJ,TB,69,6.5,110,-132
2026-01-03,SJ,TB,71,6.0,-112,-112
2026-01-03,SJ,TB,75,6.0,-115,-105
2026-01-03,CGY,NSH,15,5.5,-125,105
2026-01-03,CGY,NSH,30,5.5,-125,105
2026-01-03,CGY,NSH,68,5.5,-125,105
2026-01-03,CGY,NSH,69,5.5,-128,106
2026-01-03,CGY,NSH,71,6.0,-104,-121
2026-01-03,CGY,NSH,75,5.5,-120,100
2026-01-03,NYI,TOR,15,5.5,-120,100
2026-01-03,NYI,TOR,30,5.5,-125,105
2026-01-03,NYI,TOR,68,5.5,-120,100
2026-01-03,NYI,TOR,69,5.5,-115,-105
2026-01-03,NYI,TOR,71,6.0,102,-127
2026-01-03,NYI,TOR,75,5.5,-120,100
2026-01-03,OTT,WPG,15,5.5,-125,105
2026-01-03,OTT,WPG,30,5.5,-122,-100
2026-01-03,OTT,WPG,68,5.5,-125,105
2026-01-03,OTT,WPG,69,5.5,-122,-100
2026-01-03,OTT,WPG,71,6.0,-103,-121
2026-01-03,OTT,WPG,75,6.0,-115,-105
2026-01-03,WSH,CHI,15,5.5,-125,-110
2026-01-03,WSH,CHI,30,5.5,-120,-100
2026-01-03,WSH,CHI,68,5.5,-125,105
2026-01-03,WSH,CHI,69,5.5,-110,-110
2026-01-03,WSH,CHI,71,6.0,-104,-120
2026-01-03,WSH,CHI,75,5.5,-115,-105
2026-01-03,CAR,COL,15,6.5,-122,102
2026-01-03,CAR,COL,30,6.5,105,-125
2026-01-03,CAR,COL,68,6.5,-122,102
2026-01-03,CAR,COL,69,6.5,-114,-106
2026-01-03,CAR,COL,71,6.5,-122,100
2026-01-03,CAR,COL,75,6.5,-118,-102
2026-01-03,LA,MIN,15,5.5,-110,-112
2026-01-03,LA,MIN,30,5.5,-132,110
2026-01-03,LA,MIN,68,5.5,-108,-112
2026-01-03,LA,MIN,69,5.5,-115,-105
2026-01-03,LA,MIN,71,5.5,-114,-109
2026-01-03,LA,MIN,75,5.5,-105,-115
2026-01-03,VAN,BOS,15,6.0,-115,-105
2026-01-03,VAN,BOS,30,5.5,-130,106
2026-01-03,VAN,BOS,68,6.5,114,-135
2026-01-03,VAN,BOS,69,5.5,-138,114
2026-01-03,VAN,BOS,71,6.0,-109,-114
2026-01-03,VAN,BOS,75,6.0,-115,-105
2026-01-04,DAL,MTL,15,6.5,102,-122
2026-01-04,DAL,MTL,30,6.5,114,-135
2026-01-04,DAL,MTL,68,6.5,102,-122
2026-01-04,DAL,MTL,69,6.5,102,-128
2026-01-04,DAL,MTL,71,6.0,-118,-106
2026-01-04,DAL,MTL,75,6.0,-118,-102
2026-01-04,CBJ,PIT,15,6.5,-115,-105
2026-01-04,CBJ,PIT,30,6.5,-105,-115
2026-01-04,CBJ,PIT,68,6.5,-115,-105
2026-01-04,CBJ,PIT,69,6.5,-115,-105
2026-01-04,CBJ,PIT,71,6.5,-122,-103
2026-01-04,CBJ,PIT,75,6.5,-115,-105
2026-01-04,FLA,COL,15,6.5,-110,-108
2026-01-04,FLA,COL,30,6.5,100,-120
2026-01-04,FLA,COL,68,6.5,-112,-108
2026-01-04,FLA,COL,69,6.5,-110,-110
2026-01-04,FLA,COL,71,6.5,-106,-117
2026-01-04,FLA,COL,75,6.5,-110,-110
2026-01-04,CHI,VGK,15,6.5,114,-135
2026-01-04,CHI,VGK,30,5.5,-135,114
2026-01-04,CHI,VGK,68,6.5,114,-135
2026-01-04,CHI,VGK,69,6.5,114,-140
2026-01-04,CHI,VGK,71,6.0,-114,-109
2026-01-04,CHI,VGK,75,6.0,-110,-110
2026-01-04,NJ,CAR,15,6.5,110,-130
2026-01-04,NJ,CAR,30,6.5,-100,-120
2026-01-04,NJ,CAR,68,6.5,110,-130
2026-01-04,NJ,CAR,69,6.5,114,-140
2026-01-04,NJ,CAR,71,6.0,-113,-109
2026-01-04,NJ,CAR,75,6.0,-110,-110
2026-01-05,WSH,ANA,15,6.5,-130,110
2026-01-05,WSH,ANA,30,6.5,-105,-116
2026-01-05,WSH,ANA,68,6.5,-130,110
2026-01-05,WSH,ANA,69,6.5,-124,102
2026-01-05,WSH,ANA,71,6.5,-118,-106
2026-01-05,WSH,ANA,75,6.5,-130,105
2026-01-05,NYR,UTA,15,5.5,102,-122
2026-01-05,NYR,UTA,30,5.5,-125,105
2026-01-05,NYR,UTA,68,5.5,102,-122
2026-01-05,NYR,UTA,69,5.5,102,-124
2026-01-05,NYR,UTA,71,5.5,-105,-118
2026-01-05,NYR,UTA,75,5.5,105,-125
2026-01-05,OTT,DET,15,6.5,110,-130
2026-01-05,OTT,DET,30,6.5,115,-141
2026-01-05,OTT,DET,68,6.5,110,-130
2026-01-05,OTT,DET,69,6.5,110,-140
2026-01-05,OTT,DET,71,6.0,-114,-109
2026-01-05,OTT,DET,75,6.0,-118,-102
2026-01-05,CGY,SEA,15,5.5,-122,-102
2026-01-05,CGY,SEA,30,6.5,115,-141
2026-01-05,CGY,SEA,68,5.5,-122,102
2026-01-05,CGY,SEA,69,5.5,-120,-102
2026-01-05,CGY,SEA,71,5.5,-122,-103
2026-01-05,CGY,SEA,75,5.5,-120,100
2026-01-05,LA,MIN,15,5.5,105,-121
2026-01-05,LA,MIN,30,5.5,-125,105
2026-01-05,LA,MIN,68,5.5,105,-125
2026-01-05,LA,MIN,69,5.5,-104,-118
2026-01-05,LA,MIN,71,5.5,-109,-114
2026-01-05,LA,MIN,75,3.0,-3000,950
2026-01-06,TB,COL,15,6.5,-100,-120
2026-01-06,TB,COL,30,6.5,105,-125
2026-01-06,TB,COL,68,6.5,100,-120
2026-01-06,TB,COL,69,6.5,-100,-120
2026-01-06,TB,COL,71,6.5,100,-122
2026-01-06,TB,COL,75,6.5,100,-120
2026-01-06,BUF,VAN,15,6.5,110,-130
2026-01-06,BUF,VAN,30,6.5,110,-132
2026-01-06,BUF,VAN,68,6.5,110,-130
2026-01-06,BUF,VAN,69,6.5,-102,-122
2026-01-06,BUF,VAN,71,6.0,-118,-105
2026-01-06,BUF,VAN,75,6.0,-120,100
2026-01-06,PHI,ANA,15,6.5,-105,-115
2026-01-06,PHI,ANA,30,6.5,105,-125
2026-01-06,PHI,ANA,68,6.5,-105,-115
2026-01-06,PHI,ANA,69,6.5,106,-128
2026-01-06,PHI,ANA,71,6.5,-105,-120
2026-01-06,PHI,ANA,75,6.5,-102,-118
2026-01-06,CAR,DAL,15,6.5,105,-125
2026-01-06,CAR,DAL,30,5.5,-147,120
2026-01-06,CAR,DAL,68,6.5,105,-125
2026-01-06,CAR,DAL,69,6.5,104,-132
2026-01-06,CAR,DAL,71,6.0,-121,-104
2026-01-06,CAR,DAL,75,6.5,100,-120
2026-01-06,NYI,NJ,15,5.5,-102,-122
2026-01-06,NYI,NJ,30,5.5,-125,105
2026-01-06,NYI,NJ,68,5.5,-102,-118
2026-01-06,NYI,NJ,69,5.5,-100,-122
2026-01-06,NYI,NJ,71,5.5,102,-127
2026-01-06,NYI,NJ,75,5.5,100,-120
2026-01-06,TOR,FLA,15,6.0,-115,-105
2026-01-06,TOR,FLA,30,5.5,-147,120
2026-01-06,TOR,FLA,68,6.5,114,-135
2026-01-06,TOR,FLA,69,5.5,-132,110
2026-01-06,TOR,FLA,71,6.0,-115,-107
2026-01-06,TOR,FLA,75,6.0,-110,-110
2026-01-06,WPG,VGK,15,5.5,-116,-104
2026-01-06,WPG,VGK,30,5.5,-141,115
2026-01-06,WPG,VGK,68,5.5,-118,-102
2026-01-06,WPG,VGK,69,5.5,-114,-106
2026-01-06,WPG,VGK,71,5.5,-117,-107
2026-01-06,WPG,VGK,75,5.5,-115,-105
2026-01-06,EDM,NSH,15,6.5,-130,110
2026-01-06,EDM,NSH,30,6.5,-105,-116
2026-01-06,EDM,NSH,68,6.5,-130,110
2026-01-06,EDM,NSH,69,6.5,-128,104
2026-01-06,EDM,NSH,71,6.5,-122,-103
2026-01-06,EDM,NSH,75,6.5,-125,105
2026-01-06,SJ,CBJ,15,6.5,-135,110
2026-01-06,SJ,CBJ,30,6.5,-116,-105
2026-01-06,SJ,CBJ,68,6.5,-135,114
2026-01-06,SJ,CBJ,69,6.5,-130,106
2026-01-06,SJ,CBJ,71,6.5,-127,102
2026-01-06,SJ,CBJ,75,6.5,-135,110
2026-01-06,SEA,BOS,15,5.5,-115,-105
2026-01-06,SEA,BOS,30,5.5,-125,105
2026-01-06,SEA,BOS,68,5.5,-115,-105
2026-01-06,SEA,BOS,69,5.5,-115,-104
2026-01-06,SEA,BOS,71,6.0,-103,-121
2026-01-06,SEA,BOS,75,5.5,-115,-105
2026-01-07,WSH,DAL,15,6.5,-100,-120
2026-01-07,WSH,DAL,30,6.5,-105,-115
2026-01-07,WSH,DAL,68,6.5,100,-120
2026-01-07,WSH,DAL,69,6.5,-100,-124
2026-01-07,WSH,DAL,71,6.0,-120,-105
2026-01-07,WSH,DAL,75,6.5,100,-120
2026-01-07,MTL,CGY,15,6.5,110,-130
2026-01-07,MTL,CGY,30,6.5,110,-130
2026-01-07,MTL,CGY,68,6.5,110,-130
2026-01-07,MTL,CGY,69,6.5,110,-134
2026-01-07,MTL,CGY,71,6.0,-115,-107
2026-01-07,MTL,CGY,75,6.0,-120,100
2026-01-07,UTA,OTT,15,6.0,-120,100
2026-01-07,UTA,OTT,30,5.5,-141,115
2026-01-07,UTA,OTT,68,6.5,105,-125
2026-01-07,UTA,OTT,69,6.5,108,-128
2026-01-07,UTA,OTT,71,6.5,102,-125
2026-01-07,UTA,OTT,75,6.0,-120,100
2026-01-07,CHI,STL,15,5.5,105,-125
2026-01-07,CHI,STL,30,5.5,-130,110
2026-01-07,CHI,STL,68,5.5,105,-125
2026-01-07,CHI,STL,69,5.5,104,-128
2026-01-07,CHI,STL,71,5.5,-106,-118
2026-01-07,CHI,STL,75,5.5,105,-125
2026-01-07,LA,SJ,15,6.5,105,-125
2026-01-07,LA,SJ,30,6.5,105,-125
2026-01-07,LA,SJ,68,6.5,105,-125
2026-01-07,LA,SJ,69,6.5,108,-130
2026-01-07,LA,SJ,71,6.5,102,-125
2026-01-07,LA,SJ,75,6.0,-120,100
2026-01-08,BOS,CGY,15,6.5,-112,-108
2026-01-08,BOS,CGY,30,6.5,120,-147
2026-01-08,BOS,CGY,68,6.5,-112,-108
2026-01-08,BOS,CGY,69,6.5,-108,-112
2026-01-08,BOS,CGY,71,6.5,-106,-118
2026-01-08,BOS,CGY,75,6.5,-110,-110
2026-01-08,PIT,NJ,15,6.5,-102,-118
2026-01-08,PIT,NJ,30,6.5,115,-141
2026-01-08,PIT,NJ,68,6.5,-102,-118
2026-01-08,PIT,NJ,69,6.5,102,-124
2026-01-08,PIT,NJ,71,6.0,-121,-103
2026-01-08,PIT,NJ,75,6.5,-102,-118
2026-01-08,NYR,BUF,15,6.5,110,-130
2026-01-08,NYR,BUF,30,6.5,115,-141
2026-01-08,NYR,BUF,68,6.5,110,-130
2026-01-08,NYR,BUF,69,6.5,108,-134
2026-01-08,NYR,BUF,71,6.0,-118,-106
2026-01-08,NYR,BUF,75,6.0,-118,-102
2026-01-08,MTL,FLA,15,6.5,114,-135
2026-01-08,MTL,FLA,30,5.5,-141,115
2026-01-08,MTL,FLA,68,6.5,114,-135
2026-01-08,MTL,FLA,69,6.5,112,-140
2026-01-08,MTL,FLA,71,6.0,-115,-107
2026-01-08,MTL,FLA,75,6.0,-115,-105
2026-01-08,DET,VAN,15,6.5,102,-122
2026-01-08,DET,VAN,30,5.5,-125,105
2026-01-08,DET,VAN,68,6.5,102,-122
2026-01-08,DET,VAN,69,6.5,108,-128
2026-01-08,DET,VAN,71,6.0,-121,-103
2026-01-08,DET,VAN,75,6.5,100,-120
2026-01-08,CAR,ANA,15,6.5,-140,114
2026-01-08,CAR,ANA,30,6.5,-105,-116
2026-01-08,CAR,ANA,68,6.5,-112,-108
2026-01-08,CAR,ANA,69,6.5,-142,114
2026-01-08,CAR,ANA,71,6.5,-139,112
2026-01-08,CAR,ANA,75,6.5,-110,-110
2026-01-08,PHI,TOR,15,5.5,-135,114
2026-01-08,PHI,TOR,30,5.5,-147,120
2026-01-08,PHI,TOR,68,5.5,-135,114
2026-01-08,PHI,TOR,69,5.5,-132,108
2026-01-08,PHI,TOR,71,6.0,-117,-107
2026-01-08,PHI,TOR,75,6.0,-110,-110
2026-01-08,WPG,EDM,15,6.5,108,-130
2026-01-08,WPG,EDM,30,5.5,-141,115
2026-01-08,WPG,EDM,68,6.5,110,-130
2026-01-08,WPG,EDM,69,6.5,106,-132
2026-01-08,WPG,EDM,71,6.5,100,-124
2026-01-08,WPG,EDM,75,6.0,-118,-102
2026-01-08,NSH,NYI,15,5.5,-125,105
2026-01-08,NSH,NYI,30,5.5,-141,115
2026-01-08,NSH,NYI,68,5.5,-125,105
2026-01-08,NSH,NYI,69,5.5,-124,102
2026-01-08,NSH,NYI,71,5.5,-124,100
2026-01-08,NSH,NYI,75,6.0,100,-120
2026-01-08,COL,OTT,15,6.5,-125,105
2026-01-08,COL,OTT,30,6.5,105,-125
2026-01-08,COL,OTT,68,6.5,-125,105
2026-01-08,COL,OTT,69,6.5,-120,-100
2026-01-08,COL,OTT,71,6.5,-129,104
2026-01-08,COL,OTT,75,6.5,-125,105
2026-01-08,VGK,CBJ,15,6.5,-108,-114
2026-01-08,VGK,CBJ,30,6.5,-105,-115
2026-01-08,VGK,CBJ,68,6.5,-108,-112
2026-01-08,VGK,CBJ,69,6.5,-105,-114
2026-01-08,VGK,CBJ,71,6.5,-106,-117
2026-01-08,VGK,CBJ,75,6.5,-102,-118
2026-01-08,SEA,MIN,15,5.5,245,-400
2026-01-08,SEA,MIN,30,5.5,-125,105
2026-01-08,SEA,MIN,68,5.5,-130,110
2026-01-08,SEA,MIN,69,5.5,-128,104
2026-01-08,SEA,MIN,71,6.0,-107,-117
2026-01-08,SEA,MIN,75,6.0,-105,-115
2026-01-09,WPG,LA,15,5.5,-105,-115
2026-01-09,WPG,LA,30,5.5,-116,-105
2026-01-09,WPG,LA,68,5.5,-105,-115
2026-01-09,WPG,LA,69,5.5,-100,-124
2026-01-09,WPG,LA,71,5.5,-114,-109
2026-01-09,WPG,LA,75,5.5,100,-120
2026-01-09,CHI,WSH,15,6.5,105,-125
2026-01-09,CHI,WSH,30,5.5,-132,110
2026-01-09,CHI,WSH,68,6.5,105,-125
2026-01-09,CHI,WSH,69,6.5,106,-130
2026-01-09,CHI,WSH,71,6.0,-118,-105
2026-01-09,CHI,WSH,75,6.5,100,-120
2026-01-09,UTA,STL,15,5.5,-105,-115
2026-01-09,UTA,STL,30,5.5,-116,-105
2026-01-09,UTA,STL,68,5.5,-105,-115
2026-01-09,UTA,STL,69,5.5,-104,-115
2026-01-09,UTA,STL,71,5.5,-110,-113
2026-01-09,UTA,STL,75,5.5,-102,-118
2026-01-10,BOS,NYR,15,6.5,110,-130
2026-01-10,BOS,NYR,30,5.5,-125,105
2026-01-10,BOS,NYR,68,6.5,110,-130
2026-01-10,BOS,NYR,69,5.5,-138,112
2026-01-10,BOS,NYR,71,6.0,-110,-113
2026-01-10,BOS,NYR,75,6.0,-115,-105
2026-01-10,PIT,CGY,15,6.5,102,-122
2026-01-10,PIT,CGY,30,6.5,110,-132
2026-01-10,PIT,CGY,68,6.5,102,-122
2026-01-10,PIT,CGY,69,6.5,104,-132
2026-01-10,PIT,CGY,71,6.0,-122,100
2026-01-10,PIT,CGY,75,6.0,-118,-102
2026-01-10,SJ,DAL,15,6.5,-122,100
2026-01-10,SJ,DAL,30,6.5,-100,-120
2026-01-10,SJ,DAL,68,6.5,-120,100
2026-01-10,SJ,DAL,69,6.5,-122,-100
2026-01-10,SJ,DAL,71,6.5,-115,-108
2026-01-10,SJ,DAL,75,6.5,-120,100
2026-01-10,COL,CBJ,15,6.5,-155,128
2026-01-10,COL,CBJ,30,6.5,-115,-105
2026-01-10,COL,CBJ,68,6.5,-155,130
2026-01-10,COL,CBJ,69,6.5,-162,128
2026-01-10,COL,CBJ,71,7.0,-108,-115
2026-01-10,COL,CBJ,75,7.0,100,-120
2026-01-10,PHI,TB,15,6.0,-105,-115
2026-01-10,PHI,TB,30,5.5,-141,115
2026-01-10,PHI,TB,68,5.5,-130,110
2026-01-10,PHI,TB,69,6.5,114,-140
2026-01-10,PHI,TB,71,6.0,-113,-109
2026-01-10,PHI,TB,75,6.0,-105,-115
2026-01-10,MTL,DET,15,6.0,-120,-102
2026-01-10,MTL,DET,30,6.5,105,-125
2026-01-10,MTL,DET,68,6.5,102,-122
2026-01-10,MTL,DET,69,6.5,102,-124
2026-01-10,MTL,DET,71,6.5,-104,-120
2026-01-10,MTL,DET,75,6.0,-118,-102
2026-01-10,TOR,VAN,15,6.5,105,-125
2026-01-10,TOR,VAN,30,5.5,-142,116
2026-01-10,TOR,VAN,68,6.5,105,-125
2026-01-10,TOR,VAN,69,6.5,106,-130
2026-01-10,TOR,VAN,71,6.0,-122,-103
2026-01-10,TOR,VAN,75,6.5,100,-120
2026-01-10,CAR,SEA,15,6.5,110,-134
2026-01-10,CAR,SEA,30,5.5,-125,105
2026-01-10,CAR,SEA,68,6.5,114,-135
2026-01-10,CAR,SEA,69,6.5,110,-134
2026-01-10,CAR,SEA,71,6.0,-117,-107
2026-01-10,CAR,SEA,75,6.0,-115,-105
2026-01-10,BUF,ANA,15,6.5,-142,120
2026-01-10,BUF,ANA,30,6.5,-116,-105
2026-01-10,BUF,ANA,68,6.5,-142,120
2026-01-10,BUF,ANA,69,6.5,-140,110
2026-01-10,BUF,ANA,71,6.5,-137,112
2026-01-10,BUF,ANA,75,7.0,105,-130
2026-01-10,OTT,FLA,15,6.5,100,-120
2026-01-10,OTT,FLA,30,6.5,110,-134
2026-01-10,OTT,FLA,68,6.5,100,-120
2026-01-10,OTT,FLA,69,6.5,106,-130
2026-01-10,OTT,FLA,71,6.0,-125,102
2026-01-10,OTT,FLA,75,6.0,-120,100
2026-01-10,MIN,NYI,15,5.5,-118,-102
2026-01-10,MIN,NYI,30,5.5,-125,105
2026-01-10,MIN,NYI,68,5.5,-118,-102
2026-01-10,MIN,NYI,69,5.5,-118,-104
2026-01-10,MIN,NYI,71,5.5,-120,-105
2026-01-10,MIN,NYI,75,5.5,-120,100
2026-01-10,NSH,CHI,15,6.5,100,-120
2026-01-10,NSH,CHI,30,5.5,-132,110
2026-01-10,NSH,CHI,68,6.5,102,-122
2026-01-10,NSH,CHI,69,6.5,-100,-124
2026-01-10,NSH,CHI,71,6.0,-122,-103
2026-01-10,NSH,CHI,75,6.5,100,-120
2026-01-10,VGK,STL,15,5.5,-135,114
2026-01-10,VGK,STL,30,5.5,-125,105
2026-01-10,VGK,STL,68,5.5,-135,114
2026-01-10,VGK,STL,69,5.5,-138,112
2026-01-10,VGK,STL,71,6.0,-108,-115
2026-01-10,VGK,STL,75,6.0,-105,-115
2026-01-10,EDM,LA,15,6.5,-102,-118
2026-01-10,EDM,LA,30,6.5,105,-125
2026-01-10,EDM,LA,68,6.5,-102,-118
2026-01-10,EDM,LA,69,6.5,-100,-122
2026-01-10,EDM,LA,71,6.5,-104,-121
2026-01-10,EDM,LA,75,6.5,100,-120
2026-01-11,WPG,NJ,15,5.5,-120,100
2026-01-11,WPG,NJ,30,5.5,-130,110
2026-01-11,WPG,NJ,68,5.5,-120,100
2026-01-11,WPG,NJ,69,5.5,-118,-102
2026-01-11,WPG,NJ,71,5.5,-124,100
2026-01-11,WPG,NJ,75,5.5,-118,-102
2026-01-11,BOS,PIT,15,6.5,-105,-115
2026-01-11,BOS,PIT,30,6.5,110,-130
2026-01-11,BOS,PIT,68,6.5,-105,-115
2026-01-11,BOS,PIT,69,6.5,-100,-120
2026-01-11,BOS,PIT,71,6.5,-109,-114
2026-01-11,BOS,PIT,75,6.5,-105,-115
2026-01-11,NSH,WSH,15,6.5,-105,-115
2026-01-11,NSH,WSH,30,5.5,-135,114
2026-01-11,NSH,WSH,68,6.5,-105,-115
2026-01-11,NSH,WSH,69,6.5,-102,-122
2026-01-11,NSH,WSH,71,6.0,-125,102
2026-01-11,NSH,WSH,75,6.5,-102,-118
2026-01-11,UTA,CBJ,15,6.5,-100,-122
2026-01-11,UTA,CBJ,30,6.5,110,-130
2026-01-11,UTA,CBJ,68,6.5,102,-122
2026-01-11,UTA,CBJ,69,6.5,-100,-122
2026-01-11,UTA,CBJ,71,6.5,102,-125
2026-01-11,UTA,CBJ,75,6.5,100,-120
2026-01-11,SJ,VGK,15,6.5,-130,110
2026-01-11,SJ,VGK,30,6.5,-120,100
2026-01-11,SJ,VGK,68,6.5,-130,110
2026-01-11,SJ,VGK,69,6.5,-128,-100
2026-01-11,SJ,VGK,71,6.5,-127,102
2026-01-11,SJ,VGK,75,6.5,-135,110
2026-01-12,PHI,TB,15,5.5,-140,-111
2026-01-12,PHI,TB,30,6.5,115,-141
2026-01-12,PHI,TB,68,5.5,-140,110
2026-01-12,PHI,TB,69,6.5,110,-134
2026-01-12,PHI,TB,71,6.0,-118,-105
2026-01-12,PHI,TB,75,6.0,-110,-110
2026-01-12,NYR,SEA,15,5.5,-132,110
2026-01-12,NYR,SEA,30,5.5,-120,-100
2026-01-12,NYR,SEA,68,5.5,-130,110
2026-01-12,NYR,SEA,69,5.5,-132,108
2026-01-12,NYR,SEA,71,6.0,-103,-122
2026-01-12,NYR,SEA,75,6.0,-110,-110
2026-01-12,DET,CAR,15,6.5,105,-125
2026-01-12,DET,CAR,30,6.5,110,-132
2026-01-12,DET,CAR,68,6.5,105,-125
2026-01-12,DET,CAR,69,6.5,106,-130
2026-01-12,DET,CAR,71,6.0,-115,-108
2026-01-12,DET,CAR,75,3.0,-10000,1350
2026-01-12,BUF,FLA,15,6.5,105,-125
2026-01-12,BUF,FLA,30,5.5,-141,115
2026-01-12,BUF,FLA,68,6.5,105,-125
2026-01-12,BUF,FLA,69,6.5,106,-130
2026-01-12,BUF,FLA,71,6.0,-120,-105
2026-01-12,BUF,FLA,75,6.0,-120,100
2026-01-12,MTL,VAN,15,6.5,-102,-120
2026-01-12,MTL,VAN,30,6.5,120,-147
2026-01-12,MTL,VAN,68,6.5,100,-120
2026-01-12,MTL,VAN,69,6.5,-102,-120
2026-01-12,MTL,VAN,71,6.5,-107,-117
2026-01-12,MTL,VAN,75,3.0,-10000,1450
2026-01-12,MIN,NJ,15,6.0,-110,-110
2026-01-12,MIN,NJ,30,5.5,-125,105
2026-01-12,MIN,NJ,68,5.5,-135,114
2026-01-12,MIN,NJ,69,5.5,-140,112
2026-01-12,MIN,NJ,71,6.0,-117,-107
2026-01-12,MIN,NJ,75,6.0,-110,-110
2026-01-12,CHI,EDM,15,6.5,-108,-112
2026-01-12,CHI,EDM,30,6.5,105,-125
2026-01-12,CHI,EDM,68,6.5,-108,-112
2026-01-12,CHI,EDM,69,6.5,-110,-110
2026-01-12,CHI,EDM,71,6.5,-114,-109
2026-01-12,CHI,EDM,75,6.5,-105,-115
2026-01-12,COL,TOR,15,6.5,-122,-102
2026-01-12,COL,TOR,30,6.5,105,-125
2026-01-12,COL,TOR,68,6.5,-122,102
2026-01-12,COL,TOR,69,6.5,-120,-102
2026-01-12,COL,TOR,71,6.5,-121,-103
2026-01-12,COL,TOR,75,6.5,-125,105
2026-01-12,LA,DAL,15,5.5,-135,114
2026-01-12,LA,DAL,30,5.5,-120,-100
2026-01-12,LA,DAL,68,5.5,-135,114
2026-01-12,LA,DAL,69,5.5,-138,112
2026-01-12,LA,DAL,71,6.0,-112,-112
2026-01-12,LA,DAL,75,6.0,-110,-110
2026-01-13,OTT,VAN,15,6.5,-108,-112
2026-01-13,OTT,VAN,30,6.5,115,-141
2026-01-13,OTT,VAN,68,6.5,-108,-112
2026-01-13,OTT,VAN,69,6.5,-108,-112
2026-01-13,OTT,VAN,71,6.5,-112,-112
2026-01-13,OTT,VAN,75,6.5,-105,-115
2026-01-13,WSH,MTL,15,6.5,-100,-122
2026-01-13,WSH,MTL,30,5.5,-147,120
2026-01-13,WSH,MTL,68,6.5,105,-125
2026-01-13,WSH,MTL,69,6.5,-100,-122
2026-01-13,WSH,MTL,71,6.0,-114,-109
2026-01-13,WSH,MTL,75,6.0,-118,-102
2026-01-13,PIT,TB,15,6.5,104,-128
2026-01-13,PIT,TB,30,6.5,105,-125
2026-01-13,PIT,TB,68,6.5,110,-130
2026-01-13,PIT,TB,69,6.5,104,-128
2026-01-13,PIT,TB,71,6.0,-122,100
2026-01-13,PIT,TB,75,6.0,-118,-102
2026-01-13,CBJ,CGY,15,6.5,110,-130
2026-01-13,CBJ,CGY,30,6.5,-100,-120
2026-01-13,CBJ,CGY,68,6.5,110,-130
2026-01-13,CBJ,CGY,69,6.5,108,-132
2026-01-13,CBJ,CGY,71,6.0,-125,102
2026-01-13,CBJ,CGY,75,6.0,-115,-105
2026-01-13,BOS,DET,15,6.5,100,-120
2026-01-13,BOS,DET,30,6.5,120,-147
2026-01-13,BOS,DET,68,6.5,102,-125
2026-01-13,BOS,DET,69,6.5,102,-122
2026-01-13,BOS,DET,71,6.5,102,-125
2026-01-13,BOS,DET,75,6.5,100,-120
2026-01-13,STL,CAR,15,6.0,-122,102
2026-01-13,STL,CAR,30,6.5,120,-147
2026-01-13,STL,CAR,68,5.5,-135,114
2026-01-13,STL,CAR,69,6.5,112,-140
2026-01-13,STL,CAR,71,6.0,-113,-110
2026-01-13,STL,CAR,75,6.0,-110,-110
2026-01-13,NSH,EDM,15,6.5,-102,-120
2026-01-13,NSH,EDM,30,6.5,105,-125
2026-01-13,NSH,EDM,68,6.5,-102,-118
2026-01-13,NSH,EDM,69,6.5,-102,-122
2026-01-13,NSH,EDM,71,6.5,-108,-115
2026-01-13,NSH,EDM,75,6.5,-102,-118
2026-01-13,WPG,NYI,15,5.5,102,-122
2026-01-13,WPG,NYI,30,5.5,-116,-105
2026-01-13,WPG,NYI,68,5.5,102,-122
2026-01-13,WPG,NYI,69,5.5,106,-124
2026-01-13,WPG,NYI,71,5.5,-107,-117
2026-01-13,WPG,NYI,75,5.5,105,-125
2026-01-13,UTA,TOR,15,6.5,-100,-130
2026-01-13,UTA,TOR,30,6.5,110,-132
2026-01-13,UTA,TOR,68,6.5,110,-130
2026-01-13,UTA,TOR,69,5.5,-140,114
2026-01-13,UTA,TOR,71,6.0,-118,-106
2026-01-13,UTA,TOR,75,6.0,-118,-102
2026-01-13,ANA,DAL,15,6.5,-122,100
2026-01-13,ANA,DAL,30,6.5,-105,-116
2026-01-13,ANA,DAL,68,6.5,-120,100
2026-01-13,ANA,DAL,69,6.5,-122,-100
2026-01-13,ANA,DAL,71,6.5,-132,107
2026-01-13,ANA,DAL,75,6.5,-125,105
2026-01-14,NJ,SEA,15,5.5,-130,110
2026-01-14,NJ,SEA,30,5.5,-130,110
2026-01-14,NJ,SEA,68,5.5,-130,110
2026-01-14,NJ,SEA,69,5.5,-122,-100
2026-01-14,NJ,SEA,71,6.0,-104,-121
2026-01-14,NJ,SEA,75,6.0,-102,-118
2026-01-14,BUF,PHI,15,6.5,110,-130
2026-01-14,BUF,PHI,30,5.5,-125,105
2026-01-14,BUF,PHI,68,6.5,110,-130
2026-01-14,BUF,PHI,69,6.5,116,-142
2026-01-14,BUF,PHI,71,6.0,-121,-104
2026-01-14,BUF,PHI,75,6.0,-118,-102
2026-01-14,NYR,OTT,15,6.5,102,-125
2026-01-14,NYR,OTT,30,5.5,-125,105
2026-01-14,NYR,OTT,68,6.5,102,-125
2026-01-14,NYR,OTT,69,6.5,104,-130
2026-01-14,NYR,OTT,71,6.0,-115,-108
2026-01-14,NYR,OTT,75,6.5,-102,-118
2026-01-14,LA,VGK,15,5.5,-108,-110
2026-01-14,LA,VGK,30,5.5,-125,105
2026-01-14,LA,VGK,68,5.5,-108,-112
2026-01-14,LA,VGK,69,5.5,-105,-115
2026-01-14,LA,VGK,71,5.5,-109,-114
2026-01-14,LA,VGK,75,5.5,-110,-110
2026-01-15,CBJ,VAN,15,6.5,-125,105
2026-01-15,CBJ,VAN,30,6.5,-100,-120
2026-01-15,CBJ,VAN,68,6.5,-125,105
2026-01-15,CBJ,VAN,69,6.5,-130,106
2026-01-15,CBJ,VAN,71,6.5,-136,110
2026-01-15,CBJ,VAN,75,6.5,-130,105
2026-01-15,PIT,PHI,15,6.5,110,-130
2026-01-15,PIT,PHI,30,5.5,-141,115
2026-01-15,PIT,PHI,68,6.5,110,-130
2026-01-15,PIT,PHI,69,6.5,102,-124
2026-01-15,PIT,PHI,71,6.0,-125,102
2026-01-15,PIT,PHI,75,6.0,-118,-102
2026-01-15,WSH,SJ,15,6.5,-115,-105
2026-01-15,WSH,SJ,30,6.5,-100,-120
2026-01-15,WSH,SJ,68,6.5,-115,-105
2026-01-15,WSH,SJ,69,6.5,-115,-105
2026-01-15,WSH,SJ,71,6.5,-120,-105
2026-01-15,WSH,SJ,75,6.5,-115,-105
2026-01-15,BUF,MTL,15,6.5,-102,-118
2026-01-15,BUF,MTL,30,6.5,-100,-120
2026-01-15,BUF,MTL,68,6.5,-102,-118
2026-01-15,BUF,MTL,69,6.5,-104,-118
2026-01-15,BUF,MTL,71,6.5,-106,-117
2026-01-15,BUF,MTL,75,6.0,-120,100
2026-01-15,BOS,SEA,15,6.5,-111,-133
2026-01-15,BOS,SEA,30,6.5,110,-132
2026-01-15,BOS,SEA,68,6.5,114,-135
2026-01-15,BOS,SEA,69,5.5,-144,110
2026-01-15,BOS,SEA,71,6.0,-109,-114
2026-01-15,BOS,SEA,75,6.0,-115,-105
2026-01-15,MIN,WPG,15,5.5,-120,100
2026-01-15,MIN,WPG,30,5.5,-120,-100
2026-01-15,MIN,WPG,68,5.5,-120,100
2026-01-15,MIN,WPG,69,5.5,-120,-102
2026-01-15,MIN,WPG,71,5.5,-125,102
2026-01-15,MIN,WPG,75,5.5,-118,-102
2026-01-15,CHI,CGY,15,6.0,-115,-105
2026-01-15,CHI,CGY,30,5.5,-125,105
2026-01-15,CHI,CGY,68,6.5,110,-130
2026-01-15,CHI,CGY,69,5.5,-140,114
2026-01-15,CHI,CGY,71,6.0,-105,-120
2026-01-15,CHI,CGY,75,6.0,-118,-102
2026-01-15,UTA,DAL,15,5.5,-135,114
2026-01-15,UTA,DAL,30,5.5,-132,110
2026-01-15,UTA,DAL,68,5.5,-135,114
2026-01-15,UTA,DAL,69,5.5,-138,112
2026-01-15,UTA,DAL,71,6.0,-110,-113
2026-01-15,UTA,DAL,75,6.0,-110,-110
2026-01-15,EDM,NYI,15,6.5,-110,-108
2026-01-15,EDM,NYI,30,6.5,110,-132
2026-01-15,EDM,NYI,68,6.5,-112,-108
2026-01-15,EDM,NYI,69,6.5,-110,-110
2026-01-15,EDM,NYI,71,6.5,-107,-117
2026-01-15,EDM,NYI,75,6.5,-110,-110
2026-01-15,VGK,TOR,15,5.5,-135,114
2026-01-15,VGK,TOR,30,6.5,115,-141
2026-01-15,VGK,TOR,68,5.5,-135,114
2026-01-15,VGK,TOR,69,5.5,-130,106
2026-01-15,VGK,TOR,71,6.0,-114,-109
2026-01-15,VGK,TOR,75,6.0,-110,-110
2026-01-16,CAR,FLA,15,5.5,-135,114
2026-01-16,CAR,FLA,30,6.5,105,-125
2026-01-16,CAR,FLA,68,5.5,-135,114
2026-01-16,CAR,FLA,69,5.5,-130,106
2026-01-16,CAR,FLA,71,6.0,-108,-115
2026-01-16,CAR,FLA,75,6.0,-105,-115
2026-01-16,DET,SJ,15,6.5,-108,-112
2026-01-16,DET,SJ,30,6.5,-100,-120
2026-01-16,DET,SJ,68,6.5,-108,-112
2026-01-16,DET,SJ,69,6.5,-108,-112
2026-01-16,DET,SJ,71,6.5,-105,-120
2026-01-16,DET,SJ,75,6.5,-110,-110
2026-01-16,STL,TB,15,5.5,-110,-112
2026-01-16,STL,TB,30,5.5,-120,-102
2026-01-16,STL,TB,68,5.5,-108,-112
2026-01-16,STL,TB,69,5.5,-110,-110
2026-01-16,STL,TB,71,5.5,-120,-105
2026-01-16,STL,TB,75,5.5,-110,-110
2026-01-16,COL,NSH,15,6.5,-106,-113
2026-01-16,COL,NSH,30,6.5,-110,-110
2026-01-16,COL,NSH,68,6.5,-108,-112
2026-01-16,COL,NSH,69,6.5,-105,-115
2026-01-16,COL,NSH,71,6.5,-107,-117
2026-01-16,COL,NSH,75,6.5,-110,-110
2026-01-16,LA,ANA,15,5.5,-130,110
2026-01-16,LA,ANA,30,6.5,106,-130
2026-01-16,LA,ANA,68,5.5,-130,110
2026-01-16,LA,ANA,69,5.5,-130,106
2026-01-16,LA,ANA,71,6.0,-110,-113
2026-01-16,LA,ANA,75,6.0,-102,-118
2026-01-17,BUF,MIN,15,6.5,100,-120
2026-01-17,BUF,MIN,30,6.5,114,-140
2026-01-17,BUF,MIN,68,6.5,100,-120
2026-01-17,BUF,MIN,69,6.5,104,-128
2026-01-17,BUF,MIN,71,6.0,-124,100
2026-01-17,BUF,MIN,75,6.5,-102,-118
2026-01-17,PHI,NYR,15,6.5,-115,-105
2026-01-17,PHI,NYR,30,5.5,-134,110
2026-01-17,PHI,NYR,68,6.5,-115,-105
2026-01-17,PHI,NYR,69,6.5,-115,-105
2026-01-17,PHI,NYR,71,6.5,-109,-114
2026-01-17,PHI,NYR,75,6.5,-115,-105
2026-01-17,CGY,NYI,15,5.5,-130,110
2026-01-17,CGY,NYI,30,5.5,-132,108
2026-01-17,CGY,NYI,68,5.5,-130,110
2026-01-17,CGY,NYI,69,5.5,-134,110
2026-01-17,CGY,NYI,71,6.0,100,-125
2026-01-17,CGY,NYI,75,6.0,-110,-110
2026-01-17,UTA,SEA,15,5.5,-125,105
2026-01-17,UTA,SEA,30,5.5,-124,102
2026-01-17,UTA,SEA,68,5.5,-125,105
2026-01-17,UTA,SEA,69,5.5,-118,-104
2026-01-17,UTA,SEA,71,6.0,102,-127
2026-01-17,UTA,SEA,75,5.5,-120,100
2026-01-17,NJ,CAR,15,5.5,215,-333
2026-01-17,NJ,CAR,30,5.5,-140,114
2026-01-17,NJ,CAR,68,5.5,-142,120
2026-01-17,NJ,CAR,69,6.5,-105,-115
2026-01-17,NJ,CAR,71,6.5,100,-122
2026-01-17,NJ,CAR,75,6.5,100,-120
2026-01-17,WPG,TOR,15,6.5,-100,-135
2026-01-17,WPG,TOR,30,5.5,-122,-100
2026-01-17,WPG,TOR,68,6.5,114,-135
2026-01-17,WPG,TOR,69,5.5,-134,110
2026-01-17,WPG,TOR,71,6.0,-115,-108
2026-01-17,WPG,TOR,75,6.0,-110,-110
2026-01-17,WSH,FLA,15,6.5,110,-125
2026-01-17,WSH,FLA,30,5.5,-122,-100
2026-01-17,WSH,FLA,68,6.5,110,-130
2026-01-17,WSH,FLA,69,6.5,102,-124
2026-01-17,WSH,FLA,71,6.0,-121,-103
2026-01-17,WSH,FLA,75,6.0,-118,-102
2026-01-17,PIT,CBJ,15,6.5,-130,110
2026-01-17,PIT,CBJ,30,6.5,-115,-105
2026-01-17,PIT,CBJ,68,6.5,-130,110
2026-01-17,PIT,CBJ,69,6.5,-128,104
2026-01-17,PIT,CBJ,71,6.5,-122,100
2026-01-17,PIT,CBJ,75,6.5,-135,110
2026-01-17,OTT,MTL,15,6.5,-105,-115
2026-01-17,OTT,MTL,30,6.5,-102,-120
2026-01-17,OTT,MTL,68,6.5,-105,-115
2026-01-17,OTT,MTL,69,6.5,-108,-112
2026-01-17,OTT,MTL,71,6.5,-107,-117
2026-01-17,OTT,MTL,75,6.5,-105,-115
2026-01-17,CHI,BOS,15,6.5,-110,-115
2026-01-17,CHI,BOS,30,5.5,-140,114
2026-01-17,CHI,BOS,68,6.5,-105,-115
2026-01-17,CHI,BOS,69,6.5,-112,-108
2026-01-17,CHI,BOS,71,6.0,-125,102
2026-01-17,CHI,BOS,75,6.5,-110,-110
2026-01-17,ANA,LA,15,6.5,102,-124
2026-01-17,ANA,LA,30,6.5,106,-130
2026-01-17,ANA,LA,68,6.5,105,-125
2026-01-17,ANA,LA,69,6.5,102,-124
2026-01-17,ANA,LA,71,6.5,100,-124
2026-01-17,ANA,LA,75,6.5,100,-120
2026-01-17,VAN,EDM,15,6.5,-105,-115
2026-01-17,VAN,EDM,30,6.5,-110,-110
2026-01-17,VAN,EDM,68,6.5,-105,-115
2026-01-17,VAN,EDM,69,6.5,-102,-120
2026-01-17,VAN,EDM,71,6.5,102,-125
2026-01-17,VAN,EDM,75,6.5,-102,-118
2026-01-17,VGK,NSH,15,6.5,102,-122
2026-01-17,VGK,NSH,30,5.5,-140,114
2026-01-17,VGK,NSH,68,6.5,102,-122
2026-01-17,VGK,NSH,69,6.5,-104,-118
2026-01-17,VGK,NSH,71,6.0,-122,100
2026-01-17,VGK,NSH,75,6.5,100,-120
2026-01-18,DAL,TB,15,5.5,195,-286
2026-01-18,DAL,TB,30,6.5,105,-125
2026-01-18,DAL,TB,68,5.5,-130,110
2026-01-18,DAL,TB,69,6.5,114,-140
2026-01-18,DAL,TB,71,6.0,-112,-110
2026-01-18,DAL,TB,75,6.0,-105,-115
2026-01-18,DET,OTT,15,6.5,-104,-118
2026-01-18,DET,OTT,30,6.5,-105,-116
2026-01-18,DET,OTT,68,6.5,-102,-118
2026-01-18,DET,OTT,69,6.5,-104,-118
2026-01-18,DET,OTT,71,6.5,100,-124
2026-01-18,DET,OTT,75,6.5,-102,-118
2026-01-18,EDM,STL,15,6.5,100,-118
2026-01-18,EDM,STL,30,6.5,-100,-120
2026-01-18,EDM,STL,68,6.5,-102,-118
2026-01-18,EDM,STL,69,6.5,-100,-122
2026-01-18,EDM,STL,71,6.5,-104,-121
2026-01-18,EDM,STL,75,6.5,100,-120
2026-01-19,CAR,BUF,15,6.5,-110,-108
2026-01-19,CAR,BUF,30,6.5,-105,-116
2026-01-19,CAR,BUF,68,6.5,-112,-108
2026-01-19,CAR,BUF,69,6.5,-110,-110
2026-01-19,CAR,BUF,71,6.5,-108,-114
2026-01-19,CAR,BUF,75,6.5,-110,-110
2026-01-19,COL,WSH,15,6.5,-115,-105
2026-01-19,COL,WSH,30,6.5,105,-125
2026-01-19,COL,WSH,68,6.5,-115,-105
2026-01-19,COL,WSH,69,6.5,-114,-106
2026-01-19,COL,WSH,71,6.5,-112,-112
2026-01-19,COL,WSH,75,6.5,-115,-105
2026-01-19,SEA,PIT,15,5.5,-130,110
2026-01-19,SEA,PIT,30,6.5,110,-132
2026-01-19,SEA,PIT,68,5.5,-130,110
2026-01-19,SEA,PIT,69,5.5,-122,-100
2026-01-19,SEA,PIT,71,6.0,-107,-117
2026-01-19,SEA,PIT,75,6.0,-105,-115
2026-01-19,FLA,SJ,15,6.5,-115,-105
2026-01-19,FLA,SJ,30,6.5,-100,-120
2026-01-19,FLA,SJ,68,6.5,-115,-105
2026-01-19,FLA,SJ,69,6.5,-104,-118
2026-01-19,FLA,SJ,71,6.5,-112,-112
2026-01-19,FLA,SJ,75,6.5,-110,-110
2026-01-19,TOR,MIN,15,6.0,-110,-110
2026-01-19,TOR,MIN,30,5.5,-132,110
2026-01-19,TOR,MIN,68,5.5,-135,114
2026-01-19,TOR,MIN,69,5.5,-122,-100
2026-01-19,TOR,MIN,71,6.0,-121,-103
2026-01-19,TOR,MIN,75,6.0,-110,-110
2026-01-19,VGK,PHI,15,6.5,-102,-118
2026-01-19,VGK,PHI,30,6.5,105,-125
2026-01-19,VGK,PHI,68,6.5,-102,-118
2026-01-19,VGK,PHI,69,6.5,114,-140
2026-01-19,VGK,PHI,71,6.5,-104,-121
2026-01-19,VGK,PHI,75,6.0,-118,-102
2026-01-19,CHI,WPG,15,5.5,-128,105
2026-01-19,CHI,WPG,30,6.5,105,-125
2026-01-19,CHI,WPG,68,5.5,-125,105
2026-01-19,CHI,WPG,69,5.5,-128,104
2026-01-19,CHI,WPG,71,6.0,-110,-113
2026-01-19,CHI,WPG,75,6.0,-102,-118
2026-01-19,CGY,NJ,15,5.5,-130,106
2026-01-19,CGY,NJ,30,5.5,-132,110
2026-01-19,CGY,NJ,68,5.5,-125,105
2026-01-19,CGY,NJ,69,5.5,-130,106
2026-01-19,CGY,NJ,71,6.0,-106,-118
2026-01-19,CGY,NJ,75,6.0,100,-120
2026-01-19,ANA,NYR,15,6.5,-135,114
2026-01-19,ANA,NYR,30,6.5,-100,-120
2026-01-19,ANA,NYR,68,6.5,-135,114
2026-01-19,ANA,NYR,69,6.5,-134,110
2026-01-19,ANA,NYR,71,6.5,-132,106
2026-01-19,ANA,NYR,75,6.5,-135,110
2026-01-19,VAN,NYI,15,5.5,-122,102
2026-01-19,VAN,NYI,30,6.5,105,-125
2026-01-19,VAN,NYI,68,5.5,-122,102
2026-01-19,VAN,NYI,69,5.5,-115,-105
2026-01-19,VAN,NYI,71,5.5,-127,102
2026-01-19,VAN,NYI,75,5.5,-118,-102
2026-01-20,CBJ,OTT,15,6.5,-130,110
2026-01-20,CBJ,OTT,30,6.5,-125,105
2026-01-20,CBJ,OTT,68,6.5,-130,110
2026-01-20,CBJ,OTT,69,6.5,-122,-100
2026-01-20,CBJ,OTT,71,6.5,-132,107
2026-01-20,CBJ,OTT,75,6.5,-130,110
2026-01-20,MTL,MIN,15,6.5,100,-120
2026-01-20,MTL,MIN,30,6.5,115,-141
2026-01-20,MTL,MIN,68,6.5,100,-120
2026-01-20,MTL,MIN,69,6.5,-104,-118
2026-01-20,MTL,MIN,71,6.5,-109,-114
2026-01-20,MTL,MIN,75,6.5,100,-120
2026-01-20,TB,SJ,15,6.5,-110,-110
2026-01-20,TB,SJ,30,6.5,-105,-116
2026-01-20,TB,SJ,68,6.5,-110,-110
2026-01-20,TB,SJ,69,6.5,-104,-118
2026-01-20,TB,SJ,71,6.5,-107,-117
2026-01-20,TB,SJ,75,6.5,-110,-110
2026-01-20,DAL,BOS,15,5.5,-122,-104
2026-01-20,DAL,BOS,30,6.5,115,-141
2026-01-20,DAL,BOS,68,5.5,-122,102
2026-01-20,DAL,BOS,69,5.5,-118,-104
2026-01-20,DAL,BOS,71,6.0,-105,-118
2026-01-20,DAL,BOS,75,5.5,-120,100
2026-01-20,NSH,BUF,15,6.5,102,-122
2026-01-20,NSH,BUF,30,6.5,105,-125
2026-01-20,NSH,BUF,68,6.5,102,-122
2026-01-20,NSH,BUF,69,6.5,-104,-118
2026-01-20,NSH,BUF,71,6.5,-105,-120
2026-01-20,NSH,BUF,75,6.5,100,-120
2026-01-20,WPG,STL,15,5.5,-135,114
2026-01-20,WPG,STL,30,5.5,-125,105
2026-01-20,WPG,STL,68,5.5,-135,114
2026-01-20,WPG,STL,69,5.5,-124,102
2026-01-20,WPG,STL,71,6.0,-103,-121
2026-01-20,WPG,STL,75,6.0,-110,-110
2026-01-20,EDM,NJ,15,6.0,-120,100
2026-01-20,EDM,NJ,30,5.5,-141,115
2026-01-20,EDM,NJ,68,6.5,105,-125
2026-01-20,EDM,NJ,69,6.5,104,-128
2026-01-20,EDM,NJ,71,6.0,-124,100
2026-01-20,EDM,NJ,75,6.0,-120,100
2026-01-20,LA,NYR,15,5.5,-118,-102
2026-01-20,LA,NYR,30,5.5,-125,105
2026-01-20,LA,NYR,68,5.5,-118,-102
2026-01-20,LA,NYR,69,5.5,-115,-105
2026-01-20,LA,NYR,71,6.0,100,-125
2026-01-20,LA,NYR,75,5.5,-118,-102
2026-01-21,TOR,DET,15,6.0,-120,100
2026-01-21,TOR,DET,30,5.5,-111,-111
2026-01-21,TOR,DET,68,6.5,105,-125
2026-01-21,TOR,DET,69,6.5,102,-124
2026-01-21,TOR,DET,71,6.5,102,-125
2026-01-21,TOR,DET,75,6.0,-120,100
2026-01-21,COL,ANA,15,6.5,-140,120
2026-01-21,COL,ANA,30,6.5,-116,-105
2026-01-21,COL,ANA,68,6.5,-142,120
2026-01-21,COL,ANA,69,6.5,-134,110
2026-01-21,COL,ANA,71,7.0,104,-127
2026-01-21,COL,ANA,75,7.0,110,-130
2026-01-21,UTA,PHI,15,5.5,-135,114
2026-01-21,UTA,PHI,30,5.5,-147,120
2026-01-21,UTA,PHI,68,5.5,-135,114
2026-01-21,UTA,PHI,69,5.5,-128,104
2026-01-21,UTA,PHI,71,6.0,-108,-115
2026-01-21,UTA,PHI,75,6.0,-110,-110
2026-01-21,CGY,PIT,15,5.5,-125,105
2026-01-21,CGY,PIT,30,5.5,-141,115
2026-01-21,CGY,PIT,68,5.5,-125,105
2026-01-21,CGY,PIT,69,5.5,-120,-102
2026-01-21,CGY,PIT,71,6.0,-106,-118
2026-01-21,CGY,PIT,75,6.0,100,-120
2026-01-21,SEA,NYI,15,5.5,-108,-112
2026-01-21,SEA,NYI,30,5.5,-125,105
2026-01-21,SEA,NYI,68,5.5,-108,-112
2026-01-21,SEA,NYI,69,5.5,-102,-120
2026-01-21,SEA,NYI,71,5.5,-112,-112
2026-01-21,SEA,NYI,75,5.5,-110,-110
2026-01-21,VAN,WSH,15,6.5,102,-118
2026-01-21,VAN,WSH,30,6.5,105,-125
2026-01-21,VAN,WSH,68,6.5,-102,-118
2026-01-21,VAN,WSH,69,6.5,102,-124
2026-01-21,VAN,WSH,71,6.5,102,-125
2026-01-21,VAN,WSH,75,6.5,100,-120
2026-01-22,MTL,BUF,15,6.5,-122,105
2026-01-22,MTL,BUF,30,6.5,-100,-120
2026-01-22,MTL,BUF,68,6.5,-122,102
2026-01-22,MTL,BUF,69,6.5,-108,-112
2026-01-22,MTL,BUF,71,6.5,-127,102
2026-01-22,MTL,BUF,75,6.5,-125,105
2026-01-22,BOS,VGK,15,6.5,102,-122
2026-01-22,BOS,VGK,30,6.5,115,-141
2026-01-22,BOS,VGK,68,6.5,102,-122
2026-01-22,BOS,VGK,69,6.5,-100,-122
2026-01-22,BOS,VGK,71,6.0,-121,-104
2026-01-22,BOS,VGK,75,6.5,100,-120
2026-01-22,CAR,CHI,15,6.5,108,-132
2026-01-22,CAR,CHI,30,6.5,110,-132
2026-01-22,CAR,CHI,68,6.5,114,-135
2026-01-22,CAR,CHI,69,6.5,108,-132
2026-01-22,CAR,CHI,71,6.0,-124,100
2026-01-22,CAR,CHI,75,6.0,-115,-105
2026-01-22,CBJ,DAL,15,6.5,102,-122
2026-01-22,CBJ,DAL,30,6.5,-111,-111
2026-01-22,CBJ,DAL,68,6.5,102,-122
2026-01-22,CBJ,DAL,69,6.5,104,-128
2026-01-22,CBJ,DAL,71,6.0,-125,102
2026-01-22,CBJ,DAL,75,6.0,-120,100
2026-01-22,WPG,FLA,15,5.5,-130,110
2026-01-22,WPG,FLA,30,5.5,-122,102
2026-01-22,WPG,FLA,68,5.5,-130,110
2026-01-22,WPG,FLA,69,5.5,-134,110
2026-01-22,WPG,FLA,71,6.0,-105,-120
2026-01-22,WPG,FLA,75,6.0,100,-120
2026-01-22,NSH,OTT,15,6.5,105,-130
2026-01-22,NSH,OTT,30,6.5,110,-130
2026-01-22,NSH,OTT,68,6.5,105,-125
2026-01-22,NSH,OTT,69,6.5,106,-130
2026-01-22,NSH,OTT,71,6.0,-125,100
2026-01-22,NSH,OTT,75,6.5,100,-120
2026-01-22,EDM,PIT,15,6.5,-130,110
2026-01-22,EDM,PIT,30,6.5,105,-125
2026-01-22,EDM,PIT,68,6.5,-130,110
2026-01-22,EDM,PIT,69,6.5,-124,102
2026-01-22,EDM,PIT,71,6.5,-113,-109
2026-01-22,EDM,PIT,75,6.5,-130,110
2026-01-22,MIN,DET,15,6.5,102,-122
2026-01-22,MIN,DET,30,5.5,-127,107
2026-01-22,MIN,DET,68,6.5,102,-122
2026-01-22,MIN,DET,69,6.5,104,-128
2026-01-22,MIN,DET,71,6.0,-121,-104
2026-01-22,MIN,DET,75,6.5,100,-120
2026-01-23,CHI,TB,15,6.5,114,-140
2026-01-23,CHI,TB,30,6.5,120,-147
2026-01-23,CHI,TB,68,6.5,120,-142
2026-01-23,CHI,TB,69,6.5,114,-140
2026-01-23,CHI,TB,71,6.0,-115,-107
2026-01-23,CHI,TB,75,6.0,-110,-110
2026-01-23,TOR,VGK,15,6.5,102,-122
2026-01-23,TOR,VGK,30,5.5,-141,115
2026-01-23,TOR,VGK,68,6.5,102,-122
2026-01-23,TOR,VGK,69,6.5,-100,-122
2026-01-23,TOR,VGK,71,6.5,100,-124
2026-01-23,TOR,VGK,75,6.5,100,-120
2026-01-23,DAL,STL,15,5.5,-112,-108
2026-01-23,DAL,STL,30,5.5,-132,110
2026-01-23,DAL,STL,68,5.5,-112,-108
2026-01-23,DAL,STL,69,5.5,-122,-100
2026-01-23,DAL,STL,71,5.5,-125,102
2026-01-23,DAL,STL,75,5.5,-115,-105
2026-01-23,CGY,WSH,15,5.5,-130,106
2026-01-23,CGY,WSH,30,5.5,-141,115
2026-01-23,CGY,WSH,68,5.5,-125,105
2026-01-23,CGY,WSH,69,5.5,-130,106
2026-01-23,CGY,WSH,71,6.0,-106,-118
2026-01-23,CGY,WSH,75,6.0,-102,-118
2026-01-23,COL,PHI,15,6.5,-115,-105
2026-01-23,COL,PHI,30,6.5,-100,-120
2026-01-23,COL,PHI,68,6.5,-115,-105
2026-01-23,COL,PHI,69,6.5,-118,-104
2026-01-23,COL,PHI,71,6.5,-109,-114
2026-01-23,COL,PHI,75,6.5,-115,-105
2026-01-23,SJ,NYR,15,6.5,-140,120
2026-01-23,SJ,NYR,30,6.5,-100,-120
2026-01-23,SJ,NYR,68,6.5,-142,120
2026-01-23,SJ,NYR,69,6.5,-140,114
2026-01-23,SJ,NYR,71,7.0,110,-137
2026-01-23,SJ,NYR,75,7.0,110,-130
2026-01-23,VAN,NJ,15,5.5,-135,114
2026-01-23,VAN,NJ,30,6.5,115,-141
2026-01-23,VAN,NJ,68,5.5,-135,114
2026-01-23,VAN,NJ,69,5.5,-132,108
2026-01-23,VAN,NJ,71,6.0,-104,-121
2026-01-23,VAN,NJ,75,6.0,-110,-110
2026-01-23,SEA,ANA,15,6.5,100,-120
2026-01-23,SEA,ANA,30,6.5,110,-132
2026-01-23,SEA,ANA,68,6.5,100,-120
2026-01-23,SEA,ANA,69,6.5,102,-124
2026-01-23,SEA,ANA,71,6.5,100,-122
2026-01-23,SEA,ANA,75,6.5,100,-120
2026-01-24,NYI,BUF,15,6.5,-102,-118
2026-01-24,NYI,BUF,30,6.5,115,-141
2026-01-24,NYI,BUF,68,6.5,-102,-118
2026-01-24,NYI,BUF,69,6.5,-104,-118
2026-01-24,NYI,BUF,71,6.0,-125,102
2026-01-24,NYI,BUF,75,6.5,-105,-115
2026-01-24,NSH,UTA,15,6.5,110,-130
2026-01-24,NSH,UTA,30,5.5,-141,115
2026-01-24,NSH,UTA,68,6.5,110,-130
2026-01-24,NSH,UTA,69,6.5,104,-128
2026-01-24,NSH,UTA,71,6.0,-120,-105
2026-01-24,NSH,UTA,75,6.0,-120,100
2026-01-24,OTT,CAR,15,6.5,105,-125
2026-01-24,OTT,CAR,30,6.5,110,-132
2026-01-24,OTT,CAR,68,6.5,105,-125
2026-01-24,OTT,CAR,69,6.5,112,-138
2026-01-24,OTT,CAR,71,6.5,102,-125
2026-01-24,OTT,CAR,75,6.0,-120,100
2026-01-24,BOS,MTL,15,6.5,-110,-110
2026-01-24,BOS,MTL,30,6.5,-100,-120
2026-01-24,BOS,MTL,68,6.5,-108,-112
2026-01-24,BOS,MTL,69,6.5,-110,-110
2026-01-24,BOS,MTL,71,6.5,-104,-121
2026-01-24,BOS,MTL,75,6.5,-110,-110
2026-01-24,CBJ,TB,15,6.5,-102,-122
2026-01-24,CBJ,TB,30,6.5,-100,-120
2026-01-24,CBJ,TB,68,6.5,102,-122
2026-01-24,CBJ,TB,69,6.5,-102,-118
2026-01-24,CBJ,TB,71,6.5,-105,-120
2026-01-24,CBJ,TB,75,6.5,100,-120
2026-01-24,WPG,DET,15,5.5,-135,114
2026-01-24,WPG,DET,30,5.5,-141,115
2026-01-24,WPG,DET,68,5.5,-135,114
2026-01-24,WPG,DET,69,5.5,-130,106
2026-01-24,WPG,DET,71,6.0,100,-125
2026-01-24,WPG,DET,75,6.0,-105,-115
2026-01-24,STL,LA,15,5.5,110,-130
2026-01-24,STL,LA,30,5.5,-105,-116
2026-01-24,STL,LA,68,5.5,110,-130
2026-01-24,STL,LA,69,5.5,106,-138
2026-01-24,STL,LA,71,5.5,100,-125
2026-01-24,STL,LA,75,3.0,-2500,900
2026-01-24,MIN,FLA,15,6.5,104,-128
2026-01-24,MIN,FLA,30,5.5,-125,105
2026-01-24,MIN,FLA,68,6.5,110,-130
2026-01-24,MIN,FLA,69,6.5,104,-128
2026-01-24,MIN,FLA,71,6.0,-122,-103
2026-01-24,MIN,FLA,75,6.0,-118,-102
2026-01-24,EDM,WSH,15,6.5,-130,110
2026-01-24,EDM,WSH,30,6.5,-100,-120
2026-01-24,EDM,WSH,68,6.5,-125,105
2026-01-24,EDM,WSH,69,6.5,-124,102
2026-01-24,EDM,WSH,71,6.5,-125,102
2026-01-24,EDM,WSH,75,6.5,-130,110
2026-01-25,TOR,COL,15,6.5,-118,-102
2026-01-25,TOR,COL,30,6.5,-120,100
2026-01-25,TOR,COL,68,6.5,-118,-102
2026-01-25,TOR,COL,69,6.5,-120,-102
2026-01-25,TOR,COL,71,6.5,-127,102
2026-01-25,TOR,COL,75,6.5,-120,100
2026-01-25,SEA,NJ,15,5.5,-120,100
2026-01-25,SEA,NJ,30,5.5,-130,110
2026-01-25,SEA,NJ,68,5.5,-120,100
2026-01-25,SEA,NJ,69,5.5,-115,-105
2026-01-25,SEA,NJ,71,5.5,-117,-107
2026-01-25,SEA,NJ,75,5.5,-120,100
2026-01-25,OTT,VGK,15,6.5,-110,-110
2026-01-25,OTT,VGK,30,6.5,-115,-105
2026-01-25,OTT,VGK,68,6.5,-110,-110
2026-01-25,OTT,VGK,69,6.5,-110,-110
2026-01-25,OTT,VGK,71,6.5,-108,-114
2026-01-25,OTT,VGK,75,6.5,-105,-115
2026-01-25,VAN,PIT,15,6.5,102,-115
2026-01-25,VAN,PIT,30,6.5,-105,-115
2026-01-25,VAN,PIT,68,6.5,102,-122
2026-01-25,VAN,PIT,69,6.5,-100,-122
2026-01-25,VAN,PIT,71,6.0,-124,100
2026-01-25,VAN,PIT,75,6.5,-105,-115
2026-01-25,CHI,FLA,15,5.5,-122,102
2026-01-25,CHI,FLA,30,6.5,105,-125
2026-01-25,CHI,FLA,68,5.5,-122,102
2026-01-25,CHI,FLA,69,5.5,-120,-102
2026-01-25,CHI,FLA,71,5.5,-124,100
2026-01-25,CHI,FLA,75,6.0,100,-120
2026-01-25,CGY,ANA,15,5.5,-135,114
2026-01-25,CGY,ANA,30,6.5,-110,-110
2026-01-25,CGY,ANA,68,5.5,-135,114
2026-01-25,CGY,ANA,69,5.5,-134,110
2026-01-25,CGY,ANA,71,6.0,-117,-107
2026-01-25,CGY,ANA,75,6.0,100,-120
2026-01-26,TB,UTA,15,5.5,-135,114
2026-01-26,TB,UTA,30,6.5,110,-132
2026-01-26,TB,UTA,68,5.5,-135,114
2026-01-26,TB,UTA,69,5.5,-130,106
2026-01-26,TB,UTA,71,6.0,-115,-108
2026-01-26,TB,UTA,75,6.0,-105,-115
2026-01-26,PHI,NYI,15,5.5,-125,105
2026-01-26,PHI,NYI,30,5.5,-125,105
2026-01-26,PHI,NYI,68,5.5,-125,105
2026-01-26,PHI,NYI,69,5.5,-124,-100
2026-01-26,PHI,NYI,71,6.0,-106,-118
2026-01-26,PHI,NYI,75,6.0,-105,-115
2026-01-26,NYR,BOS,15,6.5,-116,-103
2026-01-26,NYR,BOS,30,6.5,105,-125
2026-01-26,NYR,BOS,68,6.5,-118,-102
2026-01-26,NYR,BOS,69,6.5,-114,-106
2026-01-26,NYR,BOS,71,6.5,-110,-113
2026-01-26,NYR,BOS,75,6.5,-118,-102
2026-01-26,EDM,ANA,15,6.5,-142,120
2026-01-26,EDM,ANA,30,6.5,-125,105
2026-01-26,EDM,ANA,68,6.5,-142,120
2026-01-26,EDM,ANA,69,6.5,-148,120
2026-01-26,EDM,ANA,71,7.0,105,-130
2026-01-26,EDM,ANA,75,7.0,110,-135
2026-01-27,DET,LA,15,5.5,-105,-115
2026-01-27,DET,LA,30,5.5,-125,105
2026-01-27,DET,LA,68,5.5,-105,-115
2026-01-27,DET,LA,69,5.5,-102,-120
2026-01-27,DET,LA,71,5.5,-108,-115
2026-01-27,DET,LA,75,5.5,-105,-115
2026-01-27,BOS,NSH,15,6.5,-102,-112
2026-01-27,BOS,NSH,30,6.5,105,-125
2026-01-27,BOS,NSH,68,6.5,-108,-112
2026-01-27,BOS,NSH,69,6.5,-102,-120
2026-01-27,BOS,NSH,71,6.5,-106,-118
2026-01-27,BOS,NSH,75,6.5,-105,-115
2026-01-27,FLA,UTA,15,6.5,110,-118
2026-01-27,FLA,UTA,30,6.5,110,-132
2026-01-27,FLA,UTA,68,6.5,110,-130
2026-01-27,FLA,UTA,69,6.5,110,-134
2026-01-27,FLA,UTA,71,6.5,-103,-122
2026-01-27,FLA,UTA,75,6.0,-115,-105
2026-01-27,MTL,VGK,15,6.5,-114,-105
2026-01-27,MTL,VGK,30,6.5,-105,-116
2026-01-27,MTL,VGK,68,6.5,-115,-105
2026-01-27,MTL,VGK,69,6.5,-114,-106
2026-01-27,MTL,VGK,71,6.5,-118,-106
2026-01-27,MTL,VGK,75,6.5,-105,-115
2026-01-27,TOR,BUF,15,6.5,-118,-105
2026-01-27,TOR,BUF,30,6.5,-100,-120
2026-01-27,TOR,BUF,68,6.5,-118,-102
2026-01-27,TOR,BUF,69,6.5,-118,-104
2026-01-27,TOR,BUF,71,6.5,-124,100
2026-01-27,TOR,BUF,75,6.5,-118,-102
2026-01-27,NJ,WPG,15,5.5,-105,-115
2026-01-27,NJ,WPG,30,5.5,-132,110
2026-01-27,NJ,WPG,68,5.5,-105,-115
2026-01-27,NJ,WPG,69,5.5,-100,-122
2026-01-27,NJ,WPG,71,5.5,-117,-109
2026-01-27,NJ,WPG,75,5.5,-105,-115
2026-01-27,MIN,CHI,15,6.5,110,-130
2026-01-27,MIN,CHI,30,6.5,110,-132
2026-01-27,MIN,CHI,68,6.5,110,-130
2026-01-27,MIN,CHI,69,6.5,110,-134
2026-01-27,MIN,CHI,71,6.0,-114,-109
2026-01-27,MIN,CHI,75,6.0,-115,-105
2026-01-27,STL,DAL,15,5.5,-115,-105
2026-01-27,STL,DAL,30,6.5,115,-141
2026-01-27,STL,DAL,68,5.5,-115,-105
2026-01-27,STL,DAL,69,5.5,-115,-105
2026-01-27,STL,DAL,71,5.5,-118,-106
2026-01-27,STL,DAL,75,5.5,-115,-105
2026-01-27,SEA,WSH,15,6.5,114,-135
2026-01-27,SEA,WSH,30,6.5,115,-141
2026-01-27,SEA,WSH,68,6.5,114,-135
2026-01-27,SEA,WSH,69,5.5,-140,112
2026-01-27,SEA,WSH,71,6.0,-107,-115
2026-01-27,SEA,WSH,75,6.0,-115,-105
2026-01-27,VAN,SJ,15,6.5,-120,100
2026-01-27,VAN,SJ,30,6.5,-100,-120
2026-01-27,VAN,SJ,68,6.5,-120,100
2026-01-27,VAN,SJ,69,6.5,-122,-100
2026-01-27,VAN,SJ,71,6.5,-122,100
2026-01-27,VAN,SJ,75,6.5,-120,100
2026-01-28,NYI,NYR,15,6.5,111,-135
2026-01-28,NYI,NYR,30,5.5,-130,110
2026-01-28,NYI,NYR,68,6.5,110,-130
2026-01-28,NYI,NYR,69,6.5,112,-140
2026-01-28,NYI,NYR,71,6.5,-105,-120
2026-01-28,NYI,NYR,75,6.0,-115,-105
2026-01-28,CBJ,PHI,15,6.5,-100,-120
2026-01-28,CBJ,PHI,30,6.5,100,-120
2026-01-28,CBJ,PHI,68,6.5,100,-120
2026-01-28,CBJ,PHI,69,6.5,-100,-122
2026-01-28,CBJ,PHI,71,6.5,-106,-117
2026-01-28,CBJ,PHI,75,6.5,100,-120
2026-01-28,OTT,COL,15,6.5,-123,105
2026-01-28,OTT,COL,30,6.5,100,-120
2026-01-28,OTT,COL,68,6.5,-125,105
2026-01-28,OTT,COL,69,6.5,-122,-100
2026-01-28,OTT,COL,71,6.5,-125,102
2026-01-28,OTT,COL,75,6.5,-130,110
2026-01-29,BOS,PHI,15,6.5,106,-128
2026-01-29,BOS,PHI,30,6.5,-115,-105
2026-01-29,BOS,PHI,68,6.5,105,-125
2026-01-29,BOS,PHI,69,6.5,108,-132
2026-01-29,BOS,PHI,71,6.5,-103,-122
2026-01-29,BOS,PHI,75,6.0,-120,100
2026-01-29,BUF,LA,15,5.5,-115,-105
2026-01-29,BUF,LA,30,6.5,100,-120
2026-01-29,BUF,LA,68,5.5,-115,-105
2026-01-29,BUF,LA,69,5.5,-114,-106
2026-01-29,BUF,LA,71,6.0,102,-125
2026-01-29,BUF,LA,75,5.5,-115,-105
2026-01-29,TB,WPG,15,5.5,-111,-113
2026-01-29,TB,WPG,30,6.5,110,-132
2026-01-29,TB,WPG,68,5.5,-108,-112
2026-01-29,TB,WPG,69,5.5,-105,-115
2026-01-29,TB,WPG,71,5.5,-121,-104
2026-01-29,TB,WPG,75,5.5,-110,-110
2026-01-29,NJ,NSH,15,6.0,-122,102
2026-01-29,NJ,NSH,30,5.5,-132,110
2026-01-29,NJ,NSH,68,6.5,105,-125
2026-01-29,NJ,NSH,69,6.5,106,-130
2026-01-29,NJ,NSH,71,6.0,-107,-115
2026-01-29,NJ,NSH,75,6.0,-120,100
2026-01-29,CAR,UTA,15,6.5,112,-135
2026-01-29,CAR,UTA,30,5.5,-116,-105
2026-01-29,CAR,UTA,68,6.5,110,-130
2026-01-29,CAR,UTA,69,6.5,114,-140
2026-01-29,CAR,UTA,71,6.0,-114,-109
2026-01-29,CAR,UTA,75,6.0,-110,-110
2026-01-29,PIT,CHI,15,6.5,-100,-122
2026-01-29,PIT,CHI,30,5.5,-125,105
2026-01-29,PIT,CHI,68,6.5,-102,-118
2026-01-29,PIT,CHI,69,6.5,102,-124
2026-01-29,PIT,CHI,71,6.5,-106,-118
2026-01-29,PIT,CHI,75,6.5,100,-120
2026-01-29,MTL,COL,15,6.5,-127,107
2026-01-29,MTL,COL,30,6.5,-120,100
2026-01-29,MTL,COL,68,6.5,-130,110
2026-01-29,MTL,COL,69,6.5,-118,-104
2026-01-29,MTL,COL,71,6.5,-141,112
2026-01-29,MTL,COL,75,6.5,-125,105
2026-01-29,NYR,NYI,15,6.0,-119,102
2026-01-29,NYR,NYI,30,6.5,-105,-116
2026-01-29,NYR,NYI,68,5.5,-135,114
2026-01-29,NYR,NYI,69,5.5,-128,104
2026-01-29,NYR,NYI,71,6.0,-104,-121
2026-01-29,NYR,NYI,75,6.0,-110,-110
2026-01-29,DET,WSH,15,6.5,-107,-110
2026-01-29,DET,WSH,30,5.5,-132,110
2026-01-29,DET,WSH,68,6.5,-110,-110
2026-01-29,DET,WSH,69,6.5,-105,-115
2026-01-29,DET,WSH,71,6.5,-106,-118
2026-01-29,DET,WSH,75,6.5,-110,-110
2026-01-29,MIN,CGY,15,5.5,-134,112
2026-01-29,MIN,CGY,30,5.5,-132,110
2026-01-29,MIN,CGY,68,5.5,-135,114
2026-01-29,MIN,CGY,69,5.5,-134,110
2026-01-29,MIN,CGY,71,6.0,-107,-117
2026-01-29,MIN,CGY,75,6.0,-105,-115
2026-01-29,STL,FLA,15,5.5,-116,-105
2026-01-29,STL,FLA,30,5.5,-110,-110
2026-01-29,STL,FLA,68,5.5,-115,-105
2026-01-29,STL,FLA,69,5.5,-118,-104
2026-01-29,STL,FLA,71,5.5,-127,102
2026-01-29,STL,FLA,75,5.5,-115,-105
2026-01-29,EDM,SJ,15,6.5,-158,131
2026-01-29,EDM,SJ,30,6.5,-115,-105
2026-01-29,EDM,SJ,68,6.5,-162,136
2026-01-29,EDM,SJ,69,6.5,-154,126
2026-01-29,EDM,SJ,71,7.0,-110,-113
2026-01-29,EDM,SJ,75,10.0,550,-1000
2026-01-29,VGK,DAL,15,6.5,102,-122
2026-01-29,VGK,DAL,30,6.5,-105,-116
2026-01-29,VGK,DAL,68,6.5,114,-135
2026-01-29,VGK,DAL,69,5.5,-138,112
2026-01-29,VGK,DAL,71,6.0,-112,-112
2026-01-29,VGK,DAL,75,6.0,-110,-110
2026-01-29,SEA,TOR,15,6.5,-105,-118
2026-01-29,SEA,TOR,30,6.5,120,-147
2026-01-29,SEA,TOR,68,6.5,-105,-115
2026-01-29,SEA,TOR,69,6.5,-100,-122
2026-01-29,SEA,TOR,71,6.5,-107,-117
2026-01-29,SEA,TOR,75,6.5,-105,-115
2026-01-29,VAN,ANA,15,6.5,-126,104
2026-01-29,VAN,ANA,30,6.5,110,-132
2026-01-29,VAN,ANA,68,6.5,-130,110
2026-01-29,VAN,ANA,69,6.5,-128,104
2026-01-29,VAN,ANA,71,6.5,-141,112
2026-01-29,VAN,ANA,75,6.5,-130,110
2026-01-30,CHI,CBJ,15,6.5,102,-123
2026-01-30,CHI,CBJ,30,6.5,-100,-120
2026-01-30,CHI,CBJ,68,6.5,102,-122
2026-01-30,CHI,CBJ,69,6.5,104,-128
2026-01-30,CHI,CBJ,71,6.5,100,-125
2026-01-30,CHI,CBJ,75,6.5,100,-120
2026-01-31,PHI,LA,15,5.5,-115,-107
2026-01-31,PHI,LA,30,5.5,-142,120
2026-01-31,PHI,LA,68,5.5,-115,-105
2026-01-31,PHI,LA,69,5.5,-110,-110
2026-01-31,PHI,LA,71,5.5,-117,-107
2026-01-31,PHI,LA,75,5.5,-115,-105
2026-01-31,DET,COL,15,6.5,-100,-117
2026-01-31,DET,COL,30,6.5,-115,-105
2026-01-31,DET,COL,68,6.5,-105,-115
2026-01-31,DET,COL,69,6.5,-100,-122
2026-01-31,DET,COL,71,6.5,-114,-109
2026-01-31,DET,COL,75,6.5,100,-120
2026-01-31,PIT,NYR,15,6.5,-102,-121
2026-01-31,PIT,NYR,30,6.5,114,-135
2026-01-31,PIT,NYR,68,6.5,100,-120
2026-01-31,PIT,NYR,69,6.5,-104,-122
2026-01-31,PIT,NYR,71,6.5,-106,-118
2026-01-31,PIT,NYR,75,6.5,100,-120
2026-01-31,CGY,SJ,15,6.5,108,-124
2026-01-31,CGY,SJ,30,6.5,110,-130
2026-01-31,CGY,SJ,68,6.5,110,-130
2026-01-31,CGY,SJ,69,6.5,106,-130
2026-01-31,CGY,SJ,71,6.0,-120,-105
2026-01-31,CGY,SJ,75,6.0,-118,-102
2026-01-31,FLA,WPG,15,5.5,-124,104
2026-01-31,FLA,WPG,30,6.5,-115,-105
2026-01-31,FLA,WPG,68,5.5,-135,114
2026-01-31,FLA,WPG,69,5.5,-114,-106
2026-01-31,FLA,WPG,71,5.5,-118,-106
2026-01-31,FLA,WPG,75,6.0,-102,-118
2026-01-31,WSH,CAR,15,6.5,-118,-105
2026-01-31,WSH,CAR,30,5.5,-142,120
2026-01-31,WSH,CAR,68,6.5,-115,-105
2026-01-31,WSH,CAR,69,6.5,-122,-100
2026-01-31,WSH,CAR,71,6.5,-120,-105
2026-01-31,WSH,CAR,75,6.5,-120,100
2026-01-31,STL,CBJ,15,6.5,104,-126
2026-01-31,STL,CBJ,30,6.5,100,-120
2026-01-31,STL,CBJ,68,6.5,100,-120
2026-01-31,STL,CBJ,69,6.5,108,-132
2026-01-31,STL,CBJ,71,6.5,102,-125
2026-01-31,STL,CBJ,75,6.5,100,-120
2026-01-31,VAN,TOR,15,6.5,-116,-102
2026-01-31,VAN,TOR,30,6.5,-112,-108
2026-01-31,VAN,TOR,68,6.5,-118,-102
2026-01-31,VAN,TOR,69,6.5,-120,-102
2026-01-31,VAN,TOR,71,6.5,-127,102
2026-01-31,VAN,TOR,75,6.5,-120,100
2026-01-31,OTT,NJ,15,5.5,-120,-100
2026-01-31,OTT,NJ,30,5.5,-130,110
2026-01-31,OTT,NJ,68,5.5,-120,100
2026-01-31,OTT,NJ,69,5.5,-120,-102
2026-01-31,OTT,NJ,71,6.0,100,-125
2026-01-31,OTT,NJ,75,5.5,-120,100
2026-01-31,BUF,MTL,15,6.5,-121,-101
2026-01-31,BUF,MTL,30,6.5,-130,110
2026-01-31,BUF,MTL,68,6.5,-122,102
2026-01-31,BUF,MTL,69,6.5,-115,-105
2026-01-31,BUF,MTL,71,6.5,-129,104
2026-01-31,BUF,MTL,75,6.5,-120,100
2026-01-31,NYI,NSH,15,5.5,-120,-103
2026-01-31,NYI,NSH,30,5.5,-130,110
2026-01-31,NYI,NSH,68,5.5,-120,100
2026-01-31,NYI,NSH,69,5.5,-114,-106
2026-01-31,NYI,NSH,71,5.5,-114,-109
2026-01-31,NYI,NSH,75,5.5,-120,100
2026-01-31,UTA,DAL,15,5.5,-124,102
2026-01-31,UTA,DAL,30,5.5,-120,100
2026-01-31,UTA,DAL,68,5.5,-120,100
2026-01-31,UTA,DAL,69,5.5,-128,104
2026-01-31,UTA,DAL,71,6.0,100,-124
2026-01-31,UTA,DAL,75,5.5,-120,100
2026-01-31,EDM,MIN,15,6.5,-135,114
2026-01-31,EDM,MIN,30,6.5,-125,105
2026-01-31,EDM,MIN,68,6.5,-135,114
2026-01-31,EDM,MIN,69,6.5,-134,110
2026-01-31,EDM,MIN,71,6.5,-136,110
2026-01-31,EDM,MIN,75,6.5,-140,118
2026-01-31,VGK,SEA,15,6.5,112,-104
2026-01-31,VGK,SEA,30,6.5,110,-130
2026-01-31,VGK,SEA,68,6.5,110,-130
2026-01-31,VGK,SEA,69,6.5,114,-140
2026-01-31,VGK,SEA,71,6.0,-120,-105
2026-01-31,VGK,SEA,75,6.0,-120,100
2026-02-01,CAR,LA,15,5.5,-119,-101
2026-02-01,CAR,LA,30,5.5,-120,-100
2026-02-01,CAR,LA,68,5.5,-118,-102
2026-02-01,CAR,LA,69,5.5,-120,-102
2026-02-01,CAR,LA,71,5.5,-114,-109
2026-02-01,CAR,LA,75,5.5,-120,100
2026-02-01,TB,BOS,15,6.0,-117,-102
2026-02-01,TB,BOS,30,6.5,110,-130
2026-02-01,TB,BOS,68,5.5,-130,110
2026-02-01,TB,BOS,69,5.5,-130,104
2026-02-01,TB,BOS,71,6.0,-105,-118
2026-02-01,TB,BOS,75,6.0,-102,-118
2026-02-01,ANA,VGK,15,6.5,-120,-102
2026-02-01,ANA,VGK,30,6.5,-116,-105
2026-02-01,ANA,VGK,68,6.5,-120,100
2026-02-01,ANA,VGK,69,6.5,-118,-104
2026-02-01,ANA,VGK,71,6.5,-118,-106
2026-02-01,ANA,VGK,75,6.5,-120,100
2026-02-02,PIT,OTT,15,6.5,-105,-115
2026-02-02,PIT,OTT,30,5.5,-141,115
2026-02-02,PIT,OTT,68,6.5,-105,-115
2026-02-02,PIT,OTT,69,6.5,-110,-110
2026-02-02,PIT,OTT,71,6.5,-118,-105
2026-02-02,PIT,OTT,75,6.5,-105,-115
2026-02-02,FLA,BUF,15,6.5,104,-125
2026-02-02,FLA,BUF,30,5.5,-141,115
2026-02-02,FLA,BUF,68,6.5,105,-125
2026-02-02,FLA,BUF,69,6.5,104,-128
2026-02-02,FLA,BUF,71,6.5,-104,-121
2026-02-02,FLA,BUF,75,6.0,-118,-102
2026-02-02,WSH,NYI,15,6.5,-109,-110
2026-02-02,WSH,NYI,30,6.5,110,-132
2026-02-02,WSH,NYI,68,6.5,-108,-112
2026-02-02,WSH,NYI,69,6.5,-110,-110
2026-02-02,WSH,NYI,71,6.5,-109,-114
2026-02-02,WSH,NYI,75,6.5,-110,-110
2026-02-02,MIN,MTL,15,6.5,-113,-109
2026-02-02,MIN,MTL,30,6.5,-105,-116
2026-02-02,MIN,MTL,68,6.5,-115,-105
2026-02-02,MIN,MTL,69,6.5,-112,-108
2026-02-02,MIN,MTL,71,6.5,-115,-107
2026-02-02,MIN,MTL,75,6.5,-110,-110
2026-02-02,NSH,STL,15,6.0,-116,-104
2026-02-02,NSH,STL,30,5.5,-125,105
2026-02-02,NSH,STL,68,5.5,-125,105
2026-02-02,NSH,STL,69,5.5,-134,110
2026-02-02,NSH,STL,71,6.0,-105,-120
2026-02-02,NSH,STL,75,6.0,100,-120
2026-02-02,DAL,WPG,15,5.5,-106,-122
2026-02-02,DAL,WPG,30,6.5,115,-141
2026-02-02,DAL,WPG,68,5.5,-115,-105
2026-02-02,DAL,WPG,69,5.5,102,-124
2026-02-02,DAL,WPG,71,5.5,-108,-115
2026-02-02,DAL,WPG,75,5.5,100,-120
2026-02-02,CHI,SJ,15,6.5,-103,-119
2026-02-02,CHI,SJ,30,6.5,-111,-111
2026-02-02,CHI,SJ,68,6.5,-102,-118
2026-02-02,CHI,SJ,69,6.5,-102,-120
2026-02-02,CHI,SJ,71,6.5,-104,-121
2026-02-02,CHI,SJ,75,3.0,-10000,1500
2026-02-02,COL,DET,15,6.5,102,-122
2026-02-02,COL,DET,30,6.5,-100,-120
2026-02-02,COL,DET,68,6.5,105,-125
2026-02-02,COL,DET,69,6.5,104,-128
2026-02-02,COL,DET,71,6.5,-104,-121
2026-02-02,COL,DET,75,6.5,100,-120
2026-02-02,UTA,VAN,15,6.5,-105,-118
2026-02-02,UTA,VAN,30,6.5,110,-132
2026-02-02,UTA,VAN,68,6.5,-105,-115
2026-02-02,UTA,VAN,69,6.5,-100,-122
2026-02-02,UTA,VAN,71,6.5,-103,-122
2026-02-02,UTA,VAN,75,6.5,-105,-115
2026-02-02,CGY,TOR,15,6.5,102,-129
2026-02-02,CGY,TOR,30,5.5,-132,110
2026-02-02,CGY,TOR,68,6.5,105,-125
2026-02-02,CGY,TOR,69,6.5,110,-134
2026-02-02,CGY,TOR,71,6.5,-104,-121
2026-02-02,CGY,TOR,75,6.0,-120,100
2026-02-03,NJ,CBJ,15,6.0,-119,-100
2026-02-03,NJ,CBJ,30,6.5,110,-132
2026-02-03,NJ,CBJ,68,5.5,-135,114
2026-02-03,NJ,CBJ,69,6.5,116,-142
2026-02-03,NJ,CBJ,71,6.0,-106,-118
2026-02-03,NJ,CBJ,75,6.0,-110,-110
2026-02-03,PHI,WSH,15,6.5,-100,-120
2026-02-03,PHI,WSH,30,6.5,115,-141
2026-02-03,PHI,WSH,68,6.5,100,-120
2026-02-03,PHI,WSH,69,6.5,-100,-122
2026-02-03,PHI,WSH,71,6.5,-108,-121
2026-02-03,PHI,WSH,75,6.5,100,-120
2026-02-03,CAR,OTT,15,6.5,-116,-105
2026-02-03,CAR,OTT,30,6.5,105,-125
2026-02-03,CAR,OTT,68,6.5,-118,-102
2026-02-03,CAR,OTT,69,6.5,-114,-106
2026-02-03,CAR,OTT,71,6.5,-115,-108
2026-02-03,CAR,OTT,75,6.5,-115,-105
2026-02-03,TB,BUF,15,6.5,-100,-120
2026-02-03,TB,BUF,30,6.5,105,-125
2026-02-03,TB,BUF,68,6.5,100,-120
2026-02-03,TB,BUF,69,6.5,104,-128
2026-02-03,TB,BUF,71,6.5,-108,-115
2026-02-03,TB,BUF,75,6.5,100,-120
2026-02-03,NYI,PIT,15,5.5,-110,-110
2026-02-03,NYI,PIT,30,5.5,-141,115
2026-02-03,NYI,PIT,68,5.5,-108,-112
2026-02-03,NYI,PIT,69,5.5,-110,-110
2026-02-03,NYI,PIT,71,5.5,-121,-104
2026-02-03,NYI,PIT,75,5.5,-110,-110
2026-02-03,EDM,TOR,15,7.0,-130,109
2026-02-03,EDM,TOR,30,6.5,-120,-100
2026-02-03,EDM,TOR,68,6.5,-162,136
2026-02-03,EDM,TOR,69,6.5,-158,128
2026-02-03,EDM,TOR,71,7.0,-110,-113
2026-02-03,EDM,TOR,75,7.0,-110,-110
2026-02-03,ANA,SEA,15,6.5,-105,-115
2026-02-03,ANA,SEA,30,6.5,105,-125
2026-02-03,ANA,SEA,68,6.5,-105,-115
2026-02-03,ANA,SEA,69,6.5,104,-128
2026-02-03,ANA,SEA,71,6.5,-109,-114
2026-02-03,ANA,SEA,75,6.5,-105,-115
2026-02-04,CBJ,CHI,15,5.5,-120,-100
2026-02-04,CBJ,CHI,30,6.5,105,-125
2026-02-04,CBJ,CHI,68,5.5,-120,100
2026-02-04,CBJ,CHI,69,5.5,-122,-100
2026-02-04,CBJ,CHI,71,6.0,-109,-114
2026-02-04,CBJ,CHI,75,5.5,-120,100
2026-02-04,WPG,MTL,15,6.5,-100,-121
2026-02-04,WPG,MTL,30,6.5,115,-141
2026-02-04,WPG,MTL,68,6.5,102,-122
2026-02-04,WPG,MTL,69,6.5,-100,-122
2026-02-04,WPG,MTL,71,6.5,-103,-122
2026-02-04,WPG,MTL,75,6.5,100,-120
2026-02-04,FLA,BOS,15,6.5,-109,-113
2026-02-04,FLA,BOS,30,5.5,-147,120
2026-02-04,FLA,BOS,68,6.5,-108,-112
2026-02-04,FLA,BOS,69,6.5,-105,-115
2026-02-04,FLA,BOS,71,6.5,-121,-104
2026-02-04,FLA,BOS,75,6.5,-110,-110
2026-02-04,NSH,MIN,15,6.5,-125,105
2026-02-04,NSH,MIN,30,6.5,115,-141
2026-02-04,NSH,MIN,68,6.5,-125,105
2026-02-04,NSH,MIN,69,6.5,-122,-100
2026-02-04,NSH,MIN,71,6.5,-118,-106
2026-02-04,NSH,MIN,75,6.5,-125,105
2026-02-04,COL,SJ,15,6.5,-118,-104
2026-02-04,COL,SJ,30,6.5,-116,-105
2026-02-04,COL,SJ,68,6.5,-118,-102
2026-02-04,COL,SJ,69,6.5,-118,-104
2026-02-04,COL,SJ,71,6.5,-136,105
2026-02-04,COL,SJ,75,6.5,-118,-102
2026-02-04,UTA,DET,15,5.5,-129,107
2026-02-04,UTA,DET,30,6.5,115,-141
2026-02-04,UTA,DET,68,5.5,-130,110
2026-02-04,UTA,DET,69,5.5,-128,104
2026-02-04,UTA,DET,71,6.0,-113,-110
2026-02-04,UTA,DET,75,6.0,-105,-115
2026-02-04,DAL,STL,15,6.0,-114,-104
2026-02-04,DAL,STL,30,5.5,-125,105
2026-02-04,DAL,STL,68,5.5,-130,110
2026-02-04,DAL,STL,69,5.5,-130,106
2026-02-04,DAL,STL,71,6.0,-113,-110
2026-02-04,DAL,STL,75,6.0,100,-120
2026-02-04,VGK,VAN,15,6.5,-101,-121
2026-02-04,VGK,VAN,30,6.5,105,-125
2026-02-04,VGK,VAN,68,6.5,-102,-118
2026-02-04,VGK,VAN,69,6.5,102,-124
2026-02-04,VGK,VAN,71,6.5,-105,-120
2026-02-04,VGK,VAN,75,6.5,-105,-115
2026-02-04,CGY,EDM,15,6.5,-115,-105
2026-02-04,CGY,EDM,30,6.5,-111,-111
2026-02-04,CGY,EDM,68,6.5,-115,-105
2026-02-04,CGY,EDM,69,6.5,-114,-106
2026-02-04,CGY,EDM,71,6.5,-105,-120
2026-02-04,CGY,EDM,75,6.5,-118,-102
2026-02-04,LA,SEA,15,5.5,-105,-117
2026-02-04,LA,SEA,30,5.5,-111,-111
2026-02-04,LA,SEA,68,5.5,-105,-115
2026-02-04,LA,SEA,69,5.5,-102,-120
2026-02-04,LA,SEA,71,5.5,-114,-109
2026-02-04,LA,SEA,75,5.5,-105,-115
2026-02-05,BUF,PIT,15,6.5,-130,107
2026-02-05,BUF,PIT,30,6.5,-111,-111
2026-02-05,BUF,PIT,68,6.5,-125,105
2026-02-05,BUF,PIT,69,6.5,-130,-100
2026-02-05,BUF,PIT,71,6.5,-134,108
2026-02-05,BUF,PIT,75,6.5,-130,110
2026-02-05,NJ,NYI,15,5.5,109,-131
2026-02-05,NJ,NYI,30,5.5,-111,-111
2026-02-05,NJ,NYI,68,5.5,114,-135
2026-02-05,NJ,NYI,69,5.5,108,-132
2026-02-05,NJ,NYI,71,5.5,110,-137
2026-02-05,NJ,NYI,75,5.5,110,-130
2026-02-05,WSH,NSH,15,6.5,-110,-110
2026-02-05,WSH,NSH,30,6.5,115,-141
2026-02-05,WSH,NSH,68,6.5,-112,-108
2026-02-05,WSH,NSH,69,6.5,-108,-112
2026-02-05,WSH,NSH,71,6.5,-115,-108
2026-02-05,WSH,NSH,75,6.5,-110,-110
2026-02-05,PHI,OTT,15,6.0,-120,-100
2026-02-05,PHI,OTT,30,6.5,105,-125
2026-02-05,PHI,OTT,68,6.5,102,-122
2026-02-05,PHI,OTT,69,6.5,-100,-122
2026-02-05,PHI,OTT,71,6.5,-104,-120
2026-02-05,PHI,OTT,75,6.0,-120,100
2026-02-05,NYR,CAR,15,6.0,-120,-100
2026-02-05,NYR,CAR,30,5.5,-141,115
2026-02-05,NYR,CAR,68,6.5,105,-125
2026-02-05,NYR,CAR,69,6.5,104,-128
2026-02-05,NYR,CAR,71,6.5,100,-124
2026-02-05,NYR,CAR,75,6.0,-120,100
2026-02-05,TB,FLA,15,6.0,-110,-108
2026-02-05,TB,FLA,30,5.5,-132,110
2026-02-05,TB,FLA,68,5.5,-122,102
2026-02-05,TB,FLA,69,5.5,-122,-100
2026-02-05,TB,FLA,71,5.5,-121,-104
2026-02-05,TB,FLA,75,5.5,-120,100
2026-02-05,VGK,LA,15,5.5,-125,104
2026-02-05,VGK,LA,30,5.5,-141,115
2026-02-05,VGK,LA,68,5.5,-125,105
2026-02-05,VGK,LA,69,5.5,-128,104
2026-02-05,VGK,LA,71,6.0,-106,-118
2026-02-05,VGK,LA,75,6.0,100,-120
2026-02-25,NJ,BUF,15,6.5,-102,-117
2026-02-25,NJ,BUF,30,6.5,120,-147
2026-02-25,NJ,BUF,68,6.5,110,-130
2026-02-25,NJ,BUF,69,6.5,112,-138
2026-02-25,NJ,BUF,71,6.0,-121,-104
2026-02-25,NJ,BUF,75,6.0,-115,-105
2026-02-25,WSH,PHI,15,5.5,-115,-105
2026-02-25,WSH,PHI,30,5.5,-147,120
2026-02-25,WSH,PHI,68,5.5,-112,-108
2026-02-25,WSH,PHI,69,5.5,-115,-105
2026-02-25,WSH,PHI,71,5.5,-113,-110
2026-02-25,WSH,PHI,75,5.5,-115,-105
2026-02-25,TB,TOR,15,6.5,115,-138
2026-02-25,TB,TOR,30,6.5,120,-147
2026-02-25,TB,TOR,68,6.5,114,-135
2026-02-25,TB,TOR,69,6.5,116,-142
2026-02-25,TB,TOR,71,6.0,-122,100
2026-02-25,TB,TOR,75,6.0,-115,-105
2026-02-25,DAL,SEA,15,5.5,104,-126
2026-02-25,DAL,SEA,30,5.5,-116,-105
2026-02-25,DAL,SEA,68,5.5,102,-122
2026-02-25,DAL,SEA,69,5.5,106,-130
2026-02-25,DAL,SEA,71,5.5,102,-125
2026-02-25,DAL,SEA,75,5.5,100,-120
2026-02-25,UTA,COL,15,5.5,-125,105
2026-02-25,UTA,COL,30,6.5,105,-125
2026-02-25,UTA,COL,68,5.5,-125,105
2026-02-25,UTA,COL,69,5.5,-122,-100
2026-02-25,UTA,COL,71,5.5,-125,100
2026-02-25,UTA,COL,75,6.0,-105,-115
2026-02-25,VAN,WPG,15,6.5,-111,-108
2026-02-25,VAN,WPG,30,6.5,115,-141
2026-02-25,VAN,WPG,68,6.5,102,-122
2026-02-25,VAN,WPG,69,6.5,104,-128
2026-02-25,VAN,WPG,71,6.0,-127,102
2026-02-25,VAN,WPG,75,6.0,-120,100
2026-02-25,LA,VGK,15,5.5,100,-120
2026-02-25,LA,VGK,30,5.5,-116,-105
2026-02-25,LA,VGK,68,5.5,-105,-115
2026-02-25,LA,VGK,69,5.5,-100,-122
2026-02-25,LA,VGK,71,5.5,110,-137
2026-02-25,LA,VGK,75,5.5,100,-120
2026-02-25,ANA,EDM,15,6.5,-153,127
2026-02-25,ANA,EDM,30,6.5,-120,-100
2026-02-25,ANA,EDM,68,6.5,-155,130
2026-02-25,ANA,EDM,69,6.5,-152,124
2026-02-25,ANA,EDM,71,7.0,106,-132
2026-02-25,ANA,EDM,75,7.0,100,-120
2026-02-26,OTT,DET,15,5.5,-134,111
2026-02-26,OTT,DET,30,5.5,-130,110
2026-02-26,OTT,DET,68,5.5,-130,110
2026-02-26,OTT,DET,69,5.5,-138,112
2026-02-26,OTT,DET,71,6.0,-109,-114
2026-02-26,OTT,DET,75,6.0,-105,-115
2026-02-26,MTL,NYI,15,6.0,-110,-110
2026-02-26,MTL,NYI,30,6.5,105,-125
2026-02-26,MTL,NYI,68,5.5,-135,114
2026-02-26,MTL,NYI,69,6.5,116,-142
2026-02-26,MTL,NYI,71,6.0,-110,-113
2026-02-26,MTL,NYI,75,6.0,-110,-110
2026-02-26,PIT,NJ,15,5.5,-132,110
2026-02-26,PIT,NJ,30,5.5,-125,105
2026-02-26,PIT,NJ,68,5.5,-130,110
2026-02-26,PIT,NJ,69,5.5,-132,108
2026-02-26,PIT,NJ,71,6.0,-109,-114
2026-02-26,PIT,NJ,75,6.0,-105,-115
2026-02-26,BOS,CBJ,15,6.5,-105,-115
2026-02-26,BOS,CBJ,30,6.5,100,-120
2026-02-26,BOS,CBJ,68,6.5,-105,-115
2026-02-26,BOS,CBJ,69,6.5,-106,-114
2026-02-26,BOS,CBJ,71,6.5,100,-122
2026-02-26,BOS,CBJ,75,6.5,-105,-115
2026-02-26,CAR,TB,15,6.5,102,-122
2026-02-26,CAR,TB,30,6.5,105,-125
2026-02-26,CAR,TB,68,6.5,102,-122
2026-02-26,CAR,TB,69,6.5,108,-132
2026-02-26,CAR,TB,71,6.0,-120,-105
2026-02-26,CAR,TB,75,6.0,-120,100
2026-02-26,FLA,TOR,15,6.5,-111,-108
2026-02-26,FLA,TOR,30,6.5,105,-125
2026-02-26,FLA,TOR,68,6.5,102,-122
2026-02-26,FLA,TOR,69,6.5,104,-128
2026-02-26,FLA,TOR,71,6.5,-104,-121
2026-02-26,FLA,TOR,75,6.0,-120,100
2026-02-26,NSH,CHI,15,6.5,-105,-116
2026-02-26,NSH,CHI,30,5.5,-130,110
2026-02-26,NSH,CHI,68,6.5,-102,-118
2026-02-26,NSH,CHI,69,6.5,-112,-108
2026-02-26,NSH,CHI,71,6.5,-113,-110
2026-02-26,NSH,CHI,75,6.5,-105,-115
2026-02-26,STL,SEA,15,5.5,-125,105
2026-02-26,STL,SEA,30,5.5,-130,110
2026-02-26,STL,SEA,68,5.5,-130,110
2026-02-26,STL,SEA,69,5.5,-124,102
2026-02-26,STL,SEA,71,6.0,102,-125
2026-02-26,STL,SEA,75,6.0,100,-120
2026-02-26,NYR,PHI,15,5.5,167,-225
2026-02-26,NYR,PHI,30,5.5,-120,100
2026-02-26,NYR,PHI,68,5.5,-135,114
2026-02-26,NYR,PHI,69,5.5,-134,110
2026-02-26,NYR,PHI,71,6.0,-106,-118
2026-02-26,NYR,PHI,75,6.0,-110,-110
2026-02-26,COL,MIN,15,6.5,-105,-115
2026-02-26,COL,MIN,30,6.5,100,-120
2026-02-26,COL,MIN,68,6.5,-105,-115
2026-02-26,COL,MIN,69,6.5,-105,-115
2026-02-26,COL,MIN,71,6.5,-109,-114
2026-02-26,COL,MIN,75,6.5,-105,-115
2026-02-26,SJ,CGY,15,6.5,102,-122
2026-02-26,SJ,CGY,30,6.5,-105,-115
2026-02-26,SJ,CGY,68,6.5,102,-122
2026-02-26,SJ,CGY,69,6.5,102,-124
2026-02-26,SJ,CGY,71,6.5,100,-124
2026-02-26,SJ,CGY,75,6.5,100,-120
2026-02-26,LA,EDM,15,6.5,-122,-100
2026-02-26,LA,EDM,30,6.5,110,-130
2026-02-26,LA,EDM,68,6.5,-125,105
2026-02-26,LA,EDM,69,6.5,-120,-102
2026-02-26,LA,EDM,71,6.5,-127,102
2026-02-26,LA,EDM,75,6.5,-125,105
2026-02-27,WSH,VGK,15,5.5,-130,110
2026-02-27,WSH,VGK,30,5.5,-141,115
2026-02-27,WSH,VGK,68,5.5,-130,110
2026-02-27,WSH,VGK,69,5.5,-128,104
2026-02-27,WSH,VGK,71,6.0,-107,-115
2026-02-27,WSH,VGK,75,6.0,-105,-115
2026-02-27,FLA,BUF,15,6.5,102,-122
2026-02-27,FLA,BUF,30,6.5,105,-125
2026-02-27,FLA,BUF,68,6.5,105,-125
2026-02-27,FLA,BUF,69,6.5,106,-130
2026-02-27,FLA,BUF,71,6.5,100,-124
2026-02-27,FLA,BUF,75,6.0,-115,-105
2026-02-27,UTA,MIN,15,6.5,-107,-114
2026-02-27,UTA,MIN,30,5.5,-141,115
2026-02-27,UTA,MIN,68,6.5,-108,-112
2026-02-27,UTA,MIN,69,6.5,-106,-114
2026-02-27,UTA,MIN,71,6.5,-110,-112
2026-02-27,UTA,MIN,75,6.5,100,-120
2026-02-27,ANA,WPG,15,6.0,-122,102
2026-02-27,ANA,WPG,30,6.5,105,-125
2026-02-27,ANA,WPG,68,5.5,-135,114
2026-02-27,ANA,WPG,69,5.5,-130,106
2026-02-27,ANA,WPG,71,6.0,-110,-113
2026-02-27,ANA,WPG,75,6.0,-110,-110
2026-02-28,NYR,PIT,15,5.5,173,-234
2026-02-28,NYR,PIT,30,5.5,-125,105
2026-02-28,NYR,PIT,68,5.5,-135,114
2026-02-28,NYR,PIT,69,5.5,-138,112
2026-02-28,NYR,PIT,71,6.0,100,-124
2026-02-28,NYR,PIT,75,6.0,-110,-110
2026-02-28,PHI,BOS,15,6.5,-102,-117
2026-02-28,PHI,BOS,30,5.5,-147,120
2026-02-28,PHI,BOS,68,6.5,110,-130
2026-02-28,PHI,BOS,69,6.5,112,-138
2026-02-28,PHI,BOS,71,6.0,-115,-108
2026-02-28,PHI,BOS,75,6.0,-115,-105
2026-02-28,SJ,EDM,15,7.0,-128,106
2026-02-28,SJ,EDM,30,6.5,-125,105
2026-02-28,SJ,EDM,68,6.5,-155,130
2026-02-28,SJ,EDM,69,6.5,-164,134
2026-02-28,SJ,EDM,71,7.0,-107,-117
2026-02-28,SJ,EDM,75,7.0,-105,-115
2026-02-28,STL,NJ,15,5.5,-115,-105
2026-02-28,STL,NJ,30,5.5,-116,-105
2026-02-28,STL,NJ,68,5.5,-115,-105
2026-02-28,STL,NJ,69,5.5,-120,-102
2026-02-28,STL,NJ,71,5.5,-114,-109
2026-02-28,STL,NJ,75,5.5,-118,-102
2026-02-28,CBJ,NYI,15,5.5,102,-131
2026-02-28,CBJ,NYI,30,6.5,115,-141
2026-02-28,CBJ,NYI,68,5.5,-125,105
2026-02-28,CBJ,NYI,69,5.5,-122,-100
2026-02-28,CBJ,NYI,71,5.5,-125,100
2026-02-28,CBJ,NYI,75,6.0,100,-120
2026-02-28,COL,CHI,15,6.5,102,-121
2026-02-28,COL,CHI,30,6.5,-105,-116
2026-02-28,COL,CHI,68,6.5,102,-122
2026-02-28,COL,CHI,69,6.5,104,-128
2026-02-28,COL,CHI,71,6.5,-109,-114
2026-02-28,COL,CHI,75,6.5,100,-120
2026-02-28,CAR,DET,15,6.5,105,-129
2026-02-28,CAR,DET,30,6.5,110,-132
2026-02-28,CAR,DET,68,6.5,105,-125
2026-02-28,CAR,DET,69,6.5,110,-134
2026-02-28,CAR,DET,71,6.0,-127,102
2026-02-28,CAR,DET,75,6.0,-120,100
2026-02-28,MTL,WSH,15,6.5,-126,104
2026-02-28,MTL,WSH,30,6.5,105,-125
2026-02-28,MTL,WSH,68,6.5,-122,102
2026-02-28,MTL,WSH,69,6.5,-128,104
2026-02-28,MTL,WSH,71,6.5,-129,104
2026-02-28,MTL,WSH,75,6.5,-130,110
2026-02-28,LA,CGY,15,5.5,-100,-120
2026-02-28,LA,CGY,30,5.5,-111,-111
2026-02-28,LA,CGY,68,5.5,100,-120
2026-02-28,LA,CGY,69,5.5,104,-128
2026-02-28,LA,CGY,71,5.5,100,-124
2026-02-28,LA,CGY,75,5.5,100,-120
2026-02-28,TB,BUF,15,6.5,-105,-118
2026-02-28,TB,BUF,30,6.5,105,-125
2026-02-28,TB,BUF,68,6.5,-105,-115
2026-02-28,TB,BUF,69,6.5,-100,-122
2026-02-28,TB,BUF,71,6.5,-114,-109
2026-02-28,TB,BUF,75,6.5,-105,-115
2026-02-28,TOR,OTT,15,6.5,-101,-120
2026-02-28,TOR,OTT,30,5.5,-141,115
2026-02-28,TOR,OTT,68,6.5,100,-120
2026-02-28,TOR,OTT,69,6.5,-102,-120
2026-02-28,TOR,OTT,71,6.5,100,-122
2026-02-28,TOR,OTT,75,6.5,-102,-118
2026-02-28,DAL,NSH,15,6.5,-102,-120
2026-02-28,DAL,NSH,30,5.5,-141,115
2026-02-28,DAL,NSH,68,6.5,110,-130
2026-02-28,DAL,NSH,69,6.5,106,-132
2026-02-28,DAL,NSH,71,6.0,-110,-113
2026-02-28,DAL,NSH,75,6.0,-115,-105
2026-02-28,SEA,VAN,15,6.5,102,-122
2026-02-28,SEA,VAN,30,5.5,-125,105
2026-02-28,SEA,VAN,68,6.5,114,-135
2026-02-28,SEA,VAN,69,5.5,-134,110
2026-02-28,SEA,VAN,71,6.0,-112,-112
2026-02-28,SEA,VAN,75,6.0,-105,-115
2026-03-01,PIT,VGK,15,6.5,-115,-105
2026-03-01,PIT,VGK,30,6.5,105,-125
2026-03-01,PIT,VGK,68,6.5,-112,-108
2026-03-01,PIT,VGK,69,6.5,-118,-104
2026-03-01,PIT,VGK,71,6.5,-112,-110
2026-03-01,PIT,VGK,75,6.5,-115,-105
2026-03-01,UTA,CHI,15,6.5,-103,-115
2026-03-01,UTA,CHI,30,6.5,105,-125
2026-03-01,UTA,CHI,68,6.5,-105,-115
2026-03-01,UTA,CHI,69,6.5,-102,-120
2026-03-01,UTA,CHI,71,6.5,-105,-118
2026-03-01,UTA,CHI,75,6.5,-105,-115
2026-03-01,SJ,WPG,15,6.0,-115,-105
2026-03-01,SJ,WPG,30,6.5,-105,-116
2026-03-01,SJ,WPG,68,5.5,-125,105
2026-03-01,SJ,WPG,69,6.5,116,-142
2026-03-01,SJ,WPG,71,6.0,-112,-112
2026-03-01,SJ,WPG,75,6.0,-102,-118
2026-03-01,MIN,STL,15,6.5,-109,-110
2026-03-01,MIN,STL,30,6.5,-120,-100
2026-03-01,MIN,STL,68,6.5,-108,-112
2026-03-01,MIN,STL,69,6.5,-112,-108
2026-03-01,MIN,STL,71,6.5,-105,-118
2026-03-01,MIN,STL,75,6.5,-110,-110
2026-03-01,NYI,FLA,15,5.5,-132,110
2026-03-01,NYI,FLA,30,5.5,-132,110
2026-03-01,NYI,FLA,68,5.5,-130,110
2026-03-01,NYI,FLA,69,5.5,-134,110
2026-03-01,NYI,FLA,71,6.0,-113,-110
2026-03-01,NYI,FLA,75,6.0,-105,-115
2026-03-01,ANA,CGY,15,6.5,-100,-120
2026-03-01,ANA,CGY,30,6.5,-116,-105
2026-03-01,ANA,CGY,68,6.5,100,-120
2026-03-01,ANA,CGY,69,6.5,104,-128
2026-03-01,ANA,CGY,71,6.5,100,-122
2026-03-01,ANA,CGY,75,6.5,100,-120
2026-03-02,NSH,DET,15,6.5,104,-125
2026-03-02,NSH,DET,30,6.5,105,-125
2026-03-02,NSH,DET,68,6.5,105,-125
2026-03-02,NSH,DET,69,6.5,104,-128
2026-03-02,NSH,DET,71,6.0,-121,-103
2026-03-02,NSH,DET,75,6.5,100,-120
2026-03-02,NYR,CBJ,15,6.0,-110,-110
2026-03-02,NYR,CBJ,30,6.5,105,-125
2026-03-02,NYR,CBJ,68,5.5,-120,100
2026-03-02,NYR,CBJ,69,5.5,-122,-100
2026-03-02,NYR,CBJ,71,6.0,-109,-114
2026-03-02,NYR,CBJ,75,6.0,-102,-118
2026-03-02,TOR,PHI,15,6.5,-102,-117
2026-03-02,TOR,PHI,30,6.5,105,-125
2026-03-02,TOR,PHI,68,6.5,110,-130
2026-03-02,TOR,PHI,69,6.5,114,-140
2026-03-02,TOR,PHI,71,6.5,100,-124
2026-03-02,TOR,PHI,75,6.0,-115,-105
2026-03-02,SEA,CAR,15,6.0,-117,-103
2026-03-02,SEA,CAR,30,5.5,-132,110
2026-03-02,SEA,CAR,68,6.5,114,-135
2026-03-02,SEA,CAR,69,5.5,-138,112
2026-03-02,SEA,CAR,71,6.0,-109,-114
2026-03-02,SEA,CAR,75,6.0,-120,100
2026-03-02,VAN,DAL,15,6.0,-114,-104
2026-03-02,VAN,DAL,30,5.5,-132,110
2026-03-02,VAN,DAL,68,5.5,-130,110
2026-03-02,VAN,DAL,69,5.5,-130,106
2026-03-02,VAN,DAL,71,6.0,-105,-118
2026-03-02,VAN,DAL,75,6.0,-105,-115
2026-03-02,LA,COL,15,6.0,-121,-100
2026-03-02,LA,COL,30,6.5,-116,-105
2026-03-02,LA,COL,68,5.5,-135,114
2026-03-02,LA,COL,69,5.5,-140,114
2026-03-02,LA,COL,71,6.0,-121,-104
2026-03-02,LA,COL,75,6.0,-110,-110
2026-03-03,BUF,VGK,15,6.5,104,-118
2026-03-03,BUF,VGK,30,6.5,105,-125
2026-03-03,BUF,VGK,68,6.5,105,-125
2026-03-03,BUF,VGK,69,6.5,104,-128
2026-03-03,BUF,VGK,71,6.0,-125,102
2026-03-03,BUF,VGK,75,6.0,-120,100
2026-03-03,CBJ,NSH,15,6.5,-100,-120
2026-03-03,CBJ,NSH,30,6.5,-100,-120
2026-03-03,CBJ,NSH,68,6.5,100,-120
2026-03-03,CBJ,NSH,69,6.5,102,-124
2026-03-03,CBJ,NSH,71,6.5,-106,-118
2026-03-03,CBJ,NSH,75,3.0,-10000,1450
2026-03-03,WSH,UTA,15,6.5,107,-129
2026-03-03,WSH,UTA,30,6.5,120,-147
2026-03-03,WSH,UTA,68,6.5,105,-125
2026-03-03,WSH,UTA,69,6.5,110,-134
2026-03-03,WSH,UTA,71,6.0,-121,-103
2026-03-03,WSH,UTA,75,6.0,-120,100
2026-03-03,NJ,FLA,15,5.5,-123,105
2026-03-03,NJ,FLA,30,5.5,-116,-105
2026-03-03,NJ,FLA,68,5.5,-130,110
2026-03-03,NJ,FLA,69,5.5,-122,-100
2026-03-03,NJ,FLA,71,6.0,100,-124
2026-03-03,NJ,FLA,75,5.5,-120,100
2026-03-03,BOS,PIT,15,6.5,-105,-115
2026-03-03,BOS,PIT,30,6.5,105,-125
2026-03-03,BOS,PIT,68,6.5,-105,-115
2026-03-03,BOS,PIT,69,6.5,-105,-115
2026-03-03,BOS,PIT,71,6.0,-125,102
2026-03-03,BOS,PIT,75,6.5,-105,-115
2026-03-03,WPG,CHI,15,5.5,-117,-100
2026-03-03,WPG,CHI,30,5.5,-125,105
2026-03-03,WPG,CHI,68,5.5,-120,100
2026-03-03,WPG,CHI,69,5.5,-115,-105
2026-03-03,WPG,CHI,71,5.5,-120,-105
2026-03-03,WPG,CHI,75,5.5,-120,100
2026-03-03,EDM,OTT,15,6.5,-150,127
2026-03-03,EDM,OTT,30,6.5,-105,-116
2026-03-03,EDM,OTT,68,6.5,-155,130
2026-03-03,EDM,OTT,69,6.5,-144,118
2026-03-03,EDM,OTT,71,7.0,112,-139
2026-03-03,EDM,OTT,75,7.0,110,-130
2026-03-03,CGY,DAL,15,5.5,-109,-113
2026-03-03,CGY,DAL,30,5.5,-116,-105
2026-03-03,CGY,DAL,68,5.5,-108,-112
2026-03-03,CGY,DAL,69,5.5,-105,-115
2026-03-03,CGY,DAL,71,5.5,-107,-117
2026-03-03,CGY,DAL,75,5.5,-110,-110
2026-03-03,MIN,TB,15,6.5,105,-125
2026-03-03,MIN,TB,30,5.5,-141,115
2026-03-03,MIN,TB,68,6.5,105,-125
2026-03-03,MIN,TB,69,6.5,112,-138
2026-03-03,MIN,TB,71,6.5,102,-125
2026-03-03,MIN,TB,75,6.0,-120,100
2026-03-03,ANA,COL,15,6.5,-132,110
2026-03-03,ANA,COL,30,6.5,-120,-100
2026-03-03,ANA,COL,68,6.5,-130,110
2026-03-03,ANA,COL,69,6.5,-132,108
2026-03-03,ANA,COL,71,6.5,-137,112
2026-03-03,ANA,COL,75,6.5,-130,110
2026-03-03,SJ,MTL,15,6.5,-120,-102
2026-03-03,SJ,MTL,30,6.5,-116,-105
2026-03-03,SJ,MTL,68,6.5,-120,100
2026-03-03,SJ,MTL,69,6.5,-115,-105
2026-03-03,SJ,MTL,71,6.5,-132,107
2026-03-03,SJ,MTL,75,6.5,-120,100
2026-03-04,NJ,TOR,15,6.0,-114,-104
2026-03-04,NJ,TOR,30,5.5,-125,105
2026-03-04,NJ,TOR,68,5.5,-130,110
2026-03-04,NJ,TOR,69,5.5,-124,102
2026-03-04,NJ,TOR,71,6.0,-104,-121
2026-03-04,NJ,TOR,75,6.0,-105,-115
2026-03-04,DET,VGK,15,6.5,102,-122
2026-03-04,DET,VGK,30,5.5,-135,114
2026-03-04,DET,VGK,68,6.5,114,-135
2026-03-04,DET,VGK,69,5.5,-140,114
2026-03-04,DET,VGK,71,6.0,-114,-109
2026-03-04,DET,VGK,75,6.0,-110,-110
2026-03-04,ANA,NYI,15,6.5,-125,105
2026-03-04,ANA,NYI,30,6.5,-105,-115
2026-03-04,ANA,NYI,68,6.5,-125,105
2026-03-04,ANA,NYI,69,6.5,-120,-102
2026-03-04,ANA,NYI,71,6.5,-122,100
2026-03-04,ANA,NYI,75,7.0,120,-155
2026-03-04,VAN,CAR,15,6.5,104,-128
2026-03-04,VAN,CAR,30,6.5,105,-125
2026-03-04,VAN,CAR,68,6.5,110,-130
2026-03-04,VAN,CAR,69,6.5,104,-128
2026-03-04,VAN,CAR,71,6.0,-120,-104
2026-03-04,VAN,CAR,75,6.0,-120,100
2026-03-04,SEA,STL,15,6.0,-115,-105
2026-03-04,SEA,STL,30,5.5,-130,110
2026-03-04,SEA,STL,68,6.5,110,-130
2026-03-04,SEA,STL,69,5.5,-140,112
2026-03-04,SEA,STL,71,6.0,-112,-112
2026-03-04,SEA,STL,75,3.0,-10000,1350
2026-03-05,PIT,BUF,15,6.5,-105,-115
2026-03-05,PIT,BUF,30,6.5,-102,-120
2026-03-05,PIT,BUF,68,6.5,-105,-115
2026-03-05,PIT,BUF,69,6.5,-106,-114
2026-03-05,PIT,BUF,71,6.5,-114,-109
2026-03-05,PIT,BUF,75,6.5,-105,-115
2026-03-05,PHI,UTA,15,5.5,-125,105
2026-03-05,PHI,UTA,30,5.5,-138,112
2026-03-05,PHI,UTA,68,5.5,-125,105
2026-03-05,PHI,UTA,69,5.5,-120,-102
2026-03-05,PHI,UTA,71,6.0,102,-125
2026-03-05,PHI,UTA,75,6.0,100,-120
2026-03-05,NYR,TOR,15,6.0,-122,102
2026-03-05,NYR,TOR,30,5.5,-134,110
2026-03-05,NYR,TOR,68,5.5,-135,114
2026-03-05,NYR,TOR,69,5.5,-134,110
2026-03-05,NYR,TOR,71,6.0,-108,-115
2026-03-05,NYR,TOR,75,6.0,-110,-110
2026-03-05,CBJ,FLA,15,6.5,-105,-115
2026-03-05,CBJ,FLA,30,6.5,114,-140
2026-03-05,CBJ,FLA,68,6.5,100,-120
2026-03-05,CBJ,FLA,69,6.5,-102,-120
2026-03-05,CBJ,FLA,71,6.5,-112,-110
2026-03-05,CBJ,FLA,75,6.5,-105,-115
2026-03-05,NSH,BOS,15,6.5,-104,-118
2026-03-05,NSH,BOS,30,6.5,102,-124
2026-03-05,NSH,BOS,68,6.5,100,-120
2026-03-05,NSH,BOS,69,6.5,-104,-118
2026-03-05,NSH,BOS,71,6.5,-106,-118
2026-03-05,NSH,BOS,75,6.5,-105,-115
2026-03-05,WPG,TB,15,5.5,-123,102
2026-03-05,WPG,TB,30,5.5,-124,102
2026-03-05,WPG,TB,68,5.5,-125,105
2026-03-05,WPG,TB,69,5.5,-122,-100
2026-03-05,WPG,TB,71,6.0,-103,-122
2026-03-05,WPG,TB,75,6.0,100,-120
2026-03-05,CGY,OTT,15,5.5,-115,-110
2026-03-05,CGY,OTT,30,6.5,112,-138
2026-03-05,CGY,OTT,68,5.5,-135,114
2026-03-05,CGY,OTT,69,5.5,-110,-110
2026-03-05,CGY,OTT,71,5.5,-120,-105
2026-03-05,CGY,OTT,75,5.5,-115,-105
2026-03-05,LA,NYI,15,5.5,-114,-106
2026-03-05,LA,NYI,30,5.5,-100,-122
2026-03-05,LA,NYI,68,5.5,-105,-115
2026-03-05,LA,NYI,69,5.5,-114,-106
2026-03-05,LA,NYI,71,5.5,-112,-112
2026-03-05,LA,NYI,75,5.5,-110,-110
2026-03-06,DET,FLA,15,6.0,-115,-105
2026-03-06,DET,FLA,30,5.5,-140,114
2026-03-06,DET,FLA,68,6.5,110,-130
2026-03-06,DET,FLA,69,6.5,110,-134
2026-03-06,DET,FLA,71,6.0,-114,-109
2026-03-06,DET,FLA,75,6.0,-115,-105
2026-03-06,DAL,COL,15,6.0,-122,102
2026-03-06,DAL,COL,30,6.5,110,-134
2026-03-06,DAL,COL,68,5.5,-135,114
2026-03-06,DAL,COL,69,5.5,-132,108
2026-03-06,DAL,COL,71,6.0,-105,-120
2026-03-06,DAL,COL,75,6.0,-110,-110
2026-03-06,CHI,VAN,15,6.5,104,-129
2026-03-06,CHI,VAN,30,6.5,104,-128
2026-03-06,CHI,VAN,68,6.5,110,-130
2026-03-06,CHI,VAN,69,6.5,104,-128
2026-03-06,CHI,VAN,71,6.0,-124,100
2026-03-06,CHI,VAN,75,6.0,-115,-105
2026-03-06,EDM,CAR,15,6.5,-150,124
2026-03-06,EDM,CAR,30,6.5,-110,-110
2026-03-06,EDM,CAR,68,6.5,-148,124
2026-03-06,EDM,CAR,69,6.5,-150,124
2026-03-06,EDM,CAR,71,7.0,108,-134
2026-03-06,EDM,CAR,75,7.0,100,-120
2026-03-06,ANA,MTL,15,6.5,-144,122
2026-03-06,ANA,MTL,30,6.5,-118,-104
2026-03-06,ANA,MTL,68,6.5,-148,124
2026-03-06,ANA,MTL,69,6.5,-140,114
2026-03-06,ANA,MTL,71,7.0,106,-132
2026-03-06,ANA,MTL,75,7.0,100,-120
2026-03-06,SJ,STL,15,6.5,-113,-105
2026-03-06,SJ,STL,30,5.5,-138,112
2026-03-06,SJ,STL,68,6.5,-102,-118
2026-03-06,SJ,STL,69,6.5,-105,-115
2026-03-06,SJ,STL,71,6.0,-124,100
2026-03-06,SJ,STL,75,6.5,-102,-118
2026-03-06,VGK,MIN,15,6.5,102,-122
2026-03-06,VGK,MIN,30,6.5,116,-142
2026-03-06,VGK,MIN,68,6.5,102,-122
2026-03-06,VGK,MIN,69,6.5,104,-128
2026-03-06,VGK,MIN,71,6.5,-103,-122
2026-03-06,VGK,MIN,75,6.0,-120,100
2026-03-07,BOS,WSH,15,6.5,105,-125
2026-03-07,BOS,WSH,30,6.5,105,-125
2026-03-07,BOS,WSH,68,6.5,105,-125
2026-03-07,BOS,WSH,69,6.5,114,-140
2026-03-07,BOS,WSH,71,6.0,-115,-107
2026-03-07,BOS,WSH,75,6.0,-118,-102
2026-03-07,NJ,NYR,15,6.0,-121,-100
2026-03-07,NJ,NYR,30,5.5,-120,-100
2026-03-07,NJ,NYR,68,5.5,-135,114
2026-03-07,NJ,NYR,69,5.5,-140,114
2026-03-07,NJ,NYR,71,6.0,102,-125
2026-03-07,NJ,NYR,75,6.0,-105,-115
2026-03-07,BUF,NSH,15,6.5,-110,-110
2026-03-07,BUF,NSH,30,6.5,-120,-100
2026-03-07,BUF,NSH,68,6.5,-115,-105
2026-03-07,BUF,NSH,69,6.5,-110,-110
2026-03-07,BUF,NSH,71,6.5,-105,-120
2026-03-07,BUF,NSH,75,6.5,-115,-105
2026-03-07,PIT,PHI,15,5.5,-125,105
2026-03-07,PIT,PHI,30,6.5,-100,-120
2026-03-07,PIT,PHI,68,5.5,-125,105
2026-03-07,PIT,PHI,69,5.5,-124,102
2026-03-07,PIT,PHI,71,6.0,102,-125
2026-03-07,PIT,PHI,75,6.0,100,-120
2026-03-07,WPG,VAN,15,5.5,187,-256
2026-03-07,WPG,VAN,30,6.5,105,-125
2026-03-07,WPG,VAN,68,5.5,-135,114
2026-03-07,WPG,VAN,69,5.5,-138,112
2026-03-07,WPG,VAN,71,6.0,-108,-115
2026-03-07,WPG,VAN,75,6.0,-105,-115
2026-03-07,LA,MTL,15,6.5,108,-130
2026-03-07,LA,MTL,30,6.5,105,-125
2026-03-07,LA,MTL,68,6.5,110,-130
2026-03-07,LA,MTL,69,6.5,106,-130
2026-03-07,LA,MTL,71,6.0,-106,-118
2026-03-07,LA,MTL,75,6.0,-110,-110
2026-03-07,CBJ,UTA,15,6.5,-100,-121
2026-03-07,CBJ,UTA,30,6.5,-116,-105
2026-03-07,CBJ,UTA,68,6.5,100,-120
2026-03-07,CBJ,UTA,69,6.5,-100,-122
2026-03-07,CBJ,UTA,71,6.0,-122,100
2026-03-07,CBJ,UTA,75,6.5,100,-120
2026-03-07,TOR,TB,15,6.5,-101,-121
2026-03-07,TOR,TB,30,6.5,-120,-100
2026-03-07,TOR,TB,68,6.5,-102,-118
2026-03-07,TOR,TB,69,6.5,-100,-122
2026-03-07,TOR,TB,71,6.5,-110,-113
2026-03-07,TOR,TB,75,6.5,-102,-118
2026-03-07,SEA,OTT,15,5.5,-130,105
2026-03-07,SEA,OTT,30,5.5,-125,105
2026-03-07,SEA,OTT,68,5.5,-125,105
2026-03-07,SEA,OTT,69,5.5,-130,-100
2026-03-07,SEA,OTT,71,6.0,-104,-120
2026-03-07,SEA,OTT,75,6.0,100,-120
2026-03-07,SJ,NYI,15,6.5,108,-130
2026-03-07,SJ,NYI,30,6.5,-116,-105
2026-03-07,SJ,NYI,68,6.5,110,-130
2026-03-07,SJ,NYI,69,6.5,108,-132
2026-03-07,SJ,NYI,71,6.0,-125,100
2026-03-07,SJ,NYI,75,3.0,-10000,1400
2026-03-07,CGY,CAR,15,5.5,-125,105
2026-03-07,CGY,CAR,30,5.5,-132,110
2026-03-07,CGY,CAR,68,5.5,-125,105
2026-03-07,CGY,CAR,69,5.5,-124,102
2026-03-07,CGY,CAR,71,6.0,100,-124
2026-03-07,CGY,CAR,75,6.0,100,-120
2026-03-08,COL,MIN,15,6.5,-105,-111
2026-03-08,COL,MIN,30,6.5,-120,-100
2026-03-08,COL,MIN,68,6.5,-112,-108
2026-03-08,COL,MIN,69,6.5,-105,-115
2026-03-08,COL,MIN,71,6.5,-106,-118
2026-03-08,COL,MIN,75,6.5,-110,-110
2026-03-08,PIT,BOS,15,6.5,-102,-118
2026-03-08,PIT,BOS,30,6.5,-120,-100
2026-03-08,PIT,BOS,68,6.5,102,-122
2026-03-08,PIT,BOS,69,6.5,-106,-114
2026-03-08,PIT,BOS,71,6.0,-125,102
2026-03-08,PIT,BOS,75,6.5,-102,-118
2026-03-08,BUF,TB,15,6.5,-110,-110
2026-03-08,BUF,TB,30,6.5,-120,-100
2026-03-08,BUF,TB,68,6.5,-110,-110
2026-03-08,BUF,TB,69,6.5,-115,-105
2026-03-08,BUF,TB,71,6.5,-117,-107
2026-03-08,BUF,TB,75,6.5,-118,-102
2026-03-08,DAL,CHI,15,6.0,-122,100
2026-03-08,DAL,CHI,30,5.5,-120,-100
2026-03-08,DAL,CHI,68,5.5,-130,110
2026-03-08,DAL,CHI,69,5.5,-142,116
2026-03-08,DAL,CHI,71,6.0,-112,-110
2026-03-08,DAL,CHI,75,6.0,-105,-115
2026-03-08,NJ,DET,15,5.5,-121,-102
2026-03-08,NJ,DET,30,5.5,-111,-111
2026-03-08,NJ,DET,68,5.5,-115,-105
2026-03-08,NJ,DET,69,5.5,-122,-100
2026-03-08,NJ,DET,71,5.5,-117,-107
2026-03-08,NJ,DET,75,5.5,-120,100
2026-03-08,ANA,STL,15,6.5,-112,-105
2026-03-08,ANA,STL,30,6.5,-120,-100
2026-03-08,ANA,STL,68,6.5,-115,-105
2026-03-08,ANA,STL,69,6.5,-115,-105
2026-03-08,ANA,STL,71,6.5,100,-124
2026-03-08,ANA,STL,75,6.5,-115,-105
2026-03-08,VGK,EDM,15,6.5,-163,135
2026-03-08,VGK,EDM,30,6.5,-147,120
2026-03-08,VGK,EDM,68,6.5,-162,136
2026-03-08,VGK,EDM,69,6.5,-164,134
2026-03-08,VGK,EDM,71,7.0,-109,-114
2026-03-08,VGK,EDM,75,7.0,-105,-115
2026-03-09,CBJ,LA,15,6.5,-100,-121
2026-03-09,CBJ,LA,30,6.5,105,-125
2026-03-09,CBJ,LA,68,5.5,-135,114
2026-03-09,CBJ,LA,69,6.5,110,-134
2026-03-09,CBJ,LA,71,6.0,-118,-106
2026-03-09,CBJ,LA,75,6.0,-110,-110
2026-03-09,WSH,CGY,15,6.0,-114,-104
2026-03-09,WSH,CGY,30,5.5,-130,110
2026-03-09,WSH,CGY,68,5.5,-130,110
2026-03-09,WSH,CGY,69,5.5,-130,106
2026-03-09,WSH,CGY,71,5.5,-125,102
2026-03-09,WSH,CGY,75,3.0,-10000,1150
2026-03-09,PHI,NYR,15,5.5,-106,-117
2026-03-09,PHI,NYR,30,5.5,-120,100
2026-03-09,PHI,NYR,68,5.5,-108,-112
2026-03-09,PHI,NYR,69,5.5,-100,-120
2026-03-09,PHI,NYR,71,5.5,-108,-114
2026-03-09,PHI,NYR,75,5.5,-105,-115
2026-03-09,CHI,UTA,15,6.5,-106,-114
2026-03-09,CHI,UTA,30,5.5,-135,114
2026-03-09,CHI,UTA,68,6.5,110,-130
2026-03-09,CHI,UTA,69,6.5,106,-130
2026-03-09,CHI,UTA,71,6.0,-113,-110
2026-03-09,CHI,UTA,75,6.0,-120,100
2026-03-09,VAN,OTT,15,6.5,-104,-113
2026-03-09,VAN,OTT,30,6.5,110,-130
2026-03-09,VAN,OTT,68,6.5,-108,-112
2026-03-09,VAN,OTT,69,6.5,-104,-118
2026-03-09,VAN,OTT,71,6.5,-104,-121
2026-03-09,VAN,OTT,75,6.5,-105,-115
2026-03-10,FLA,DET,15,5.5,-125,105
2026-03-10,FLA,DET,30,5.5,-134,110
2026-03-10,FLA,DET,68,5.5,-125,105
2026-03-10,FLA,DET,69,5.5,-120,-102
2026-03-10,FLA,DET,71,6.0,-103,-121
2026-03-10,FLA,DET,75,6.0,-105,-115
2026-03-10,FLA,DET,123,6.0,100,-120
2026-03-10,NYR,CGY,15,5.5,-132,-128
2026-03-10,NYR,CGY,30,5.5,-142,116
2026-03-10,NYR,CGY,68,5.5,-130,110
2026-03-10,NYR,CGY,69,5.5,-134,110
2026-03-10,NYR,CGY,71,6.0,-104,-121
2026-03-10,NYR,CGY,75,6.0,-105,-115
2026-03-10,NYR,CGY,123,6.0,-105,-115
2026-03-10,CAR,PIT,15,6.5,108,-127
2026-03-10,CAR,PIT,30,6.5,108,-132
2026-03-10,CAR,PIT,68,6.5,110,-130
2026-03-10,CAR,PIT,69,6.5,106,-130
2026-03-10,CAR,PIT,71,6.5,102,-125
2026-03-10,CAR,PIT,75,6.0,-118,-102
2026-03-10,CAR,PIT,123,6.5,105,-125
2026-03-10,MTL,TOR,15,6.5,-130,110
2026-03-10,MTL,TOR,30,6.5,-106,-114
2026-03-10,MTL,TOR,68,6.5,-130,110
2026-03-10,MTL,TOR,69,6.5,-134,110
2026-03-10,MTL,TOR,71,7.0,112,-141
2026-03-10,MTL,TOR,75,6.5,-135,110
2026-03-10,MTL,TOR,123,6.5,-130,110
2026-03-10,BOS,LA,15,5.5,-125,104
2026-03-10,BOS,LA,30,5.5,-142,116
2026-03-10,BOS,LA,68,5.5,-135,114
2026-03-10,BOS,LA,69,5.5,-115,-105
2026-03-10,BOS,LA,71,6.0,-110,-113
2026-03-10,BOS,LA,75,6.0,-102,-118
2026-03-10,BOS,LA,123,6.0,-110,-110
2026-03-10,TB,CBJ,15,6.5,-115,-103
2026-03-10,TB,CBJ,30,6.5,-110,-110
2026-03-10,TB,CBJ,68,6.5,-118,-102
2026-03-10,TB,CBJ,69,6.5,-115,-105
2026-03-10,TB,CBJ,71,6.5,-121,-104
2026-03-10,TB,CBJ,75,6.5,-115,-105
2026-03-10,TB,CBJ,123,6.5,-115,-105
2026-03-10,BUF,SJ,15,6.5,-125,105
2026-03-10,BUF,SJ,30,6.5,-124,102
2026-03-10,BUF,SJ,68,6.5,-125,105
2026-03-10,BUF,SJ,69,6.5,-124,102
2026-03-10,BUF,SJ,71,6.5,-134,108
2026-03-10,BUF,SJ,75,6.5,-125,105
2026-03-10,BUF,SJ,123,6.5,-125,105
2026-03-10,STL,NYI,15,5.5,-109,-111
2026-03-10,STL,NYI,30,5.5,-110,-110
2026-03-10,STL,NYI,68,5.5,-108,-112
2026-03-10,STL,NYI,69,5.5,-110,-110
2026-03-10,STL,NYI,71,5.5,-112,-112
2026-03-10,STL,NYI,75,5.5,-110,-110
2026-03-10,STL,NYI,123,5.5,-115,-105
2026-03-10,MIN,UTA,15,6.0,-110,-110
2026-03-10,MIN,UTA,30,6.5,112,-138
2026-03-10,MIN,UTA,68,5.5,-135,114
2026-03-10,MIN,UTA,69,6.5,112,-138
2026-03-10,MIN,UTA,71,6.0,-112,-112
2026-03-10,MIN,UTA,75,6.0,-110,-110
2026-03-10,MIN,UTA,123,6.0,-110,-110
2026-03-10,DAL,VGK,15,5.5,-130,106
2026-03-10,DAL,VGK,30,5.5,-130,106
2026-03-10,DAL,VGK,68,5.5,-130,110
2026-03-10,DAL,VGK,69,5.5,-124,102
2026-03-10,DAL,VGK,71,6.0,-110,-113
2026-03-10,DAL,VGK,75,6.0,-105,-115
2026-03-10,DAL,VGK,123,6.0,-110,-110
2026-03-10,WPG,ANA,15,6.5,101,-121
2026-03-10,WPG,ANA,30,6.5,-104,-118
2026-03-10,WPG,ANA,68,6.5,102,-122
2026-03-10,WPG,ANA,69,6.5,114,-140
2026-03-10,WPG,ANA,71,6.0,-121,-103
2026-03-10,WPG,ANA,75,6.0,-120,100
2026-03-10,WPG,ANA,123,6.5,105,-125
2026-03-10,SEA,NSH,15,6.5,-102,-120
2026-03-10,SEA,NSH,30,5.5,-134,110
2026-03-10,SEA,NSH,68,6.5,114,-135
2026-03-10,SEA,NSH,69,6.5,106,-130
2026-03-10,SEA,NSH,71,6.0,-113,-109
2026-03-10,SEA,NSH,75,6.0,-118,-102
2026-03-10,SEA,NSH,123,6.0,-110,-110
2026-03-10,COL,EDM,15,7.0,-126,104
2026-03-10,COL,EDM,30,6.5,-140,114
2026-03-10,COL,EDM,68,6.5,-155,130
2026-03-10,COL,EDM,69,6.5,-168,136
2026-03-10,COL,EDM,71,7.0,-113,-110
2026-03-10,COL,EDM,75,7.0,-105,-115
2026-03-10,COL,EDM,123,7.0,-115,-105
2026-03-11,OTT,MTL,15,6.5,-111,-115
2026-03-11,OTT,MTL,30,6.5,-120,-100
2026-03-11,OTT,MTL,68,6.5,-112,-108
2026-03-11,OTT,MTL,69,6.5,-102,-120
2026-03-11,OTT,MTL,71,6.5,-118,-106
2026-03-11,OTT,MTL,75,6.5,-110,-110
2026-03-11,PHI,WSH,15,5.5,100,-133
2026-03-11,PHI,WSH,30,5.5,-132,110
2026-03-11,PHI,WSH,68,5.5,-130,110
2026-03-11,PHI,WSH,69,5.5,-134,110
2026-03-11,PHI,WSH,71,6.0,-107,-115
2026-03-11,PHI,WSH,75,6.0,-105,-115
2026-03-12,BOS,SJ,15,6.5,-110,-105
2026-03-12,BOS,SJ,30,6.5,-111,-111
2026-03-12,BOS,SJ,68,6.5,-115,-105
2026-03-12,BOS,SJ,69,6.5,-110,-110
2026-03-12,BOS,SJ,71,6.5,-121,-103
2026-03-12,BOS,SJ,75,6.5,-110,-110
2026-03-12,FLA,CBJ,15,6.5,-102,-115
2026-03-12,FLA,CBJ,30,6.5,-105,-116
2026-03-12,FLA,CBJ,68,6.5,-102,-118
2026-03-12,FLA,CBJ,69,6.5,-105,-115
2026-03-12,FLA,CBJ,71,6.5,-106,-118
2026-03-12,FLA,CBJ,75,6.5,-105,-115
2026-03-12,NJ,CGY,15,5.5,-120,-102
2026-03-12,NJ,CGY,30,5.5,-100,-120
2026-03-12,NJ,CGY,68,5.5,-118,-102
2026-03-12,NJ,CGY,69,5.5,-115,-105
2026-03-12,NJ,CGY,71,5.5,-121,-104
2026-03-12,NJ,CGY,75,5.5,-118,-102
2026-03-12,TOR,ANA,15,6.5,-125,105
2026-03-12,TOR,ANA,30,6.5,-125,105
2026-03-12,TOR,ANA,68,6.5,-125,105
2026-03-12,TOR,ANA,69,6.5,-122,-100
2026-03-12,TOR,ANA,71,6.5,-125,100
2026-03-12,TOR,ANA,75,6.5,-125,105
2026-03-12,BUF,WSH,15,6.5,-130,110
2026-03-12,BUF,WSH,30,6.5,-100,-120
2026-03-12,BUF,WSH,68,6.5,-135,114
2026-03-12,BUF,WSH,69,6.5,-132,108
2026-03-12,BUF,WSH,71,6.5,-137,112
2026-03-12,BUF,WSH,75,6.5,-135,115
2026-03-12,CAR,STL,15,5.5,-142,-182
2026-03-12,CAR,STL,30,6.5,-105,-116
2026-03-12,CAR,STL,68,5.5,-142,120
2026-03-12,CAR,STL,69,5.5,-140,114
2026-03-12,CAR,STL,71,6.0,-107,-115
2026-03-12,CAR,STL,75,6.0,-110,-110
2026-03-12,TB,DET,15,6.0,-115,-105
2026-03-12,TB,DET,30,6.5,105,-125
2026-03-12,TB,DET,68,6.5,114,-135
2026-03-12,TB,DET,69,6.5,114,-140
2026-03-12,TB,DET,71,6.0,-110,-113
2026-03-12,TB,DET,75,6.0,-115,-105
2026-03-12,MIN,PHI,15,5.5,199,-262
2026-03-12,MIN,PHI,30,6.5,-105,-116
2026-03-12,MIN,PHI,68,5.5,-130,110
2026-03-12,MIN,PHI,69,5.5,-124,102
2026-03-12,MIN,PHI,71,6.0,-103,-122
2026-03-12,MIN,PHI,75,6.0,-102,-118
2026-03-12,DAL,EDM,15,6.5,-132,110
2026-03-12,DAL,EDM,30,6.5,-105,-116
2026-03-12,DAL,EDM,68,6.5,-135,114
2026-03-12,DAL,EDM,69,6.5,-130,106
2026-03-12,DAL,EDM,71,6.5,-137,110
2026-03-12,DAL,EDM,75,6.5,-125,105
2026-03-12,WPG,NYR,15,5.5,-109,-113
2026-03-12,WPG,NYR,30,5.5,-132,110
2026-03-12,WPG,NYR,68,5.5,-108,-112
2026-03-12,WPG,NYR,69,5.5,-106,-114
2026-03-12,WPG,NYR,71,5.5,-114,-109
2026-03-12,WPG,NYR,75,5.5,-110,-110
2026-03-12,UTA,CHI,15,5.5,179,-245
2026-03-12,UTA,CHI,30,6.5,105,-125
2026-03-12,UTA,CHI,68,5.5,-135,114
2026-03-12,UTA,CHI,69,5.5,-122,-100
2026-03-12,UTA,CHI,71,6.0,-112,-110
2026-03-12,UTA,CHI,75,6.0,-105,-115
2026-03-12,VAN,NSH,15,6.5,110,-132
2026-03-12,VAN,NSH,30,6.5,-120,-100
2026-03-12,VAN,NSH,68,6.5,110,-130
2026-03-12,VAN,NSH,69,6.5,110,-134
2026-03-12,VAN,NSH,71,6.0,-120,-105
2026-03-12,VAN,NSH,75,6.0,-115,-105
2026-03-12,VGK,PIT,15,6.5,-101,-118
2026-03-12,VGK,PIT,30,6.5,105,-125
2026-03-12,VGK,PIT,68,6.5,102,-122
2026-03-12,VGK,PIT,69,6.5,-105,-115
2026-03-12,VGK,PIT,71,6.0,-124,100
2026-03-12,VGK,PIT,75,6.5,100,-120
2026-03-12,SEA,COL,15,6.5,-105,-115
2026-03-12,SEA,COL,30,6.5,-100,-120
2026-03-12,SEA,COL,68,6.5,-105,-115
2026-03-12,SEA,COL,69,6.5,-106,-114
2026-03-12,SEA,COL,71,6.0,-125,100
2026-03-12,SEA,COL,75,6.5,-105,-115
2026-03-13,NYI,LA,15,5.5,-110,-112
2026-03-13,NYI,LA,30,5.5,-125,105
2026-03-13,NYI,LA,68,5.5,-105,-115
2026-03-13,NYI,LA,69,5.5,-110,-110
2026-03-13,NYI,LA,71,5.5,-109,-114
2026-03-13,NYI,LA,75,5.5,-110,-110
2026-03-13,STL,EDM,15,6.5,-115,-105
2026-03-13,STL,EDM,30,6.5,-125,105
2026-03-13,STL,EDM,68,6.5,-115,-105
2026-03-13,STL,EDM,69,6.5,-115,-105
2026-03-13,STL,EDM,71,6.5,-121,-104
2026-03-13,STL,EDM,75,6.5,-120,100
2026-03-14,OTT,ANA,15,6.5,-111,-106
2026-03-14,OTT,ANA,30,6.5,-118,-104
2026-03-14,OTT,ANA,68,6.5,-112,-108
2026-03-14,OTT,ANA,69,6.5,-118,-104
2026-03-14,OTT,ANA,71,6.5,-114,-109
2026-03-14,OTT,ANA,75,6.5,-115,-105
2026-03-14,WSH,BOS,15,5.5,184,-256
2026-03-14,WSH,BOS,30,6.5,104,-128
2026-03-14,WSH,BOS,68,5.5,-135,114
2026-03-14,WSH,BOS,69,5.5,-140,114
2026-03-14,WSH,BOS,71,6.0,-118,-106
2026-03-14,WSH,BOS,75,6.0,-110,-110
2026-03-14,WPG,COL,15,5.5,-135,114
2026-03-14,WPG,COL,30,6.5,-102,-120
2026-03-14,WPG,COL,68,5.5,-135,114
2026-03-14,WPG,COL,69,5.5,-134,110
2026-03-14,WPG,COL,71,6.0,-120,-105
2026-03-14,WPG,COL,75,6.0,-110,-110
2026-03-14,MIN,NYR,15,6.5,106,-128
2026-03-14,MIN,NYR,30,6.5,110,-134
2026-03-14,MIN,NYR,68,6.5,105,-125
2026-03-14,MIN,NYR,69,6.5,108,-132
2026-03-14,MIN,NYR,71,6.0,-120,-105
2026-03-14,MIN,NYR,75,6.0,-120,100
2026-03-14,NJ,LA,15,5.5,-120,-102
2026-03-14,NJ,LA,30,5.5,-110,-110
2026-03-14,NJ,LA,68,5.5,-118,-102
2026-03-14,NJ,LA,69,5.5,-120,-102
2026-03-14,NJ,LA,71,5.5,-117,-107
2026-03-14,NJ,LA,75,5.5,-118,-102
2026-03-14,MTL,SJ,15,6.5,-133,112
2026-03-14,MTL,SJ,30,6.5,-128,104
2026-03-14,MTL,SJ,68,6.5,-135,114
2026-03-14,MTL,SJ,69,6.5,-132,108
2026-03-14,MTL,SJ,71,6.5,-137,112
2026-03-14,MTL,SJ,75,6.5,-135,110
2026-03-14,TB,CAR,15,6.5,104,-120
2026-03-14,TB,CAR,30,6.5,-104,-118
2026-03-14,TB,CAR,68,6.5,100,-120
2026-03-14,TB,CAR,69,6.5,108,-132
2026-03-14,TB,CAR,71,6.5,-103,-122
2026-03-14,TB,CAR,75,6.0,-118,-102
2026-03-14,BUF,TOR,15,6.5,-121,101
2026-03-14,BUF,TOR,30,6.5,-106,-114
2026-03-14,BUF,TOR,68,6.5,-122,102
2026-03-14,BUF,TOR,69,6.5,-115,-105
2026-03-14,BUF,TOR,71,6.5,-125,100
2026-03-14,BUF,TOR,75,6.5,-115,-105
2026-03-14,NYI,CGY,15,6.5,110,-130
2026-03-14,NYI,CGY,30,5.5,-115,-105
2026-03-14,NYI,CGY,68,6.5,110,-130
2026-03-14,NYI,CGY,69,6.5,116,-142
2026-03-14,NYI,CGY,71,6.0,-105,-118
2026-03-14,NYI,CGY,75,6.0,-118,-102
2026-03-14,PHI,CBJ,15,5.5,-119,-101
2026-03-14,PHI,CBJ,30,6.5,104,-128
2026-03-14,PHI,CBJ,68,5.5,-120,100
2026-03-14,PHI,CBJ,69,5.5,-118,-104
2026-03-14,PHI,CBJ,71,6.0,102,-125
2026-03-14,PHI,CBJ,75,5.5,-118,-102
2026-03-14,DAL,DET,15,5.5,-116,-105
2026-03-14,DAL,DET,30,5.5,-115,-105
2026-03-14,DAL,DET,68,5.5,-115,-105
2026-03-14,DAL,DET,69,5.5,-118,-104
2026-03-14,DAL,DET,71,5.5,-114,-109
2026-03-14,DAL,DET,75,5.5,-115,-105
2026-03-14,UTA,PIT,15,6.5,107,-129
2026-03-14,UTA,PIT,30,5.5,-142,116
2026-03-14,UTA,PIT,68,6.5,110,-130
2026-03-14,UTA,PIT,69,6.5,104,-128
2026-03-14,UTA,PIT,71,6.0,-113,-110
2026-03-14,UTA,PIT,75,6.0,-120,100
2026-03-14,VGK,CHI,15,6.0,-119,-100
2026-03-14,VGK,CHI,30,6.5,112,-140
2026-03-14,VGK,CHI,68,5.5,-135,114
2026-03-14,VGK,CHI,69,6.5,116,-142
2026-03-14,VGK,CHI,71,6.0,-112,-112
2026-03-14,VGK,CHI,75,6.0,-110,-110
2026-03-14,VAN,SEA,15,6.5,102,-131
2026-03-14,VAN,SEA,30,6.5,114,-140
2026-03-14,VAN,SEA,68,6.5,110,-130
2026-03-14,VAN,SEA,69,6.5,114,-140
2026-03-14,VAN,SEA,71,6.0,-114,-109
2026-03-14,VAN,SEA,75,6.0,-115,-105
2026-03-15,WPG,STL,15,5.5,-125,105
2026-03-15,WPG,STL,30,6.5,105,-125
2026-03-15,WPG,STL,68,5.5,-125,105
2026-03-15,WPG,STL,69,5.5,-122,-100
2026-03-15,WPG,STL,71,6.0,102,-125
2026-03-15,WPG,STL,75,5.5,-120,100
2026-03-15,OTT,SJ,15,6.5,-115,-107
2026-03-15,OTT,SJ,30,6.5,-120,-100
2026-03-15,OTT,SJ,68,6.5,-115,-105
2026-03-15,OTT,SJ,69,6.5,-110,-110
2026-03-15,OTT,SJ,71,6.5,-105,-120
2026-03-15,OTT,SJ,75,6.5,-115,-105
2026-03-15,MTL,ANA,15,6.5,-132,112
2026-03-15,MTL,ANA,30,6.5,-105,-116
2026-03-15,MTL,ANA,68,6.5,-135,114
2026-03-15,MTL,ANA,69,6.5,-144,116
2026-03-15,MTL,ANA,71,6.5,-141,112
2026-03-15,MTL,ANA,75,6.5,-135,115
2026-03-15,MIN,TOR,15,6.5,-100,-120
2026-03-15,MIN,TOR,30,6.5,-100,-120
2026-03-15,MIN,TOR,68,6.5,100,-120
2026-03-15,MIN,TOR,69,6.5,-102,-120
2026-03-15,MIN,TOR,71,6.5,-105,-120
2026-03-15,MIN,TOR,75,6.5,-102,-118
2026-03-15,SEA,FLA,15,6.5,-103,-119
2026-03-15,SEA,FLA,30,6.5,105,-125
2026-03-15,SEA,FLA,68,5.5,-135,114
2026-03-15,SEA,FLA,69,6.5,104,-128
2026-03-15,SEA,FLA,71,6.0,-108,-115
2026-03-15,SEA,FLA,75,6.0,-110,-110
2026-03-15,EDM,NSH,15,6.5,-151,124
2026-03-15,EDM,NSH,30,6.5,-125,105
2026-03-15,EDM,NSH,68,6.5,-155,130
2026-03-15,EDM,NSH,69,6.5,-152,124
2026-03-15,EDM,NSH,71,7.0,105,-130
2026-03-15,EDM,NSH,75,7.0,-102,-118
2026-03-16,NJ,BOS,15,6.5,106,-125
2026-03-16,NJ,BOS,30,6.5,105,-125
2026-03-16,NJ,BOS,68,6.5,105,-125
2026-03-16,NJ,BOS,69,6.5,108,-132
2026-03-16,NJ,BOS,71,6.0,-117,-107
2026-03-16,NJ,BOS,75,6.0,-120,100
2026-03-16,NYR,LA,15,5.5,-118,-105
2026-03-16,NYR,LA,30,5.5,-125,105
2026-03-16,NYR,LA,68,5.5,-115,-105
2026-03-16,NYR,LA,69,5.5,-122,-100
2026-03-16,NYR,LA,71,5.5,-125,102
2026-03-16,NYR,LA,75,5.5,-115,-105
2026-03-16,DET,CGY,15,5.5,-121,-103
2026-03-16,DET,CGY,30,6.5,105,-125
2026-03-16,DET,CGY,68,5.5,-120,100
2026-03-16,DET,CGY,69,5.5,-122,-106
2026-03-16,DET,CGY,71,6.0,102,-125
2026-03-16,DET,CGY,75,5.5,-120,100
2026-03-16,DAL,UTA,15,5.5,-130,110
2026-03-16,DAL,UTA,30,5.5,-125,105
2026-03-16,DAL,UTA,68,5.5,-130,110
2026-03-16,DAL,UTA,69,5.5,-134,110
2026-03-16,DAL,UTA,71,6.0,-103,-122
2026-03-16,DAL,UTA,75,6.0,100,-120
2026-03-16,COL,PIT,15,6.5,-130,110
2026-03-16,COL,PIT,30,6.5,-125,105
2026-03-16,COL,PIT,68,6.5,-130,110
2026-03-16,COL,PIT,69,6.5,-130,106
2026-03-16,COL,PIT,71,6.5,-130,105
2026-03-16,COL,PIT,75,6.5,-130,110
2026-03-17,TOR,NYI,15,6.5,-102,-120
2026-03-17,TOR,NYI,30,6.5,-116,-105
2026-03-17,TOR,NYI,68,6.5,110,-130
2026-03-17,TOR,NYI,69,5.5,-138,112
2026-03-17,TOR,NYI,71,6.0,-115,-108
2026-03-17,TOR,NYI,75,6.0,-110,-110
2026-03-17,CBJ,CAR,15,6.5,109,-124
2026-03-17,CBJ,CAR,30,6.5,-132,110
2026-03-17,CBJ,CAR,68,6.5,-105,-115
2026-03-17,CBJ,CAR,69,6.5,108,-132
2026-03-17,CBJ,CAR,71,6.5,-104,-121
2026-03-17,CBJ,CAR,75,6.5,-105,-115
2026-03-17,MTL,BOS,15,6.5,-114,-105
2026-03-17,MTL,BOS,30,6.5,-120,-100
2026-03-17,MTL,BOS,68,6.5,-105,-115
2026-03-17,MTL,BOS,69,6.5,-114,-106
2026-03-17,MTL,BOS,71,6.5,100,-122
2026-03-17,MTL,BOS,75,6.5,-105,-115
2026-03-17,CHI,MIN,15,6.0,-114,-104
2026-03-17,CHI,MIN,30,6.5,105,-125
2026-03-17,CHI,MIN,68,5.5,-130,110
2026-03-17,CHI,MIN,69,5.5,-130,106
2026-03-17,CHI,MIN,71,6.0,-104,-121
2026-03-17,CHI,MIN,75,6.0,-105,-115
2026-03-17,WPG,NSH,15,5.5,-125,105
2026-03-17,WPG,NSH,30,6.5,105,-125
2026-03-17,WPG,NSH,68,5.5,-125,105
2026-03-17,WPG,NSH,69,5.5,-122,-100
2026-03-17,WPG,NSH,71,5.5,-124,100
2026-03-17,WPG,NSH,75,6.0,100,-120
2026-03-17,EDM,SJ,15,6.5,-152,124
2026-03-17,EDM,SJ,30,6.5,-156,130
2026-03-17,EDM,SJ,68,6.5,-148,124
2026-03-17,EDM,SJ,69,6.5,-152,124
2026-03-17,EDM,SJ,71,7.0,105,-130
2026-03-17,EDM,SJ,75,7.0,100,-120
2026-03-17,SEA,TB,15,6.5,105,-129
2026-03-17,SEA,TB,30,6.5,-120,-100
2026-03-17,SEA,TB,68,6.5,105,-125
2026-03-17,SEA,TB,69,6.5,110,-134
2026-03-17,SEA,TB,71,6.0,-115,-108
2026-03-17,SEA,TB,75,6.0,-120,100
2026-03-17,VGK,BUF,15,6.5,-110,-107
2026-03-17,VGK,BUF,30,6.5,-116,-105
2026-03-17,VGK,BUF,68,6.5,-115,-105
2026-03-17,VGK,BUF,69,6.5,-110,-110
2026-03-17,VGK,BUF,71,6.5,-112,-112
2026-03-17,VGK,BUF,75,6.5,-110,-110
2026-03-17,VAN,FLA,15,6.5,110,-132
2026-03-17,VAN,FLA,30,6.5,-120,-100
2026-03-17,VAN,FLA,68,6.5,110,-130
2026-03-17,VAN,FLA,69,6.5,110,-134
2026-03-17,VAN,FLA,71,6.0,-115,-107
2026-03-17,VAN,FLA,75,6.0,-110,-110
2026-03-18,CAR,PIT,15,6.5,-111,-108
2026-03-18,CAR,PIT,30,6.5,-120,-100
2026-03-18,CAR,PIT,68,6.5,-112,-108
2026-03-18,CAR,PIT,69,6.5,-112,-108
2026-03-18,CAR,PIT,71,6.5,-109,-114
2026-03-18,CAR,PIT,75,6.5,-110,-110
2026-03-18,NYR,NJ,15,6.5,103,-124
2026-03-18,NYR,NJ,30,6.5,110,-134
2026-03-18,NYR,NJ,68,6.5,105,-125
2026-03-18,NYR,NJ,69,6.5,102,-124
2026-03-18,NYR,NJ,71,6.0,-117,-107
2026-03-18,NYR,NJ,75,6.0,-120,100
2026-03-18,WSH,OTT,15,5.5,-133,-120
2026-03-18,WSH,OTT,30,6.5,-110,-110
2026-03-18,WSH,OTT,68,5.5,-135,114
2026-03-18,WSH,OTT,69,5.5,-132,108
2026-03-18,WSH,OTT,71,6.0,-115,-108
2026-03-18,WSH,OTT,75,6.0,-110,-110
2026-03-18,CGY,STL,15,5.5,-120,101
2026-03-18,CGY,STL,30,5.5,-112,-108
2026-03-18,CGY,STL,68,5.5,-122,102
2026-03-18,CGY,STL,69,5.5,-120,-102
2026-03-18,CGY,STL,71,5.5,-122,-103
2026-03-18,CGY,STL,75,5.5,-120,100
2026-03-18,COL,DAL,15,6.5,-108,-110
2026-03-18,COL,DAL,30,6.5,114,-140
2026-03-18,COL,DAL,68,6.5,102,-122
2026-03-18,COL,DAL,69,6.5,104,-128
2026-03-18,COL,DAL,71,6.5,-106,-118
2026-03-18,COL,DAL,75,6.0,-120,100
2026-03-18,ANA,PHI,15,6.5,-105,-115
2026-03-18,ANA,PHI,30,6.5,104,-128
2026-03-18,ANA,PHI,68,6.5,-105,-115
2026-03-18,ANA,PHI,69,6.5,-104,-125
2026-03-18,ANA,PHI,71,6.0,-122,-103
2026-03-18,ANA,PHI,75,6.5,-105,-115
2026-03-19,OTT,NYI,15,5.5,-132,110
2026-03-19,OTT,NYI,30,5.5,-120,100
2026-03-19,OTT,NYI,68,5.5,-130,110
2026-03-19,OTT,NYI,69,5.5,-134,110
2026-03-19,OTT,NYI,71,6.0,-104,-121
2026-03-19,OTT,NYI,75,6.0,-105,-115
2026-03-19,BOS,WPG,15,5.5,-132,-128
2026-03-19,BOS,WPG,30,5.5,-130,110
2026-03-19,BOS,WPG,68,5.5,-130,110
2026-03-19,BOS,WPG,69,5.5,-135,104
2026-03-19,BOS,WPG,71,6.0,100,-122
2026-03-19,BOS,WPG,75,6.0,-105,-115
2026-03-19,DET,MTL,15,6.5,-107,-113
2026-03-19,DET,MTL,30,6.5,105,-125
2026-03-19,DET,MTL,68,6.5,105,-125
2026-03-19,DET,MTL,69,6.5,-100,-122
2026-03-19,DET,MTL,71,6.5,-104,-121
2026-03-19,DET,MTL,75,6.0,-120,100
2026-03-19,CBJ,NYR,15,6.5,114,-137
2026-03-19,CBJ,NYR,30,6.5,105,-125
2026-03-19,CBJ,NYR,68,6.5,114,-135
2026-03-19,CBJ,NYR,69,6.5,114,-140
2026-03-19,CBJ,NYR,71,6.0,-127,102
2026-03-19,CBJ,NYR,75,6.0,-115,-105
2026-03-19,MIN,CHI,15,5.5,-140,114
2026-03-19,MIN,CHI,30,6.5,114,-135
2026-03-19,MIN,CHI,68,5.5,-135,114
2026-03-19,MIN,CHI,69,5.5,-140,114
2026-03-19,MIN,CHI,71,6.0,-120,-105
2026-03-19,MIN,CHI,75,6.0,-110,-110
2026-03-19,NSH,SEA,15,6.5,-107,-112
2026-03-19,NSH,SEA,30,5.5,-120,100
2026-03-19,NSH,SEA,68,6.5,105,-125
2026-03-19,NSH,SEA,69,6.5,104,-128
2026-03-19,NSH,SEA,71,6.0,-110,-113
2026-03-19,NSH,SEA,75,6.0,-120,100
2026-03-19,EDM,FLA,15,6.5,-118,-102
2026-03-19,EDM,FLA,30,6.5,110,-130
2026-03-19,EDM,FLA,68,6.5,-118,-102
2026-03-19,EDM,FLA,69,6.5,-118,-104
2026-03-19,EDM,FLA,71,6.5,-122,-103
2026-03-19,EDM,FLA,75,6.5,-118,-102
2026-03-19,VGK,UTA,15,6.0,-105,-115
2026-03-19,VGK,UTA,30,6.5,112,-140
2026-03-19,VGK,UTA,68,5.5,-135,114
2026-03-19,VGK,UTA,69,6.5,112,-138
2026-03-19,VGK,UTA,71,6.0,-115,-108
2026-03-19,VGK,UTA,75,6.0,-105,-115
2026-03-19,VAN,TB,15,6.5,101,-122
2026-03-19,VAN,TB,30,6.5,110,-134
2026-03-19,VAN,TB,68,6.5,100,-120
2026-03-19,VAN,TB,69,6.5,102,-124
2026-03-19,VAN,TB,71,6.5,100,-125
2026-03-19,VAN,TB,75,6.5,100,-120
2026-03-19,SJ,BUF,15,6.5,-140,115
2026-03-19,SJ,BUF,30,6.5,-112,-108
2026-03-19,SJ,BUF,68,6.5,-148,124
2026-03-19,SJ,BUF,69,6.5,-140,114
2026-03-19,SJ,BUF,71,6.5,-137,112
2026-03-19,SJ,BUF,75,7.0,105,-125
2026-03-19,LA,PHI,15,6.0,-116,-104
2026-03-19,LA,PHI,30,5.5,-130,110
2026-03-19,LA,PHI,68,5.5,-130,110
2026-03-19,LA,PHI,69,5.5,-134,110
2026-03-19,LA,PHI,71,5.5,-124,100
2026-03-19,LA,PHI,75,6.0,-102,-118
2026-03-20,WSH,NJ,15,6.5,101,-122
2026-03-20,WSH,NJ,30,5.5,-120,-100
2026-03-20,WSH,NJ,68,6.5,114,-135
2026-03-20,WSH,NJ,69,6.5,112,-140
2026-03-20,WSH,NJ,71,6.0,-108,-115
2026-03-20,WSH,NJ,75,6.0,-115,-105
2026-03-20,TOR,CAR,15,6.5,-103,-113
2026-03-20,TOR,CAR,30,6.5,-116,-105
2026-03-20,TOR,CAR,68,6.5,-108,-112
2026-03-20,TOR,CAR,69,6.5,-102,-120
2026-03-20,TOR,CAR,71,6.5,-109,-113
2026-03-20,TOR,CAR,75,6.5,-105,-115
2026-03-20,CHI,COL,15,6.5,-100,-120
2026-03-20,CHI,COL,30,6.5,-100,-120
2026-03-20,CHI,COL,68,6.5,100,-120
2026-03-20,CHI,COL,69,6.5,-100,-122
2026-03-20,CHI,COL,71,6.5,102,-125
2026-03-20,CHI,COL,75,6.5,100,-120
2026-03-20,CGY,FLA,15,5.5,-128,105
2026-03-20,CGY,FLA,30,6.5,105,-125
2026-03-20,CGY,FLA,68,5.5,-130,110
2026-03-20,CGY,FLA,69,5.5,-128,104
2026-03-20,CGY,FLA,71,6.0,-107,-117
2026-03-20,CGY,FLA,75,6.0,-105,-115
2026-03-20,UTA,ANA,15,6.5,-128,105
2026-03-20,UTA,ANA,30,6.5,-116,-105
2026-03-20,UTA,ANA,68,6.5,-130,110
2026-03-20,UTA,ANA,69,6.5,-128,104
2026-03-20,UTA,ANA,71,6.5,-121,-104
2026-03-20,UTA,ANA,75,6.5,-130,110
2026-03-21,PIT,WPG,15,6.5,-108,-114
2026-03-21,PIT,WPG,30,5.5,-130,110
2026-03-21,PIT,WPG,68,6.5,-105,-115
2026-03-21,PIT,WPG,69,6.5,-106,-114
2026-03-21,PIT,WPG,71,6.0,-122,-103
2026-03-21,PIT,WPG,75,6.5,-105,-115
2026-03-21,NSH,VGK,15,6.5,104,-125
2026-03-21,NSH,VGK,30,5.5,-132,110
2026-03-21,NSH,VGK,68,6.5,105,-125
2026-03-21,NSH,VGK,69,6.5,104,-128
2026-03-21,NSH,VGK,71,6.0,-125,102
2026-03-21,NSH,VGK,75,6.5,100,-120
2026-03-21,SJ,PHI,15,5.5,-133,111
2026-03-21,SJ,PHI,30,6.5,105,-125
2026-03-21,SJ,PHI,68,5.5,-135,114
2026-03-21,SJ,PHI,69,5.5,-132,108
2026-03-21,SJ,PHI,71,6.0,-122,100
2026-03-21,SJ,PHI,75,6.0,-110,-110
2026-03-21,MIN,DAL,15,5.5,-114,-105
2026-03-21,MIN,DAL,30,5.5,-132,110
2026-03-21,MIN,DAL,68,5.5,-115,-105
2026-03-21,MIN,DAL,69,5.5,-114,-106
2026-03-21,MIN,DAL,71,5.5,-114,-109
2026-03-21,MIN,DAL,75,5.5,-115,-105
2026-03-21,LA,BUF,15,6.5,100,-120
2026-03-21,LA,BUF,30,5.5,-125,105
2026-03-21,LA,BUF,68,6.5,100,-120
2026-03-21,LA,BUF,69,6.5,102,-124
2026-03-21,LA,BUF,71,6.0,-125,102
2026-03-21,LA,BUF,75,6.0,-130,100
2026-03-21,CBJ,SEA,15,6.5,-105,-116
2026-03-21,CBJ,SEA,30,6.5,105,-125
2026-03-21,CBJ,SEA,68,6.5,-105,-115
2026-03-21,CBJ,SEA,69,6.5,-104,-118
2026-03-21,CBJ,SEA,71,6.5,102,-127
2026-03-21,CBJ,SEA,75,6.5,-102,-118
2026-03-21,MTL,NYI,15,6.5,-100,-119
2026-03-21,MTL,NYI,30,6.5,105,-125
2026-03-21,MTL,NYI,68,6.5,114,-135
2026-03-21,MTL,NYI,69,5.5,-140,114
2026-03-21,MTL,NYI,71,6.0,-118,-110
2026-03-21,MTL,NYI,75,6.0,-110,-110
2026-03-21,OTT,TOR,15,6.5,-102,-119
2026-03-21,OTT,TOR,30,6.5,105,-125
2026-03-21,OTT,TOR,68,6.5,114,-135
2026-03-21,OTT,TOR,69,6.5,110,-134
2026-03-21,OTT,TOR,71,6.5,100,-124
2026-03-21,OTT,TOR,75,6.0,-120,100
2026-03-21,VAN,STL,15,5.5,-130,108
2026-03-21,VAN,STL,30,6.5,-100,-120
2026-03-21,VAN,STL,68,5.5,-135,114
2026-03-21,VAN,STL,69,5.5,-130,106
2026-03-21,VAN,STL,71,6.0,-109,-114
2026-03-21,VAN,STL,75,6.0,100,-120
2026-03-21,DET,BOS,15,5.5,-130,112
2026-03-21,DET,BOS,30,5.5,-125,105
2026-03-21,DET,BOS,68,5.5,-135,114
2026-03-21,DET,BOS,69,5.5,-130,106
2026-03-21,DET,BOS,71,6.0,-117,-107
2026-03-21,DET,BOS,75,6.0,-105,-115
2026-03-21,EDM,TB,15,6.5,-141,120
2026-03-21,EDM,TB,30,6.5,-125,105
2026-03-21,EDM,TB,68,6.5,-142,120
2026-03-21,EDM,TB,69,6.5,-134,110
2026-03-21,EDM,TB,71,6.5,-132,107
2026-03-21,EDM,TB,75,7.0,105,-125
2026-03-22,NYR,WPG,15,6.5,-103,-119
2026-03-22,NYR,WPG,30,5.5,-125,105
2026-03-22,NYR,WPG,68,6.5,110,-130
2026-03-22,NYR,WPG,69,6.5,104,-128
2026-03-22,NYR,WPG,71,6.0,-114,-109
2026-03-22,NYR,WPG,75,6.0,-118,-102
2026-03-22,WSH,COL,15,6.5,-104,-114
2026-03-22,WSH,COL,30,6.5,-100,-120
2026-03-22,WSH,COL,68,6.5,110,-130
2026-03-22,WSH,COL,69,6.5,110,-134
2026-03-22,WSH,COL,71,6.0,-121,-104
2026-03-22,WSH,COL,75,6.0,-120,100
2026-03-22,CHI,NSH,15,6.0,180,-243
2026-03-22,CHI,NSH,30,6.5,105,-125
2026-03-22,CHI,NSH,68,5.5,-135,114
2026-03-22,CHI,NSH,69,6.5,110,-134
2026-03-22,CHI,NSH,71,6.0,-112,-112
2026-03-22,CHI,NSH,75,6.0,-110,-110
2026-03-22,PIT,CAR,15,6.5,-127,103
2026-03-22,PIT,CAR,30,6.5,-125,105
2026-03-22,PIT,CAR,68,6.5,-130,110
2026-03-22,PIT,CAR,69,6.5,-132,102
2026-03-22,PIT,CAR,71,6.5,-122,-103
2026-03-22,PIT,CAR,75,6.5,-135,110
2026-03-22,NYI,CBJ,15,6.5,-107,-112
2026-03-22,NYI,CBJ,30,6.5,105,-125
2026-03-22,NYI,CBJ,68,6.5,105,-125
2026-03-22,NYI,CBJ,69,6.5,110,-134
2026-03-22,NYI,CBJ,71,6.0,-125,102
2026-03-22,NYI,CBJ,75,6.0,-120,100
2026-03-22,DAL,VGK,15,5.5,-122,101
2026-03-22,DAL,VGK,30,5.5,-125,105
2026-03-22,DAL,VGK,68,5.5,-125,105
2026-03-22,DAL,VGK,69,5.5,-120,-102
2026-03-22,DAL,VGK,71,6.0,-107,-117
2026-03-22,DAL,VGK,75,5.5,-130,100
2026-03-22,CGY,TB,15,6.5,-105,-115
2026-03-22,CGY,TB,30,6.5,105,-125
2026-03-22,CGY,TB,68,6.5,-105,-115
2026-03-22,CGY,TB,69,6.5,-105,-115
2026-03-22,CGY,TB,71,6.5,-104,-121
2026-03-22,CGY,TB,75,6.5,-110,-110
2026-03-22,ANA,BUF,15,6.5,-134,110
2026-03-22,ANA,BUF,30,6.5,-120,-100
2026-03-22,ANA,BUF,68,6.5,-135,114
2026-03-22,ANA,BUF,69,6.5,-134,110
2026-03-22,ANA,BUF,71,6.5,-137,112
2026-03-22,ANA,BUF,75,6.5,-135,110
2026-03-22,UTA,LA,15,5.5,-121,-101
2026-03-22,UTA,LA,30,5.5,-125,105
2026-03-22,UTA,LA,68,5.5,-122,102
2026-03-22,UTA,LA,69,5.5,-118,-104
2026-03-22,UTA,LA,71,5.5,-118,-106
2026-03-22,UTA,LA,75,6.0,100,-120
2026-03-23,NYR,OTT,15,5.5,-130,-104
2026-03-23,NYR,OTT,30,6.5,-100,-120
2026-03-23,NYR,OTT,68,5.5,-130,110
2026-03-23,NYR,OTT,69,5.5,-130,106
2026-03-23,NYR,OTT,71,6.0,-104,-120
2026-03-23,NYR,OTT,75,6.0,-105,-115
2026-03-24,MTL,CAR,15,6.5,-120,-102
2026-03-24,MTL,CAR,30,6.5,-125,105
2026-03-24,MTL,CAR,68,6.5,-120,100
2026-03-24,MTL,CAR,69,6.5,-118,-104
2026-03-24,MTL,CAR,71,6.5,-117,-107
2026-03-24,MTL,CAR,75,6.5,-120,100
2026-03-24,PHI,CBJ,15,5.5,-100,-131
2026-03-24,PHI,CBJ,30,5.5,-125,105
2026-03-24,PHI,CBJ,68,5.5,-125,105
2026-03-24,PHI,CBJ,69,5.5,-122,-100
2026-03-24,PHI,CBJ,71,6.0,100,-124
2026-03-24,PHI,CBJ,75,6.0,100,-120
2026-03-24,FLA,SEA,15,5.5,-138,115
2026-03-24,FLA,SEA,30,6.5,105,-125
2026-03-24,FLA,SEA,68,5.5,-135,114
2026-03-24,FLA,SEA,69,5.5,-142,116
2026-03-24,FLA,SEA,71,6.0,-113,-110
2026-03-24,FLA,SEA,75,6.0,-110,-110
2026-03-24,PIT,COL,15,6.5,-122,-101
2026-03-24,PIT,COL,30,6.5,-141,115
2026-03-24,PIT,COL,68,6.5,-125,105
2026-03-24,PIT,COL,69,6.5,-112,-108
2026-03-24,PIT,COL,71,6.5,-129,102
2026-03-24,PIT,COL,75,6.5,-125,105
2026-03-24,NYI,CHI,15,6.0,-121,-100
2026-03-24,NYI,CHI,30,5.5,-132,110
2026-03-24,NYI,CHI,68,5.5,-135,114
2026-03-24,NYI,CHI,69,5.5,-140,112
2026-03-24,NYI,CHI,71,6.0,102,-125
2026-03-24,NYI,CHI,75,6.0,-110,-110
2026-03-24,BOS,TOR,15,6.5,-101,-118
2026-03-24,BOS,TOR,30,6.5,105,-125
2026-03-24,BOS,TOR,68,6.5,-102,-118
2026-03-24,BOS,TOR,69,6.5,-104,-118
2026-03-24,BOS,TOR,71,6.5,100,-124
2026-03-24,BOS,TOR,75,6.5,-102,-118
2026-03-24,DET,OTT,15,5.5,102,-131
2026-03-24,DET,OTT,30,5.5,-132,110
2026-03-24,DET,OTT,68,5.5,-125,105
2026-03-24,DET,OTT,69,5.5,-122,-100
2026-03-24,DET,OTT,71,5.5,-122,-103
2026-03-24,DET,OTT,75,6.0,100,-120
2026-03-24,TB,MIN,15,6.5,102,-120
2026-03-24,TB,MIN,30,6.5,105,-125
2026-03-24,TB,MIN,68,6.5,100,-120
2026-03-24,TB,MIN,69,6.5,104,-128
2026-03-24,TB,MIN,71,6.5,-103,-122
2026-03-24,TB,MIN,75,6.5,100,-120
2026-03-24,NSH,SJ,15,6.5,-100,-120
2026-03-24,NSH,SJ,30,5.5,-132,110
2026-03-24,NSH,SJ,68,6.5,100,-120
2026-03-24,NSH,SJ,69,6.5,-100,-122
2026-03-24,NSH,SJ,71,6.5,-106,-118
2026-03-24,NSH,SJ,75,6.5,100,-120
2026-03-24,WPG,VGK,15,5.5,136,-176
2026-03-24,WPG,VGK,30,6.5,-116,-105
2026-03-24,WPG,VGK,68,5.5,-130,110
2026-03-24,WPG,VGK,69,5.5,-115,-105
2026-03-24,WPG,VGK,71,6.0,102,-125
2026-03-24,WPG,VGK,75,6.0,-105,-115
2026-03-24,DAL,NJ,15,5.5,-132,112
2026-03-24,DAL,NJ,30,6.5,105,-125
2026-03-24,DAL,NJ,68,5.5,-135,114
2026-03-24,DAL,NJ,69,5.5,-118,-104
2026-03-24,DAL,NJ,71,6.0,-103,-122
2026-03-24,DAL,NJ,75,6.0,-105,-115
2026-03-24,STL,WSH,15,5.5,-115,-104
2026-03-24,STL,WSH,30,5.5,-120,-100
2026-03-24,STL,WSH,68,5.5,-115,-105
2026-03-24,STL,WSH,69,5.5,-118,-104
2026-03-24,STL,WSH,71,6.0,-103,-122
2026-03-24,STL,WSH,75,5.5,-115,-105
2026-03-24,CGY,LA,15,5.5,-120,-102
2026-03-24,CGY,LA,30,5.5,-125,105
2026-03-24,CGY,LA,68,5.5,-120,100
2026-03-24,CGY,LA,69,5.5,-115,-105
2026-03-24,CGY,LA,71,6.0,100,-124
2026-03-24,CGY,LA,75,5.5,-120,100
2026-03-24,UTA,EDM,15,6.5,-122,101
2026-03-24,UTA,EDM,30,6.5,-125,105
2026-03-24,UTA,EDM,68,6.5,-122,102
2026-03-24,UTA,EDM,69,6.5,-122,-100
2026-03-24,UTA,EDM,71,6.5,-117,-107
2026-03-24,UTA,EDM,75,6.5,-120,100
2026-03-24,VAN,ANA,15,6.5,-132,112
2026-03-24,VAN,ANA,30,6.5,-120,-100
2026-03-24,VAN,ANA,68,6.5,-135,114
2026-03-24,VAN,ANA,69,6.5,-128,104
2026-03-24,VAN,ANA,71,6.5,-124,100
2026-03-24,VAN,ANA,75,6.5,-130,115
2026-03-25,BUF,BOS,15,6.5,-120,-100
2026-03-25,BUF,BOS,30,6.5,-105,-116
2026-03-25,BUF,BOS,68,6.5,-125,105
2026-03-25,BUF,BOS,69,6.5,-122,-100
2026-03-25,BUF,BOS,71,6.5,-114,-109
2026-03-25,BUF,BOS,75,6.5,-120,100
2026-03-25,TOR,NYR,15,6.5,102,-126
2026-03-25,TOR,NYR,30,6.5,105,-125
2026-03-25,TOR,NYR,68,6.5,105,-125
2026-03-25,TOR,NYR,69,6.5,104,-128
2026-03-25,TOR,NYR,71,6.0,-125,102
2026-03-25,TOR,NYR,75,6.0,-120,100
2026-03-26,OTT,PIT,15,6.5,105,-121
2026-03-26,OTT,PIT,30,6.5,-116,-105
2026-03-26,OTT,PIT,68,6.5,105,-125
2026-03-26,OTT,PIT,69,6.5,106,-130
2026-03-26,OTT,PIT,71,6.0,-122,100
2026-03-26,OTT,PIT,75,6.0,-120,100
2026-03-26,MTL,CBJ,15,6.5,-110,-110
2026-03-26,MTL,CBJ,30,6.5,-120,-100
2026-03-26,MTL,CBJ,68,6.5,-108,-112
2026-03-26,MTL,CBJ,69,6.5,-100,-122
2026-03-26,MTL,CBJ,71,6.5,-118,-106
2026-03-26,MTL,CBJ,75,6.5,-110,-110
2026-03-26,NYI,DAL,15,5.5,-116,-105
2026-03-26,NYI,DAL,30,5.5,-125,105
2026-03-26,NYI,DAL,68,5.5,-115,-105
2026-03-26,NYI,DAL,69,5.5,-118,-104
2026-03-26,NYI,DAL,71,5.5,-118,-106
2026-03-26,NYI,DAL,75,5.5,-118,-102
2026-03-26,TB,SEA,15,6.5,104,-126
2026-03-26,TB,SEA,30,6.5,-120,-100
2026-03-26,TB,SEA,68,6.5,105,-125
2026-03-26,TB,SEA,69,6.5,104,-128
2026-03-26,TB,SEA,71,6.5,100,-124
2026-03-26,TB,SEA,75,6.5,100,-120
2026-03-26,FLA,MIN,15,6.5,-111,-108
2026-03-26,FLA,MIN,30,6.5,-105,-116
2026-03-26,FLA,MIN,68,6.5,102,-122
2026-03-26,FLA,MIN,69,6.5,110,-134
2026-03-26,FLA,MIN,71,6.0,-120,-104
2026-03-26,FLA,MIN,75,6.5,100,-120
2026-03-26,PHI,CHI,15,5.5,-121,-102
2026-03-26,PHI,CHI,30,5.5,-125,105
2026-03-26,PHI,CHI,68,5.5,-115,-105
2026-03-26,PHI,CHI,69,5.5,-122,-100
2026-03-26,PHI,CHI,71,5.5,-113,-110
2026-03-26,PHI,CHI,75,5.5,-120,100
2026-03-26,WPG,COL,15,5.5,-165,126
2026-03-26,WPG,COL,30,6.5,105,-125
2026-03-26,WPG,COL,68,5.5,-135,114
2026-03-26,WPG,COL,69,5.5,-138,112
2026-03-26,WPG,COL,71,6.0,-117,-107
2026-03-26,WPG,COL,75,6.0,-110,-110
2026-03-26,NSH,NJ,15,6.5,104,-126
2026-03-26,NSH,NJ,30,5.5,-125,105
2026-03-26,NSH,NJ,68,6.5,105,-125
2026-03-26,NSH,NJ,69,6.5,104,-128
2026-03-26,NSH,NJ,71,6.5,-103,-122
2026-03-26,NSH,NJ,75,6.0,-120,100
2026-03-26,STL,SJ,15,5.5,-131,109
2026-03-26,STL,SJ,30,6.5,-116,-105
2026-03-26,STL,SJ,68,5.5,-135,114
2026-03-26,STL,SJ,69,5.5,-128,104
2026-03-26,STL,SJ,71,6.0,-105,-118
2026-03-26,STL,SJ,75,6.0,-105,-115
2026-03-26,CGY,ANA,15,6.5,-116,-102
2026-03-26,CGY,ANA,30,5.5,-125,105
2026-03-26,CGY,ANA,68,6.5,-115,-105
2026-03-26,CGY,ANA,69,6.5,-118,-104
2026-03-26,CGY,ANA,71,6.5,-112,-112
2026-03-26,CGY,ANA,75,6.5,-118,-102
2026-03-26,UTA,WSH,15,6.0,-122,102
2026-03-26,UTA,WSH,30,5.5,-132,110
2026-03-26,UTA,WSH,68,5.5,-135,114
2026-03-26,UTA,WSH,69,5.5,-132,108
2026-03-26,UTA,WSH,71,6.0,-107,-117
2026-03-26,UTA,WSH,75,6.0,-110,-110
2026-03-26,VGK,EDM,15,6.5,-115,-105
2026-03-26,VGK,EDM,30,6.5,-132,110
2026-03-26,VGK,EDM,68,6.5,-115,-105
2026-03-26,VGK,EDM,69,6.5,-115,-105
2026-03-26,VGK,EDM,71,6.5,-115,-107
2026-03-26,VGK,EDM,75,6.5,-115,-105
2026-03-26,VAN,LA,15,5.5,-135,114
2026-03-26,VAN,LA,30,6.5,105,-125
2026-03-26,VAN,LA,68,5.5,-135,114
2026-03-26,VAN,LA,69,5.5,-128,104
2026-03-26,VAN,LA,71,6.0,-108,-115
2026-03-26,VAN,LA,75,6.0,-110,-110
2026-03-27,BUF,DET,15,6.5,-109,-113
2026-03-27,BUF,DET,30,6.5,105,-125
2026-03-27,BUF,DET,68,6.5,110,-130
2026-03-27,BUF,DET,69,6.5,-100,-122
2026-03-27,BUF,DET,71,6.5,-105,-120
2026-03-27,BUF,DET,75,6.0,-118,-102
2026-03-27,NYR,CHI,15,6.5,-112,-100
2026-03-27,NYR,CHI,30,5.5,-125,105
2026-03-27,NYR,CHI,68,6.5,110,-130
2026-03-27,NYR,CHI,69,6.5,-105,-115
2026-03-27,NYR,CHI,71,6.0,-125,100
2026-03-27,NYR,CHI,75,6.0,-120,100
2026-03-28,TB,OTT,15,6.5,112,-117
2026-03-28,TB,OTT,30,6.5,-116,-105
2026-03-28,TB,OTT,68,6.5,110,-130
2026-03-28,TB,OTT,69,6.5,116,-142
2026-03-28,TB,OTT,71,6.0,-112,-112
2026-03-28,NYI,FLA,15,5.5,-120,100
2026-03-28,NYI,FLA,30,6.5,105,-125
2026-03-28,NYI,FLA,68,5.5,-120,100
2026-03-28,NYI,FLA,69,5.5,-120,-102
2026-03-28,NYI,FLA,71,5.5,-121,-103
2026-03-28,EDM,ANA,15,6.5,-167,-105
2026-03-28,EDM,ANA,30,6.5,-156,130
2026-03-28,EDM,ANA,68,6.5,-166,140
2026-03-28,EDM,ANA,69,6.5,-168,136
2026-03-28,EDM,ANA,71,7.0,-115,-108
2026-03-28,CAR,NJ,15,6.5,-105,-115
2026-03-28,CAR,NJ,30,6.5,-111,-111
2026-03-28,CAR,NJ,68,6.5,-105,-115
2026-03-28,CAR,NJ,69,6.5,-104,-118
2026-03-28,CAR,NJ,71,6.0,-125,100
2026-03-28,CBJ,SJ,15,6.5,-105,-113
2026-03-28,CBJ,SJ,30,6.5,-120,-100
2026-03-28,CBJ,SJ,68,6.5,-108,-112
2026-03-28,CBJ,SJ,69,6.5,-106,-114
2026-03-28,CBJ,SJ,71,6.5,-103,-122
2026-03-28,PIT,DAL,15,6.5,-100,-122
2026-03-28,PIT,DAL,30,6.5,-125,105
2026-03-28,PIT,DAL,68,6.5,105,-125
2026-03-28,PIT,DAL,69,6.5,-100,-122
2026-03-28,PIT,DAL,71,6.0,-114,-109
2026-03-28,BOS,MIN,15,6.5,111,-133
2026-03-28,BOS,MIN,30,6.5,-105,-116
2026-03-28,BOS,MIN,68,6.5,114,-135
2026-03-28,BOS,MIN,69,6.5,108,-132
2026-03-28,BOS,MIN,71,6.0,-106,-118
2026-03-28,BUF,SEA,15,6.5,-102,-115
2026-03-28,BUF,SEA,30,6.5,-111,-111
2026-03-28,BUF,SEA,68,6.5,-105,-115
2026-03-28,BUF,SEA,69,6.5,-100,-122
2026-03-28,BUF,SEA,71,6.5,-105,-120
2026-03-28,NSH,MTL,15,6.5,-104,-115
2026-03-28,NSH,MTL,30,5.5,-125,105
2026-03-28,NSH,MTL,68,6.5,-105,-115
2026-03-28,NSH,MTL,69,6.5,-104,-118
2026-03-28,NSH,MTL,71,6.5,-112,-112
2026-03-28,STL,TOR,15,5.5,-132,110
2026-03-28,STL,TOR,30,6.5,105,-125
2026-03-28,STL,TOR,68,5.5,-130,110
2026-03-28,STL,TOR,69,5.5,-134,110
2026-03-28,STL,TOR,71,6.0,100,-124
2026-03-28,COL,WPG,15,6.0,-122,102
2026-03-28,COL,WPG,30,6.5,105,-125
2026-03-28,COL,WPG,68,5.5,-135,114
2026-03-28,COL,WPG,69,5.5,-122,-100
2026-03-28,COL,WPG,71,6.0,-113,-109
2026-03-28,DET,PHI,15,5.5,-125,105
2026-03-28,DET,PHI,30,5.5,-125,105
2026-03-28,DET,PHI,68,5.5,-130,110
2026-03-28,DET,PHI,69,5.5,-120,-102
2026-03-28,DET,PHI,71,6.0,-104,-121
2026-03-28,LA,UTA,15,5.5,-123,102
2026-03-28,LA,UTA,30,5.5,-111,-111
2026-03-28,LA,UTA,68,5.5,-122,102
2026-03-28,LA,UTA,69,5.5,-124,102
2026-03-28,LA,UTA,71,5.5,-125,100
2026-03-28,CGY,VAN,15,6.5,108,-130
2026-03-28,CGY,VAN,30,5.5,-125,105
2026-03-28,CGY,VAN,68,6.5,110,-130
2026-03-28,CGY,VAN,69,6.5,108,-132
2026-03-28,CGY,VAN,71,6.0,-112,-112
2026-03-28,VGK,WSH,15,6.5,112,-134
2026-03-28,VGK,WSH,30,5.5,-125,105
2026-03-28,VGK,WSH,68,6.5,114,-135
2026-03-28,VGK,WSH,69,6.5,110,-134
2026-03-28,VGK,WSH,71,6.0,-118,-106
2026-03-29,NYR,FLA,15,5.5,-133,111
2026-03-29,NYR,FLA,30,5.5,-132,110
2026-03-29,NYR,FLA,68,5.5,-135,114
2026-03-29,NYR,FLA,69,5.5,-132,108
2026-03-29,NYR,FLA,71,6.0,-108,-115
2026-03-29,CAR,MTL,15,6.5,-115,-105
2026-03-29,CAR,MTL,30,6.5,-125,105
2026-03-29,CAR,MTL,68,6.5,-115,-105
2026-03-29,CAR,MTL,69,6.5,-112,-108
2026-03-29,CAR,MTL,71,6.5,-108,-114
2026-03-29,CBJ,BOS,15,6.5,-103,-117
2026-03-29,CBJ,BOS,30,6.5,-100,-120
2026-03-29,CBJ,BOS,68,6.5,110,-130
2026-03-29,CBJ,BOS,69,6.5,108,-132
2026-03-29,CBJ,BOS,71,6.5,100,-122
2026-03-29,TB,NSH,15,6.5,-112,-111
2026-03-29,TB,NSH,30,6.5,-100,-120
2026-03-29,TB,NSH,68,6.5,-108,-112
2026-03-29,TB,NSH,69,6.5,-115,-105
2026-03-29,TB,NSH,71,6.5,-108,-115
2026-03-29,PHI,DAL,15,5.5,-123,102
2026-03-29,PHI,DAL,30,5.5,-120,-100
2026-03-29,PHI,DAL,68,5.5,-130,110
2026-03-29,PHI,DAL,69,5.5,-122,-100
2026-03-29,PHI,DAL,71,6.0,100,-124
2026-03-29,NJ,CHI,15,6.5,-102,-120
2026-03-29,NJ,CHI,30,5.5,-132,110
2026-03-29,NJ,CHI,68,5.5,-135,114
2026-03-29,NJ,CHI,69,6.5,106,-130
2026-03-29,NJ,CHI,71,6.0,-109,-114
2026-03-30,NYI,PIT,15,6.5,-113,-107
2026-03-30,NYI,PIT,30,6.5,105,-125
2026-03-30,NYI,PIT,68,6.5,110,-130
2026-03-30,NYI,PIT,69,6.5,-102,-120
2026-03-30,NYI,PIT,71,6.0,-125,102
2026-03-30,COL,CGY,15,6.5,112,-135
2026-03-30,COL,CGY,30,6.5,105,-125
2026-03-30,COL,CGY,68,6.5,110,-130
2026-03-30,COL,CGY,69,6.5,114,-140
2026-03-30,COL,CGY,71,6.5,104,-129
2026-03-30,VGK,VAN,15,6.5,-111,-110
2026-03-30,VGK,VAN,30,6.5,-105,-116
2026-03-30,VGK,VAN,68,6.5,-112,-108
2026-03-30,VGK,VAN,69,6.5,-110,-110
2026-03-30,VGK,VAN,71,6.5,-113,-109
2026-03-30,SJ,STL,15,6.0,-116,-104
2026-03-30,SJ,STL,30,5.5,-132,110
2026-03-30,SJ,STL,68,5.5,-125,105
2026-03-30,SJ,STL,69,5.5,-134,110
2026-03-30,SJ,STL,71,6.0,-104,-121
2026-03-30,ANA,TOR,15,6.5,-144,122
2026-03-30,ANA,TOR,30,6.5,-125,105
2026-03-30,ANA,TOR,68,6.5,-148,124
2026-03-30,ANA,TOR,69,6.5,-140,112
2026-03-30,ANA,TOR,71,6.5,-137,110
2026-03-31,FLA,OTT,15,6.0,-119,-100
2026-03-31,FLA,OTT,30,6.5,-116,-105
2026-03-31,FLA,OTT,68,5.5,-135,114
2026-03-31,FLA,OTT,69,5.5,-134,110
2026-03-31,FLA,OTT,71,6.0,-114,-109
2026-03-31,WSH,PHI,15,5.5,-121,-103
2026-03-31,WSH,PHI,30,6.5,105,-125
2026-03-31,WSH,PHI,68,5.5,-120,100
2026-03-31,WSH,PHI,69,5.5,-122,-106
2026-03-31,WSH,PHI,71,5.5,-125,102
2026-03-31,PIT,DET,15,6.5,-105,-126
2026-03-31,PIT,DET,30,6.5,-105,-116
2026-03-31,PIT,DET,68,6.5,-105,-125
2026-03-31,PIT,DET,69,6.5,-100,-128
2026-03-31,PIT,DET,71,6.5,-105,-120
2026-03-31,TB,MTL,15,6.5,-103,-116
2026-03-31,TB,MTL,30,6.5,-120,-100
2026-03-31,TB,MTL,68,6.5,-105,-115
2026-03-31,TB,MTL,69,6.5,-102,-118
2026-03-31,TB,MTL,71,6.5,-106,-118
2026-03-31,BOS,DAL,15,6.5,105,-125
2026-03-31,BOS,DAL,30,5.5,-132,110
2026-03-31,BOS,DAL,68,6.5,105,-125
2026-03-31,BOS,DAL,69,6.5,106,-130
2026-03-31,BOS,DAL,71,6.5,105,-130
2026-03-31,BUF,NYI,15,6.5,-101,-120
2026-03-31,BUF,NYI,30,5.5,-132,110
2026-03-31,BUF,NYI,68,6.5,114,-135
2026-03-31,BUF,NYI,69,6.5,108,-132
2026-03-31,BUF,NYI,71,6.0,-124,100
2026-03-31,NYR,NJ,15,6.5,107,-119
2026-03-31,NYR,NJ,30,5.5,-132,110
2026-03-31,NYR,NJ,68,6.5,110,-130
2026-03-31,NYR,NJ,69,6.5,104,-128
2026-03-31,NYR,NJ,71,6.0,-112,-112
2026-03-31,CBJ,CAR,15,6.5,-105,-115
2026-03-31,CBJ,CAR,30,6.5,-120,-100
2026-03-31,CBJ,CAR,68,6.5,-105,-115
2026-03-31,CBJ,CAR,69,6.5,-100,-122
2026-03-31,CBJ,CAR,71,6.5,-105,-120
2026-03-31,CHI,WPG,15,6.0,-117,-102
2026-03-31,CHI,WPG,30,5.5,-132,110
2026-03-31,CHI,WPG,68,5.5,-130,110
2026-03-31,CHI,WPG,69,5.5,-130,106
2026-03-31,CHI,WPG,71,6.0,-112,-112
2026-03-31,EDM,SEA,15,6.5,-110,-110
2026-03-31,EDM,SEA,30,6.5,-120,-100
2026-03-31,EDM,SEA,68,6.5,-115,-105
2026-03-31,EDM,SEA,69,6.5,-105,-115
2026-03-31,EDM,SEA,71,6.5,-112,-110
2026-04-01,COL,VAN,15,6.5,-115,-105
2026-04-01,COL,VAN,30,6.5,-120,-100
2026-04-01,COL,VAN,68,6.5,-115,-105
2026-04-01,COL,VAN,69,6.5,-114,-106
2026-04-01,COL,VAN,71,6.5,-124,100
2026-04-01,COL,VAN,75,6.5,-115,-105
2026-04-01,LA,STL,15,5.5,-110,-110
2026-04-01,LA,STL,30,5.5,105,-125
2026-04-01,LA,STL,68,5.5,-110,-110
2026-04-01,LA,STL,69,5.5,-110,-110
2026-04-01,LA,STL,71,5.5,-113,-110
2026-04-01,LA,STL,75,5.5,-110,-110
2026-04-01,SJ,ANA,15,6.5,-140,114
2026-04-01,SJ,ANA,30,6.5,-132,110
2026-04-01,SJ,ANA,68,6.5,-142,120
2026-04-01,SJ,ANA,69,6.5,-140,114
2026-04-01,SJ,ANA,71,7.0,112,-139
2026-04-01,SJ,ANA,75,6.5,-130,110
2026-04-02,OTT,BUF,15,6.5,100,-120
2026-04-02,OTT,BUF,30,5.5,-125,105
2026-04-02,OTT,BUF,68,6.5,100,-120
2026-04-02,OTT,BUF,69,6.5,-100,-122
2026-04-02,OTT,BUF,71,6.5,-108,-115
2026-04-02,OTT,BUF,75,6.5,100,-120
2026-04-02,PHI,DET,15,5.5,-100,107
2026-04-02,PHI,DET,30,5.5,-125,105
2026-04-02,PHI,DET,68,5.5,-130,110
2026-04-02,PHI,DET,69,5.5,-124,102
2026-04-02,PHI,DET,71,6.0,100,-124
2026-04-02,PHI,DET,75,6.0,100,-120
2026-04-02,CAR,CBJ,15,6.5,-111,-112
2026-04-02,CAR,CBJ,30,6.5,-120,-100
2026-04-02,CAR,CBJ,68,6.5,-112,-108
2026-04-02,CAR,CBJ,69,6.5,-106,-114
2026-04-02,CAR,CBJ,71,6.5,-109,-114
2026-04-02,CAR,CBJ,75,6.5,-110,-110
2026-04-02,TB,PIT,15,6.5,-115,-105
2026-04-02,TB,PIT,30,6.5,-147,120
2026-04-02,TB,PIT,68,6.5,-115,-105
2026-04-02,TB,PIT,69,6.5,-120,-102
2026-04-02,TB,PIT,71,6.5,-122,-103
2026-04-02,TB,PIT,75,6.5,-120,100
2026-04-02,FLA,BOS,15,6.5,-100,-123
2026-04-02,FLA,BOS,30,6.5,105,-125
2026-04-02,FLA,BOS,68,6.5,-102,-118
2026-04-02,FLA,BOS,69,6.5,104,-128
2026-04-02,FLA,BOS,71,6.5,-107,-115
2026-04-02,FLA,BOS,75,6.5,-105,-115
2026-04-02,NYR,MTL,15,6.5,-105,-112
2026-04-02,NYR,MTL,30,6.5,105,-125
2026-04-02,NYR,MTL,68,6.5,-105,-115
2026-04-02,NYR,MTL,69,6.5,-105,-114
2026-04-02,NYR,MTL,71,6.5,-104,-121
2026-04-02,NYR,MTL,75,6.5,-110,-110
2026-04-02,NJ,WSH,15,6.5,103,-124
2026-04-02,NJ,WSH,30,6.5,105,-125
2026-04-02,NJ,WSH,68,6.5,105,-125
2026-04-02,NJ,WSH,69,6.5,102,-124
2026-04-02,NJ,WSH,71,6.0,-125,102
2026-04-02,NJ,WSH,75,6.5,100,-120
2026-04-02,DAL,WPG,15,5.5,-115,-105
2026-04-02,DAL,WPG,30,5.5,-120,-100
2026-04-02,DAL,WPG,68,5.5,-118,-102
2026-04-02,DAL,WPG,69,5.5,-115,-105
2026-04-02,DAL,WPG,71,5.5,-124,100
2026-04-02,DAL,WPG,75,5.5,-115,-105
2026-04-02,MIN,VAN,15,6.5,-115,-105
2026-04-02,MIN,VAN,30,6.5,105,-125
2026-04-02,MIN,VAN,68,6.5,-115,-105
2026-04-02,MIN,VAN,69,6.5,-108,-112
2026-04-02,MIN,VAN,71,6.5,-113,-109
2026-04-02,MIN,VAN,75,6.5,-115,-105
2026-04-02,EDM,CHI,15,6.5,-112,-108
2026-04-02,EDM,CHI,30,6.5,-111,-111
2026-04-02,EDM,CHI,68,6.5,-112,-108
2026-04-02,EDM,CHI,69,6.5,-114,-106
2026-04-02,EDM,CHI,71,6.5,-115,-108
2026-04-02,EDM,CHI,75,6.5,-118,-102
2026-04-02,SEA,UTA,15,6.5,110,-130
2026-04-02,SEA,UTA,30,6.5,-120,-100
2026-04-02,SEA,UTA,68,6.5,110,-130
2026-04-02,SEA,UTA,69,6.5,116,-142
2026-04-02,SEA,UTA,71,6.0,-112,-112
2026-04-02,SEA,UTA,75,6.0,-120,100
2026-04-02,VGK,CGY,15,6.5,112,-135
2026-04-02,VGK,CGY,30,5.5,-125,105
2026-04-02,VGK,CGY,68,6.5,110,-130
2026-04-02,VGK,CGY,69,6.5,114,-140
2026-04-02,VGK,CGY,71,6.0,-120,-105
2026-04-02,VGK,CGY,75,6.0,-120,100
2026-04-02,SJ,TOR,15,6.5,-109,-110
2026-04-02,SJ,TOR,30,6.5,-116,-105
2026-04-02,SJ,TOR,68,6.5,-108,-112
2026-04-02,SJ,TOR,69,6.5,-110,-110
2026-04-02,SJ,TOR,71,6.5,-118,-105
2026-04-02,SJ,TOR,75,6.5,-115,-105
2026-04-02,LA,NSH,15,5.5,-115,-105
2026-04-02,LA,NSH,30,5.5,-111,-111
2026-04-02,LA,NSH,68,5.5,-115,-105
2026-04-02,LA,NSH,69,5.5,-114,-106
2026-04-02,LA,NSH,71,5.5,-129,-108
2026-04-02,LA,NSH,75,5.5,-115,-105
2026-04-03,NYI,PHI,15,5.5,-121,-101
2026-04-03,NYI,PHI,30,6.5,-100,-120
2026-04-03,NYI,PHI,68,5.5,-122,102
2026-04-03,NYI,PHI,69,5.5,-118,-104
2026-04-03,NYI,PHI,71,5.5,-120,-105
2026-04-03,NYI,PHI,75,5.5,-120,100
2026-04-03,ANA,STL,15,6.5,108,-134
2026-04-03,ANA,STL,30,6.5,105,-125
2026-04-03,ANA,STL,68,6.5,110,-130
2026-04-03,ANA,STL,69,6.5,106,-138
2026-04-03,ANA,STL,71,6.5,-104,-121
2026-04-03,ANA,STL,75,6.0,-120,100
2026-04-04,NYR,DET,15,6.5,-102,-118
2026-04-04,NYR,DET,30,5.5,-125,105
2026-04-04,NYR,DET,68,6.5,-102,-118
2026-04-04,NYR,DET,69,6.5,-102,-120
2026-04-04,NYR,DET,71,6.0,-124,100
2026-04-04,NYR,DET,75,6.5,-105,-115
2026-04-04,OTT,MIN,15,6.5,-105,-115
2026-04-04,OTT,MIN,30,6.5,105,-125
2026-04-04,OTT,MIN,68,6.5,105,-125
2026-04-04,OTT,MIN,69,6.5,108,-132
2026-04-04,OTT,MIN,71,6.0,-112,-112
2026-04-04,OTT,MIN,75,6.0,-120,100
2026-04-04,DAL,COL,15,6.5,-107,-107
2026-04-04,DAL,COL,30,5.5,-132,110
2026-04-04,DAL,COL,68,6.5,105,-125
2026-04-04,DAL,COL,69,6.5,-105,-115
2026-04-04,DAL,COL,71,6.0,-122,-103
2026-04-04,DAL,COL,75,6.0,-120,100
2026-04-04,TB,BOS,15,6.5,-107,-112
2026-04-04,TB,BOS,30,6.5,-111,-111
2026-04-04,TB,BOS,68,6.5,105,-125
2026-04-04,TB,BOS,69,6.5,106,-138
2026-04-04,TB,BOS,71,6.0,-121,-104
2026-04-04,TB,BOS,75,6.0,-120,100
2026-04-04,PIT,FLA,15,6.5,-123,-101
2026-04-04,PIT,FLA,30,6.5,-120,-100
2026-04-04,PIT,FLA,68,6.5,-122,102
2026-04-04,PIT,FLA,69,6.5,-125,-104
2026-04-04,PIT,FLA,71,6.5,-109,-114
2026-04-04,PIT,FLA,75,6.5,-120,100
2026-04-04,VAN,UTA,15,6.5,-115,102
2026-04-04,VAN,UTA,30,6.5,105,-125
2026-04-04,VAN,UTA,68,6.5,-115,-105
2026-04-04,VAN,UTA,69,6.5,-114,-114
2026-04-04,VAN,UTA,71,6.5,-110,-113
2026-04-04,VAN,UTA,75,6.5,-110,-110
2026-04-04,CAR,NYI,15,6.5,103,-120
2026-04-04,CAR,NYI,30,6.5,-120,-100
2026-04-04,CAR,NYI,68,6.5,100,-120
2026-04-04,CAR,NYI,69,6.5,106,-130
2026-04-04,CAR,NYI,71,6.0,-124,100
2026-04-04,CAR,NYI,75,6.5,100,-120
2026-04-04,NJ,MTL,15,6.5,-105,-115
2026-04-04,NJ,MTL,30,6.5,-116,-105
2026-04-04,NJ,MTL,68,6.5,-105,-115
2026-04-04,NJ,MTL,69,6.5,-108,-120
2026-04-04,NJ,MTL,71,6.5,-103,-122
2026-04-04,NJ,MTL,75,6.5,-105,-115
2026-04-04,WSH,BUF,15,6.5,-105,-120
2026-04-04,WSH,BUF,30,6.5,105,-125
2026-04-04,WSH,BUF,68,6.5,-105,-115
2026-04-04,WSH,BUF,69,6.5,-104,-125
2026-04-04,WSH,BUF,71,6.5,-105,-120
2026-04-04,WSH,BUF,75,6.5,-105,-115
2026-04-04,LA,TOR,15,6.5,106,-114
2026-04-04,LA,TOR,30,6.5,105,-125
2026-04-04,LA,TOR,68,6.5,110,-130
2026-04-04,LA,TOR,69,6.5,102,-132
2026-04-04,LA,TOR,71,6.0,-118,-106
2026-04-04,LA,TOR,75,6.0,-115,-105
2026-04-04,CBJ,WPG,15,5.5,103,-131
2026-04-04,CBJ,WPG,30,6.5,105,-125
2026-04-04,CBJ,WPG,68,5.5,-125,105
2026-04-04,CBJ,WPG,69,5.5,-128,-102
2026-04-04,CBJ,WPG,71,6.0,100,-124
2026-04-04,CBJ,WPG,75,6.0,-102,-118
2026-04-04,ANA,CGY,15,6.5,-137,117
2026-04-04,ANA,CGY,30,6.5,-120,-100
2026-04-04,ANA,CGY,68,6.5,-135,114
2026-04-04,ANA,CGY,69,6.5,-134,110
2026-04-04,ANA,CGY,71,6.5,-122,-103
2026-04-04,ANA,CGY,75,6.5,-118,-102
2026-04-04,EDM,VGK,15,6.5,-103,-113
2026-04-04,EDM,VGK,30,6.5,-116,-105
2026-04-04,EDM,VGK,68,6.5,-108,-112
2026-04-04,EDM,VGK,69,6.5,-102,-120
2026-04-04,EDM,VGK,71,6.5,-110,-112
2026-04-04,EDM,VGK,75,6.5,-110,-110
2026-04-04,SJ,NSH,15,6.5,-105,-116
2026-04-04,SJ,NSH,30,6.5,-116,-105
2026-04-04,SJ,NSH,68,6.5,-105,-115
2026-04-04,SJ,NSH,69,6.5,-104,-118
2026-04-04,SJ,NSH,71,6.5,-104,-121
2026-04-04,SJ,NSH,75,6.5,-110,-110
2026-04-04,SEA,CHI,15,6.5,100,-122
2026-04-04,SEA,CHI,30,6.5,-100,-120
2026-04-04,SEA,CHI,68,6.5,114,-135
2026-04-04,SEA,CHI,69,6.5,100,-122
2026-04-04,SEA,CHI,71,6.0,-117,-107
2026-04-04,SEA,CHI,75,6.0,-115,-105
2026-04-05,DET,MIN,15,6.5,104,-130
2026-04-05,DET,MIN,30,6.5,-105,-116
2026-04-05,DET,MIN,68,6.5,105,-125
2026-04-05,DET,MIN,69,6.5,104,-135
2026-04-05,DET,MIN,71,6.0,-112,-110
2026-04-05,DET,MIN,75,6.0,-120,100
2026-04-05,PIT,FLA,15,6.5,-138,117
2026-04-05,PIT,FLA,30,6.5,-120,-100
2026-04-05,PIT,FLA,68,6.5,-142,120
2026-04-05,PIT,FLA,69,6.5,-135,104
2026-04-05,PIT,FLA,71,6.5,-120,-105
2026-04-05,PIT,FLA,75,6.5,-135,115
2026-04-05,PHI,BOS,15,5.5,-136,110
2026-04-05,PHI,BOS,30,6.5,105,-125
2026-04-05,PHI,BOS,68,5.5,-135,114
2026-04-05,PHI,BOS,69,5.5,-138,106
2026-04-05,PHI,BOS,71,6.0,-108,-114
2026-04-05,PHI,BOS,75,6.0,-110,-110
2026-04-05,OTT,CAR,15,6.5,100,-120
2026-04-05,OTT,CAR,30,6.5,-105,-116
2026-04-05,OTT,CAR,68,6.5,100,-120
2026-04-05,OTT,CAR,69,6.5,-105,-115
2026-04-05,OTT,CAR,71,6.0,-125,102
2026-04-05,OTT,CAR,75,6.5,100,-120
2026-04-05,MTL,NJ,15,6.5,-124,102
2026-04-05,MTL,NJ,30,6.5,105,-125
2026-04-05,MTL,NJ,68,6.5,-130,110
2026-04-05,MTL,NJ,69,6.5,-128,104
2026-04-05,MTL,NJ,71,6.5,-134,108
2026-04-05,MTL,NJ,75,6.5,-125,105
2026-04-05,NYR,WSH,15,6.5,102,-116
2026-04-05,NYR,WSH,30,5.5,-132,110
2026-04-05,NYR,WSH,68,6.5,102,-122
2026-04-05,NYR,WSH,69,6.5,102,-132
2026-04-05,NYR,WSH,71,6.0,-124,100
2026-04-05,NYR,WSH,75,6.0,-118,-102
2026-04-05,COL,STL,15,5.5,-134,110
2026-04-05,COL,STL,30,6.5,-125,105
2026-04-05,COL,STL,68,5.5,-130,110
2026-04-05,COL,STL,69,5.5,-134,110
2026-04-05,COL,STL,71,6.0,-109,-114
2026-04-05,COL,STL,75,6.0,-110,-110
2026-04-06,BUF,TB,15,6.5,-115,-107
2026-04-06,BUF,TB,30,6.5,-125,105
2026-04-06,BUF,TB,68,6.5,-115,-105
2026-04-06,BUF,TB,69,6.5,-110,-110
2026-04-06,BUF,TB,71,6.5,-110,-113
2026-04-06,BUF,TB,75,6.5,-110,-110
2026-04-06,WPG,SEA,15,5.5,-115,-109
2026-04-06,WPG,SEA,30,6.5,105,-125
2026-04-06,WPG,SEA,68,5.5,-115,-105
2026-04-06,WPG,SEA,69,5.5,-114,-114
2026-04-06,WPG,SEA,71,5.5,-118,-105
2026-04-06,WPG,SEA,75,5.5,-115,-105
2026-04-06,SJ,CHI,15,6.5,-100,-121
2026-04-06,SJ,CHI,30,6.5,-116,-105
2026-04-06,SJ,CHI,68,6.5,100,-120
2026-04-06,SJ,CHI,69,6.5,100,-122
2026-04-06,SJ,CHI,71,6.5,100,-124
2026-04-06,SJ,CHI,75,3.0,-10000,1450
2026-04-06,LA,NSH,15,6.0,216,-305
2026-04-06,LA,NSH,30,5.5,-111,-111
2026-04-06,LA,NSH,68,5.5,-135,114
2026-04-06,LA,NSH,69,5.5,-132,108
2026-04-06,LA,NSH,71,6.0,-108,-115
2026-04-06,LA,NSH,75,6.0,-105,-115
2026-04-07,OTT,TB,15,6.5,-105,-115
2026-04-07,OTT,TB,30,6.5,-100,-120
2026-04-07,OTT,TB,68,6.5,-105,-115
2026-04-07,OTT,TB,69,6.5,-105,-115
2026-04-07,OTT,TB,71,6.5,-106,-118
2026-04-07,OTT,TB,75,6.5,-105,-115
2026-04-07,NJ,PHI,15,6.0,-119,-100
2026-04-07,NJ,PHI,30,5.5,-132,110
2026-04-07,NJ,PHI,68,5.5,-135,114
2026-04-07,NJ,PHI,69,5.5,-130,106
2026-04-07,NJ,PHI,71,6.0,-103,-121
2026-04-07,NJ,PHI,75,6.0,-105,-115
2026-04-07,MTL,FLA,15,6.5,-109,-110
2026-04-07,MTL,FLA,30,6.5,105,-125
2026-04-07,MTL,FLA,68,6.5,-110,-110
2026-04-07,MTL,FLA,69,6.5,-108,-112
2026-04-07,MTL,FLA,71,6.5,-109,-114
2026-04-07,MTL,FLA,75,6.5,-110,-110
2026-04-07,CAR,BOS,15,6.5,105,-126
2026-04-07,CAR,BOS,30,6.5,-120,-100
2026-04-07,CAR,BOS,68,6.5,105,-125
2026-04-07,CAR,BOS,69,6.5,104,-128
2026-04-07,CAR,BOS,71,6.5,106,-132
2026-04-07,CAR,BOS,75,6.5,100,-120
2026-04-07,DET,CBJ,15,6.0,-122,102
2026-04-07,DET,CBJ,30,6.5,105,-125
2026-04-07,DET,CBJ,68,5.5,-135,114
2026-04-07,DET,CBJ,69,5.5,-134,110
2026-04-07,DET,CBJ,71,6.5,112,-141
2026-04-07,DET,CBJ,75,6.0,-110,-110
2026-04-07,STL,COL,15,6.5,110,-130
2026-04-07,STL,COL,30,6.5,105,-125
2026-04-07,STL,COL,68,6.5,110,-130
2026-04-07,STL,COL,69,6.5,114,-140
2026-04-07,STL,COL,71,6.0,-115,-108
2026-04-07,STL,COL,75,6.0,-115,-105
2026-04-07,MIN,SEA,15,6.5,106,-130
2026-04-07,MIN,SEA,30,6.5,105,-125
2026-04-07,MIN,SEA,68,6.5,110,-130
2026-04-07,MIN,SEA,69,6.5,106,-130
2026-04-07,MIN,SEA,71,6.0,-114,-109
2026-04-07,MIN,SEA,75,6.0,-120,100
2026-04-07,DAL,CGY,15,5.5,-130,110
2026-04-07,DAL,CGY,30,5.5,-111,-111
2026-04-07,DAL,CGY,68,5.5,-130,110
2026-04-07,DAL,CGY,69,5.5,-128,-102
2026-04-07,DAL,CGY,71,5.5,-124,100
2026-04-07,DAL,CGY,75,6.0,100,-120
2026-04-07,UTA,EDM,15,6.5,-112,-112
2026-04-07,UTA,EDM,30,6.5,-120,-100
2026-04-07,UTA,EDM,68,6.5,-115,-105
2026-04-07,UTA,EDM,69,6.5,-105,-115
2026-04-07,UTA,EDM,71,6.5,-115,-107
2026-04-07,UTA,EDM,75,6.5,-110,-110
2026-04-07,VAN,VGK,15,6.5,-105,-112
2026-04-07,VAN,VGK,30,6.5,105,-125
2026-04-07,VAN,VGK,68,6.5,-105,-115
2026-04-07,VAN,VGK,69,6.5,-110,-110
2026-04-07,VAN,VGK,71,6.5,-110,-113
2026-04-07,VAN,VGK,75,6.5,-105,-115
2026-04-07,ANA,NSH,15,6.5,-121,101
2026-04-07,ANA,NSH,30,6.5,-120,-100
2026-04-07,ANA,NSH,68,6.5,-122,102
2026-04-07,ANA,NSH,69,6.5,-124,102
2026-04-07,ANA,NSH,71,6.5,-122,100
2026-04-07,ANA,NSH,75,6.5,-120,100
2026-04-08,NYR,BUF,15,6.5,-100,-121
2026-04-08,NYR,BUF,30,6.5,105,-125
2026-04-08,NYR,BUF,68,6.5,-102,-118
2026-04-08,NYR,BUF,69,6.5,102,-124
2026-04-08,NYR,BUF,71,6.5,100,-125
2026-04-08,NYR,BUF,75,6.5,-102,-118
2026-04-08,TOR,WSH,15,6.5,-107,-110
2026-04-08,TOR,WSH,30,6.5,105,-125
2026-04-08,TOR,WSH,68,6.5,-110,-110
2026-04-08,TOR,WSH,69,6.5,-105,-115
2026-04-08,TOR,WSH,71,6.5,-110,-112
2026-04-08,TOR,WSH,75,6.5,-110,-110
2026-04-08,SJ,EDM,15,6.5,-140,114
2026-04-08,SJ,EDM,30,6.5,-156,130
2026-04-08,SJ,EDM,68,6.5,-135,114
2026-04-08,SJ,EDM,69,6.5,-140,114
2026-04-08,SJ,EDM,71,6.5,-129,104
2026-04-08,SJ,EDM,75,7.0,110,-135
2026-04-09,NYI,TOR,15,6.5,-105,-115
2026-04-09,NYI,TOR,30,6.5,-116,-105
2026-04-09,NYI,TOR,68,6.5,-105,-115
2026-04-09,NYI,TOR,69,6.5,-110,-110
2026-04-09,NYI,TOR,71,6.5,-110,-113
2026-04-09,NYI,TOR,75,6.5,-102,-118
2026-04-09,DET,PHI,15,6.0,-115,-102
2026-04-09,DET,PHI,30,5.5,-132,110
2026-04-09,DET,PHI,68,5.5,-135,114
2026-04-09,DET,PHI,69,5.5,-134,110
2026-04-09,DET,PHI,71,5.5,-137,110
2026-04-09,DET,PHI,75,6.0,-118,-102
2026-04-09,OTT,FLA,15,6.5,-102,-119
2026-04-09,OTT,FLA,30,5.5,-132,110
2026-04-09,OTT,FLA,68,6.5,-102,-118
2026-04-09,OTT,FLA,69,6.5,104,-128
2026-04-09,OTT,FLA,71,6.0,-122,-104
2026-04-09,OTT,FLA,75,6.5,-102,-118
2026-04-09,MTL,TB,15,6.5,-105,-115
2026-04-09,MTL,TB,30,6.5,-105,-116
2026-04-09,MTL,TB,68,6.5,-105,-115
2026-04-09,MTL,TB,69,6.5,-105,-115
2026-04-09,MTL,TB,71,6.5,-106,-118
2026-04-09,MTL,TB,75,6.5,-105,-115
2026-04-09,NJ,PIT,15,6.5,-120,110
2026-04-09,NJ,PIT,30,6.5,-116,-105
2026-04-09,NJ,PIT,68,6.5,-135,114
2026-04-09,NJ,PIT,69,6.5,-130,106
2026-04-09,NJ,PIT,71,6.5,-124,100
2026-04-09,NJ,PIT,75,6.5,-110,-110
2026-04-09,BUF,CBJ,15,6.5,-113,-109
2026-04-09,BUF,CBJ,30,6.5,105,-125
2026-04-09,BUF,CBJ,68,6.5,105,-125
2026-04-09,BUF,CBJ,69,6.5,-102,-128
2026-04-09,BUF,CBJ,71,6.5,-104,-121
2026-04-09,BUF,CBJ,75,6.0,-118,-102
2026-04-09,STL,WPG,15,5.5,-112,-110
2026-04-09,STL,WPG,30,5.5,-120,-100
2026-04-09,STL,WPG,68,5.5,-112,-108
2026-04-09,STL,WPG,69,5.5,-115,-105
2026-04-09,STL,WPG,71,5.5,-110,-113
2026-04-09,STL,WPG,75,5.5,-105,-115
2026-04-09,CHI,CAR,15,6.5,104,-128
2026-04-09,CHI,CAR,30,6.5,-111,-111
2026-04-09,CHI,CAR,68,6.5,110,-130
2026-04-09,CHI,CAR,69,6.5,104,-128
2026-04-09,CHI,CAR,71,6.0,-120,-104
2026-04-09,CHI,CAR,75,6.0,-120,100
2026-04-09,DAL,MIN,15,6.0,-124,104
2026-04-09,DAL,MIN,30,5.5,-111,-111
2026-04-09,DAL,MIN,68,5.5,-135,114
2026-04-09,DAL,MIN,69,5.5,-140,114
2026-04-09,DAL,MIN,71,6.0,-107,-117
2026-04-09,DAL,MIN,75,6.0,-115,-105
2026-04-09,COL,CGY,15,6.5,100,-120
2026-04-09,COL,CGY,30,6.5,-125,105
2026-04-09,COL,CGY,68,6.5,-105,-115
2026-04-09,COL,CGY,69,6.5,-100,-122
2026-04-09,COL,CGY,71,6.0,-129,104
2026-04-09,COL,CGY,75,6.5,100,-120
2026-04-09,UTA,NSH,15,6.0,-112,105
2026-04-09,UTA,NSH,30,6.5,-105,-116
2026-04-09,UTA,NSH,68,6.5,105,-125
2026-04-09,UTA,NSH,69,6.5,102,-124
2026-04-09,UTA,NSH,71,6.5,-104,-121
2026-04-09,UTA,NSH,75,6.0,-120,100
2026-04-09,SEA,VGK,15,6.5,105,-125
2026-04-09,SEA,VGK,30,6.5,105,-125
2026-04-09,SEA,VGK,68,6.5,105,-125
2026-04-09,SEA,VGK,69,6.5,106,-130
2026-04-09,SEA,VGK,71,6.0,-122,-103
2026-04-09,SEA,VGK,75,6.0,-115,-105
2026-04-09,ANA,SJ,15,6.5,140,117
2026-04-09,ANA,SJ,30,6.5,-141,115
2026-04-09,ANA,SJ,68,6.5,-142,120
2026-04-09,ANA,SJ,69,6.5,-140,114
2026-04-09,ANA,SJ,71,6.5,-141,112
2026-04-09,ANA,SJ,75,6.5,-125,105
2026-04-09,LA,VAN,15,6.5,-103,-117
2026-04-09,LA,VAN,30,5.5,-125,105
2026-04-09,LA,VAN,68,6.5,114,-135
2026-04-09,LA,VAN,69,6.5,112,-138
2026-04-09,LA,VAN,71,6.0,-112,-112
2026-04-09,LA,VAN,75,6.0,-118,-102
2026-04-11,BOS,TB,15,6.5,-102,-117
2026-04-11,BOS,TB,30,6.5,-105,-116
2026-04-11,BOS,TB,68,6.5,110,-130
2026-04-11,BOS,TB,69,6.5,110,-134
2026-04-11,BOS,TB,71,6.0,-107,-117
2026-04-11,BOS,TB,75,6.0,-115,-105
2026-04-11,NYI,OTT,15,6.5,-104,-114
2026-04-11,NYI,OTT,30,5.5,-125,105
2026-04-11,NYI,OTT,68,6.5,110,-130
2026-04-11,NYI,OTT,69,6.5,110,-134
2026-04-11,NYI,OTT,71,6.0,-112,-110
2026-04-11,NYI,OTT,75,6.0,-120,100
2026-04-11,PIT,WSH,15,6.5,-138,117
2026-04-11,PIT,WSH,30,6.5,-141,115
2026-04-11,PIT,WSH,68,6.5,-142,120
2026-04-11,PIT,WSH,69,6.5,-128,104
2026-04-11,PIT,WSH,71,6.5,-129,104
2026-04-11,PIT,WSH,75,6.5,-135,110
2026-04-11,LA,EDM,15,6.5,-102,-115
2026-04-11,LA,EDM,30,6.5,-120,-100
2026-04-11,LA,EDM,68,6.5,-105,-115
2026-04-11,LA,EDM,69,6.5,-100,-122
2026-04-11,LA,EDM,71,6.5,-108,-115
2026-04-11,LA,EDM,75,6.5,-105,-115
2026-04-11,DET,NJ,15,6.5,-102,-120
2026-04-11,DET,NJ,30,5.5,-132,110
2026-04-11,DET,NJ,68,6.5,-102,-118
2026-04-11,DET,NJ,69,6.5,-102,-120
2026-04-11,DET,NJ,71,6.5,-104,-121
2026-04-11,DET,NJ,75,6.5,-102,-118
2026-04-11,DAL,NYR,15,5.5,-127,105
2026-04-11,DAL,NYR,30,5.5,-125,105
2026-04-11,DAL,NYR,68,5.5,-130,110
2026-04-11,DAL,NYR,69,5.5,-130,106
2026-04-11,DAL,NYR,71,6.0,-103,-122
2026-04-11,DAL,NYR,75,6.0,-110,-110
2026-04-11,UTA,CAR,15,6.5,-105,-115
2026-04-11,UTA,CAR,30,6.5,-120,-100
2026-04-11,UTA,CAR,68,6.5,-105,-115
2026-04-11,UTA,CAR,69,6.5,-105,-115
2026-04-11,UTA,CAR,71,6.5,-104,-120
2026-04-11,UTA,CAR,75,6.5,-105,-115
2026-04-11,NSH,MIN,15,6.5,-111,-108
2026-04-11,NSH,MIN,30,5.5,-125,105
2026-04-11,NSH,MIN,68,6.5,102,-122
2026-04-11,NSH,MIN,69,6.5,102,-124
2026-04-11,NSH,MIN,71,6.0,-122,-103
2026-04-11,NSH,MIN,75,6.5,-102,-118
2026-04-11,CHI,STL,15,6.0,-124,102
2026-04-11,CHI,STL,30,6.5,105,-125
2026-04-11,CHI,STL,68,5.5,-135,114
2026-04-11,CHI,STL,69,5.5,-140,114
2026-04-11,CHI,STL,71,6.0,-104,-121
2026-04-11,CHI,STL,75,6.0,-110,-110
2026-04-11,TOR,FLA,15,6.5,-115,-105
2026-04-11,TOR,FLA,30,6.5,-116,-105
2026-04-11,TOR,FLA,68,6.5,-115,-105
2026-04-11,TOR,FLA,69,6.5,-115,-105
2026-04-11,TOR,FLA,71,6.5,-121,-104
2026-04-11,TOR,FLA,75,6.5,-115,-105
2026-04-11,MTL,CBJ,15,6.5,105,-127
2026-04-11,MTL,CBJ,30,6.5,105,-125
2026-04-11,MTL,CBJ,68,6.5,105,-125
2026-04-11,MTL,CBJ,69,6.5,106,-130
2026-04-11,MTL,CBJ,71,6.0,-121,-104
2026-04-11,MTL,CBJ,75,6.0,-120,100
2026-04-11,SEA,CGY,15,6.5,-106,-109
2026-04-11,SEA,CGY,30,5.5,-132,110
2026-04-11,SEA,CGY,68,6.5,-108,-112
2026-04-11,SEA,CGY,69,6.5,-114,-106
2026-04-11,SEA,CGY,71,6.5,100,-124
2026-04-11,SEA,CGY,75,6.5,-105,-115
2026-04-11,WPG,PHI,15,5.5,-120,-103
2026-04-11,WPG,PHI,30,5.5,-125,105
2026-04-11,WPG,PHI,68,5.5,-115,-105
2026-04-11,WPG,PHI,69,5.5,-120,-102
2026-04-11,WPG,PHI,71,5.5,-120,-105
2026-04-11,WPG,PHI,75,5.5,-120,100
2026-04-11,COL,VGK,15,6.5,-102,-117
2026-04-11,COL,VGK,30,6.5,105,-125
2026-04-11,COL,VGK,68,6.5,110,-130
2026-04-11,COL,VGK,69,6.5,110,-134
2026-04-11,COL,VGK,71,6.0,-117,-106
2026-04-11,COL,VGK,75,6.0,-120,100
2026-04-11,SJ,VAN,15,6.5,-120,101
2026-04-11,SJ,VAN,30,6.5,-141,115
2026-04-11,SJ,VAN,68,6.5,-122,102
2026-04-11,SJ,VAN,69,6.5,-115,-105
2026-04-11,SJ,VAN,71,6.5,-125,102
2026-04-11,SJ,VAN,75,6.5,-120,100
2026-04-12,WSH,PIT,15,6.5,-140,118
2026-04-12,WSH,PIT,30,6.5,-125,105
2026-04-12,WSH,PIT,68,6.5,-142,120
2026-04-12,WSH,PIT,69,6.5,-144,118
2026-04-12,WSH,PIT,71,6.5,-132,107
2026-04-12,WSH,PIT,75,6.5,-120,100
2026-04-12,NYI,MTL,15,6.0,-120,100
2026-04-12,NYI,MTL,30,6.5,-105,-116
2026-04-12,NYI,MTL,68,6.5,105,-125
2026-04-12,NYI,MTL,69,6.5,108,-134
2026-04-12,NYI,MTL,71,6.0,-115,-108
2026-04-12,NYI,MTL,75,6.0,-120,100
2026-04-12,CBJ,BOS,15,6.5,100,-115
2026-04-12,CBJ,BOS,30,5.5,-132,110
2026-04-12,CBJ,BOS,68,6.5,-105,-115
2026-04-12,CBJ,BOS,69,6.5,-105,-115
2026-04-12,CBJ,BOS,71,6.0,-124,100
2026-04-12,CBJ,BOS,75,6.5,100,-120
2026-04-12,NJ,OTT,15,6.5,-100,-130
2026-04-12,NJ,OTT,30,6.5,-116,-105
2026-04-12,NJ,OTT,68,6.5,110,-130
2026-04-12,NJ,OTT,69,6.5,108,-132
2026-04-12,NJ,OTT,71,6.0,-125,102
2026-04-12,NJ,OTT,75,6.0,-120,100
2026-04-12,ANA,VAN,15,6.5,-166,140
2026-04-12,ANA,VAN,30,6.5,-125,105
2026-04-12,ANA,VAN,68,6.5,-166,140
2026-04-12,ANA,VAN,69,6.5,-150,122
2026-04-12,ANA,VAN,71,7.0,100,-124
2026-04-12,ANA,VAN,75,6.5,-130,105
2026-04-12,CGY,UTA,15,6.0,-115,-105
2026-04-12,CGY,UTA,30,5.5,-132,110
2026-04-12,CGY,UTA,68,6.5,110,-130
2026-04-12,CGY,UTA,69,6.5,106,-130
2026-04-12,CGY,UTA,71,6.0,-122,100
2026-04-12,CGY,UTA,75,6.0,-115,-105
2026-04-13,FLA,NYR,15,6.5,108,-130
2026-04-13,FLA,NYR,30,6.5,-120,-100
2026-04-13,FLA,NYR,68,6.5,110,-130
2026-04-13,FLA,NYR,69,6.5,106,-130
2026-04-13,FLA,NYR,71,6.0,-118,-106
2026-04-13,TB,DET,15,6.5,105,-125
2026-04-13,TB,DET,30,6.5,-116,-105
2026-04-13,TB,DET,68,6.5,105,-125
2026-04-13,TB,DET,69,6.5,102,-124
2026-04-13,TB,DET,71,6.5,-104,-121
2026-04-13,PHI,CAR,15,6.0,-115,-104
2026-04-13,PHI,CAR,30,6.5,-105,-116
2026-04-13,PHI,CAR,68,5.5,-130,110
2026-04-13,PHI,CAR,69,5.5,-132,108
2026-04-13,PHI,CAR,71,6.0,-107,-117
2026-04-13,TOR,DAL,15,6.5,-115,-106
2026-04-13,TOR,DAL,30,5.5,-132,110
2026-04-13,TOR,DAL,68,6.5,-112,-108
2026-04-13,TOR,DAL,69,6.5,-115,-105
2026-04-13,TOR,DAL,71,6.5,-115,-108
2026-04-13,NSH,SJ,15,6.5,-110,-110
2026-04-13,NSH,SJ,30,6.5,-105,-116
2026-04-13,NSH,SJ,68,6.5,-112,-108
2026-04-13,NSH,SJ,69,6.5,-110,-110
2026-04-13,NSH,SJ,71,6.5,-127,102
2026-04-13,STL,MIN,15,5.5,-116,-106
2026-04-13,STL,MIN,30,5.5,-132,110
2026-04-13,STL,MIN,68,5.5,-112,-108
2026-04-13,STL,MIN,69,5.5,-118,-104
2026-04-13,STL,MIN,71,6.0,100,-122
2026-04-13,CHI,BUF,15,6.5,-103,-112
2026-04-13,CHI,BUF,30,6.5,-120,-100
2026-04-13,CHI,BUF,68,6.5,-102,-118
2026-04-13,CHI,BUF,69,6.5,-105,-115
2026-04-13,CHI,BUF,71,6.5,-108,-115
2026-04-13,SEA,LA,15,5.5,-129,107
2026-04-13,SEA,LA,30,5.5,-125,105
2026-04-13,SEA,LA,68,5.5,-130,110
2026-04-13,SEA,LA,69,5.5,-128,104
2026-04-13,SEA,LA,71,6.0,-110,-113
2026-04-13,EDM,COL,15,6.5,-117,-100
2026-04-13,EDM,COL,30,6.5,-147,120
2026-04-13,EDM,COL,68,6.5,-120,100
2026-04-13,EDM,COL,69,6.5,-122,-100
2026-04-13,EDM,COL,71,6.5,-115,-108
2026-04-13,VGK,WPG,15,6.0,-116,-104
2026-04-13,VGK,WPG,30,5.5,-132,110
2026-04-13,VGK,WPG,68,5.5,-130,110
2026-04-13,VGK,WPG,69,5.5,-134,110
2026-04-13,VGK,WPG,71,5.5,-130,105
2026-04-14,CBJ,WSH,15,6.5,-115,-105
2026-04-14,CBJ,WSH,30,6.5,110,-130
2026-04-14,CBJ,WSH,68,6.5,-115,-105
2026-04-14,CBJ,WSH,69,6.5,-122,-100
2026-04-14,CBJ,WSH,71,6.5,-112,-112
2026-04-14,CBJ,WSH,75,6.5,-115,-105
2026-04-14,PHI,MTL,15,6.5,108,-105
2026-04-14,PHI,MTL,30,5.5,-132,110
2026-04-14,PHI,MTL,68,6.5,110,-130
2026-04-14,PHI,MTL,69,6.5,108,-132
2026-04-14,PHI,MTL,71,6.0,-124,100
2026-04-14,PHI,MTL,75,6.0,-120,100
2026-04-14,NYI,CAR,15,6.5,-110,-105
2026-04-14,NYI,CAR,30,6.5,100,-120
2026-04-14,NYI,CAR,68,6.5,-110,-110
2026-04-14,NYI,CAR,69,6.5,-115,-105
2026-04-14,NYI,CAR,71,6.5,-108,-115
2026-04-14,NYI,CAR,75,6.5,-115,-105
2026-04-14,BOS,NJ,15,6.5,102,-122
2026-04-14,BOS,NJ,30,5.5,-142,120
2026-04-14,BOS,NJ,68,6.5,102,-122
2026-04-14,BOS,NJ,69,6.5,108,-132
2026-04-14,BOS,NJ,71,6.0,-115,-107
2026-04-14,BOS,NJ,75,6.5,100,-120
2026-04-14,MIN,ANA,15,6.5,-125,105
2026-04-14,MIN,ANA,30,6.5,-120,-100
2026-04-14,MIN,ANA,68,6.5,-135,114
2026-04-14,MIN,ANA,69,6.5,-124,102
2026-04-14,MIN,ANA,71,6.5,-127,102
2026-04-14,MIN,ANA,75,6.5,-135,110
2026-04-14,UTA,WPG,15,6.5,-100,-122
2026-04-14,UTA,WPG,30,5.5,-125,105
2026-04-14,UTA,WPG,68,6.5,114,-135
2026-04-14,UTA,WPG,69,6.5,-100,-122
2026-04-14,UTA,WPG,71,6.0,-112,-112
2026-04-14,UTA,WPG,75,6.0,-115,-105
2026-04-14,CGY,COL,15,6.5,100,-120
2026-04-14,CGY,COL,30,6.5,105,-125
2026-04-14,CGY,COL,68,6.5,100,-120
2026-04-14,CGY,COL,69,6.5,102,-124
2026-04-14,CGY,COL,71,6.5,-104,-120
2026-04-14,CGY,COL,75,6.5,100,-120
2026-04-14,STL,PIT,15,6.5,-105,-115
2026-04-14,STL,PIT,30,6.5,-116,-105
2026-04-14,STL,PIT,68,6.5,-102,-118
2026-04-14,STL,PIT,69,6.5,-105,-115
2026-04-14,STL,PIT,71,6.5,-108,-115
2026-04-14,STL,PIT,75,6.5,-105,-115
2026-04-14,VAN,LA,15,6.5,110,-130
2026-04-14,VAN,LA,30,5.5,-125,105
2026-04-14,VAN,LA,68,6.5,110,-130
2026-04-14,VAN,LA,69,6.5,112,-138
2026-04-14,VAN,LA,71,6.0,-113,-109
2026-04-14,VAN,LA,75,6.0,-115,-105
2026-04-15,TB,NYR,15,6.5,-106,-111
2026-04-15,TB,NYR,30,6.5,105,-125
2026-04-15,TB,NYR,68,6.5,-108,-112
2026-04-15,TB,NYR,69,6.5,-110,-110
2026-04-15,TB,NYR,71,6.5,-103,-121
2026-04-15,TB,NYR,75,6.5,-102,-118
2026-04-15,BUF,DAL,15,6.5,-100,-124
2026-04-15,BUF,DAL,30,5.5,-132,110
2026-04-15,BUF,DAL,68,6.5,110,-130
2026-04-15,BUF,DAL,69,6.5,114,-140
2026-04-15,BUF,DAL,71,6.0,-117,-107
2026-04-15,BUF,DAL,75,6.0,-115,-105
2026-04-15,FLA,DET,15,6.5,-104,-117
2026-04-15,FLA,DET,30,6.5,-120,-100
2026-04-15,FLA,DET,68,6.5,110,-130
2026-04-15,FLA,DET,69,6.5,106,-130
2026-04-15,FLA,DET,71,6.5,-104,-121
2026-04-15,FLA,DET,75,6.0,-130,-102
2026-04-15,OTT,TOR,15,6.5,-134,110
2026-04-15,OTT,TOR,30,6.5,-116,-105
2026-04-15,OTT,TOR,68,6.5,-130,110
2026-04-15,OTT,TOR,69,6.5,-134,110
2026-04-15,OTT,TOR,71,6.5,-127,102
2026-04-15,OTT,TOR,75,6.5,-135,110
2026-04-15,CHI,SJ,15,6.5,-112,-110
2026-04-15,CHI,SJ,30,6.5,-105,-116
2026-04-15,CHI,SJ,68,6.5,-115,-105
2026-04-15,CHI,SJ,69,6.5,-110,-110
2026-04-15,CHI,SJ,71,6.5,-114,-109
2026-04-15,CHI,SJ,75,6.5,-115,-105
2026-04-15,VGK,SEA,15,6.5,100,-120
2026-04-15,VGK,SEA,30,6.5,105,-125
2026-04-15,VGK,SEA,68,6.5,102,-122
2026-04-15,VGK,SEA,69,6.5,104,-128
2026-04-15,VGK,SEA,71,6.0,-122,100
2026-04-15,VGK,SEA,75,6.5,100,-120
2026-04-16,UTA,STL,15,6.5,107,-126
2026-04-16,UTA,STL,30,6.5,105,-125
2026-04-16,UTA,STL,68,6.5,110,-130
2026-04-16,UTA,STL,69,6.5,104,-128
2026-04-16,UTA,STL,71,6.0,-117,-107
2026-04-16,UTA,STL,75,6.0,-115,-105
2026-04-16,NSH,ANA,15,6.5,-120,100
2026-04-16,NSH,ANA,30,6.5,-116,-105
2026-04-16,NSH,ANA,68,6.5,-120,100
2026-04-16,NSH,ANA,69,6.5,-120,-102
2026-04-16,NSH,ANA,71,6.5,-112,-112
2026-04-16,NSH,ANA,75,6.5,-120,100
2026-04-16,WPG,SJ,15,6.5,-107,-114
2026-04-16,WPG,SJ,30,6.5,105,-125
2026-04-16,WPG,SJ,68,6.5,-108,-112
2026-04-16,WPG,SJ,69,6.5,-106,-114
2026-04-16,WPG,SJ,71,6.5,-109,-114
2026-04-16,WPG,SJ,75,6.5,-105,-115
2026-04-16,EDM,VAN,15,6.5,-129,107
2026-04-16,EDM,VAN,30,6.5,-125,105
2026-04-16,EDM,VAN,68,6.5,-130,110
2026-04-16,EDM,VAN,69,6.5,-128,104
2026-04-16,EDM,VAN,71,6.5,-121,-104
2026-04-16,EDM,VAN,75,6.5,-125,105
2026-04-16,CGY,LA,15,6.5,-102,-117
2026-04-16,CGY,LA,30,5.5,-125,105
2026-04-16,CGY,LA,68,6.5,110,-130
2026-04-16,CGY,LA,69,6.5,110,-134
2026-04-16,CGY,LA,71,6.0,-117,-107
2026-04-16,CGY,LA,75,6.0,-115,-105
2026-04-16,COL,SEA,15,6.5,-100,-118
2026-04-16,COL,SEA,30,6.5,-100,-120
2026-04-16,COL,SEA,68,6.5,102,-122
2026-04-16,COL,SEA,69,6.5,104,-128
2026-04-16,COL,SEA,71,6.0,-121,-104
2026-04-16,COL,SEA,75,6.5,-102,-118
2026-04-18,CAR,OTT,15,6.0,-110,-110
2026-04-18,CAR,OTT,30,6.0,-110,-110
2026-04-18,CAR,OTT,68,6.5,114,-135
2026-04-18,CAR,OTT,69,5.5,-134,110
2026-04-18,CAR,OTT,71,6.5,112,-137
2026-04-18,CAR,OTT,75,6.0,-115,-105
2026-04-18,DAL,MIN,15,5.5,-131,109
2026-04-18,DAL,MIN,30,5.5,-125,105
2026-04-18,DAL,MIN,68,5.5,-130,110
2026-04-18,DAL,MIN,69,5.5,-132,108
2026-04-18,DAL,MIN,71,5.5,-120,-105
2026-04-18,DAL,MIN,75,6.0,-102,-118
2026-04-18,PIT,PHI,15,6.5,104,-125
2026-04-18,PIT,PHI,30,6.5,-106,-115
2026-04-18,PIT,PHI,68,6.5,105,-125
2026-04-18,PIT,PHI,69,6.5,104,-128
2026-04-18,PIT,PHI,71,6.5,112,-139
2026-04-18,PIT,PHI,75,6.0,-120,100
2026-04-19,COL,LA,15,5.5,-130,110
2026-04-19,COL,LA,30,5.5,-126,105
2026-04-19,COL,LA,68,5.5,-130,110
2026-04-19,COL,LA,69,5.5,-128,104
2026-04-19,COL,LA,71,5.5,-134,108
2026-04-19,COL,LA,75,6.0,-105,-115
2026-04-19,TB,MTL,15,6.5,110,-117
2026-04-19,TB,MTL,30,6.5,111,-135
2026-04-19,TB,MTL,68,6.5,110,-130
2026-04-19,TB,MTL,69,6.5,110,-134
2026-04-19,TB,MTL,71,6.5,107,-132
2026-04-19,TB,MTL,75,6.0,-115,-105
2026-04-19,BUF,BOS,15,6.5,-102,-119
2026-04-19,BUF,BOS,30,6.5,115,-135
2026-04-19,BUF,BOS,68,6.5,114,-135
2026-04-19,BUF,BOS,69,6.5,110,-134
2026-04-19,BUF,BOS,71,6.5,112,-139
2026-04-19,BUF,BOS,75,6.0,-115,-105
2026-04-19,VGK,UTA,15,5.5,-132,112
2026-04-19,VGK,UTA,30,6.0,-115,-104
2026-04-19,VGK,UTA,68,5.5,-130,110
2026-04-19,VGK,UTA,69,5.5,-130,106
2026-04-19,VGK,UTA,71,5.5,-132,106
2026-04-19,VGK,UTA,75,6.0,-105,-115
2026-04-20,PIT,PHI,15,6.5,-102,-117
2026-04-20,PIT,PHI,30,6.5,-105,-115
2026-04-20,PIT,PHI,68,6.5,110,-130
2026-04-20,PIT,PHI,69,6.5,110,-134
2026-04-20,PIT,PHI,71,6.5,112,-141
2026-04-20,PIT,PHI,75,6.0,-115,-105
2026-04-20,CAR,OTT,15,5.5,-130,110
2026-04-20,CAR,OTT,30,5.5,-115,-105
2026-04-20,CAR,OTT,68,5.5,-130,110
2026-04-20,CAR,OTT,69,5.5,-128,104
2026-04-20,CAR,OTT,71,5.5,-120,-104
2026-04-20,CAR,OTT,75,6.0,100,-120
2026-04-20,DAL,MIN,15,5.5,-160,122
2026-04-20,DAL,MIN,30,6.0,-114,-102
2026-04-20,DAL,MIN,68,5.5,-130,110
2026-04-20,DAL,MIN,69,5.5,-128,104
2026-04-20,DAL,MIN,71,5.5,-121,-104
2026-04-20,DAL,MIN,75,6.0,100,-120
2026-04-20,EDM,ANA,15,6.5,-150,127
2026-04-20,EDM,ANA,30,6.5,-110,-110
2026-04-20,EDM,ANA,68,6.5,-155,130
2026-04-20,EDM,ANA,69,6.5,-144,118
2026-04-20,EDM,ANA,71,6.5,-148,117
2026-04-20,EDM,ANA,75,6.5,-150,125
2026-04-21,TB,MTL,15,6.0,-105,-115
2026-04-21,TB,MTL,30,6.0,-117,-102
2026-04-21,TB,MTL,68,5.5,-130,110
2026-04-21,TB,MTL,69,5.5,-130,106
2026-04-21,TB,MTL,71,5.5,-134,107
2026-04-21,TB,MTL,75,6.0,-105,-115
2026-04-21,BUF,BOS,15,6.5,-103,-118
2026-04-21,BUF,BOS,30,6.0,-105,-115
2026-04-21,BUF,BOS,68,6.5,114,-135
2026-04-21,BUF,BOS,69,6.5,108,-132
2026-04-21,BUF,BOS,71,6.5,112,-139
2026-04-21,BUF,BOS,75,6.0,-115,-105
2026-04-21,VGK,UTA,15,6.5,102,-122
2026-04-21,VGK,UTA,30,6.0,-115,-107
2026-04-21,VGK,UTA,68,6.5,114,-135
2026-04-21,VGK,UTA,69,5.5,-134,110
2026-04-21,VGK,UTA,71,5.5,-134,108
2026-04-21,VGK,UTA,75,6.0,-110,-110
2026-04-21,COL,LA,15,5.5,-122,101
2026-04-21,COL,LA,30,5.5,-125,105
2026-04-21,COL,LA,68,5.5,-122,102
2026-04-21,COL,LA,69,5.5,-122,-100
2026-04-21,COL,LA,71,5.5,-120,-105
2026-04-21,COL,LA,75,5.5,-120,100
2026-04-22,PHI,PIT,15,5.5,-130,112
2026-04-22,PHI,PIT,30,5.5,-120,-100
2026-04-22,PHI,PIT,68,5.5,-130,110
2026-04-22,PHI,PIT,69,5.5,-130,108
2026-04-22,PHI,PIT,71,5.5,-129,104
2026-04-22,PHI,PIT,75,6.0,-105,-115
2026-04-22,MIN,DAL,15,6.0,-113,-107
2026-04-22,MIN,DAL,30,6.0,-118,-102
2026-04-22,MIN,DAL,68,5.5,-125,105
2026-04-22,MIN,DAL,69,5.5,-128,104
2026-04-22,MIN,DAL,71,5.5,-125,102
2026-04-22,MIN,DAL,75,6.0,100,-120
2026-04-22,EDM,ANA,15,6.5,-143,120
2026-04-22,EDM,ANA,30,6.5,-152,127
2026-04-22,EDM,ANA,68,6.5,-142,120
2026-04-22,EDM,ANA,69,6.5,-144,118
2026-04-22,EDM,ANA,71,6.5,-141,112
2026-04-22,EDM,ANA,75,7.0,105,-125
2026-04-23,BOS,BUF,15,5.5,-113,-115
2026-04-23,BOS,BUF,30,6.5,-105,-117
2026-04-23,BOS,BUF,68,6.5,114,-135
2026-04-23,BOS,BUF,69,6.5,114,-140
2026-04-23,BOS,BUF,71,6.5,112,-139
2026-04-23,BOS,BUF,75,3.0,-10000,1300
2026-04-23,OTT,CAR,15,5.5,-134,112
2026-04-23,OTT,CAR,30,5.5,-126,105
2026-04-23,OTT,CAR,68,5.5,-135,114
2026-04-23,OTT,CAR,69,5.5,-134,110
2026-04-23,OTT,CAR,71,5.5,-124,100
2026-04-23,OTT,CAR,75,6.0,-105,-115
2026-04-23,LA,COL,15,5.5,-120,-101
2026-04-23,LA,COL,30,5.5,-115,-105
2026-04-23,LA,COL,68,5.5,-122,102
2026-04-23,LA,COL,69,5.5,-118,-104
2026-04-23,LA,COL,71,5.5,-120,-104
2026-04-23,LA,COL,75,5.5,-118,-102
2026-04-24,MTL,TB,15,6.5,109,-120
2026-04-24,MTL,TB,30,6.0,-119,102
2026-04-24,MTL,TB,68,6.5,110,-130
2026-04-24,MTL,TB,69,6.5,108,-132
2026-04-24,MTL,TB,71,6.5,115,-143
2026-04-24,MTL,TB,75,6.0,-118,-102
2026-04-24,UTA,VGK,15,5.5,-124,102
2026-04-24,UTA,VGK,30,6.0,-115,-104
2026-04-24,UTA,VGK,68,5.5,-122,102
2026-04-24,UTA,VGK,69,5.5,-124,102
2026-04-24,UTA,VGK,71,5.5,-120,-105
2026-04-24,UTA,VGK,75,5.5,-120,100
2026-04-24,ANA,EDM,15,7.5,138,-166
2026-04-24,ANA,EDM,30,6.5,-161,133
2026-04-24,ANA,EDM,68,7.5,140,-166
2026-04-24,ANA,EDM,69,7.5,136,-168
2026-04-24,ANA,EDM,71,6.5,-167,135
2026-04-24,ANA,EDM,75,7.0,-115,-105
2026-04-25,OTT,CAR,15,5.5,-130,110
2026-04-25,OTT,CAR,30,5.5,-132,110
2026-04-25,OTT,CAR,68,5.5,-135,114
2026-04-25,OTT,CAR,69,5.5,-122,-100
2026-04-25,OTT,CAR,71,5.5,-129,104
2026-04-25,OTT,CAR,75,6.0,-105,-115
2026-04-25,MIN,DAL,15,5.5,-122,-100
2026-04-25,MIN,DAL,30,6.0,-120,-100
2026-04-25,MIN,DAL,68,5.5,-125,105
2026-04-25,MIN,DAL,69,5.5,-120,-102
2026-04-25,MIN,DAL,71,5.5,-120,-105
2026-04-25,MIN,DAL,75,6.0,100,-120
2026-04-25,PHI,PIT,15,5.5,-155,117
2026-04-25,PHI,PIT,30,5.5,-120,101
2026-04-25,PHI,PIT,68,5.5,-130,110
2026-04-25,PHI,PIT,69,5.5,-132,108
2026-04-25,PHI,PIT,71,5.5,-121,-104
2026-04-25,PHI,PIT,75,6.0,-102,-118
