gameId,start_utc,local_hour
2020020015,2021-01-15T03:00:00Z,19.0
2020020031,2021-01-17T03:00:00Z,19.0
2020020045,2021-01-19T02:00:00Z,18.0
2020020059,2021-01-21T02:30:00Z,18.5
2020020074,2021-01-23T03:00:00Z,19.0
2020020091,2021-01-25T01:00:00Z,17.0
2020020105,2021-01-27T02:00:00Z,19.0
2020020121,2021-01-29T02:00:00Z,19.0
2020020135,2021-01-31T02:00:00Z,18.0
2020020143,2021-02-01T01:00:00Z,17.0
2020020161,2021-02-03T03:00:00Z,19.0
2020020178,2021-02-06T03:00:00Z,19.0
2020020187,2021-02-07T03:00:00Z,19.0
2020020210,2021-02-10T03:00:00Z,19.0
2020020226,2021-02-12T03:00:00Z,19.0
2020020252,2021-02-16T03:30:00Z,19.5
2020020273,2021-02-19T03:00:00Z,19.0
2020020289,2021-02-21T02:00:00Z,18.0
2020020300,2021-02-23T02:00:00Z,19.0
2020020311,2021-02-25T02:00:00Z,19.0
2020020338,2021-02-28T03:00:00Z,19.0
2020020352,2021-03-02T03:00:00Z,19.0
2020020362,2021-03-04T02:30:00Z,18.5
2020020377,2021-03-06T02:00:00Z,19.0
2020020386,2021-03-07T01:00:00Z,18.0
2020020400,2021-03-09T03:00:00Z,19.0
2020020414,2021-03-11T02:30:00Z,18.5
2020020429,2021-03-13T03:00:00Z,19.0
2020020441,2021-03-14T03:00:00Z,19.0
2020020568,2021-03-17T01:00:00Z,19.0
2020020476,2021-03-19T02:00:00Z,19.0
2020020461,2021-03-21T00:00:00Z,17.0
2020020501,2021-03-22T23:30:00Z,18.5
2020020513,2021-03-24T21:30:00Z,16.5
2020020525,2021-03-27T00:00:00Z,19.0
2020020535,2021-03-28T21:00:00Z,16.0
2020020553,2021-03-30T01:00:00Z,19.0
2020020583,2021-04-03T02:00:00Z,19.0
2020020604,2021-04-05T01:00:00Z,18.0
2020020241,2021-04-07T02:30:00Z,19.5
2020020640,2021-04-10T02:00:00Z,19.0
2020020656,2021-04-11T22:00:00Z,15.0
2020020664,2021-04-13T02:30:00Z,19.5
2020020675,2021-04-15T02:30:00Z,19.5
2020020689,2021-04-17T02:00:00Z,19.0
2020020705,2021-04-18T20:00:00Z,13.0
2020020724,2021-04-21T02:00:00Z,19.0
2020020325,2021-04-25T01:00:00Z,18.0
2020020765,2021-04-27T02:00:00Z,19.0
2020020780,2021-04-29T02:00:00Z,19.0
2020020795,2021-05-01T02:00:00Z,19.0
2020020810,2021-05-02T02:00:00Z,19.0
2020020818,2021-05-04T00:00:00Z,19.0
2020020832,2021-05-06T00:00:00Z,19.0
2020020850,2021-05-08T00:00:00Z,19.0
2020020865,2021-05-09T00:00:00Z,19.0
2020020014,2021-01-15T02:00:00Z,19.0
2020020030,2021-01-16T21:00:00Z,14.0
2020020044,2021-01-19T03:00:00Z,19.0
2020020058,2021-01-21T03:00:00Z,19.0
2020020073,2021-01-23T02:00:00Z,19.0
2020020090,2021-01-24T21:00:00Z,14.0
2020020154,2021-02-03T01:00:00Z,19.0
2020020169,2021-02-05T01:00:00Z,19.0
2020020550,2021-02-06T20:00:00Z,14.0
2020020565,2021-02-09T01:00:00Z,19.0
2020020684,2021-02-13T02:00:00Z,19.0
2020020239,2021-02-14T01:00:00Z,18.0
2020020251,2021-02-15T21:00:00Z,14.0
2020020272,2021-02-19T02:00:00Z,19.0
2020020288,2021-02-21T00:00:00Z,17.0
2020020321,2021-02-27T02:00:00Z,19.0
2020020337,2021-02-28T02:00:00Z,19.0
2020020742,2021-03-04T03:00:00Z,19.0
2020020378,2021-03-06T02:00:00Z,19.0
2020020387,2021-03-07T00:00:00Z,17.0
2020020399,2021-03-09T02:00:00Z,19.0
2020020413,2021-03-11T02:00:00Z,19.0
2020020427,2021-03-13T01:00:00Z,19.0
2020020444,2021-03-14T18:00:00Z,13.0
2020020186,2021-03-17T00:00:00Z,19.0
2020020502,2021-03-23T02:00:00Z,19.0
2020020508,2021-03-24T02:00:00Z,19.0
2020020528,2021-03-27T02:00:00Z,19.0
2020020540,2021-03-28T02:00:00Z,19.0
2020020209,2021-04-01T01:30:00Z,19.5
2020020610,2021-04-06T02:00:00Z,19.0
2020020624,2021-04-08T02:00:00Z,19.0
2020020639,2021-04-10T02:00:00Z,19.0
2020020655,2021-04-11T20:00:00Z,13.0
2020020225,2021-04-13T01:00:00Z,19.0
2020020192,2021-04-14T18:00:00Z,13.0
2020020700,2021-04-17T22:00:00Z,15.0
2020020712,2021-04-20T01:00:00Z,18.0
2020020727,2021-04-22T01:00:00Z,18.0
2020020752,2021-04-25T02:00:00Z,19.0
2020020766,2021-04-27T02:30:00Z,19.5
2020020781,2021-04-29T02:30:00Z,19.5
2020020794,2021-05-01T02:00:00Z,19.0
2020020809,2021-05-02T02:00:00Z,19.0
2020020822,2021-05-04T02:00:00Z,19.0
2020020836,2021-05-06T02:00:00Z,19.0
2020020853,2021-05-08T02:30:00Z,19.5
2020020868,2021-05-09T02:30:00Z,19.5
2020020007,2021-01-15T00:00:00Z,19.0
2020020023,2021-01-16T18:00:00Z,13.0
2020020036,2021-01-18T22:00:00Z,17.0
2020020060,2021-01-22T00:00:00Z,19.0
2020020075,2021-01-24T00:00:00Z,19.0
2020020093,2021-01-27T00:00:00Z,19.0
2020020109,2021-01-29T00:00:00Z,19.0
2020020127,2021-01-31T00:00:00Z,19.0
2020020145,2021-02-02T00:00:00Z,19.0
2020020159,2021-02-04T01:00:00Z,20.0
2020020174,2021-02-06T00:00:00Z,19.0
2020020212,2021-02-11T00:00:00Z,19.0
2020020228,2021-02-13T00:00:00Z,19.0
2020020230,2021-02-14T00:00:00Z,19.0
2020020265,2021-02-19T00:00:00Z,19.0
2020020290,2021-02-22T00:30:00Z,16.5
2020020312,2021-02-26T00:00:00Z,19.0
2020020323,2021-02-27T00:00:00Z,19.0
2020020342,2021-02-28T17:00:00Z,12.0
2020020359,2021-03-04T00:00:00Z,19.0
2020020373,2021-03-06T00:00:00Z,19.0
2020020244,2021-03-07T22:00:00Z,17.0
2020020401,2021-03-10T00:00:00Z,19.0
2020020415,2021-03-12T00:00:00Z,19.0
2020020430,2021-03-13T18:00:00Z,13.0
2020020450,2021-03-15T23:00:00Z,19.0
2020020459,2021-03-16T23:00:00Z,19.0
2020020468,2021-03-18T23:00:00Z,19.0
2020020515,2021-03-25T23:00:00Z,19.0
2020020179,2021-03-27T17:00:00Z,13.0
2020020541,2021-03-28T21:30:00Z,17.5
2020020556,2021-03-30T23:00:00Z,19.0
2020020571,2021-04-01T23:00:00Z,19.0
2020020585,2021-04-03T17:00:00Z,13.0
2020020390,2021-04-05T23:00:00Z,19.0
2020020614,2021-04-06T23:00:00Z,19.0
2020020628,2021-04-08T23:00:00Z,19.0
2020020605,2021-04-10T18:00:00Z,14.0
2020020714,2021-04-11T23:00:00Z,19.0
2020020195,2021-04-13T23:00:00Z,19.0
2020020665,2021-04-15T23:00:00Z,19.0
2020020685,2021-04-16T23:00:00Z,19.0
2020020701,2021-04-18T16:00:00Z,12.0
2020020483,2021-04-20T22:30:00Z,18.5
2020020729,2021-04-22T23:00:00Z,19.0
2020020738,2021-04-23T23:00:00Z,19.0
2020020757,2021-04-25T19:00:00Z,15.0
2020020770,2021-04-27T23:00:00Z,19.0
2020020782,2021-04-29T23:00:00Z,19.0
2020020796,2021-05-01T17:00:00Z,13.0
2020020813,2021-05-03T23:00:00Z,19.0
2020020825,2021-05-04T23:00:00Z,19.0
2020020838,2021-05-06T23:00:00Z,19.0
2020020854,2021-05-08T19:00:00Z,15.0
2020020529,2021-05-10T23:00:00Z,19.0
2020020653,2021-05-11T23:00:00Z,19.0
2020020006,2021-01-15T00:00:00Z,19.0
2020020017,2021-01-16T00:00:00Z,19.0
2020020037,2021-01-19T00:30:00Z,19.5
2020020047,2021-01-20T00:00:00Z,19.0
2020020067,2021-01-23T00:00:00Z,19.0
2020020082,2021-01-24T20:00:00Z,15.0
2020020094,2021-01-27T00:00:00Z,19.0
2020020110,2021-01-29T00:00:00Z,19.0
2020020124,2021-01-30T18:00:00Z,13.0
2020020136,2021-01-31T18:00:00Z,13.0
2020020245,2021-02-16T00:00:00Z,19.0
2020020253,2021-02-17T00:00:00Z,19.0
2020020667,2021-02-19T00:00:00Z,19.0
2020020278,2021-02-20T17:30:00Z,12.5
2020020150,2021-02-23T00:00:00Z,19.0
2020020295,2021-02-24T00:00:00Z,19.0
2020020635,2021-02-26T00:00:00Z,19.0
2020020322,2021-02-27T18:00:00Z,13.0
2020020340,2021-02-28T20:00:00Z,15.0
2020020354,2021-03-03T00:00:00Z,19.0
2020020163,2021-03-05T00:00:00Z,19.0
2020020375,2021-03-06T18:00:00Z,13.0
2020020391,2021-03-07T17:00:00Z,12.0
2020020402,2021-03-10T00:00:00Z,19.0
2020020416,2021-03-12T00:00:00Z,19.0
2020020431,2021-03-14T00:00:00Z,19.0
2020020214,2021-03-15T23:00:00Z,19.0
2020020457,2021-03-16T23:00:00Z,19.0
2020020496,2021-03-22T23:00:00Z,19.0
2020020509,2021-03-25T00:00:00Z,20.0
2020020532,2021-03-25T23:00:00Z,19.0
2020020548,2021-03-29T23:00:00Z,19.0
2020020557,2021-03-31T23:30:00Z,19.5
2020020572,2021-04-01T23:00:00Z,19.0
2020020586,2021-04-03T23:00:00Z,19.0
2020020611,2021-04-06T23:00:00Z,19.0
2020020625,2021-04-08T23:00:00Z,19.0
2020020229,2021-04-09T23:00:00Z,19.0
2020020652,2021-04-11T18:00:00Z,14.0
2020020677,2021-04-15T23:00:00Z,19.0
2020020690,2021-04-17T19:00:00Z,15.0
2020020715,2021-04-18T19:00:00Z,15.0
2020020754,2021-04-25T22:00:00Z,18.0
2020020768,2021-04-27T23:00:00Z,19.0
2020020812,2021-05-03T23:00:00Z,19.0
2020020824,2021-05-04T23:00:00Z,19.0
2020020842,2021-05-06T23:00:00Z,19.0
2020020858,2021-05-08T19:00:00Z,15.0
2020020012,2021-01-15T01:00:00Z,19.0
2020020028,2021-01-17T03:00:00Z,20.0
2020020042,2021-01-19T02:00:00Z,19.0
2020020087,2021-01-24T21:00:00Z,14.0
2020020101,2021-01-27T02:00:00Z,19.0
2020020115,2021-01-29T00:00:00Z,19.0
2020020131,2021-01-31T00:00:00Z,19.0
2020020148,2021-02-02T01:00:00Z,19.0
2020020156,2021-02-03T01:00:00Z,19.0
2020020172,2021-02-05T01:00:00Z,19.0
2020020185,2021-02-07T03:00:00Z,20.0
2020020206,2021-02-10T03:00:00Z,20.0
2020020222,2021-02-12T03:00:00Z,19.0
2020020237,2021-02-14T03:00:00Z,19.0
2020020249,2021-02-16T03:00:00Z,19.0
2020020263,2021-02-18T03:00:00Z,20.0
2020020276,2021-02-20T02:00:00Z,19.0
2020020285,2021-02-21T03:00:00Z,20.0
2020020298,2021-02-23T00:00:00Z,19.0
2020020310,2021-02-25T00:00:00Z,19.0
2020020318,2021-02-26T00:00:00Z,19.0
2020020333,2021-02-27T18:00:00Z,13.0
2020020349,2021-03-02T00:00:00Z,19.0
2020020370,2021-03-05T02:00:00Z,19.0
2020020383,2021-03-07T03:00:00Z,20.0
2020020395,2021-03-08T02:30:00Z,19.5
2020020423,2021-03-12T02:00:00Z,19.0
2020020439,2021-03-14T00:00:00Z,17.0
2020020454,2021-03-16T01:00:00Z,19.0
2020020465,2021-03-18T02:00:00Z,20.0
2020020480,2021-03-19T23:00:00Z,19.0
2020020490,2021-03-20T23:00:00Z,19.0
2020020499,2021-03-22T23:00:00Z,19.0
2020020511,2021-03-24T21:00:00Z,17.0
2020020527,2021-03-27T02:00:00Z,20.0
2020020537,2021-03-28T02:00:00Z,20.0
2020020552,2021-03-30T02:00:00Z,20.0
2020020582,2021-04-03T01:00:00Z,19.0
2020020603,2021-04-05T01:00:00Z,19.0
2020020608,2021-04-06T01:30:00Z,19.5
2020020849,2021-04-11T02:00:00Z,20.0
2020020669,2021-04-13T23:30:00Z,19.5
2020020671,2021-04-14T23:00:00Z,19.0
2020020686,2021-04-16T22:00:00Z,18.0
2020020708,2021-04-20T01:00:00Z,19.0
2020020736,2021-04-24T01:00:00Z,19.0
2020020750,2021-04-24T23:00:00Z,17.0
2020020761,2021-04-26T22:30:00Z,16.5
2020020789,2021-04-30T01:00:00Z,19.0
2020020807,2021-05-02T02:00:00Z,20.0
2020020834,2021-05-06T01:30:00Z,19.5
2020020720,2021-05-10T00:00:00Z,18.0
2020020647,2021-05-14T01:00:00Z,19.0
2020020567,2021-05-17T02:30:00Z,19.5
2020020864,2021-05-18T20:00:00Z,13.0
2020020634,2021-05-19T19:30:00Z,13.5
2020020010,2021-01-15T00:30:00Z,19.5
2020020025,2021-01-17T00:00:00Z,19.0
2020020040,2021-01-19T01:00:00Z,19.0
2020020113,2021-01-29T00:00:00Z,19.0
2020020128,2021-01-31T00:00:00Z,19.0
2020020138,2021-01-31T22:00:00Z,17.0
2020020153,2021-02-03T01:00:00Z,19.0
2020020168,2021-02-05T01:00:00Z,19.0
2020020190,2021-02-07T20:00:00Z,15.0
2020020197,2021-02-09T00:00:00Z,19.0
2020020224,2021-02-12T01:30:00Z,19.5
2020020238,2021-02-14T01:00:00Z,19.0
2020020255,2021-02-16T00:00:00Z,19.0
2020020062,2021-02-17T22:00:00Z,17.0
2020020274,2021-02-20T00:00:00Z,19.0
2020020543,2021-02-21T00:00:00Z,19.0
2020020097,2021-02-23T00:00:00Z,19.0
2020020296,2021-02-24T22:00:00Z,17.0
2020020314,2021-02-26T00:00:00Z,19.0
2020020330,2021-02-28T00:00:00Z,19.0
2020020348,2021-03-02T00:00:00Z,19.0
2020020052,2021-03-03T01:00:00Z,19.0
2020020365,2021-03-05T00:00:00Z,19.0
2020020076,2021-03-07T22:00:00Z,17.0
2020020404,2021-03-10T00:00:00Z,19.0
2020020419,2021-03-12T00:00:00Z,19.0
2020020442,2021-03-14T21:00:00Z,17.0
2020020460,2021-03-16T23:30:00Z,19.5
2020020470,2021-03-18T23:00:00Z,19.0
2020020485,2021-03-20T23:00:00Z,19.0
2020020497,2021-03-22T23:00:00Z,19.0
2020020518,2021-03-25T23:00:00Z,19.0
2020020531,2021-03-27T23:00:00Z,19.0
2020020562,2021-03-30T23:30:00Z,18.5
2020020576,2021-04-02T00:00:00Z,19.0
2020020588,2021-04-03T23:00:00Z,19.0
2020020598,2021-04-04T23:00:00Z,19.0
2020020615,2021-04-06T23:00:00Z,19.0
2020020629,2021-04-08T23:00:00Z,19.0
2020020642,2021-04-10T23:00:00Z,19.0
2020020657,2021-04-12T23:00:00Z,19.0
2020020678,2021-04-15T23:00:00Z,19.0
2020020693,2021-04-17T23:00:00Z,19.0
2020020706,2021-04-19T23:00:00Z,19.0
2020020718,2021-04-20T23:00:00Z,19.0
2020020732,2021-04-22T23:00:00Z,19.0
2020020745,2021-04-24T23:00:00Z,19.0
2020020763,2021-04-26T23:30:00Z,18.5
2020020774,2021-04-28T00:30:00Z,19.5
2020020786,2021-04-29T23:00:00Z,19.0
2020020800,2021-05-01T23:00:00Z,19.0
2020020816,2021-05-03T23:00:00Z,19.0
2020020827,2021-05-04T23:00:00Z,19.0
2020020280,2021-05-06T23:00:00Z,19.0
2020020861,2021-05-09T00:00:00Z,19.0
2020020846,2021-05-11T00:00:00Z,19.0
2020020002,2021-01-14T01:00:00Z,20.0
2020020019,2021-01-16T00:00:00Z,19.0
2020020034,2021-01-18T00:00:00Z,19.0
2020020049,2021-01-20T00:00:00Z,19.0
2020020069,2021-01-23T01:00:00Z,19.0
2020020084,2021-01-24T17:30:00Z,11.5
2020020099,2021-01-27T01:00:00Z,19.0
2020020107,2021-01-28T00:30:00Z,18.5
2020020123,2021-01-30T01:00:00Z,19.0
2020020140,2021-02-01T00:00:00Z,18.0
2020020193,2021-02-07T20:00:00Z,14.0
2020020208,2021-02-10T01:30:00Z,19.5
2020020218,2021-02-12T01:00:00Z,19.0
2020020233,2021-02-14T01:00:00Z,19.0
2020020246,2021-02-16T00:30:00Z,19.5
2020020261,2021-02-18T00:30:00Z,19.5
2020020304,2021-02-24T00:00:00Z,19.0
2020020316,2021-02-26T00:00:00Z,19.0
2020020331,2021-02-28T01:00:00Z,19.0
2020020343,2021-03-01T00:00:00Z,18.0
2020020367,2021-03-05T01:00:00Z,19.0
2020020376,2021-03-06T01:00:00Z,19.0
2020020394,2021-03-07T19:30:00Z,13.5
2020020409,2021-03-10T01:30:00Z,19.5
2020020424,2021-03-12T01:30:00Z,19.5
2020020435,2021-03-14T00:00:00Z,19.0
2020020449,2021-03-15T23:00:00Z,19.0
2020020471,2021-03-18T23:00:00Z,19.0
2020020486,2021-03-20T20:00:00Z,16.0
2020020505,2021-03-24T00:00:00Z,19.0
2020020519,2021-03-26T00:00:00Z,19.0
2020020534,2021-03-28T00:00:00Z,19.0
2020020545,2021-03-29T00:00:00Z,19.0
2020020591,2021-04-03T19:00:00Z,14.0
2020020618,2021-04-07T00:00:00Z,19.0
2020020632,2021-04-09T00:00:00Z,19.0
2020020643,2021-04-10T23:00:00Z,19.0
2020020658,2021-04-12T23:00:00Z,19.0
2020020681,2021-04-15T23:30:00Z,19.5
2020020695,2021-04-17T23:00:00Z,19.0
2020020601,2021-04-20T00:00:00Z,19.0
2020020725,2021-04-21T23:00:00Z,18.0
2020020740,2021-04-24T00:00:00Z,19.0
2020020772,2021-04-28T00:00:00Z,19.0
2020020787,2021-04-30T00:00:00Z,19.0
2020020802,2021-05-02T00:00:00Z,19.0
2020020843,2021-05-09T23:00:00Z,18.0
2020020860,2021-05-11T00:00:00Z,19.0
2020020005,2021-01-14T03:30:00Z,20.5
2020020022,2021-01-16T02:00:00Z,19.0
2020020054,2021-01-20T03:00:00Z,19.0
2020020066,2021-01-22T03:00:00Z,19.0
2020020104,2021-01-27T02:00:00Z,19.0
2020020120,2021-01-29T02:00:00Z,19.0
2020020134,2021-01-31T01:00:00Z,19.0
2020020142,2021-02-01T01:00:00Z,19.0
2020020158,2021-02-03T01:30:00Z,18.5
2020020243,2021-02-15T00:00:00Z,16.0
2020020259,2021-02-17T03:00:00Z,19.0
2020020287,2021-02-20T20:00:00Z,12.0
2020020299,2021-02-23T02:00:00Z,19.0
2020020173,2021-02-25T02:00:00Z,19.0
2020020353,2021-03-02T03:30:00Z,19.5
2020020363,2021-03-04T03:30:00Z,19.5
2020020428,2021-03-13T02:00:00Z,19.0
2020020445,2021-03-14T21:30:00Z,15.5
2020020475,2021-03-19T01:00:00Z,19.0
2020020492,2021-03-20T19:00:00Z,13.0
2020020523,2021-03-26T01:00:00Z,19.0
2020020539,2021-03-27T19:00:00Z,13.0
2020020723,2021-04-03T01:00:00Z,19.0
2020020594,2021-04-04T01:00:00Z,19.0
2020020609,2021-04-06T00:00:00Z,19.0
2020020623,2021-04-08T01:00:00Z,20.0
2020020182,2021-04-14T23:30:00Z,18.5
2020020735,2021-04-23T00:00:00Z,19.0
2020020748,2021-04-24T19:00:00Z,14.0
2020020191,2021-04-26T23:00:00Z,18.0
2020020779,2021-04-29T01:30:00Z,18.5
2020020793,2021-05-01T01:00:00Z,19.0
2020020808,2021-05-02T00:00:00Z,18.0
2020020823,2021-05-04T02:30:00Z,19.5
2020020837,2021-05-06T01:30:00Z,18.5
2020020852,2021-05-08T02:00:00Z,19.0
2020020867,2021-05-09T02:00:00Z,19.0
2020020764,2021-05-11T02:00:00Z,19.0
2020020688,2021-05-13T01:00:00Z,19.0
2020020704,2021-05-14T01:00:00Z,19.0
2020020011,2021-01-15T01:00:00Z,19.0
2020020026,2021-01-17T01:00:00Z,19.0
2020020038,2021-01-18T17:00:00Z,12.0
2020020051,2021-01-20T00:30:00Z,19.5
2020020063,2021-01-22T00:00:00Z,19.0
2020020077,2021-01-23T19:00:00Z,14.0
2020020098,2021-01-27T00:00:00Z,19.0
2020020114,2021-01-29T00:00:00Z,19.0
2020020152,2021-02-03T00:00:00Z,19.0
2020020167,2021-02-05T00:00:00Z,19.0
2020020268,2021-02-19T00:00:00Z,19.0
2020020282,2021-02-21T00:00:00Z,19.0
2020020332,2021-02-27T20:00:00Z,14.0
2020020344,2021-02-28T20:00:00Z,14.0
2020020356,2021-03-03T00:00:00Z,19.0
2020020372,2021-03-05T01:30:00Z,19.5
2020020385,2021-03-07T01:00:00Z,19.0
2020020406,2021-03-10T00:00:00Z,19.0
2020020420,2021-03-12T00:00:00Z,19.0
2020020436,2021-03-13T22:00:00Z,17.0
2020020451,2021-03-14T21:00:00Z,17.0
2020020533,2021-03-27T19:00:00Z,15.0
2020020544,2021-03-28T19:00:00Z,15.0
2020020559,2021-03-30T23:00:00Z,19.0
2020020574,2021-04-01T23:00:00Z,19.0
2020020590,2021-04-03T23:00:00Z,19.0
2020020600,2021-04-04T21:00:00Z,17.0
2020020616,2021-04-06T23:00:00Z,19.0
2020020630,2021-04-08T23:00:00Z,19.0
2020020683,2021-04-16T00:30:00Z,19.5
2020020699,2021-04-18T00:00:00Z,19.0
2020020707,2021-04-19T23:00:00Z,19.0
2020020719,2021-04-20T23:00:00Z,19.0
2020020731,2021-04-22T23:00:00Z,19.0
2020020756,2021-04-25T23:00:00Z,19.0
2020020771,2021-04-27T23:00:00Z,19.0
2020020817,2021-05-03T23:00:00Z,19.0
2020020831,2021-05-05T23:00:00Z,19.0
2020020845,2021-05-07T23:00:00Z,19.0
2020020859,2021-05-08T23:00:00Z,19.0
2020020072,2021-01-23T01:30:00Z,19.5
2020020089,2021-01-25T01:00:00Z,19.0
2020020103,2021-01-27T01:30:00Z,19.5
2020020119,2021-01-29T01:30:00Z,19.5
2020020009,2021-02-23T00:00:00Z,19.0
2020020303,2021-02-24T22:00:00Z,17.0
2020020315,2021-02-26T00:00:00Z,19.0
2020020329,2021-02-28T00:00:00Z,19.0
2020020271,2021-03-03T01:30:00Z,19.5
2020020250,2021-03-08T01:00:00Z,19.0
2020020286,2021-03-17T00:30:00Z,19.5
2020020473,2021-03-18T23:30:00Z,19.5
2020020488,2021-03-20T23:00:00Z,19.0
2020020258,2021-03-22T00:30:00Z,19.5
2020020507,2021-03-24T00:30:00Z,19.5
2020020522,2021-03-26T00:30:00Z,19.5
2020020538,2021-03-28T00:00:00Z,19.0
2020020547,2021-03-28T22:00:00Z,17.0
2020020563,2021-03-31T00:00:00Z,19.0
2020020577,2021-04-02T00:00:00Z,19.0
2020020648,2021-04-10T18:00:00Z,13.0
2020020788,2021-04-12T00:00:00Z,19.0
2020020670,2021-04-14T00:30:00Z,19.5
2020020711,2021-04-19T23:30:00Z,18.5
2020020722,2021-04-21T00:30:00Z,19.5
2020020734,2021-04-22T23:30:00Z,19.5
2020020747,2021-04-24T23:00:00Z,19.0
2020020347,2021-04-29T23:00:00Z,19.0
2020020804,2021-05-02T00:00:00Z,19.0
2020020020,2021-05-03T23:00:00Z,19.0
2020020033,2021-05-05T23:00:00Z,19.0
2020020048,2021-05-07T23:00:00Z,19.0
2020020130,2021-01-31T00:00:00Z,19.0
2020020139,2021-01-31T22:00:00Z,17.0
2020020160,2021-02-03T22:30:00Z,17.5
2020020175,2021-02-06T00:00:00Z,19.0
2020020189,2021-02-07T20:00:00Z,15.0
2020020203,2021-02-10T00:00:00Z,19.0
2020020219,2021-02-12T01:00:00Z,19.0
2020020234,2021-02-14T01:00:00Z,19.0
2020020275,2021-02-20T00:00:00Z,19.0
2020020292,2021-02-20T22:00:00Z,17.0
2020020305,2021-02-24T00:30:00Z,19.5
2020020317,2021-02-26T00:30:00Z,19.5
2020020407,2021-03-10T00:30:00Z,19.5
2020020421,2021-03-12T00:30:00Z,19.5
2020020506,2021-03-24T00:00:00Z,19.0
2020020520,2021-03-26T00:00:00Z,19.0
2020020560,2021-03-30T23:00:00Z,19.0
2020020575,2021-04-01T23:00:00Z,19.0
2020020589,2021-04-03T17:00:00Z,13.0
2020020599,2021-04-04T16:00:00Z,12.0
2020020617,2021-04-06T23:30:00Z,19.5
2020020631,2021-04-08T23:30:00Z,19.5
2020020801,2021-05-01T19:00:00Z,15.0
2020020811,2021-05-02T19:00:00Z,15.0
2020020004,2021-01-14T03:00:00Z,20.0
2020020013,2021-01-15T02:00:00Z,19.0
2020020029,2021-01-17T00:00:00Z,17.0
2020020043,2021-01-19T02:00:00Z,19.0
2020020056,2021-01-21T00:00:00Z,19.0
2020020070,2021-01-23T00:00:00Z,19.0
2020020086,2021-01-25T02:00:00Z,20.0
2020020100,2021-01-27T01:00:00Z,19.0
2020020116,2021-01-29T03:00:00Z,20.0
2020020133,2021-01-31T00:00:00Z,17.0
2020020141,2021-02-01T02:00:00Z,19.0
2020020157,2021-02-03T03:00:00Z,20.0
2020020199,2021-02-09T00:00:00Z,19.0
2020020205,2021-02-10T00:00:00Z,19.0
2020020220,2021-02-12T01:00:00Z,20.0
2020020248,2021-02-16T02:00:00Z,19.0
2020020264,2021-02-18T03:00:00Z,20.0
2020020307,2021-02-24T03:00:00Z,19.0
2020020320,2021-02-26T03:00:00Z,19.0
2020020335,2021-02-28T00:00:00Z,17.0
2020020350,2021-03-02T03:00:00Z,20.0
2020020360,2021-03-04T01:00:00Z,18.0
2020020396,2021-03-09T02:00:00Z,19.0
2020020410,2021-03-11T01:00:00Z,18.0
2020020426,2021-03-13T02:00:00Z,19.0
2020020440,2021-03-14T03:00:00Z,19.0
2020020474,2021-03-19T01:00:00Z,19.0
2020020491,2021-03-21T02:00:00Z,20.0
2020020536,2021-03-27T23:00:00Z,19.0
2020020551,2021-03-29T23:00:00Z,19.0
2020020498,2021-03-30T23:00:00Z,19.0
2020020607,2021-04-05T23:00:00Z,19.0
2020020621,2021-04-07T21:00:00Z,17.0
2020020638,2021-04-08T23:00:00Z,19.0
2020020696,2021-04-17T23:00:00Z,18.0
2020020709,2021-04-20T01:00:00Z,19.0
2020020721,2021-04-22T02:00:00Z,20.0
2020020760,2021-04-27T01:00:00Z,20.0
2020020777,2021-04-29T01:00:00Z,20.0
2020020829,2021-05-04T02:00:00Z,19.0
2020020844,2021-05-05T02:00:00Z,19.0
2020020593,2021-05-07T01:00:00Z,19.0
2020020662,2021-05-09T02:00:00Z,20.0
2020020510,2021-05-10T23:00:00Z,19.0
2020020526,2021-05-12T21:00:00Z,17.0
2020020673,2021-05-15T19:30:00Z,13.5
2020020165,2021-02-05T00:00:00Z,19.0
2020020176,2021-02-06T00:00:00Z,19.0
2020020217,2021-02-12T00:00:00Z,19.0
2020020232,2021-02-14T00:00:00Z,19.0
2020020256,2021-02-16T00:00:00Z,19.0
2020020368,2021-03-05T01:00:00Z,19.0
2020020381,2021-03-06T19:00:00Z,13.0
2020020472,2021-03-18T23:00:00Z,19.0
2020020487,2021-03-20T18:00:00Z,14.0
2020020828,2021-03-21T20:00:00Z,16.0
2020020679,2021-04-15T23:00:00Z,19.0
2020020694,2021-04-17T23:00:00Z,19.0
2020020758,2021-04-27T00:00:00Z,19.0
2020020773,2021-04-28T00:00:00Z,19.0
2020020857,2021-05-08T23:00:00Z,19.0
2020020841,2021-05-10T23:00:00Z,19.0
2020020016,2021-01-15T03:00:00Z,19.0
2020020032,2021-01-17T02:00:00Z,18.0
2020020078,2021-01-24T01:00:00Z,19.0
2020020085,2021-01-25T01:00:00Z,19.0
2020020102,2021-01-27T01:00:00Z,19.0
2020020118,2021-01-29T01:00:00Z,19.0
2020020177,2021-02-06T03:00:00Z,19.0
2020020194,2021-02-07T20:00:00Z,12.0
2020020211,2021-02-10T03:00:00Z,19.0
2020020227,2021-02-12T03:00:00Z,19.0
2020020260,2021-02-17T03:00:00Z,19.0
2020020297,2021-02-23T01:00:00Z,19.0
2020020309,2021-02-25T02:30:00Z,20.5
2020020324,2021-02-27T01:00:00Z,19.0
2020020336,2021-02-28T01:00:00Z,19.0
2020020379,2021-03-06T02:00:00Z,18.0
2020020388,2021-03-07T02:00:00Z,18.0
2020020467,2021-03-18T02:00:00Z,19.0
2020020481,2021-03-20T02:00:00Z,19.0
2020020495,2021-03-21T22:00:00Z,15.0
2020020503,2021-03-23T02:30:00Z,19.5
2020020514,2021-03-25T02:30:00Z,19.5
2020020554,2021-03-30T02:00:00Z,19.0
2020020569,2021-04-01T02:00:00Z,19.0
2020020584,2021-04-03T02:00:00Z,19.0
2020020596,2021-04-04T02:00:00Z,19.0
2020020641,2021-04-10T02:30:00Z,19.5
2020020649,2021-04-11T02:30:00Z,19.5
2020020663,2021-04-13T02:00:00Z,19.0
2020020674,2021-04-15T02:00:00Z,19.0
2020020240,2021-04-24T02:00:00Z,19.0
2020020456,2021-05-11T02:00:00Z,19.0
2020020071,2021-01-23T01:00:00Z,19.0
2020020088,2021-01-25T01:00:00Z,19.0
2020020743,2021-02-23T03:30:00Z,19.5
2020020351,2021-03-02T03:00:00Z,19.0
2020020361,2021-03-04T03:00:00Z,19.0
2020020398,2021-03-09T01:00:00Z,19.0
2020020412,2021-03-11T00:00:00Z,18.0
2020020223,2021-03-26T00:00:00Z,19.0
2020020555,2021-03-30T02:30:00Z,19.5
2020020570,2021-04-01T02:30:00Z,19.5
2020020579,2021-04-02T02:30:00Z,19.5
2020020595,2021-04-04T01:00:00Z,18.0
2020020637,2021-04-10T00:00:00Z,19.0
2020020654,2021-04-11T00:00:00Z,19.0
2020020687,2021-04-17T00:00:00Z,19.0
2020020698,2021-04-18T00:00:00Z,19.0
2020020753,2021-04-25T01:00:00Z,18.0
2020020778,2021-04-28T23:00:00Z,18.0
2020020762,2021-04-30T00:00:00Z,19.0
2020020207,2021-05-02T00:00:00Z,19.0
2020020821,2021-05-04T00:00:00Z,19.0
2020020835,2021-05-06T00:00:00Z,19.0
2020020790,2021-05-13T01:00:00Z,20.0
2020020803,2021-05-14T00:00:00Z,19.0
2020020003,2021-01-14T00:00:00Z,19.0
2020020057,2021-01-21T03:00:00Z,19.0
2020020065,2021-01-22T02:30:00Z,18.5
2020020080,2021-01-24T00:00:00Z,16.0
2020020147,2021-02-02T00:00:00Z,19.0
2020020155,2021-02-03T00:00:00Z,19.0
2020020170,2021-02-05T00:00:00Z,19.0
2020020183,2021-02-06T18:00:00Z,13.0
2020020213,2021-02-11T00:30:00Z,19.5
2020020235,2021-02-14T00:00:00Z,19.0
2020020284,2021-02-21T00:00:00Z,19.0
2020020293,2021-02-22T00:00:00Z,19.0
2020020306,2021-02-24T00:00:00Z,19.0
2020020319,2021-02-26T01:00:00Z,19.0
2020020334,2021-02-28T03:00:00Z,21.0
2020020357,2021-03-03T00:00:00Z,19.0
2020020369,2021-03-05T00:00:00Z,19.0
2020020382,2021-03-07T00:00:00Z,19.0
2020020397,2021-03-09T03:00:00Z,19.0
2020020411,2021-03-11T04:00:00Z,20.0
2020020453,2021-03-16T00:00:00Z,19.0
2020020464,2021-03-18T01:00:00Z,20.0
2020020479,2021-03-19T23:00:00Z,19.0
2020020489,2021-03-20T23:00:00Z,19.0
2020020578,2021-04-01T23:00:00Z,19.0
2020020592,2021-04-03T23:00:00Z,19.0
2020020622,2021-04-07T23:30:00Z,19.5
2020020633,2021-04-08T23:00:00Z,19.0
2020020645,2021-04-10T23:00:00Z,19.0
2020020660,2021-04-12T23:00:00Z,19.0
2020020546,2021-04-17T20:00:00Z,16.0
2020020775,2021-04-29T00:00:00Z,20.0
2020020791,2021-04-30T23:00:00Z,19.0
2020020805,2021-05-01T23:00:00Z,19.0
2020020819,2021-05-03T23:00:00Z,19.0
2020020564,2021-05-05T23:00:00Z,19.0
2020020847,2021-05-06T23:00:00Z,19.0
2020020862,2021-05-08T23:00:00Z,19.0
2020020129,2021-01-31T00:00:00Z,19.0
2020020146,2021-02-02T00:00:00Z,19.0
2020020198,2021-02-09T01:00:00Z,19.0
2020020204,2021-02-10T01:30:00Z,19.5
2020020434,2021-03-14T00:00:00Z,19.0
2020020448,2021-03-15T20:00:00Z,16.0
2020020644,2021-04-11T00:00:00Z,19.0
2020020659,2021-04-14T00:00:00Z,19.0
2020020046,2021-01-20T00:00:00Z,19.0
2020020061,2021-01-22T00:00:00Z,19.0
2020020081,2021-01-25T00:00:00Z,19.0
2020020095,2021-01-27T00:00:00Z,19.0
2020020111,2021-01-29T00:00:00Z,19.0
2020020364,2021-02-17T00:00:00Z,19.0
2020020392,2021-02-21T19:00:00Z,14.0
2020020327,2021-02-27T18:00:00Z,13.0
2020020346,2021-02-28T20:00:00Z,15.0
2020020301,2021-03-03T00:00:00Z,19.0
2020020180,2021-03-05T00:00:00Z,19.0
2020020374,2021-03-06T18:00:00Z,13.0
2020020403,2021-03-10T00:00:00Z,19.0
2020020417,2021-03-12T00:00:00Z,19.0
2020020432,2021-03-14T00:00:00Z,19.0
2020020767,2021-03-14T21:00:00Z,17.0
2020020201,2021-03-18T23:00:00Z,19.0
2020020477,2021-03-20T17:00:00Z,13.0
2020020151,2021-03-21T17:00:00Z,13.0
2020020504,2021-03-23T23:00:00Z,19.0
2020020517,2021-03-25T23:00:00Z,19.0
2020020524,2021-03-26T23:00:00Z,19.0
2020020580,2021-04-02T23:00:00Z,19.0
2020020597,2021-04-04T19:00:00Z,15.0
2020020494,2021-04-09T23:00:00Z,19.0
2020020650,2021-04-11T23:00:00Z,19.0
2020020666,2021-04-13T23:00:00Z,19.0
2020020676,2021-04-15T23:00:00Z,19.0
2020020691,2021-04-17T16:30:00Z,12.5
2020020702,2021-04-18T19:00:00Z,15.0
2020020166,2021-04-20T23:00:00Z,19.0
2020020733,2021-04-22T23:00:00Z,19.0
2020020746,2021-04-24T16:30:00Z,12.5
2020020216,2021-04-25T22:00:00Z,18.0
2020020716,2021-04-27T23:00:00Z,19.0
2020020783,2021-04-29T23:00:00Z,19.0
2020020798,2021-05-01T23:00:00Z,19.0
2020020839,2021-05-06T23:00:00Z,19.0
2020020855,2021-05-08T23:00:00Z,19.0
2020020231,2021-05-10T23:00:00Z,19.0
2020020008,2021-01-15T00:00:00Z,19.0
2020020024,2021-01-17T00:00:00Z,19.0
2020020096,2021-01-27T00:00:00Z,19.0
2020020112,2021-01-29T00:00:00Z,19.0
2020020126,2021-01-31T00:00:00Z,19.0
2020020137,2021-02-01T00:00:00Z,19.0
2020020181,2021-02-07T00:00:00Z,19.0
2020020196,2021-02-09T00:00:00Z,19.0
2020020215,2021-02-12T00:00:00Z,19.0
2020020267,2021-02-19T00:00:00Z,19.0
2020020281,2021-02-21T00:00:00Z,19.0
2020020328,2021-02-28T00:00:00Z,19.0
2020020341,2021-02-28T22:00:00Z,17.0
2020020458,2021-03-16T23:00:00Z,19.0
2020020469,2021-03-18T23:00:00Z,19.0
2020020484,2021-03-20T23:00:00Z,19.0
2020020755,2021-03-22T23:00:00Z,19.0
2020020561,2021-03-27T23:00:00Z,19.0
2020020549,2021-03-29T23:00:00Z,19.0
2020020573,2021-04-01T23:00:00Z,19.0
2020020587,2021-04-03T23:00:00Z,19.0
2020020612,2021-04-06T23:00:00Z,19.0
2020020626,2021-04-08T23:00:00Z,19.0
2020020636,2021-04-09T23:00:00Z,19.0
2020020651,2021-04-11T23:00:00Z,19.0
2020020703,2021-04-18T22:30:00Z,18.5
2020020717,2021-04-20T23:00:00Z,19.0
2020020730,2021-04-22T23:00:00Z,19.0
2020020744,2021-04-24T23:00:00Z,19.0
2020020447,2021-04-27T23:00:00Z,19.0
2020020784,2021-04-29T23:00:00Z,19.0
2020020797,2021-05-01T23:00:00Z,19.0
2020020068,2021-01-23T00:00:00Z,19.0
2020020083,2021-01-25T00:00:00Z,19.0
2020020125,2021-01-31T00:00:00Z,19.0
2020020144,2021-02-02T00:00:00Z,19.0
2020020164,2021-02-05T00:00:00Z,19.0
2020020266,2021-02-19T00:00:00Z,19.0
2020020279,2021-02-20T17:30:00Z,12.5
2020020308,2021-02-25T00:00:00Z,19.0
2020020393,2021-03-08T00:30:00Z,19.5
2020020405,2021-03-09T23:00:00Z,18.0
2020020446,2021-03-15T23:00:00Z,19.0
2020020462,2021-03-17T23:30:00Z,19.5
2020020478,2021-03-19T23:00:00Z,19.0
2020020291,2021-03-20T23:00:00Z,19.0
2020020516,2021-03-25T23:00:00Z,19.0
2020020530,2021-03-27T17:00:00Z,13.0
2020020542,2021-03-28T16:00:00Z,12.0
2020020558,2021-03-30T23:00:00Z,19.0
2020020613,2021-04-06T23:00:00Z,19.0
2020020627,2021-04-08T23:00:00Z,19.0
2020020254,2021-04-22T23:00:00Z,19.0
2020020739,2021-04-23T23:00:00Z,19.0
2020020814,2021-05-03T23:00:00Z,19.0
2020020830,2021-05-05T23:00:00Z,19.0
2020020021,2021-01-16T00:00:00Z,19.0
2020020027,2021-01-17T00:00:00Z,19.0
2020020053,2021-01-20T00:00:00Z,19.0
2020020064,2021-01-22T00:00:00Z,19.0
2020020079,2021-01-24T03:00:00Z,21.0
2020020092,2021-01-26T03:00:00Z,19.0
2020020108,2021-01-28T01:00:00Z,17.0
2020020117,2021-01-29T03:00:00Z,19.0
2020020221,2021-02-12T01:00:00Z,19.0
2020020236,2021-02-13T20:00:00Z,14.0
2020020247,2021-02-16T00:00:00Z,19.0
2020020262,2021-02-18T00:00:00Z,19.0
2020020270,2021-02-19T00:00:00Z,19.0
2020020443,2021-03-14T23:00:00Z,19.0
2020020452,2021-03-15T23:00:00Z,19.0
2020020463,2021-03-17T23:00:00Z,19.0
2020020521,2021-03-25T23:00:00Z,19.0
2020020848,2021-04-05T23:00:00Z,18.0
2020020646,2021-04-10T23:00:00Z,19.0
2020020661,2021-04-12T23:00:00Z,19.0
2020020672,2021-04-14T23:00:00Z,19.0
2020020737,2021-04-23T02:00:00Z,19.0
2020020751,2021-04-25T02:00:00Z,19.0
2020020759,2021-04-26T23:00:00Z,19.0
2020020776,2021-04-28T21:30:00Z,17.5
2020020820,2021-05-03T23:00:00Z,19.0
2020020863,2021-05-08T23:00:00Z,18.0
2020020833,2021-05-13T00:00:00Z,20.0
2020020001,2021-01-13T22:30:00Z,17.5
2020020018,2021-01-16T00:00:00Z,19.0
2020020188,2021-02-07T17:00:00Z,12.0
2020020355,2021-03-03T00:00:00Z,19.0
2020020366,2021-03-05T00:00:00Z,19.0
2020020668,2021-03-06T18:00:00Z,13.0
2020020769,2021-03-08T00:00:00Z,19.0
2020020418,2021-03-12T00:00:00Z,19.0
2020020433,2021-03-14T00:00:00Z,19.0
2020020202,2021-04-13T23:00:00Z,19.0
2020020680,2021-04-15T23:00:00Z,19.0
2020020692,2021-04-17T16:30:00Z,12.5
2020020815,2021-05-03T23:00:00Z,19.0
2020020826,2021-05-04T23:00:00Z,19.0
2020020840,2021-05-07T23:00:00Z,19.0
2020020856,2021-05-08T23:00:00Z,19.0
2020020035,2021-01-17T17:00:00Z,12.0
2020020050,2021-01-20T00:00:00Z,19.0
2020020242,2021-02-14T20:00:00Z,15.0
2020020257,2021-02-17T00:00:00Z,19.0
2020020302,2021-02-24T00:00:00Z,19.0
2020020313,2021-02-26T00:00:00Z,19.0
2020020785,2021-04-29T23:00:00Z,19.0
2020020799,2021-05-01T23:00:00Z,19.0
2020020039,2021-01-19T01:00:00Z,19.0
2020020055,2021-01-21T02:00:00Z,20.0
2020020149,2021-02-13T21:00:00Z,13.0
2020020269,2021-02-19T01:00:00Z,19.0
2020020283,2021-02-21T00:00:00Z,18.0
2020020339,2021-02-28T03:30:00Z,19.5
2020020380,2021-03-06T03:30:00Z,19.5
2020020389,2021-03-07T03:30:00Z,19.5
2020020326,2021-03-09T02:00:00Z,18.0
2020020455,2021-03-16T02:00:00Z,19.0
2020020466,2021-03-18T02:00:00Z,19.0
2020020482,2021-03-20T01:00:00Z,18.0
2020020493,2021-03-21T01:00:00Z,18.0
2020020713,2021-04-20T02:00:00Z,19.0
2020020728,2021-04-22T01:30:00Z,18.5
2020020162,2021-05-13T01:00:00Z,18.0
2020020106,2021-01-27T02:00:00Z,18.0
2020020425,2021-03-13T01:00:00Z,19.0
2020020437,2021-03-14T01:00:00Z,19.0
2020020122,2021-03-23T02:00:00Z,19.0
2020020606,2021-04-06T00:00:00Z,19.0
2020020620,2021-04-08T01:00:00Z,20.0
2020020851,2021-05-08T02:00:00Z,19.0
2020020866,2021-05-09T02:00:00Z,19.0
2020020041,2021-01-19T00:00:00Z,19.0
2020020171,2021-02-05T00:00:00Z,19.0
2020020184,2021-02-07T00:00:00Z,19.0
2020020200,2021-02-09T00:00:00Z,19.0
2020020371,2021-03-05T03:00:00Z,19.0
2020020384,2021-03-07T00:00:00Z,16.0
2020020408,2021-03-10T00:00:00Z,19.0
2020020422,2021-03-12T00:00:00Z,19.0
2020020438,2021-03-14T00:00:00Z,19.0
2020020566,2021-03-31T23:30:00Z,18.5
2020020581,2021-04-03T00:00:00Z,19.0
2020020682,2021-04-15T23:00:00Z,19.0
2020020697,2021-04-18T23:00:00Z,16.0
2020020710,2021-04-21T01:00:00Z,18.0
2020020726,2021-04-22T23:00:00Z,18.0
2020020749,2021-04-24T23:00:00Z,18.0
2020020792,2021-04-29T23:30:00Z,19.5
2020020806,2021-05-01T23:00:00Z,19.0
2020020741,2021-05-15T00:00:00Z,19.0
2020020132,2021-01-31T03:00:00Z,21.0
2020020277,2021-02-20T03:00:00Z,19.0
2020020294,2021-02-22T03:00:00Z,19.0
2020020345,2021-03-02T01:00:00Z,19.0
2020020358,2021-03-03T01:00:00Z,19.0
2020020500,2021-03-23T02:00:00Z,19.0
2020020512,2021-03-25T02:30:00Z,19.5
2020020602,2021-05-11T00:00:00Z,19.0
2020020619,2021-05-12T00:00:00Z,19.0
2021020015,2021-10-14T02:00:00Z,19.0
2021020019,2021-10-16T02:00:00Z,19.0
2021020037,2021-10-19T01:30:00Z,19.5
2021020049,2021-10-20T01:00:00Z,19.0
2021020060,2021-10-22T00:00:00Z,19.0
2021020075,2021-10-23T22:00:00Z,17.0
2021020095,2021-10-27T02:00:00Z,19.0
2021020107,2021-10-29T02:00:00Z,19.0
2021020116,2021-10-30T00:00:00Z,17.0
2021020129,2021-10-31T20:00:00Z,13.0
2021020142,2021-11-03T02:00:00Z,19.0
2021020160,2021-11-06T02:00:00Z,19.0
2021020178,2021-11-08T01:00:00Z,17.0
2021020190,2021-11-10T03:00:00Z,19.0
2021020205,2021-11-12T03:00:00Z,19.0
2021020229,2021-11-15T01:00:00Z,17.0
2021020243,2021-11-17T03:00:00Z,19.0
2021020258,2021-11-19T03:00:00Z,19.0
2021020283,2021-11-23T01:00:00Z,19.0
2021020299,2021-11-25T02:00:00Z,19.0
2021020315,2021-11-26T21:00:00Z,13.0
2021020332,2021-11-29T01:00:00Z,17.0
2021020345,2021-12-01T03:30:00Z,19.5
2021020351,2021-12-02T03:00:00Z,19.0
2021020365,2021-12-04T03:00:00Z,19.0
2021020384,2021-12-07T00:00:00Z,19.0
2021020388,2021-12-08T00:30:00Z,19.5
2021020405,2021-12-10T00:00:00Z,19.0
2021020423,2021-12-12T00:00:00Z,19.0
2021020432,2021-12-13T00:00:00Z,18.0
2021020453,2021-12-16T03:00:00Z,19.0
2021020470,2021-12-18T03:00:00Z,19.0
2021020550,2021-12-30T03:30:00Z,19.5
2021020565,2021-12-31T20:00:00Z,12.0
2021020580,2022-01-02T20:00:00Z,13.0
2021020594,2022-01-05T03:00:00Z,19.0
2021020627,2022-01-09T03:00:00Z,19.0
2021020609,2022-01-10T01:00:00Z,17.0
2021020644,2022-01-12T03:00:00Z,19.0
2021020662,2022-01-15T01:00:00Z,19.0
2021020673,2022-01-16T01:30:00Z,19.5
2021020703,2022-01-20T03:00:00Z,19.0
2021020719,2022-01-22T03:00:00Z,19.0
2021020737,2022-01-25T00:00:00Z,19.0
2021020752,2022-01-27T00:00:00Z,19.0
2021020757,2022-01-28T00:00:00Z,19.0
2021020773,2022-01-29T17:30:00Z,12.5
2021020792,2022-02-01T00:30:00Z,19.5
2021021033,2022-02-12T03:00:00Z,19.0
2021020500,2022-02-17T02:30:00Z,19.5
2021020493,2022-02-18T02:00:00Z,19.0
2021020520,2022-02-20T03:00:00Z,19.0
2021020536,2022-02-23T03:00:00Z,19.0
2021020828,2022-02-26T03:00:00Z,19.0
2021020845,2022-02-28T01:30:00Z,17.5
2021020859,2022-03-02T03:00:00Z,19.0
2021020879,2022-03-05T03:00:00Z,19.0
2021020897,2022-03-07T01:00:00Z,17.0
2021020907,2022-03-09T01:30:00Z,19.5
2021020925,2022-03-11T01:00:00Z,19.0
2021020935,2022-03-13T00:00:00Z,19.0
2021020943,2022-03-13T23:30:00Z,19.5
2021020955,2022-03-15T23:00:00Z,19.0
2021020981,2022-03-19T02:00:00Z,19.0
2021021003,2022-03-22T02:00:00Z,19.0
2021021018,2022-03-24T02:00:00Z,19.0
2021021045,2022-03-27T02:30:00Z,19.5
2021021067,2022-03-30T02:00:00Z,19.0
2021021082,2022-04-01T02:00:00Z,19.0
2021021088,2022-04-02T02:30:00Z,19.5
2021021107,2022-04-04T00:00:00Z,17.0
2021021127,2022-04-07T02:00:00Z,19.0
2021021145,2022-04-09T23:30:00Z,19.5
2021021159,2022-04-10T22:00:00Z,18.0
2021021167,2022-04-12T23:00:00Z,19.0
2021021184,2022-04-14T23:00:00Z,19.0
2021021215,2022-04-18T00:30:00Z,17.5
2021021226,2022-04-20T02:00:00Z,19.0
2021021258,2022-04-24T02:30:00Z,19.5
2021021270,2022-04-25T00:30:00Z,17.5
2021021285,2022-04-27T02:30:00Z,19.5
2021021307,2022-04-30T00:30:00Z,19.5
2021020013,2021-10-14T23:00:00Z,19.0
2021020021,2021-10-16T17:00:00Z,13.0
2021020038,2021-10-19T02:00:00Z,19.0
2021020061,2021-10-22T02:00:00Z,19.0
2021020077,2021-10-24T01:00:00Z,18.0
2021020085,2021-10-25T23:00:00Z,19.0
2021020102,2021-10-28T23:00:00Z,19.0
2021020113,2021-10-29T23:00:00Z,19.0
2021020128,2021-10-31T17:00:00Z,13.0
2021020137,2021-11-02T23:00:00Z,19.0
2021020172,2021-11-07T02:00:00Z,19.0
2021020194,2021-11-11T03:00:00Z,20.0
2021020210,2021-11-13T01:30:00Z,19.5
2021020218,2021-11-14T01:00:00Z,19.0
2021020238,2021-11-17T01:00:00Z,19.0
2021020256,2021-11-19T02:00:00Z,19.0
2021020270,2021-11-21T01:00:00Z,18.0
2021020279,2021-11-22T03:00:00Z,19.0
2021020300,2021-11-25T03:00:00Z,20.0
2021020323,2021-11-28T01:00:00Z,18.0
2021020335,2021-11-30T00:30:00Z,18.5
2021020344,2021-12-01T01:00:00Z,19.0
2021020364,2021-12-04T02:30:00Z,19.5
2021020385,2021-12-07T01:30:00Z,19.5
2021020416,2021-12-11T02:00:00Z,19.0
2021020427,2021-12-12T02:00:00Z,19.0
2021020452,2021-12-16T02:00:00Z,19.0
2021020540,2021-12-29T03:30:00Z,19.5
2021020592,2022-01-05T02:00:00Z,19.0
2021020607,2022-01-07T02:00:00Z,19.0
2021020624,2022-01-09T01:00:00Z,18.0
2021020649,2022-01-13T03:00:00Z,20.0
2021020663,2022-01-15T02:00:00Z,19.0
2021020677,2022-01-16T02:00:00Z,19.0
2021020687,2022-01-17T21:00:00Z,14.0
2021020701,2022-01-20T00:00:00Z,19.0
2021020714,2022-01-22T00:30:00Z,19.5
2021020725,2022-01-23T00:00:00Z,19.0
2021020747,2022-01-26T00:00:00Z,19.0
2021020771,2022-01-29T02:00:00Z,19.0
2021020782,2022-01-30T02:00:00Z,19.0
2021020805,2022-02-02T02:00:00Z,19.0
2021020810,2022-02-03T02:30:00Z,19.5
2021020487,2022-02-09T03:00:00Z,19.0
2021020503,2022-02-10T03:00:00Z,19.0
2021020519,2022-02-12T02:30:00Z,19.5
2021020533,2022-02-20T02:00:00Z,19.0
2021020581,2022-02-21T00:00:00Z,17.0
2021020814,2022-02-24T03:00:00Z,20.0
2021020827,2022-02-26T02:30:00Z,19.5
2021020844,2022-02-27T21:00:00Z,14.0
2021020871,2022-03-04T02:00:00Z,19.0
2021020888,2022-03-05T21:00:00Z,14.0
2021020903,2022-03-09T00:30:00Z,19.5
2021020917,2022-03-11T00:00:00Z,19.0
2021020932,2022-03-13T00:00:00Z,19.0
2021020952,2022-03-14T23:30:00Z,19.5
2021020954,2022-03-15T23:00:00Z,19.0
2021020991,2022-03-19T21:00:00Z,14.0
2021020999,2022-03-20T23:00:00Z,16.0
2021021017,2022-03-23T02:00:00Z,19.0
2021021032,2022-03-26T01:00:00Z,19.0
2021021053,2022-03-27T23:00:00Z,18.0
2021021057,2022-03-29T01:30:00Z,19.5
2021021072,2022-03-31T02:00:00Z,19.0
2021021105,2022-04-03T23:00:00Z,18.0
2021021111,2022-04-05T00:00:00Z,19.0
2021021134,2022-04-08T02:00:00Z,19.0
2021021153,2022-04-10T02:00:00Z,19.0
2021021176,2022-04-13T02:00:00Z,19.0
2021021192,2022-04-15T02:00:00Z,19.0
2021021206,2022-04-17T02:00:00Z,20.0
2021021218,2022-04-19T02:00:00Z,19.0
2021021230,2022-04-21T02:00:00Z,19.0
2021021247,2022-04-23T02:30:00Z,19.5
2021021257,2022-04-24T02:00:00Z,19.0
2021021282,2022-04-27T00:00:00Z,19.0
2021021287,2022-04-28T00:30:00Z,19.5
2021021311,2022-04-30T02:30:00Z,19.5
2021020020,2021-10-16T23:00:00Z,19.0
2021020050,2021-10-20T23:30:00Z,19.5
2021020062,2021-10-22T23:00:00Z,19.0
2021020079,2021-10-24T17:00:00Z,13.0
2021020097,2021-10-27T23:00:00Z,19.0
2021020104,2021-10-28T23:00:00Z,19.0
2021020117,2021-10-30T23:00:00Z,19.0
2021020148,2021-11-04T23:00:00Z,19.0
2021020163,2021-11-06T23:00:00Z,19.0
2021020182,2021-11-10T00:00:00Z,19.0
2021020195,2021-11-12T00:00:00Z,19.0
2021020215,2021-11-13T18:00:00Z,13.0
2021020224,2021-11-15T00:00:00Z,19.0
2021020267,2021-11-21T00:00:00Z,19.0
2021020274,2021-11-22T00:00:00Z,19.0
2021020290,2021-11-25T00:00:00Z,19.0
2021020304,2021-11-26T18:00:00Z,13.0
2021020326,2021-11-29T00:00:00Z,19.0
2021020337,2021-12-01T00:00:00Z,19.0
2021020358,2021-12-03T01:00:00Z,19.0
2021020367,2021-12-05T00:00:00Z,19.0
2021020400,2021-12-09T02:00:00Z,18.0
2021020408,2021-12-10T02:00:00Z,19.0
2021020425,2021-12-12T03:00:00Z,20.0
2021020437,2021-12-15T00:00:00Z,19.0
2021020458,2021-12-17T00:30:00Z,19.5
2021020566,2022-01-01T18:00:00Z,13.0
2021020575,2022-01-02T18:00:00Z,13.0
2021020586,2022-01-05T00:00:00Z,19.0
2021020599,2022-01-07T00:00:00Z,19.0
2021020615,2022-01-09T00:00:00Z,19.0
2021020632,2022-01-11T00:00:00Z,19.0
2021021000,2022-01-13T00:00:00Z,19.0
2021020650,2022-01-14T00:00:00Z,19.0
2021020665,2022-01-15T18:00:00Z,13.0
2021020691,2022-01-19T00:00:00Z,19.0
2021020704,2022-01-21T00:00:00Z,19.0
2021020721,2022-01-22T20:00:00Z,15.0
2021020756,2022-01-27T03:00:00Z,20.0
2021020789,2022-01-31T00:00:00Z,18.0
2021020795,2022-02-02T00:00:00Z,19.0
2021020523,2022-02-09T00:00:00Z,19.0
2021020494,2022-02-11T00:00:00Z,19.0
2021020543,2022-02-12T17:30:00Z,12.5
2021021263,2022-02-16T00:00:00Z,19.0
2021021006,2022-02-18T00:30:00Z,19.5
2021020481,2022-02-20T00:00:00Z,19.0
2021020508,2022-02-21T18:00:00Z,13.0
2021020822,2022-02-25T03:00:00Z,19.0
2021020838,2022-02-27T03:00:00Z,19.0
2021020850,2022-03-01T03:30:00Z,19.5
2021020872,2022-03-04T02:00:00Z,18.0
2021020885,2022-03-06T00:00:00Z,19.0
2021020898,2022-03-08T00:00:00Z,19.0
2021020915,2022-03-11T00:00:00Z,19.0
2021020957,2022-03-16T00:30:00Z,19.5
2021020965,2022-03-16T23:30:00Z,18.5
2021020979,2022-03-19T00:00:00Z,19.0
2021020646,2022-03-21T23:00:00Z,19.0
2021021019,2022-03-24T23:00:00Z,19.0
2021021034,2022-03-26T16:30:00Z,12.5
2021021059,2022-03-29T23:00:00Z,19.0
2021021074,2022-03-31T23:00:00Z,19.0
2021021090,2022-04-02T23:00:00Z,19.0
2021021110,2022-04-04T23:00:00Z,19.0
2021021115,2022-04-05T23:30:00Z,19.5
2021021137,2022-04-08T23:00:00Z,19.0
2021021158,2022-04-10T17:30:00Z,13.5
2021021164,2022-04-12T23:00:00Z,19.0
2021021181,2022-04-14T23:00:00Z,19.0
2021021196,2022-04-16T16:30:00Z,12.5
2021021225,2022-04-20T00:00:00Z,19.0
2021021238,2022-04-21T23:00:00Z,19.0
2021021248,2022-04-23T19:00:00Z,15.0
2021020471,2022-04-24T23:00:00Z,19.0
2021021272,2022-04-26T23:00:00Z,19.0
2021021290,2022-04-28T23:00:00Z,19.0
2021021299,2022-04-29T23:00:00Z,19.0
2021020007,2021-10-14T23:00:00Z,19.0
2021020039,2021-10-19T23:00:00Z,19.0
2021020069,2021-10-23T23:00:00Z,19.0
2021020083,2021-10-25T23:00:00Z,19.0
2021020130,2021-10-31T20:00:00Z,13.0
2021020143,2021-11-03T02:30:00Z,19.5
2021020156,2021-11-05T02:00:00Z,19.0
2021020162,2021-11-06T23:00:00Z,19.0
2021020181,2021-11-09T00:00:00Z,19.0
2021020206,2021-11-13T00:00:00Z,19.0
2021020211,2021-11-14T00:00:00Z,19.0
2021020237,2021-11-17T00:00:00Z,19.0
2021020247,2021-11-19T00:00:00Z,19.0
2021020277,2021-11-21T23:00:00Z,18.0
2021020281,2021-11-23T00:00:00Z,19.0
2021020305,2021-11-27T00:00:00Z,19.0
2021020317,2021-11-28T00:00:00Z,19.0
2021020333,2021-11-30T00:00:00Z,19.0
2021020354,2021-12-03T00:00:00Z,19.0
2021020373,2021-12-05T00:30:00Z,19.5
2021020412,2021-12-11T00:00:00Z,19.0
2021020419,2021-12-12T00:00:00Z,19.0
2021020446,2021-12-15T01:00:00Z,19.0
2021020461,2021-12-17T01:00:00Z,19.0
2021020466,2021-12-18T00:00:00Z,19.0
2021020541,2021-12-30T00:00:00Z,19.0
2021020553,2021-12-31T00:30:00Z,19.5
2021020600,2022-01-07T00:00:00Z,19.0
2021020637,2022-01-12T00:00:00Z,19.0
2021020657,2022-01-14T01:00:00Z,19.0
2021020667,2022-01-16T00:00:00Z,19.0
2021020682,2022-01-17T18:00:00Z,13.0
2021020692,2022-01-19T00:00:00Z,19.0
2021020705,2022-01-21T00:00:00Z,19.0
2021020722,2022-01-22T18:00:00Z,13.0
2021020744,2022-01-26T00:00:00Z,19.0
2021020790,2022-01-31T01:00:00Z,18.0
2021020806,2022-02-02T03:00:00Z,19.0
2021020489,2022-02-11T00:00:00Z,19.0
2021020614,2022-02-13T17:30:00Z,12.5
2021020524,2022-02-16T00:00:00Z,19.0
2021021228,2022-02-18T00:00:00Z,19.0
2021020504,2022-02-19T18:00:00Z,13.0
2021020515,2022-02-20T23:00:00Z,18.0
2021021273,2022-02-24T00:30:00Z,19.5
2021020825,2022-02-26T01:00:00Z,19.0
2021020843,2022-02-27T19:00:00Z,13.0
2021020860,2022-03-03T00:30:00Z,19.5
2021020873,2022-03-05T00:00:00Z,19.0
2021020890,2022-03-06T18:00:00Z,13.0
2021020899,2022-03-08T00:00:00Z,19.0
2021020916,2022-03-11T00:00:00Z,19.0
2021020942,2022-03-13T20:00:00Z,16.0
2021020973,2022-03-18T01:00:00Z,19.0
2021020980,2022-03-19T01:00:00Z,19.0
2021020998,2022-03-21T02:00:00Z,19.0
2021021014,2022-03-23T23:30:00Z,19.5
2021021028,2022-03-25T23:00:00Z,19.0
2021021049,2022-03-27T21:00:00Z,17.0
2021021055,2022-03-29T00:30:00Z,19.5
2021021068,2022-03-30T23:00:00Z,19.0
2021021083,2022-04-01T23:00:00Z,19.0
2021021100,2022-04-03T17:00:00Z,13.0
2021021113,2022-04-05T23:00:00Z,19.0
2021021130,2022-04-07T23:30:00Z,19.5
2021021138,2022-04-08T23:00:00Z,19.0
2021021156,2022-04-10T21:00:00Z,17.0
2021021165,2022-04-12T23:00:00Z,19.0
2021021182,2022-04-14T23:00:00Z,19.0
2021021197,2022-04-16T23:00:00Z,19.0
2021021212,2022-04-17T21:00:00Z,17.0
2021021236,2022-04-21T23:00:00Z,19.0
2021021249,2022-04-23T16:30:00Z,12.5
2021021298,2022-04-29T23:00:00Z,19.0
2021020031,2021-10-17T02:00:00Z,20.0
2021020054,2021-10-21T23:30:00Z,19.5
2021020072,2021-10-23T17:00:00Z,13.0
2021020086,2021-10-25T23:00:00Z,19.0
2021020090,2021-10-26T23:00:00Z,19.0
2021020103,2021-10-28T23:00:00Z,19.0
2021020123,2021-10-31T02:00:00Z,20.0
2021020140,2021-11-03T01:00:00Z,19.0
2021020154,2021-11-05T01:00:00Z,19.0
2021020171,2021-11-07T02:00:00Z,20.0
2021020189,2021-11-10T02:00:00Z,19.0
2021020196,2021-11-12T00:00:00Z,19.0
2021020207,2021-11-13T00:00:00Z,19.0
2021020225,2021-11-14T22:00:00Z,17.0
2021020236,2021-11-17T00:00:00Z,19.0
2021020266,2021-11-21T00:00:00Z,19.0
2021020289,2021-11-24T02:00:00Z,19.0
2021020322,2021-11-28T03:00:00Z,20.0
2021020336,2021-11-30T02:00:00Z,19.0
2021020361,2021-12-03T03:30:00Z,19.5
2021020382,2021-12-06T03:00:00Z,19.0
2021020397,2021-12-08T03:30:00Z,19.5
2021020407,2021-12-10T02:00:00Z,19.0
2021020558,2021-12-31T03:00:00Z,19.0
2021020579,2022-01-03T00:00:00Z,18.0
2021020589,2022-01-05T00:00:00Z,19.0
2021020602,2022-01-07T00:00:00Z,19.0
2021020612,2022-01-08T00:00:00Z,19.0
2021020658,2022-01-14T02:00:00Z,19.0
2021020698,2022-01-19T02:00:00Z,19.0
2021020730,2022-01-23T03:00:00Z,20.0
2021020743,2022-01-25T02:00:00Z,19.0
2021020755,2022-01-27T00:00:00Z,19.0
2021020764,2022-01-28T01:00:00Z,19.0
2021020781,2022-01-30T03:00:00Z,20.0
2021020804,2022-02-02T01:30:00Z,19.5
2021020676,2022-02-10T02:30:00Z,19.5
2021020462,2022-02-11T02:00:00Z,19.0
2021020642,2022-02-13T03:00:00Z,20.0
2021020478,2022-02-16T02:00:00Z,19.0
2021020518,2022-02-20T03:00:00Z,20.0
2021020564,2022-02-21T21:00:00Z,14.0
2021020820,2022-02-25T03:00:00Z,19.0
2021020835,2022-02-27T03:00:00Z,20.0
2021020855,2022-03-02T01:00:00Z,19.0
2021020870,2022-03-04T02:00:00Z,19.0
2021020886,2022-03-06T03:00:00Z,20.0
2021020532,2022-03-08T02:30:00Z,19.5
2021020912,2022-03-09T02:00:00Z,19.0
2021020926,2022-03-11T02:00:00Z,19.0
2021020939,2022-03-13T00:00:00Z,17.0
2021020949,2022-03-14T00:00:00Z,18.0
2021020966,2022-03-17T02:00:00Z,20.0
2021020990,2022-03-20T02:00:00Z,19.0
2021021012,2022-03-23T01:00:00Z,19.0
2021021042,2022-03-27T02:00:00Z,20.0
2021021066,2022-03-30T01:00:00Z,19.0
2021021081,2022-04-01T01:00:00Z,19.0
2021021098,2022-04-03T02:00:00Z,20.0
2021021112,2022-04-05T02:30:00Z,19.5
2021021136,2022-04-08T02:30:00Z,19.5
2021021154,2022-04-09T23:00:00Z,16.0
2021021174,2022-04-13T01:00:00Z,19.0
2021021191,2022-04-15T01:00:00Z,19.0
2021020436,2022-04-19T00:00:00Z,19.0
2021020443,2022-04-20T00:00:00Z,19.0
2021021241,2022-04-22T01:00:00Z,19.0
2021021256,2022-04-24T02:00:00Z,20.0
2021021280,2022-04-27T00:00:00Z,19.0
2021021295,2022-04-29T00:00:00Z,19.0
2021021309,2022-04-30T00:00:00Z,19.0
2021020012,2021-10-14T23:00:00Z,19.0
2021020029,2021-10-17T00:00:00Z,19.0
2021020052,2021-10-21T23:00:00Z,19.0
2021020073,2021-10-23T23:00:00Z,19.0
2021020087,2021-10-25T23:00:00Z,19.0
2021020114,2021-10-29T23:00:00Z,19.0
2021020144,2021-11-04T00:30:00Z,19.5
2021020166,2021-11-06T22:00:00Z,18.0
2021020185,2021-11-10T00:00:00Z,19.0
2021020208,2021-11-13T00:00:00Z,19.0
2021020216,2021-11-14T00:30:00Z,19.5
2021020242,2021-11-17T03:00:00Z,19.0
2021020272,2021-11-20T21:00:00Z,13.0
2021020286,2021-11-23T03:30:00Z,19.5
2021020303,2021-11-25T03:00:00Z,19.0
2021020308,2021-11-26T20:30:00Z,15.5
2021020329,2021-11-28T18:00:00Z,13.0
2021020343,2021-12-01T01:30:00Z,19.5
2021020357,2021-12-03T00:00:00Z,19.0
2021020395,2021-12-08T01:00:00Z,19.0
2021020426,2021-12-12T03:00:00Z,20.0
2021020434,2021-12-13T03:00:00Z,19.0
2021020459,2021-12-17T00:00:00Z,19.0
2021020474,2021-12-19T00:00:00Z,19.0
2021020554,2021-12-31T00:00:00Z,19.0
2021020570,2022-01-01T18:00:00Z,13.0
2021020617,2022-01-09T00:00:00Z,19.0
2021020654,2022-01-14T00:00:00Z,19.0
2021020672,2022-01-15T18:00:00Z,13.0
2021020715,2022-01-22T00:00:00Z,19.0
2021020724,2022-01-23T00:00:00Z,19.0
2021020748,2022-01-26T00:00:00Z,19.0
2021020758,2022-01-28T00:00:00Z,19.0
2021020779,2022-01-30T00:00:00Z,19.0
2021020787,2022-01-30T22:00:00Z,17.0
2021020583,2022-02-08T00:00:00Z,19.0
2021020510,2022-02-09T00:00:00Z,19.0
2021020445,2022-02-13T01:00:00Z,19.0
2021020527,2022-02-17T00:30:00Z,19.5
2021020485,2022-02-19T00:00:00Z,19.0
2021021304,2022-02-20T18:00:00Z,13.0
2021020639,2022-02-21T20:00:00Z,15.0
2021020823,2022-02-26T00:00:00Z,19.0
2021020840,2022-02-27T18:00:00Z,13.0
2021020851,2022-03-02T00:30:00Z,19.5
2021020868,2022-03-04T00:00:00Z,19.0
2021020876,2022-03-05T00:00:00Z,19.0
2021020892,2022-03-07T00:00:00Z,19.0
2021020923,2022-03-11T00:00:00Z,19.0
2021020936,2022-03-12T20:00:00Z,15.0
2021020945,2022-03-13T17:00:00Z,13.0
2021020968,2022-03-17T23:00:00Z,19.0
2021020978,2022-03-18T23:00:00Z,19.0
2021020996,2022-03-20T22:00:00Z,18.0
2021021009,2022-03-22T23:00:00Z,19.0
2021021022,2022-03-24T23:00:00Z,19.0
2021021039,2022-03-27T00:00:00Z,19.0
2021021054,2022-03-28T23:00:00Z,19.0
2021021060,2022-03-29T23:00:00Z,19.0
2021021078,2022-03-31T23:00:00Z,19.0
2021021094,2022-04-02T23:00:00Z,19.0
2021021139,2022-04-08T23:00:00Z,19.0
2021021168,2022-04-12T23:00:00Z,19.0
2021021186,2022-04-14T23:00:00Z,19.0
2021021205,2022-04-17T01:00:00Z,19.0
2021021239,2022-04-21T23:00:00Z,19.0
2021021254,2022-04-23T16:30:00Z,12.5
2021021262,2022-04-24T17:00:00Z,13.0
2021021277,2022-04-26T23:00:00Z,19.0
2021021294,2022-04-28T23:00:00Z,19.0
2021020005,2021-10-14T02:00:00Z,20.0
2021020017,2021-10-15T23:00:00Z,19.0
2021020026,2021-10-16T23:00:00Z,19.0
2021020046,2021-10-20T00:00:00Z,19.0
2021020058,2021-10-22T00:30:00Z,19.5
2021020080,2021-10-24T23:00:00Z,18.0
2021020099,2021-10-27T23:30:00Z,18.5
2021020120,2021-10-31T00:00:00Z,19.0
2021020133,2021-11-02T00:00:00Z,19.0
2021020157,2021-11-06T00:00:00Z,19.0
2021020175,2021-11-08T00:00:00Z,18.0
2021020187,2021-11-10T01:30:00Z,19.5
2021020246,2021-11-18T03:00:00Z,19.0
2021020269,2021-11-21T03:00:00Z,20.0
2021020278,2021-11-22T01:00:00Z,17.0
2021020311,2021-11-26T20:30:00Z,14.5
2021020330,2021-11-29T00:00:00Z,18.0
2021020356,2021-12-03T00:00:00Z,19.0
2021020371,2021-12-05T01:00:00Z,20.0
2021020377,2021-12-06T00:30:00Z,19.5
2021020393,2021-12-08T01:30:00Z,19.5
2021020403,2021-12-10T00:00:00Z,19.0
2021020420,2021-12-12T00:00:00Z,19.0
2021020451,2021-12-16T01:00:00Z,19.0
2021020467,2021-12-18T01:30:00Z,19.5
2021020475,2021-12-19T01:00:00Z,19.0
2021020571,2022-01-01T19:00:00Z,13.0
2021020591,2022-01-05T01:30:00Z,19.5
2021020626,2022-01-09T03:00:00Z,19.0
2021020640,2022-01-12T00:00:00Z,19.0
2021020655,2022-01-14T01:30:00Z,19.5
2021020690,2022-01-17T22:00:00Z,14.0
2021020717,2022-01-22T01:30:00Z,19.5
2021020728,2022-01-23T02:00:00Z,20.0
2021020742,2022-01-25T02:00:00Z,19.0
2021020753,2022-01-27T00:30:00Z,19.5
2021020769,2022-01-29T01:30:00Z,19.5
2021020794,2022-02-01T00:30:00Z,18.5
2021020809,2022-02-03T02:30:00Z,20.5
2021020699,2022-02-10T01:00:00Z,18.0
2021020788,2022-02-13T01:00:00Z,19.0
2021020548,2022-02-15T02:00:00Z,20.0
2021020538,2022-02-18T01:30:00Z,19.5
2021020516,2022-02-19T01:30:00Z,19.5
2021020498,2022-02-20T20:00:00Z,14.0
2021020824,2022-02-26T01:30:00Z,19.5
2021020842,2022-02-27T20:00:00Z,14.0
2021020869,2022-03-04T01:30:00Z,19.5
2021020883,2022-03-05T20:00:00Z,15.0
2021020893,2022-03-07T00:00:00Z,18.0
2021020934,2022-03-13T00:00:00Z,19.0
2021020988,2022-03-19T18:00:00Z,13.0
2021020997,2022-03-20T23:00:00Z,18.0
2021021027,2022-03-25T02:00:00Z,19.0
2021021043,2022-03-26T19:00:00Z,12.0
2021021076,2022-03-31T23:00:00Z,19.0
2021021085,2022-04-01T23:00:00Z,19.0
2021021132,2022-04-08T00:30:00Z,19.5
2021021160,2022-04-10T23:00:00Z,18.0
2021021187,2022-04-13T00:30:00Z,19.5
2021021171,2022-04-15T00:30:00Z,19.5
2021021203,2022-04-16T16:30:00Z,11.5
2021021242,2022-04-22T02:30:00Z,19.5
2021021259,2022-04-24T00:00:00Z,17.0
2021021271,2022-04-26T00:00:00Z,19.0
2021021286,2022-04-28T00:30:00Z,19.5
2021020030,2021-10-17T01:00:00Z,19.0
2021020045,2021-10-19T23:00:00Z,19.0
2021020055,2021-10-21T23:00:00Z,19.0
2021020068,2021-10-23T23:00:00Z,19.0
2021020093,2021-10-27T00:00:00Z,18.0
2021020105,2021-10-29T00:00:00Z,19.0
2021020122,2021-10-31T01:00:00Z,19.0
2021020145,2021-11-04T01:00:00Z,19.0
2021020169,2021-11-06T23:00:00Z,19.0
2021020203,2021-11-12T02:00:00Z,19.0
2021020221,2021-11-14T02:00:00Z,19.0
2021020244,2021-11-18T02:00:00Z,18.0
2021020260,2021-11-20T03:00:00Z,19.0
2021020285,2021-11-23T01:30:00Z,18.5
2021020313,2021-11-27T00:30:00Z,18.5
2021020321,2021-11-28T02:00:00Z,19.0
2021020346,2021-12-02T00:30:00Z,19.5
2021020352,2021-12-03T00:00:00Z,19.0
2021020368,2021-12-05T00:00:00Z,19.0
2021020383,2021-12-07T00:00:00Z,19.0
2021020399,2021-12-09T00:00:00Z,19.0
2021020415,2021-12-11T02:00:00Z,19.0
2021020433,2021-12-13T01:00:00Z,18.0
2021020447,2021-12-15T02:00:00Z,19.0
2021020460,2021-12-17T01:00:00Z,19.0
2021020606,2022-01-07T02:00:00Z,19.0
2021020622,2022-01-09T00:00:00Z,17.0
2021020634,2022-01-11T02:00:00Z,19.0
2021020641,2022-01-12T01:00:00Z,19.0
2021020686,2022-01-17T20:00:00Z,13.0
2021020711,2022-01-21T02:30:00Z,18.5
2021020729,2022-01-23T00:00:00Z,17.0
2021020477,2022-02-11T02:00:00Z,19.0
2021020563,2022-02-13T19:00:00Z,13.0
2021020549,2022-02-16T02:00:00Z,19.0
2021020535,2022-02-17T03:00:00Z,19.0
2021020490,2022-02-24T00:30:00Z,19.5
2021020826,2022-02-26T02:00:00Z,19.0
2021020836,2022-02-27T03:00:00Z,19.0
2021020857,2022-03-02T02:00:00Z,19.0
2021020900,2022-03-08T00:30:00Z,19.5
2021020904,2022-03-09T00:00:00Z,19.0
2021020962,2022-03-16T02:30:00Z,19.5
2021020982,2022-03-19T02:30:00Z,19.5
2021021002,2022-03-22T01:30:00Z,19.5
2021021016,2022-03-24T01:30:00Z,19.5
2021021031,2022-03-26T01:00:00Z,19.0
2021021052,2022-03-27T22:00:00Z,17.0
2021021080,2022-04-01T01:00:00Z,19.0
2021021097,2022-04-02T19:00:00Z,13.0
2021021119,2022-04-05T23:00:00Z,19.0
2021021141,2022-04-09T00:00:00Z,19.0
2021021151,2022-04-10T02:00:00Z,20.0
2021021180,2022-04-14T01:30:00Z,19.5
2021021190,2022-04-15T01:00:00Z,19.0
2021021216,2022-04-19T01:00:00Z,19.0
2021021232,2022-04-21T02:00:00Z,19.0
2021021246,2022-04-23T01:00:00Z,19.0
2021021268,2022-04-24T23:00:00Z,18.0
2021021283,2022-04-27T01:30:00Z,19.5
2021021296,2022-04-29T01:00:00Z,19.0
2021021308,2022-04-30T00:00:00Z,19.0
2021020028,2021-10-16T23:00:00Z,19.0
2021020041,2021-10-19T23:30:00Z,19.5
2021020057,2021-10-21T23:00:00Z,19.0
2021020088,2021-10-25T23:00:00Z,19.0
2021020112,2021-10-29T23:00:00Z,19.0
2021020127,2021-10-31T21:00:00Z,17.0
2021020209,2021-11-13T00:00:00Z,19.0
2021020217,2021-11-14T00:00:00Z,19.0
2021020231,2021-11-16T00:00:00Z,19.0
2021020271,2021-11-21T03:00:00Z,19.0
2021020297,2021-11-25T00:00:00Z,19.0
2021020310,2021-11-27T00:00:00Z,19.0
2021020320,2021-11-28T01:00:00Z,19.0
2021020342,2021-12-01T01:00:00Z,19.0
2021020359,2021-12-03T01:30:00Z,19.5
2021020372,2021-12-05T00:00:00Z,19.0
2021020379,2021-12-05T23:00:00Z,18.0
2021020389,2021-12-08T00:00:00Z,19.0
2021020430,2021-12-12T03:00:00Z,19.0
2021020449,2021-12-15T03:00:00Z,19.0
2021020463,2021-12-17T02:00:00Z,19.0
2021020555,2021-12-31T00:00:00Z,19.0
2021020590,2022-01-05T00:00:00Z,19.0
2021020603,2022-01-07T00:00:00Z,19.0
2021020618,2022-01-09T00:00:00Z,19.0
2021020669,2022-01-15T23:00:00Z,18.0
2021020706,2022-01-21T00:00:00Z,19.0
2021020716,2022-01-22T00:00:00Z,19.0
2021020734,2022-01-23T23:00:00Z,18.0
2021020763,2022-01-28T00:00:00Z,19.0
2021020783,2022-01-31T00:00:00Z,19.0
2021020793,2022-02-01T00:00:00Z,19.0
2021021293,2022-02-09T00:00:00Z,19.0
2021020630,2022-02-12T17:30:00Z,12.5
2021020528,2022-02-23T00:00:00Z,19.0
2021020816,2022-02-25T00:00:00Z,19.0
2021020841,2022-02-27T23:00:00Z,18.0
2021020854,2022-03-02T00:00:00Z,19.0
2021020877,2022-03-05T00:00:00Z,19.0
2021020901,2022-03-08T00:00:00Z,19.0
2021020693,2022-03-11T00:30:00Z,19.5
2021020930,2022-03-12T00:00:00Z,19.0
2021020946,2022-03-13T23:00:00Z,19.0
2021020964,2022-03-16T23:30:00Z,19.5
2021020971,2022-03-17T23:00:00Z,19.0
2021020986,2022-03-19T21:00:00Z,17.0
2021021007,2022-03-22T23:00:00Z,19.0
2021021030,2022-03-26T00:00:00Z,19.0
2021021041,2022-03-27T00:00:00Z,19.0
2021021063,2022-03-29T23:00:00Z,19.0
2021021077,2022-03-31T23:00:00Z,19.0
2021021118,2022-04-05T23:00:00Z,19.0
2021021131,2022-04-07T23:00:00Z,19.0
2021021143,2022-04-09T23:00:00Z,19.0
2021021178,2022-04-13T23:00:00Z,19.0
2021021208,2022-04-17T02:30:00Z,19.5
2021021227,2022-04-20T02:30:00Z,19.5
2021021244,2022-04-22T23:00:00Z,19.0
2021021266,2022-04-24T17:00:00Z,13.0
2021021276,2022-04-26T23:00:00Z,19.0
2021021305,2022-04-28T23:00:00Z,19.0
2021021169,2022-04-29T23:00:00Z,19.0
2021020011,2021-10-14T23:00:00Z,19.0
2021020034,2021-10-17T21:00:00Z,17.0
2021020044,2021-10-19T23:00:00Z,19.0
2021020064,2021-10-23T00:30:00Z,19.5
2021020100,2021-10-28T00:30:00Z,19.5
2021020115,2021-10-30T00:30:00Z,19.5
2021020139,2021-11-03T00:00:00Z,19.0
2021020177,2021-11-08T03:00:00Z,19.0
2021020193,2021-11-11T01:30:00Z,19.5
2021020219,2021-11-14T01:00:00Z,19.0
2021020239,2021-11-17T01:30:00Z,19.5
2021020254,2021-11-19T01:00:00Z,19.0
2021020268,2021-11-21T01:00:00Z,19.0
2021020288,2021-11-24T01:30:00Z,19.5
2021020401,2021-12-09T03:00:00Z,19.0
2021020409,2021-12-10T03:30:00Z,19.5
2021020429,2021-12-12T03:30:00Z,19.5
2021020444,2021-12-15T01:30:00Z,19.5
2021020468,2021-12-18T01:00:00Z,19.0
2021020492,2021-12-21T01:30:00Z,19.5
2021020605,2022-01-07T01:30:00Z,19.5
2021020619,2022-01-08T19:00:00Z,13.0
2021020629,2022-01-09T19:00:00Z,13.0
2021020647,2022-01-13T01:30:00Z,19.5
2021020661,2022-01-15T00:00:00Z,19.0
2021020668,2022-01-16T00:00:00Z,19.0
2021020697,2022-01-19T01:30:00Z,19.5
2021020713,2022-01-22T00:30:00Z,19.5
2021020739,2022-01-25T00:00:00Z,19.0
2021020745,2022-01-26T00:00:00Z,19.0
2021020770,2022-01-29T02:00:00Z,20.0
2021020530,2022-02-10T01:00:00Z,19.0
2021020506,2022-02-12T01:30:00Z,19.5
2021020813,2022-02-24T00:30:00Z,18.5
2021020819,2022-02-25T01:30:00Z,19.5
2021020862,2022-03-03T01:30:00Z,19.5
2021020878,2022-03-05T01:00:00Z,19.0
2021020894,2022-03-06T21:00:00Z,15.0
2021020909,2022-03-09T01:00:00Z,19.0
2021020938,2022-03-13T01:00:00Z,19.0
2021020953,2022-03-15T23:00:00Z,19.0
2021020969,2022-03-17T23:00:00Z,19.0
2021020985,2022-03-19T18:00:00Z,14.0
2021020995,2022-03-20T21:00:00Z,17.0
2021021010,2022-03-23T00:30:00Z,19.5
2021021040,2022-03-26T23:00:00Z,18.0
2021021099,2022-04-03T02:30:00Z,19.5
2021021108,2022-04-04T01:00:00Z,18.0
2021021121,2022-04-06T00:30:00Z,19.5
2021021133,2022-04-08T00:30:00Z,19.5
2021021149,2022-04-09T18:00:00Z,13.0
2021021173,2022-04-13T01:30:00Z,20.5
2021021189,2022-04-15T00:00:00Z,19.0
2021021204,2022-04-17T00:00:00Z,19.0
2021021217,2022-04-19T02:30:00Z,19.5
2021021229,2022-04-21T00:30:00Z,18.5
2021021255,2022-04-24T00:00:00Z,19.0
2021021281,2022-04-27T00:30:00Z,19.5
2021020009,2021-10-14T23:30:00Z,19.5
2021020024,2021-10-16T23:00:00Z,19.0
2021020066,2021-10-23T23:00:00Z,19.0
2021020098,2021-10-27T23:00:00Z,19.0
2021020111,2021-10-29T23:00:00Z,19.0
2021020118,2021-10-30T23:00:00Z,19.0
2021020136,2021-11-02T23:00:00Z,19.0
2021020174,2021-11-07T23:00:00Z,18.0
2021020184,2021-11-10T00:30:00Z,19.5
2021020198,2021-11-12T00:30:00Z,19.5
2021020213,2021-11-14T00:00:00Z,19.0
2021020257,2021-11-19T03:00:00Z,19.0
2021020291,2021-11-25T00:30:00Z,19.5
2021020348,2021-12-02T00:30:00Z,19.5
2021020369,2021-12-05T00:00:00Z,19.0
2021020392,2021-12-08T00:00:00Z,19.0
2021020406,2021-12-10T01:00:00Z,19.0
2021020438,2021-12-15T00:30:00Z,19.5
2021020472,2021-12-19T01:00:00Z,20.0
2021020560,2022-01-01T00:30:00Z,19.5
2021020588,2022-01-05T00:30:00Z,19.5
2021020628,2022-01-09T03:30:00Z,19.5
2021020645,2022-01-12T03:30:00Z,19.5
2021020651,2022-01-14T00:30:00Z,19.5
2021020727,2022-01-23T01:30:00Z,19.5
2021020768,2022-01-29T00:00:00Z,19.0
2021020774,2022-01-30T00:00:00Z,19.0
2021020807,2022-02-03T00:30:00Z,19.5
2021020694,2022-02-10T00:00:00Z,19.0
2021020811,2022-02-12T17:00:00Z,12.0
2021020517,2022-02-15T01:00:00Z,19.0
2021020525,2022-02-18T00:00:00Z,19.0
2021021275,2022-02-27T00:30:00Z,19.5
2021020874,2022-03-05T00:00:00Z,19.0
2021020881,2022-03-05T23:00:00Z,18.0
2021020919,2022-03-11T00:00:00Z,19.0
2021020960,2022-03-16T01:00:00Z,19.0
2021020974,2022-03-18T02:00:00Z,19.0
2021020993,2022-03-20T02:00:00Z,19.0
2021021004,2022-03-22T23:30:00Z,19.5
2021020545,2022-03-24T23:30:00Z,19.5
2021021037,2022-03-26T16:30:00Z,12.5
2021021050,2022-03-27T21:00:00Z,17.0
2021021069,2022-03-30T23:30:00Z,19.5
2021021084,2022-04-01T23:30:00Z,19.5
2021021101,2022-04-03T17:00:00Z,13.0
2021021125,2022-04-06T23:30:00Z,18.5
2021021166,2022-04-12T23:30:00Z,19.5
2021021201,2022-04-16T16:30:00Z,12.5
2021021210,2022-04-17T17:00:00Z,13.0
2021021222,2022-04-19T23:00:00Z,19.0
2021021235,2022-04-21T23:00:00Z,19.0
2021021251,2022-04-23T16:30:00Z,12.5
2021021261,2022-04-24T17:00:00Z,13.0
2021020829,2022-04-26T23:00:00Z,19.0
2021021301,2022-04-29T23:00:00Z,19.0
2021020006,2021-10-14T02:00:00Z,20.0
2021020065,2021-10-23T02:00:00Z,19.0
2021020101,2021-10-28T02:00:00Z,20.0
2021020124,2021-10-31T02:00:00Z,19.0
2021020134,2021-11-02T01:30:00Z,19.5
2021020146,2021-11-04T00:30:00Z,18.5
2021020158,2021-11-06T01:30:00Z,19.5
2021020228,2021-11-15T00:00:00Z,18.0
2021020241,2021-11-17T01:00:00Z,19.0
2021020255,2021-11-19T02:00:00Z,19.0
2021020324,2021-11-28T00:00:00Z,16.0
2021020350,2021-12-02T03:00:00Z,20.0
2021020366,2021-12-04T03:00:00Z,19.0
2021020381,2021-12-06T01:00:00Z,18.0
2021020396,2021-12-08T02:00:00Z,19.0
2021020448,2021-12-15T02:00:00Z,19.0
2021020480,2021-12-19T03:00:00Z,19.0
2021020547,2021-12-30T01:30:00Z,19.5
2021020562,2021-12-31T18:00:00Z,13.0
2021020569,2022-01-01T19:00:00Z,14.0
2021020585,2022-01-04T00:00:00Z,19.0
2021020596,2022-01-06T00:00:00Z,19.0
2021020635,2022-01-16T03:00:00Z,20.0
2021020709,2022-01-21T02:00:00Z,19.0
2021020750,2022-01-26T03:00:00Z,19.0
2021020766,2022-01-28T02:00:00Z,19.0
2021020772,2022-01-30T00:00:00Z,19.0
2021020791,2022-02-01T00:30:00Z,19.5
2021020808,2022-02-03T00:00:00Z,19.0
2021020664,2022-02-09T02:00:00Z,19.0
2021020623,2022-02-12T02:00:00Z,19.0
2021020522,2022-02-15T03:30:00Z,19.5
2021020507,2022-02-16T03:30:00Z,19.5
2021020681,2022-02-19T21:00:00Z,15.0
2021020648,2022-02-21T01:00:00Z,18.0
2021020812,2022-02-24T00:30:00Z,19.5
2021020831,2022-02-26T17:30:00Z,12.5
2021020853,2022-03-02T00:00:00Z,19.0
2021020887,2022-03-06T00:00:00Z,17.0
2021020913,2022-03-10T01:00:00Z,18.0
2021020940,2022-03-13T03:00:00Z,20.0
2021020989,2022-03-19T19:00:00Z,13.0
2021021025,2022-03-25T01:00:00Z,19.0
2021021070,2022-03-31T01:30:00Z,19.5
2021021087,2022-04-02T01:00:00Z,19.0
2021021122,2022-04-06T02:30:00Z,19.5
2021021135,2022-04-08T02:30:00Z,19.5
2021021163,2022-04-13T00:00:00Z,19.0
2021021172,2022-04-15T00:00:00Z,19.0
2021021195,2022-04-16T20:00:00Z,14.0
2021021278,2022-04-26T23:00:00Z,19.0
2021021297,2022-04-29T01:00:00Z,19.0
2021021207,2022-04-30T01:00:00Z,19.0
2021020010,2021-10-14T23:00:00Z,19.0
2021020025,2021-10-16T22:00:00Z,18.0
2021020042,2021-10-19T23:00:00Z,19.0
2021020070,2021-10-23T23:00:00Z,19.0
2021020152,2021-11-04T23:00:00Z,19.0
2021020180,2021-11-09T00:00:00Z,19.0
2021020186,2021-11-10T00:00:00Z,19.0
2021020200,2021-11-12T00:00:00Z,19.0
2021020214,2021-11-14T00:00:00Z,19.0
2021020233,2021-11-17T00:00:00Z,19.0
2021020251,2021-11-19T00:00:00Z,19.0
2021020265,2021-11-20T23:00:00Z,18.0
2021020292,2021-11-25T00:00:00Z,19.0
2021020309,2021-11-26T22:00:00Z,17.0
2021020318,2021-11-27T23:00:00Z,18.0
2021020338,2021-12-01T00:00:00Z,19.0
2021020370,2021-12-04T18:00:00Z,13.0
2021020394,2021-12-08T01:00:00Z,19.0
2021020440,2021-12-15T00:00:00Z,19.0
2021020456,2021-12-17T00:00:00Z,19.0
2021020544,2021-12-30T00:00:00Z,19.0
2021020552,2021-12-31T00:00:00Z,19.0
2021020568,2022-01-01T18:00:00Z,13.0
2021020638,2022-01-12T00:00:00Z,19.0
2021020718,2022-01-22T03:00:00Z,19.0
2021020736,2022-01-24T02:00:00Z,18.0
2021020749,2022-01-26T01:00:00Z,19.0
2021020760,2022-01-28T00:00:00Z,19.0
2021020776,2022-01-29T23:00:00Z,18.0
2021020800,2022-02-02T00:00:00Z,19.0
2021020476,2022-02-19T01:00:00Z,19.0
2021020511,2022-02-23T00:00:00Z,19.0
2021020865,2022-03-04T00:00:00Z,19.0
2021020906,2022-03-09T00:00:00Z,19.0
2021020920,2022-03-11T00:00:00Z,19.0
2021020951,2022-03-14T02:00:00Z,19.0
2021020963,2022-03-16T02:30:00Z,19.5
2021020975,2022-03-18T02:30:00Z,19.5
2021021020,2022-03-24T23:00:00Z,19.0
2021021036,2022-03-26T23:00:00Z,19.0
2021021046,2022-03-27T23:00:00Z,19.0
2021021061,2022-03-29T23:00:00Z,19.0
2021021092,2022-04-02T16:30:00Z,12.5
2021021116,2022-04-05T23:00:00Z,19.0
2021021148,2022-04-09T22:00:00Z,17.0
2021021194,2022-04-15T23:00:00Z,19.0
2021021223,2022-04-19T23:30:00Z,19.5
2021021253,2022-04-23T23:00:00Z,19.0
2021021260,2022-04-24T23:00:00Z,19.0
2021021291,2022-04-28T23:00:00Z,19.0
2021021300,2022-04-29T23:00:00Z,19.0
2021020016,2021-10-15T02:30:00Z,19.5
2021020032,2021-10-17T02:30:00Z,19.5
2021020047,2021-10-20T00:00:00Z,19.0
2021020074,2021-10-24T00:00:00Z,19.0
2021020089,2021-10-26T00:00:00Z,19.0
2021020108,2021-10-29T02:30:00Z,19.5
2021020125,2021-10-30T20:00:00Z,13.0
2021020147,2021-11-04T02:00:00Z,19.0
2021020161,2021-11-06T02:30:00Z,19.5
2021020179,2021-11-09T00:30:00Z,19.5
2021020183,2021-11-10T00:00:00Z,19.0
2021020197,2021-11-12T00:00:00Z,19.0
2021020220,2021-11-14T00:00:00Z,18.0
2021020245,2021-11-18T03:30:00Z,19.5
2021020301,2021-11-25T03:00:00Z,19.0
2021020325,2021-11-28T00:00:00Z,16.0
2021020386,2021-12-07T03:00:00Z,19.0
2021020428,2021-12-12T03:30:00Z,19.5
2021020439,2021-12-15T00:00:00Z,19.0
2021020484,2021-12-20T00:00:00Z,19.0
2021020539,2021-12-29T03:30:00Z,19.5
2021020556,2021-12-31T03:30:00Z,19.5
2021020573,2022-01-02T03:30:00Z,19.5
2021020610,2022-01-07T03:30:00Z,19.5
2021020636,2022-01-11T03:30:00Z,19.5
2021020659,2022-01-14T03:30:00Z,19.5
2021020679,2022-01-16T03:00:00Z,19.0
2021020689,2022-01-17T21:00:00Z,13.0
2021020700,2022-01-19T03:30:00Z,19.5
2021020732,2022-01-24T00:00:00Z,19.0
2021020738,2022-01-25T00:00:00Z,19.0
2021020761,2022-01-28T00:00:00Z,19.0
2021020778,2022-01-29T18:00:00Z,13.0
2021020786,2022-01-30T18:00:00Z,13.0
2021020521,2022-02-19T03:00:00Z,19.0
2021020837,2022-02-27T03:30:00Z,19.5
2021020927,2022-03-11T03:30:00Z,19.5
2021020941,2022-03-13T02:30:00Z,18.5
2021020976,2022-03-18T02:00:00Z,19.0
2021020992,2022-03-19T20:00:00Z,13.0
2021021013,2022-03-23T02:30:00Z,19.5
2021021044,2022-03-27T02:30:00Z,19.5
2021021058,2022-03-29T02:30:00Z,19.5
2021021096,2022-04-02T23:00:00Z,18.0
2021021150,2022-04-10T21:00:00Z,16.0
2021021289,2022-04-28T02:00:00Z,19.0
2021021310,2022-04-29T02:00:00Z,19.0
2021020048,2021-10-20T00:00:00Z,19.0
2021020081,2021-10-24T22:00:00Z,17.0
2021020094,2021-10-27T02:00:00Z,19.0
2021020110,2021-10-29T02:00:00Z,19.0
2021020138,2021-11-03T00:00:00Z,19.0
2021020167,2021-11-06T23:00:00Z,19.0
2021020176,2021-11-08T01:00:00Z,19.0
2021020204,2021-11-12T03:00:00Z,19.0
2021020223,2021-11-14T03:00:00Z,19.0
2021020240,2021-11-17T01:00:00Z,19.0
2021020275,2021-11-21T22:00:00Z,17.0
2021020293,2021-11-25T00:00:00Z,19.0
2021020314,2021-11-26T20:30:00Z,14.5
2021020331,2021-11-28T19:00:00Z,13.0
2021020360,2021-12-03T01:00:00Z,19.0
2021020375,2021-12-05T00:00:00Z,18.0
2021020410,2021-12-10T03:30:00Z,19.5
2021020435,2021-12-13T02:00:00Z,18.0
2021020572,2022-01-02T00:00:00Z,18.0
2021020620,2022-01-09T01:00:00Z,19.0
2021020741,2022-01-25T01:00:00Z,19.0
2021020767,2022-01-29T01:00:00Z,20.0
2021020784,2022-01-31T00:30:00Z,19.5
2021020531,2022-02-09T01:00:00Z,19.0
2021020633,2022-02-17T00:00:00Z,18.0
2021020584,2022-02-23T00:00:00Z,19.0
2021020815,2022-02-25T00:00:00Z,19.0
2021020867,2022-03-04T00:00:00Z,19.0
2021020910,2022-03-09T01:00:00Z,19.0
2021020948,2022-03-13T23:00:00Z,18.0
2021021001,2022-03-22T00:00:00Z,19.0
2021021024,2022-03-25T00:00:00Z,19.0
2021021065,2022-03-30T00:00:00Z,19.0
2021021079,2022-04-01T00:00:00Z,19.0
2021021104,2022-04-03T23:00:00Z,19.0
2021021120,2022-04-06T00:00:00Z,19.0
2021021140,2022-04-09T00:00:00Z,19.0
2021021202,2022-04-16T19:00:00Z,14.0
2021021214,2022-04-17T22:00:00Z,17.0
2021021221,2022-04-19T23:00:00Z,19.0
2021021240,2022-04-22T00:00:00Z,19.0
2021021245,2022-04-23T00:00:00Z,19.0
2021021267,2022-04-25T00:00:00Z,19.0
2021020003,2021-10-13T23:00:00Z,19.0
2021020023,2021-10-16T23:00:00Z,19.0
2021020040,2021-10-19T23:00:00Z,19.0
2021020096,2021-10-27T02:00:00Z,19.0
2021020109,2021-10-29T02:30:00Z,19.5
2021020150,2021-11-04T23:00:00Z,19.0
2021020164,2021-11-06T23:00:00Z,19.0
2021020235,2021-11-17T00:00:00Z,19.0
2021020249,2021-11-19T00:00:00Z,19.0
2021020262,2021-11-21T00:00:00Z,19.0
2021020296,2021-11-25T00:00:00Z,19.0
2021020319,2021-11-28T00:00:00Z,19.0
2021020334,2021-11-30T00:30:00Z,19.5
2021020374,2021-12-05T00:00:00Z,18.0
2021020390,2021-12-08T00:00:00Z,19.0
2021020424,2021-12-12T00:00:00Z,18.0
2021020442,2021-12-15T00:00:00Z,19.0
2021020454,2021-12-17T00:00:00Z,19.0
2021020537,2021-12-29T00:00:00Z,19.0
2021020710,2022-01-21T03:00:00Z,19.0
2021020666,2022-02-09T00:00:00Z,19.0
2021020587,2022-02-11T00:00:00Z,19.0
2021020796,2022-02-18T00:00:00Z,19.0
2021020491,2022-02-20T19:00:00Z,14.0
2021020601,2022-02-22T00:00:00Z,19.0
2021020830,2022-02-27T00:00:00Z,19.0
2021020856,2022-03-02T01:00:00Z,19.0
2021020914,2022-03-10T03:30:00Z,19.5
2021020933,2022-03-13T00:00:00Z,19.0
2021020944,2022-03-13T23:00:00Z,19.0
2021020983,2022-03-19T23:00:00Z,19.0
2021021035,2022-03-26T23:00:00Z,19.0
2021021047,2022-03-27T23:00:00Z,19.0
2021021091,2022-04-02T23:00:00Z,19.0
2021021114,2022-04-05T23:00:00Z,19.0
2021020512,2022-04-07T23:00:00Z,19.0
2021021142,2022-04-09T23:00:00Z,19.0
2021021162,2022-04-11T23:00:00Z,19.0
2021021193,2022-04-15T23:00:00Z,19.0
2021021198,2022-04-16T23:00:00Z,19.0
2021021233,2022-04-21T23:00:00Z,19.0
2021021250,2022-04-23T23:00:00Z,19.0
2021020505,2022-04-27T23:30:00Z,19.5
2021020014,2021-10-15T00:00:00Z,19.0
2021020059,2021-10-22T00:00:00Z,19.0
2021020076,2021-10-23T23:00:00Z,18.0
2021020092,2021-10-27T00:30:00Z,19.5
2021020121,2021-10-30T17:30:00Z,12.5
2021020159,2021-11-06T02:00:00Z,19.0
2021020201,2021-11-12T01:00:00Z,19.0
2021020232,2021-11-17T00:00:00Z,19.0
2021020298,2021-11-25T01:00:00Z,19.0
2021020312,2021-11-26T23:00:00Z,17.0
2021020404,2021-12-10T00:30:00Z,19.5
2021020413,2021-12-11T00:30:00Z,19.5
2021020431,2021-12-13T00:00:00Z,19.0
2021020546,2021-12-30T00:00:00Z,19.0
2021020593,2022-01-05T03:00:00Z,19.0
2021020685,2022-01-18T01:00:00Z,19.0
2021020696,2022-01-19T01:00:00Z,19.0
2021020708,2022-01-21T01:00:00Z,19.0
2021020751,2022-01-26T03:00:00Z,19.0
2021020803,2022-02-02T01:00:00Z,19.0
2021020499,2022-02-13T00:00:00Z,18.0
2021021095,2022-02-16T01:00:00Z,19.0
2021020834,2022-02-27T00:30:00Z,18.5
2021020863,2022-03-03T03:00:00Z,19.0
2021020889,2022-03-06T01:00:00Z,17.0
2021020937,2022-03-12T17:30:00Z,11.5
2021020958,2022-03-16T00:00:00Z,19.0
2021020970,2022-03-17T23:00:00Z,19.0
2021020987,2022-03-19T23:00:00Z,18.0
2021021026,2022-03-25T02:00:00Z,19.0
2021021051,2022-03-27T22:00:00Z,17.0
2021021064,2022-03-30T00:00:00Z,19.0
2021020250,2022-04-07T23:00:00Z,19.0
2021021157,2022-04-10T20:00:00Z,16.0
2021021188,2022-04-13T00:00:00Z,19.0
2021021213,2022-04-17T22:00:00Z,17.0
2021021252,2022-04-23T23:00:00Z,19.0
2021020043,2021-10-19T23:00:00Z,19.0
2021020056,2021-10-21T23:00:00Z,19.0
2021020119,2021-10-30T23:00:00Z,19.0
2021020173,2021-11-07T02:30:00Z,19.5
2021020199,2021-11-12T00:00:00Z,19.0
2021020226,2021-11-15T00:00:00Z,19.0
2021020264,2021-11-20T21:00:00Z,16.0
2021020327,2021-11-29T00:00:00Z,19.0
2021020339,2021-12-01T00:00:00Z,19.0
2021020363,2021-12-04T01:00:00Z,19.0
2021020234,2021-12-07T00:00:00Z,19.0
2021020398,2021-12-09T00:00:00Z,19.0
2021020422,2021-12-12T00:30:00Z,19.5
2021020441,2021-12-15T00:00:00Z,19.0
2021020457,2021-12-17T00:00:00Z,19.0
2021020482,2021-12-20T00:00:00Z,19.0
2021020578,2022-01-02T20:00:00Z,15.0
2021020653,2022-01-14T00:30:00Z,19.5
2021020759,2022-01-28T00:00:00Z,19.0
2021020683,2022-02-01T00:30:00Z,19.5
2021020798,2022-02-02T00:00:00Z,19.0
2021021128,2022-02-08T00:00:00Z,19.0
2021020529,2022-02-11T01:00:00Z,19.0
2021020817,2022-02-13T18:30:00Z,13.5
2021020631,2022-02-16T00:00:00Z,19.0
2021020497,2022-02-25T00:00:00Z,19.0
2021020847,2022-03-01T00:30:00Z,19.5
2021020875,2022-03-05T00:00:00Z,19.0
2021020891,2022-03-06T18:00:00Z,13.0
2021020921,2022-03-11T00:00:00Z,19.0
2021020961,2022-03-16T02:00:00Z,19.0
2021021005,2022-03-22T23:00:00Z,19.0
2021021015,2022-03-23T23:00:00Z,19.0
2021021038,2022-03-26T23:00:00Z,19.0
2021021102,2022-04-03T20:00:00Z,16.0
2021021117,2022-04-05T23:00:00Z,19.0
2021021209,2022-04-17T02:00:00Z,19.0
2021021219,2022-04-19T02:00:00Z,19.0
2021021274,2022-04-26T23:00:00Z,19.0
2021020082,2021-10-25T02:00:00Z,19.0
2021020170,2021-11-06T23:00:00Z,18.0
2021020230,2021-11-16T00:00:00Z,19.0
2021020276,2021-11-22T00:30:00Z,19.5
2021020294,2021-11-25T00:30:00Z,19.5
2021020307,2021-11-27T00:30:00Z,19.5
2021020355,2021-12-03T00:30:00Z,19.5
2021020391,2021-12-08T00:00:00Z,19.0
2021020483,2021-12-19T19:00:00Z,14.0
2021020670,2022-01-15T19:00:00Z,14.0
2021020684,2022-01-18T00:30:00Z,19.5
2021020340,2022-01-19T00:00:00Z,19.0
2021021211,2022-01-23T00:00:00Z,19.0
2021020746,2022-01-26T00:30:00Z,19.5
2021020799,2022-02-02T00:30:00Z,19.5
2021020777,2022-02-03T00:00:00Z,19.0
2021020598,2022-02-10T03:30:00Z,19.5
2021020595,2022-02-23T03:00:00Z,19.0
2021020821,2022-02-25T03:30:00Z,19.5
2021020866,2022-03-04T00:30:00Z,19.5
2021020882,2022-03-05T17:30:00Z,12.5
2021020928,2022-03-12T00:30:00Z,19.5
2021020956,2022-03-15T23:00:00Z,19.0
2021020328,2022-03-17T23:00:00Z,19.0
2021020994,2022-03-20T18:00:00Z,14.0
2021021021,2022-03-22T23:30:00Z,19.5
2021021048,2022-03-27T18:00:00Z,14.0
2021021086,2022-04-01T23:00:00Z,19.0
2021021147,2022-04-10T00:00:00Z,19.0
2021020922,2022-04-12T23:30:00Z,19.5
2021021185,2022-04-14T23:00:00Z,19.0
2021020723,2022-04-17T23:30:00Z,19.5
2021021237,2022-04-21T23:30:00Z,19.5
2021021279,2022-04-26T23:00:00Z,19.0
2021020513,2022-04-28T23:00:00Z,19.0
2021021292,2022-04-29T23:30:00Z,19.5
2021020004,2021-10-13T23:30:00Z,19.5
2021020035,2021-10-18T23:00:00Z,19.0
2021020067,2021-10-23T17:00:00Z,13.0
2021020131,2021-11-01T01:00:00Z,18.0
2021020141,2021-11-03T02:00:00Z,19.0
2021020248,2021-11-19T00:00:00Z,19.0
2021020349,2021-12-02T00:00:00Z,19.0
2021020362,2021-12-04T00:00:00Z,19.0
2021020465,2021-12-18T00:00:00Z,19.0
2021020561,2022-01-01T00:00:00Z,19.0
2021020576,2022-01-02T17:30:00Z,12.5
2021020608,2022-01-07T03:00:00Z,19.0
2021020660,2022-01-14T03:30:00Z,19.5
2021020671,2022-01-16T00:00:00Z,19.0
2021020702,2022-01-20T00:30:00Z,19.5
2021020785,2022-01-30T18:00:00Z,13.0
2021020263,2022-02-20T22:00:00Z,17.0
2021020818,2022-02-25T00:00:00Z,19.0
2021020833,2022-02-26T20:00:00Z,15.0
2021020839,2022-02-28T00:30:00Z,19.5
2021020861,2022-03-03T00:30:00Z,19.5
2021020895,2022-03-07T00:00:00Z,18.0
2021020924,2022-03-11T01:00:00Z,19.0
2021020984,2022-03-20T00:00:00Z,20.0
2021021029,2022-03-25T23:00:00Z,19.0
2021021062,2022-03-29T23:00:00Z,19.0
2021021103,2022-04-03T23:00:00Z,19.0
2021021129,2022-04-07T23:00:00Z,19.0
2021021144,2022-04-09T23:00:00Z,19.0
2021021177,2022-04-13T23:00:00Z,19.0
2021021224,2022-04-19T23:00:00Z,19.0
2021021302,2022-04-29T23:00:00Z,19.0
2021020008,2021-10-14T23:00:00Z,19.0
2021020022,2021-10-16T23:00:00Z,19.0
2021020053,2021-10-21T23:00:00Z,19.0
2021020084,2021-10-25T23:00:00Z,19.0
2021020151,2021-11-04T23:00:00Z,19.0
2021020165,2021-11-06T18:00:00Z,14.0
2021020212,2021-11-14T00:00:00Z,19.0
2021020302,2021-11-25T03:30:00Z,19.5
2021020347,2021-12-02T00:30:00Z,19.5
2021020421,2021-12-11T18:00:00Z,13.0
2021020455,2021-12-17T00:00:00Z,19.0
2021020473,2021-12-19T00:00:00Z,19.0
2021020567,2022-01-02T00:00:00Z,19.0
2021020707,2022-01-21T00:00:00Z,19.0
2021020726,2022-01-23T00:00:00Z,19.0
2021020559,2022-02-11T00:00:00Z,19.0
2021020526,2022-02-13T17:30:00Z,12.5
2021020495,2022-02-16T00:00:00Z,19.0
2021020852,2022-03-02T00:00:00Z,19.0
2021020896,2022-03-07T01:00:00Z,17.0
2021020908,2022-03-09T01:00:00Z,19.0
2021020918,2022-03-11T00:00:00Z,19.0
2021020977,2022-03-18T23:00:00Z,19.0
2021020675,2022-03-25T00:00:00Z,19.0
2021021155,2022-04-10T23:30:00Z,19.5
2021021199,2022-04-16T23:00:00Z,19.0
2021020611,2022-04-19T02:00:00Z,19.0
2021020625,2022-04-20T02:00:00Z,19.0
2021021303,2022-04-29T23:00:00Z,19.0
2021020018,2021-10-15T23:00:00Z,19.0
2021020036,2021-10-18T23:00:00Z,19.0
2021020106,2021-10-29T02:00:00Z,19.0
2021020153,2021-11-04T23:00:00Z,19.0
2021020168,2021-11-06T23:00:00Z,19.0
2021020192,2021-11-11T00:30:00Z,19.5
2021020252,2021-11-19T00:00:00Z,19.0
2021020287,2021-11-24T00:00:00Z,19.0
2021020378,2021-12-05T23:00:00Z,18.0
2021020418,2021-12-11T03:00:00Z,19.0
2021020551,2021-12-30T03:00:00Z,19.0
2021020557,2021-12-31T03:30:00Z,19.5
2021020604,2022-01-07T00:00:00Z,19.0
2021020616,2022-01-09T00:00:00Z,19.0
2021020801,2022-02-02T00:00:00Z,19.0
2021020514,2022-02-16T00:00:00Z,19.0
2021020496,2022-02-18T00:00:00Z,19.0
2021020848,2022-02-23T00:00:00Z,19.0
2021020832,2022-02-26T17:30:00Z,12.5
2021020905,2022-03-09T00:00:00Z,19.0
2021021023,2022-03-25T00:00:00Z,19.0
2021021093,2022-04-02T23:00:00Z,19.0
2021021170,2022-04-12T23:00:00Z,19.0
2021021220,2022-04-19T23:00:00Z,19.0
2021021264,2022-04-24T20:00:00Z,16.0
2021021288,2022-04-27T23:30:00Z,18.5
2021020001,2021-10-12T23:30:00Z,19.5
2021020071,2021-10-23T23:00:00Z,19.0
2021020091,2021-10-26T23:00:00Z,19.0
2021020227,2021-11-15T00:00:00Z,19.0
2021020261,2021-11-21T00:00:00Z,19.0
2021020284,2021-11-23T01:30:00Z,19.5
2021020295,2021-11-25T00:00:00Z,19.0
2021020376,2021-12-05T03:00:00Z,19.0
2021020387,2021-12-07T03:00:00Z,19.0
2021020414,2021-12-11T00:00:00Z,19.0
2021020577,2022-01-02T18:00:00Z,13.0
2021020597,2022-01-06T00:30:00Z,19.5
2021020678,2022-01-16T03:30:00Z,19.5
2021020688,2022-01-18T03:00:00Z,19.0
2021020733,2022-01-23T18:00:00Z,13.0
2021020762,2022-01-28T00:00:00Z,19.0
2021020802,2022-02-02T00:00:00Z,19.0
2021020542,2022-02-18T00:00:00Z,19.0
2021020864,2022-03-04T00:00:00Z,19.0
2021020929,2022-03-12T00:00:00Z,19.0
2021020972,2022-03-18T00:00:00Z,19.0
2021021146,2022-04-09T19:00:00Z,15.0
2021020033,2021-10-17T02:00:00Z,19.0
2021020063,2021-10-22T22:00:00Z,18.0
2021020126,2021-10-30T23:00:00Z,16.0
2021020155,2021-11-05T02:30:00Z,19.5
2021020202,2021-11-12T01:00:00Z,19.0
2021020253,2021-11-19T01:00:00Z,19.0
2021020273,2021-11-21T03:30:00Z,19.5
2021020316,2021-11-27T03:30:00Z,19.5
2021020450,2021-12-15T03:30:00Z,19.5
2021020464,2021-12-17T03:30:00Z,19.5
2021020712,2022-01-21T03:00:00Z,19.0
2021020731,2022-01-23T03:30:00Z,19.5
2021020754,2022-01-27T00:00:00Z,19.0
2021020797,2022-02-02T00:00:00Z,19.0
2021020502,2022-02-18T03:30:00Z,19.5
2021021161,2022-02-21T01:00:00Z,17.0
2021020846,2022-02-28T03:00:00Z,19.0
2021020858,2022-03-02T03:00:00Z,19.0
2021021152,2022-04-10T02:00:00Z,19.0
2021021243,2022-04-22T02:30:00Z,19.5
2021021269,2022-04-25T02:00:00Z,19.0
2021021312,2022-04-30T02:00:00Z,19.0
2021020002,2021-10-13T02:00:00Z,19.0
2021020078,2021-10-24T02:00:00Z,19.0
2021020191,2021-11-10T03:00:00Z,19.0
2021020280,2021-11-22T02:00:00Z,18.0
2021020306,2021-11-27T00:00:00Z,19.0
2021020411,2021-12-10T03:00:00Z,19.0
2021020574,2022-01-02T03:00:00Z,19.0
2021020656,2022-01-14T01:00:00Z,19.0
2021020720,2022-01-22T03:00:00Z,19.0
2021020488,2022-02-15T02:00:00Z,18.0
2021020621,2022-02-18T01:00:00Z,19.0
2021020534,2022-02-22T03:00:00Z,19.0
2021020884,2022-03-06T00:00:00Z,19.0
2021020902,2022-03-09T00:30:00Z,19.5
2021020967,2022-03-17T02:00:00Z,19.0
2021021073,2022-03-31T02:00:00Z,19.0
2021021089,2022-04-02T02:00:00Z,19.0
2021021124,2022-04-07T00:00:00Z,19.0
2021021284,2022-04-27T02:00:00Z,19.0
2021021179,2022-05-01T18:00:00Z,13.0
2021020051,2021-10-21T02:00:00Z,19.0
2021020188,2021-11-10T01:00:00Z,19.0
2021020282,2021-11-23T01:00:00Z,19.0
2021020341,2021-12-01T01:00:00Z,19.0
2021020353,2021-12-03T00:00:00Z,19.0
2021020486,2021-12-19T20:00:00Z,14.0
2021020613,2022-01-08T01:00:00Z,19.0
2021020674,2022-01-16T00:00:00Z,18.0
2021020735,2022-01-24T03:00:00Z,19.0
2021020780,2022-01-29T20:00:00Z,14.0
2021020509,2022-02-20T00:00:00Z,19.0
2021020947,2022-03-13T23:00:00Z,18.0
2021021008,2022-03-22T23:00:00Z,19.0
2021021056,2022-03-28T23:30:00Z,18.5
2021021071,2022-03-31T02:00:00Z,19.0
2021021306,2022-04-30T00:00:00Z,19.0
2021020027,2021-10-16T23:00:00Z,19.0
2021020132,2021-11-01T23:00:00Z,19.0
2021020149,2021-11-04T23:00:00Z,19.0
2021020402,2021-12-10T00:00:00Z,19.0
2021020501,2021-12-22T03:00:00Z,19.0
2021020652,2022-01-14T00:00:00Z,19.0
2021020775,2022-01-30T00:00:00Z,19.0
2021020911,2022-03-09T01:00:00Z,19.0
2021020950,2022-03-14T02:00:00Z,19.0
2021021109,2022-04-04T23:30:00Z,19.5
2021021123,2022-04-06T23:30:00Z,19.5
2021021200,2022-04-16T23:00:00Z,19.0
2021021234,2022-04-22T00:00:00Z,20.0
2021020135,2021-11-02T23:00:00Z,19.0
2021020380,2021-12-06T01:00:00Z,19.0
2021020643,2022-01-12T03:00:00Z,19.0
2021020479,2022-02-13T00:00:00Z,16.0
2021020849,2022-03-01T00:30:00Z,19.5
2021020880,2022-03-06T00:00:00Z,19.0
2021021075,2022-03-31T23:00:00Z,19.0
2021021183,2022-04-14T23:00:00Z,19.0
2021021265,2022-04-24T23:00:00Z,19.0
2021020222,2021-11-14T03:00:00Z,19.0
2021020259,2021-11-20T03:00:00Z,19.0
2021020417,2021-12-11T03:00:00Z,19.0
2021020680,2022-01-16T19:00:00Z,14.0
2021020765,2022-01-28T01:00:00Z,19.0
2021020931,2022-03-12T03:00:00Z,19.0
2021021106,2022-04-03T23:00:00Z,16.0
2021021126,2022-04-07T02:00:00Z,19.0
2021021175,2022-04-13T02:00:00Z,19.0
2021020582,2022-01-02T21:00:00Z,13.0
2021020740,2022-01-25T00:00:00Z,19.0
2021020959,2022-03-16T00:00:00Z,19.0
2021021011,2022-03-23T00:00:00Z,19.0
2021021231,2022-04-21T02:00:00Z,19.0
2021020469,2021-12-18T01:00:00Z,19.0
2021020695,2022-01-19T00:00:00Z,19.0
2022020009,2022-10-13T02:00:00Z,19.0
2022020032,2022-10-15T23:30:00Z,19.5
2022020039,2022-10-17T23:00:00Z,19.0
2022020048,2022-10-18T23:00:00Z,19.0
2022020059,2022-10-20T23:00:00Z,19.0
2022020088,2022-10-23T21:00:00Z,17.0
2022020110,2022-10-27T02:00:00Z,19.0
2022020121,2022-10-28T22:00:00Z,15.0
2022020142,2022-10-31T00:00:00Z,17.0
2022020158,2022-11-02T02:30:00Z,19.5
2022020171,2022-11-04T02:00:00Z,19.0
2022020188,2022-11-06T02:30:00Z,19.5
2022020192,2022-11-07T02:00:00Z,18.0
2022020210,2022-11-10T03:00:00Z,19.0
2022020234,2022-11-13T03:00:00Z,19.0
2022020255,2022-11-16T03:00:00Z,19.0
2022020266,2022-11-18T01:00:00Z,19.0
2022020282,2022-11-20T01:00:00Z,19.0
2022020296,2022-11-22T01:00:00Z,19.0
2022020314,2022-11-24T03:00:00Z,19.0
2022020323,2022-11-25T20:00:00Z,12.0
2022020343,2022-11-28T01:00:00Z,17.0
2022020356,2022-11-30T01:00:00Z,19.0
2022020371,2022-12-02T01:30:00Z,19.5
2022020379,2022-12-03T19:00:00Z,13.0
2022020392,2022-12-04T20:00:00Z,14.0
2022020410,2022-12-07T03:00:00Z,19.0
2022020433,2022-12-10T03:00:00Z,19.0
2022020451,2022-12-13T00:30:00Z,19.5
2022020454,2022-12-14T00:00:00Z,19.0
2022020469,2022-12-16T00:00:00Z,19.0
2022020486,2022-12-17T21:00:00Z,14.0
2022020516,2022-12-21T03:30:00Z,19.5
2022020524,2022-12-22T03:00:00Z,19.0
2022020544,2022-12-24T03:30:00Z,19.5
2022020562,2022-12-29T03:00:00Z,19.0
2022020574,2022-12-30T22:00:00Z,14.0
2022020597,2023-01-03T03:00:00Z,19.0
2022020611,2023-01-05T03:00:00Z,19.0
2022020627,2023-01-07T03:00:00Z,19.0
2022020644,2023-01-09T01:30:00Z,17.5
2022020660,2023-01-12T03:00:00Z,19.0
2022020675,2023-01-14T03:00:00Z,19.0
2022020700,2023-01-17T00:00:00Z,19.0
2022020705,2023-01-18T00:00:00Z,19.0
2022020717,2023-01-20T00:00:00Z,19.0
2022020732,2023-01-21T17:30:00Z,12.5
2022020763,2023-01-25T02:00:00Z,19.0
2022020776,2023-01-27T02:00:00Z,19.0
2022020796,2023-01-29T03:30:00Z,19.5
2022020811,2023-02-07T01:30:00Z,19.5
2022020818,2023-02-08T01:30:00Z,19.5
2022020831,2023-02-11T03:00:00Z,19.0
2022020849,2023-02-12T20:00:00Z,12.0
2022020868,2023-02-16T03:00:00Z,19.0
2022020882,2023-02-18T02:00:00Z,18.0
2022020902,2023-02-20T18:00:00Z,13.0
2022020908,2023-02-22T00:00:00Z,19.0
2022020920,2023-02-24T00:00:00Z,19.0
2022020938,2023-02-26T00:00:00Z,19.0
2022020957,2023-02-28T03:00:00Z,19.0
2022020973,2023-03-02T03:00:00Z,19.0
2022020987,2023-03-04T03:00:00Z,19.0
2022021021,2023-03-08T03:00:00Z,19.0
2022021024,2023-03-09T03:00:00Z,19.0
2022021037,2023-03-11T02:00:00Z,19.0
2022021060,2023-03-13T01:30:00Z,18.5
2022021079,2023-03-16T02:00:00Z,19.0
2022021094,2023-03-18T02:00:00Z,19.0
2022021114,2023-03-20T00:00:00Z,17.0
2022021131,2023-03-22T02:00:00Z,19.0
2022021146,2023-03-24T02:00:00Z,19.0
2022021164,2023-03-26T02:30:00Z,19.5
2022021174,2023-03-28T02:00:00Z,19.0
2022021198,2023-03-31T02:00:00Z,19.0
2022021213,2023-04-02T02:00:00Z,20.0
2022021224,2023-04-03T00:00:00Z,18.0
2022021242,2023-04-06T02:00:00Z,19.0
2022021260,2023-04-08T21:30:00Z,14.5
2022021274,2023-04-10T00:30:00Z,17.5
2022021294,2023-04-12T02:00:00Z,19.0
2022021310,2023-04-14T02:00:00Z,19.0
2022020011,2022-10-13T23:00:00Z,19.0
2022020027,2022-10-15T23:00:00Z,19.0
2022020040,2022-10-17T23:00:00Z,19.0
2022020060,2022-10-20T23:00:00Z,19.0
2022020076,2022-10-22T20:00:00Z,16.0
2022020098,2022-10-25T23:00:00Z,19.0
2022020126,2022-10-29T02:30:00Z,19.5
2022020141,2022-10-31T00:00:00Z,17.0
2022020156,2022-11-02T02:00:00Z,19.0
2022020172,2022-11-04T02:00:00Z,19.0
2022020178,2022-11-05T23:00:00Z,19.0
2022020196,2022-11-09T00:00:00Z,19.0
2022020216,2022-11-11T00:30:00Z,19.5
2022020227,2022-11-13T00:00:00Z,19.0
2022020239,2022-11-14T00:00:00Z,19.0
2022020270,2022-11-18T03:00:00Z,19.0
2022020297,2022-11-22T01:00:00Z,19.0
2022020303,2022-11-24T00:00:00Z,19.0
2022020325,2022-11-26T01:00:00Z,20.0
2022020341,2022-11-27T19:00:00Z,13.0
2022020375,2022-12-02T03:30:00Z,19.5
2022020388,2022-12-04T03:00:00Z,19.0
2022020401,2022-12-06T02:00:00Z,19.0
2022020416,2022-12-08T02:30:00Z,19.5
2022020431,2022-12-10T02:30:00Z,19.5
2022020445,2022-12-12T00:00:00Z,17.0
2022020465,2022-12-14T03:30:00Z,19.5
2022020483,2022-12-17T02:30:00Z,19.5
2022020492,2022-12-18T02:00:00Z,19.0
2022020508,2022-12-20T03:00:00Z,20.0
2022020523,2022-12-22T03:00:00Z,19.0
2022020543,2022-12-24T02:30:00Z,19.5
2022020554,2022-12-28T02:00:00Z,19.0
2022020572,2022-12-30T02:00:00Z,19.0
2022020582,2022-12-31T22:00:00Z,17.0
2022020598,2023-01-04T00:00:00Z,19.0
2022020612,2023-01-06T00:00:00Z,19.0
2022020625,2023-01-07T01:30:00Z,19.5
2022020641,2023-01-09T00:00:00Z,17.0
2022020657,2023-01-11T02:00:00Z,19.0
2022020672,2023-01-13T02:00:00Z,19.0
2022020685,2023-01-15T01:00:00Z,19.0
2022020693,2023-01-16T00:00:00Z,18.0
2022020710,2023-01-18T02:00:00Z,19.0
2022020726,2023-01-20T02:00:00Z,19.0
2022020740,2023-01-22T01:00:00Z,19.0
2022020750,2023-01-23T01:00:00Z,18.0
2022020779,2023-01-27T02:00:00Z,19.0
2022020812,2023-02-07T02:00:00Z,19.0
2022020830,2023-02-11T01:30:00Z,19.5
2022020842,2023-02-12T01:00:00Z,19.0
2022020851,2023-02-14T01:00:00Z,19.0
2022020865,2023-02-16T02:00:00Z,19.0
2022020892,2023-02-19T03:30:00Z,19.5
2022020901,2023-02-20T01:30:00Z,18.5
2022020919,2023-02-23T02:30:00Z,19.5
2022020952,2023-02-27T00:00:00Z,17.0
2022020966,2023-03-01T02:00:00Z,19.0
2022020970,2023-03-02T01:30:00Z,19.5
2022020986,2023-03-04T02:30:00Z,19.5
2022021004,2023-03-06T00:00:00Z,17.0
2022021020,2023-03-08T02:00:00Z,19.0
2022021034,2023-03-10T02:00:00Z,19.0
2022021041,2023-03-11T23:00:00Z,16.0
2022021058,2023-03-13T01:30:00Z,18.5
2022021072,2023-03-15T02:00:00Z,19.0
2022021088,2023-03-17T02:00:00Z,19.0
2022021106,2023-03-19T02:30:00Z,19.5
2022021128,2023-03-22T00:00:00Z,19.0
2022021134,2023-03-23T02:30:00Z,20.5
2022021149,2023-03-25T01:00:00Z,19.0
2022021165,2023-03-26T19:00:00Z,12.0
2022021175,2023-03-28T02:00:00Z,19.0
2022021203,2023-04-01T02:30:00Z,19.5
2022021216,2023-04-02T02:00:00Z,19.0
2022021228,2023-04-04T02:00:00Z,19.0
2022021253,2023-04-07T02:30:00Z,19.5
2022021283,2023-04-11T02:00:00Z,19.0
2022021311,2023-04-14T02:00:00Z,19.0
2022020005,2022-10-12T23:00:00Z,19.0
2022020041,2022-10-17T23:00:00Z,19.0
2022020049,2022-10-18T23:00:00Z,19.0
2022020074,2022-10-22T17:00:00Z,13.0
2022020100,2022-10-25T23:00:00Z,19.0
2022020111,2022-10-27T23:00:00Z,19.0
2022020122,2022-10-28T23:00:00Z,19.0
2022020147,2022-11-02T00:00:00Z,20.0
2022020161,2022-11-03T23:30:00Z,19.5
2022020179,2022-11-05T23:00:00Z,19.0
2022020194,2022-11-08T00:00:00Z,19.0
2022020211,2022-11-11T00:00:00Z,19.0
2022020228,2022-11-13T00:00:00Z,19.0
2022020241,2022-11-13T23:00:00Z,18.0
2022020265,2022-11-18T00:00:00Z,19.0
2022020277,2022-11-20T00:00:00Z,19.0
2022020291,2022-11-22T00:00:00Z,19.0
2022020304,2022-11-24T00:00:00Z,19.0
2022020318,2022-11-25T18:00:00Z,13.0
2022020355,2022-11-30T00:00:00Z,19.0
2022020380,2022-12-04T00:00:00Z,19.0
2022020399,2022-12-06T00:00:00Z,19.0
2022020415,2022-12-08T02:00:00Z,19.0
2022020447,2022-12-12T01:00:00Z,17.0
2022020458,2022-12-14T00:00:00Z,19.0
2022020472,2022-12-16T00:00:00Z,19.0
2022020484,2022-12-17T18:00:00Z,13.0
2022020504,2022-12-20T00:00:00Z,19.0
2022020529,2022-12-23T00:00:00Z,19.0
2022020533,2022-12-24T00:00:00Z,19.0
2022020546,2022-12-28T00:00:00Z,19.0
2022020558,2022-12-29T00:30:00Z,19.5
2022020578,2022-12-31T18:00:00Z,13.0
2022020595,2023-01-02T19:00:00Z,14.0
2022020621,2023-01-06T03:30:00Z,19.5
2022020636,2023-01-08T03:30:00Z,19.5
2022020665,2023-01-13T00:00:00Z,19.0
2022020683,2023-01-15T00:00:00Z,19.0
2022020695,2023-01-16T18:00:00Z,13.0
2022020713,2023-01-19T00:30:00Z,19.5
2022020718,2023-01-20T00:00:00Z,19.0
2022020748,2023-01-23T00:00:00Z,19.0
2022020755,2023-01-25T00:00:00Z,19.0
2022020771,2023-01-27T00:00:00Z,19.0
2022020789,2023-01-28T23:00:00Z,18.0
2022020799,2023-01-29T22:00:00Z,17.0
2022020806,2023-02-02T00:30:00Z,19.5
2022020838,2023-02-11T20:30:00Z,15.5
2022020861,2023-02-15T01:30:00Z,19.5
2022020873,2023-02-17T01:00:00Z,19.0
2022020885,2023-02-18T22:00:00Z,17.0
2022020903,2023-02-20T18:00:00Z,13.0
2022020927,2023-02-24T03:00:00Z,19.0
2022020939,2023-02-26T00:00:00Z,16.0
2022020954,2023-02-28T01:30:00Z,18.5
2022020965,2023-03-01T02:00:00Z,19.0
2022020974,2023-03-03T00:00:00Z,19.0
2022020991,2023-03-04T18:00:00Z,13.0
2022021026,2023-03-10T00:30:00Z,19.5
2022021038,2023-03-11T18:00:00Z,13.0
2022021053,2023-03-12T17:30:00Z,13.5
2022021070,2023-03-15T00:30:00Z,19.5
2022021084,2023-03-17T00:00:00Z,19.0
2022021096,2023-03-18T18:00:00Z,13.0
2022021108,2023-03-19T17:00:00Z,13.0
2022021125,2023-03-21T23:00:00Z,19.0
2022021137,2023-03-23T23:00:00Z,19.0
2022021151,2023-03-25T17:00:00Z,13.0
2022021166,2023-03-26T21:00:00Z,17.0
2022021178,2023-03-28T23:00:00Z,19.0
2022021189,2023-03-30T23:00:00Z,19.0
2022021205,2023-04-01T19:00:00Z,15.0
2022021218,2023-04-02T19:30:00Z,14.5
2022021246,2023-04-06T23:00:00Z,19.0
2022021265,2023-04-09T00:00:00Z,20.0
2022021273,2023-04-09T22:00:00Z,18.0
2022021290,2023-04-11T23:00:00Z,19.0
2022021298,2023-04-13T23:00:00Z,19.0
2022020013,2022-10-13T23:00:00Z,19.0
2022020025,2022-10-15T17:00:00Z,13.0
2022020054,2022-10-19T01:00:00Z,19.0
2022020068,2022-10-21T01:30:00Z,19.5
2022020084,2022-10-23T02:00:00Z,19.0
2022020105,2022-10-26T02:00:00Z,19.0
2022020114,2022-10-27T23:00:00Z,19.0
2022020131,2022-10-29T23:00:00Z,19.0
2022020144,2022-10-31T23:00:00Z,19.0
2022020160,2022-11-02T23:30:00Z,19.5
2022020174,2022-11-04T23:00:00Z,19.0
2022020180,2022-11-05T23:00:00Z,19.0
2022020215,2022-11-11T00:00:00Z,19.0
2022020252,2022-11-16T00:00:00Z,19.0
2022020257,2022-11-17T00:00:00Z,19.0
2022020276,2022-11-20T00:00:00Z,19.0
2022020301,2022-11-23T00:00:00Z,19.0
2022020307,2022-11-24T00:00:00Z,19.0
2022020327,2022-11-26T01:00:00Z,20.0
2022020347,2022-11-29T00:00:00Z,19.0
2022020361,2022-12-01T00:00:00Z,19.0
2022020365,2022-12-02T00:00:00Z,19.0
2022020395,2022-12-05T00:00:00Z,19.0
2022020412,2022-12-08T00:30:00Z,19.5
2022020426,2022-12-10T00:00:00Z,19.0
2022020437,2022-12-11T00:00:00Z,19.0
2022020457,2022-12-14T00:00:00Z,19.0
2022020479,2022-12-16T02:00:00Z,19.0
2022020507,2022-12-20T03:00:00Z,19.0
2022020563,2022-12-30T00:00:00Z,19.0
2022020592,2023-01-02T00:00:00Z,19.0
2022020599,2023-01-04T00:00:00Z,19.0
2022020631,2023-01-08T00:00:00Z,19.0
2022020990,2023-01-10T00:00:00Z,19.0
2022020651,2023-01-11T00:00:00Z,19.0
2022020668,2023-01-13T00:00:00Z,19.0
2022020686,2023-01-15T01:00:00Z,19.0
2022020694,2023-01-16T18:00:00Z,13.0
2022020709,2023-01-18T01:30:00Z,19.5
2022020722,2023-01-20T00:30:00Z,19.5
2022020753,2023-01-24T01:30:00Z,19.5
2022020761,2023-01-25T01:00:00Z,19.0
2022020774,2023-01-27T01:00:00Z,19.0
2022020795,2023-01-29T02:00:00Z,20.0
2022020805,2023-02-02T00:30:00Z,19.5
2022020833,2023-02-11T17:30:00Z,12.5
2022020854,2023-02-14T03:30:00Z,19.5
2022020893,2023-02-19T03:30:00Z,19.5
2022020912,2023-02-22T00:30:00Z,19.5
2022020921,2023-02-24T00:00:00Z,19.0
2022020930,2023-02-25T00:00:00Z,19.0
2022020947,2023-02-26T18:00:00Z,13.0
2022020958,2023-03-01T00:30:00Z,19.5
2022020536,2023-03-04T17:30:00Z,12.5
2022021006,2023-03-07T00:30:00Z,19.5
2022021017,2023-03-08T00:30:00Z,19.5
2022021025,2023-03-10T00:00:00Z,19.0
2022021040,2023-03-11T22:00:00Z,17.0
2022021061,2023-03-13T23:30:00Z,19.5
2022021076,2023-03-15T23:00:00Z,19.0
2022021091,2023-03-17T23:00:00Z,19.0
2022021124,2023-03-21T23:00:00Z,19.0
2022021148,2023-03-24T23:00:00Z,19.0
2022021157,2023-03-25T21:00:00Z,17.0
2022021171,2023-03-27T23:00:00Z,19.0
2022021200,2023-03-31T23:00:00Z,19.0
2022021206,2023-04-01T23:00:00Z,19.0
2022021229,2023-04-04T23:00:00Z,19.0
2022021248,2023-04-06T23:00:00Z,19.0
2022021257,2023-04-08T16:30:00Z,12.5
2022021275,2023-04-10T23:00:00Z,19.0
2022021285,2023-04-11T23:00:00Z,19.0
2022021302,2023-04-13T23:00:00Z,19.0
2022020547,2023-04-14T23:30:00Z,19.5
2022020018,2022-10-14T01:30:00Z,19.5
2022020036,2022-10-16T02:00:00Z,20.0
2022020055,2022-10-19T01:00:00Z,19.0
2022020085,2022-10-23T02:00:00Z,20.0
2022020104,2022-10-26T01:00:00Z,19.0
2022020137,2022-10-30T02:00:00Z,20.0
2022020155,2022-11-02T01:00:00Z,19.0
2022020169,2022-11-04T01:00:00Z,19.0
2022020187,2022-11-06T02:00:00Z,20.0
2022020193,2022-11-08T00:00:00Z,19.0
2022020197,2022-11-09T00:00:00Z,19.0
2022020236,2022-11-13T03:00:00Z,20.0
2022020246,2022-11-15T01:30:00Z,18.5
2022020260,2022-11-18T00:00:00Z,19.0
2022020275,2022-11-19T21:00:00Z,16.0
2022020292,2022-11-22T00:00:00Z,19.0
2022020305,2022-11-24T00:00:00Z,19.0
2022020319,2022-11-25T19:00:00Z,14.0
2022020333,2022-11-26T21:00:00Z,16.0
2022020358,2022-11-30T02:00:00Z,19.0
2022020372,2022-12-02T02:00:00Z,19.0
2022020390,2022-12-04T03:00:00Z,20.0
2022020414,2022-12-08T01:00:00Z,18.0
2022020424,2022-12-10T00:00:00Z,19.0
2022020438,2022-12-11T00:00:00Z,19.0
2022020448,2022-12-13T00:00:00Z,19.0
2022020468,2022-12-15T03:00:00Z,20.0
2022020482,2022-12-17T02:00:00Z,19.0
2022020501,2022-12-19T03:00:00Z,19.0
2022020517,2022-12-21T03:30:00Z,19.5
2022020531,2022-12-23T03:30:00Z,19.5
2022020555,2022-12-28T02:00:00Z,19.0
2022020561,2022-12-29T03:00:00Z,19.0
2022020587,2023-01-01T03:00:00Z,20.0
2022020603,2023-01-04T01:00:00Z,19.0
2022020626,2023-01-07T02:00:00Z,19.0
2022020640,2023-01-09T00:00:00Z,18.0
2022020655,2023-01-11T01:00:00Z,19.0
2022020670,2023-01-13T01:00:00Z,19.0
2022020677,2023-01-14T19:00:00Z,13.0
2022020703,2023-01-17T01:00:00Z,19.0
2022020714,2023-01-19T02:30:00Z,19.5
2022020733,2023-01-21T20:00:00Z,13.0
2022020754,2023-01-24T02:30:00Z,19.5
2022020777,2023-01-27T02:00:00Z,19.0
2022020786,2023-01-28T03:00:00Z,19.0
2022020809,2023-02-07T00:30:00Z,19.5
2022020825,2023-02-10T00:00:00Z,19.0
2022020850,2023-02-14T00:30:00Z,19.5
2022020875,2023-02-17T02:00:00Z,19.0
2022020890,2023-02-19T03:00:00Z,20.0
2022020904,2023-02-20T21:00:00Z,14.0
2022020928,2023-02-24T02:00:00Z,18.0
2022020944,2023-02-26T03:00:00Z,20.0
2022020980,2023-03-03T02:00:00Z,19.0
2022020999,2023-03-05T03:00:00Z,20.0
2022021008,2023-03-07T01:30:00Z,19.5
2022021018,2023-03-08T01:00:00Z,19.0
2022021059,2023-03-13T01:00:00Z,19.0
2022021087,2023-03-17T02:00:00Z,19.0
2022021104,2023-03-19T02:00:00Z,20.0
2022021119,2023-03-21T02:30:00Z,19.5
2022021144,2023-03-24T01:00:00Z,19.0
2022021153,2023-03-25T20:00:00Z,14.0
2022021183,2023-03-29T01:00:00Z,19.0
2022021202,2023-04-01T02:00:00Z,19.0
2022021236,2023-04-05T01:00:00Z,19.0
2022021240,2023-04-05T23:30:00Z,18.5
2022021270,2023-04-09T02:00:00Z,19.0
2022021282,2023-04-11T01:30:00Z,19.5
2022021297,2023-04-13T02:00:00Z,20.0
2022020006,2022-10-12T23:00:00Z,19.0
2022020024,2022-10-15T02:30:00Z,19.5
2022020047,2022-10-18T02:00:00Z,19.0
2022020069,2022-10-21T01:00:00Z,19.0
2022020097,2022-10-25T02:30:00Z,19.5
2022020124,2022-10-28T23:00:00Z,19.0
2022020130,2022-10-29T23:00:00Z,19.0
2022020145,2022-10-31T23:00:00Z,19.0
2022020162,2022-11-03T23:00:00Z,19.0
2022020191,2022-11-06T22:00:00Z,17.0
2022020207,2022-11-10T00:00:00Z,19.0
2022020212,2022-11-11T00:00:00Z,19.0
2022020233,2022-11-13T02:00:00Z,19.0
2022020245,2022-11-15T01:30:00Z,19.5
2022020261,2022-11-18T00:00:00Z,19.0
2022020283,2022-11-20T01:00:00Z,19.0
2022020294,2022-11-22T00:30:00Z,18.5
2022020352,2022-11-30T00:00:00Z,19.0
2022020369,2022-12-02T01:00:00Z,19.0
2022020391,2022-12-04T03:30:00Z,19.5
2022020440,2022-12-11T00:30:00Z,19.5
2022020460,2022-12-14T00:00:00Z,19.0
2022020475,2022-12-16T00:00:00Z,19.0
2022020487,2022-12-18T00:00:00Z,19.0
2022020498,2022-12-18T22:00:00Z,17.0
2022020512,2022-12-21T00:00:00Z,19.0
2022020526,2022-12-23T00:00:00Z,19.0
2022020535,2022-12-24T00:00:00Z,19.0
2022020548,2022-12-28T00:00:00Z,19.0
2022020575,2022-12-31T00:30:00Z,19.5
2022020590,2023-01-01T20:00:00Z,15.0
2022020600,2023-01-04T00:00:00Z,19.0
2022020614,2023-01-06T00:00:00Z,19.0
2022020629,2023-01-07T21:00:00Z,16.0
2022020650,2023-01-11T00:00:00Z,19.0
2022020662,2023-01-13T00:00:00Z,19.0
2022020682,2023-01-15T00:00:00Z,19.0
2022020692,2023-01-15T22:00:00Z,17.0
2022020721,2023-01-20T00:00:00Z,19.0
2022020739,2023-01-22T00:30:00Z,19.5
2022020768,2023-01-26T01:30:00Z,19.5
2022020783,2023-01-28T00:00:00Z,19.0
2022020802,2023-02-01T00:00:00Z,19.0
2022020841,2023-02-12T00:00:00Z,19.0
2022020855,2023-02-15T00:00:00Z,19.0
2022020871,2023-02-17T00:00:00Z,19.0
2022020889,2023-02-19T01:00:00Z,20.0
2022020911,2023-02-22T00:00:00Z,19.0
2022020933,2023-02-25T00:00:00Z,19.0
2022020972,2023-03-02T03:00:00Z,19.0
2022021001,2023-03-05T20:00:00Z,15.0
2022021012,2023-03-08T00:00:00Z,19.0
2022021030,2023-03-10T00:00:00Z,19.0
2022021046,2023-03-12T00:00:00Z,19.0
2022021055,2023-03-12T23:00:00Z,19.0
2022021068,2023-03-14T23:00:00Z,19.0
2022021092,2023-03-17T23:00:00Z,19.0
2022021099,2023-03-18T21:00:00Z,17.0
2022021120,2023-03-21T23:00:00Z,19.0
2022021138,2023-03-23T23:00:00Z,19.0
2022021160,2023-03-25T23:00:00Z,19.0
2022021179,2023-03-28T23:00:00Z,19.0
2022021195,2023-03-30T23:30:00Z,19.5
2022021207,2023-04-01T23:00:00Z,19.0
2022021219,2023-04-02T22:00:00Z,18.0
2022021232,2023-04-04T23:00:00Z,19.0
2022021250,2023-04-07T00:00:00Z,19.0
2022021276,2023-04-10T23:00:00Z,19.0
2022021288,2023-04-11T23:00:00Z,19.0
2022021299,2023-04-13T23:00:00Z,19.0
2022020008,2022-10-13T01:30:00Z,19.5
2022020019,2022-10-14T02:00:00Z,19.0
2022020038,2022-10-16T02:00:00Z,19.0
2022020072,2022-10-22T00:30:00Z,19.5
2022020087,2022-10-23T18:00:00Z,13.0
2022020103,2022-10-26T00:30:00Z,19.5
2022020116,2022-10-28T00:30:00Z,19.5
2022020140,2022-10-30T23:00:00Z,18.0
2022020152,2022-11-02T00:30:00Z,19.5
2022020168,2022-11-04T00:30:00Z,19.5
2022020176,2022-11-05T19:00:00Z,14.0
2022020220,2022-11-11T03:30:00Z,19.5
2022020258,2022-11-17T00:30:00Z,18.5
2022020290,2022-11-21T00:00:00Z,18.0
2022020313,2022-11-24T01:30:00Z,19.5
2022020321,2022-11-25T19:00:00Z,13.0
2022020342,2022-11-28T00:00:00Z,18.0
2022020364,2022-12-01T02:30:00Z,20.5
2022020387,2022-12-04T00:30:00Z,19.5
2022020396,2022-12-05T00:30:00Z,19.5
2022020403,2022-12-07T00:00:00Z,19.0
2022020428,2022-12-10T01:30:00Z,19.5
2022020463,2022-12-14T02:00:00Z,20.0
2022020478,2022-12-16T01:30:00Z,19.5
2022020481,2022-12-17T01:00:00Z,19.0
2022020499,2022-12-19T00:30:00Z,18.5
2022020521,2022-12-22T01:30:00Z,19.5
2022020540,2022-12-24T01:30:00Z,19.5
2022020568,2022-12-30T01:00:00Z,19.0
2022020583,2022-12-31T18:00:00Z,13.0
2022020593,2023-01-02T00:00:00Z,18.0
2022020605,2023-01-04T01:30:00Z,19.5
2022020671,2023-01-13T01:30:00Z,19.5
2022020687,2023-01-15T01:00:00Z,19.0
2022020719,2023-01-20T00:00:00Z,19.0
2022020741,2023-01-22T01:00:00Z,19.0
2022020747,2023-01-23T00:00:00Z,18.0
2022020765,2023-01-25T03:00:00Z,19.0
2022020797,2023-01-29T03:00:00Z,20.0
2022020844,2023-02-12T03:00:00Z,21.0
2022020856,2023-02-15T00:00:00Z,19.0
2022020864,2023-02-16T00:00:00Z,19.0
2022020878,2023-02-18T00:00:00Z,19.0
2022020899,2023-02-19T23:00:00Z,17.0
2022020915,2023-02-22T01:30:00Z,19.5
2022020918,2023-02-23T02:30:00Z,20.5
2022020946,2023-02-26T03:00:00Z,19.0
2022020979,2023-03-03T01:30:00Z,19.5
2022020998,2023-03-05T01:00:00Z,19.0
2022021009,2023-03-07T02:00:00Z,20.0
2022021022,2023-03-09T00:30:00Z,19.5
2022021036,2023-03-11T00:00:00Z,19.0
2022021042,2023-03-12T00:00:00Z,19.0
2022021085,2023-03-17T00:00:00Z,19.0
2022021117,2023-03-21T01:00:00Z,19.0
2022021135,2023-03-23T23:00:00Z,19.0
2022021155,2023-03-25T21:00:00Z,16.0
2022021168,2023-03-26T22:00:00Z,17.0
2022021182,2023-03-29T00:30:00Z,19.5
2022021196,2023-03-31T00:30:00Z,19.5
2022021211,2023-04-02T00:00:00Z,19.0
2022021254,2023-04-07T02:00:00Z,19.0
2022021271,2023-04-09T02:00:00Z,19.0
2022021281,2023-04-11T01:00:00Z,20.0
2022021286,2023-04-11T23:30:00Z,19.5
2022021306,2023-04-14T00:30:00Z,19.5
2022020045,2022-10-18T00:00:00Z,19.0
2022020057,2022-10-20T00:00:00Z,18.0
2022020073,2022-10-22T01:00:00Z,19.0
2022020086,2022-10-23T02:00:00Z,19.0
2022020099,2022-10-26T00:00:00Z,20.0
2022020123,2022-10-28T23:00:00Z,19.0
2022020135,2022-10-29T23:30:00Z,19.5
2022020175,2022-11-04T18:00:00Z,20.0
2022020185,2022-11-05T18:00:00Z,20.0
2022020219,2022-11-11T02:00:00Z,19.0
2022020247,2022-11-15T02:00:00Z,19.0
2022020278,2022-11-20T00:00:00Z,19.0
2022020298,2022-11-22T01:30:00Z,19.5
2022020317,2022-11-24T03:00:00Z,20.0
2022020339,2022-11-27T02:00:00Z,19.0
2022020357,2022-11-30T01:00:00Z,19.0
2022020397,2022-12-06T00:00:00Z,19.0
2022020430,2022-12-10T02:00:00Z,19.0
2022020442,2022-12-11T20:00:00Z,14.0
2022020464,2022-12-14T02:00:00Z,19.0
2022020493,2022-12-18T02:00:00Z,19.0
2022020506,2022-12-20T02:00:00Z,19.0
2022020520,2022-12-22T01:00:00Z,18.0
2022020539,2022-12-24T01:00:00Z,19.0
2022020571,2022-12-30T02:00:00Z,19.0
2022020585,2023-01-01T00:00:00Z,17.0
2022020596,2023-01-03T02:00:00Z,19.0
2022020619,2023-01-06T03:00:00Z,19.0
2022020634,2023-01-08T03:00:00Z,20.0
2022020656,2023-01-11T02:30:00Z,19.5
2022020680,2023-01-15T00:00:00Z,17.0
2022020696,2023-01-16T20:00:00Z,13.0
2022020731,2023-01-21T03:00:00Z,19.0
2022020743,2023-01-22T03:00:00Z,19.0
2022020764,2023-01-25T02:00:00Z,19.0
2022020788,2023-01-28T20:00:00Z,13.0
2022020813,2023-02-08T00:00:00Z,19.0
2022020821,2023-02-10T00:00:00Z,19.0
2022020839,2023-02-11T23:00:00Z,18.0
2022020862,2023-02-15T02:00:00Z,19.0
2022020866,2023-02-16T02:30:00Z,20.5
2022020883,2023-02-18T19:00:00Z,13.0
2022020898,2023-02-19T20:00:00Z,13.0
2022020935,2023-02-25T01:00:00Z,19.0
2022020956,2023-02-28T02:00:00Z,19.0
2022020971,2023-03-02T02:00:00Z,19.0
2022020997,2023-03-04T20:30:00Z,14.5
2022021005,2023-03-06T02:00:00Z,19.0
2022021019,2023-03-08T02:00:00Z,19.0
2022021033,2023-03-10T02:00:00Z,19.0
2022021062,2023-03-13T23:30:00Z,19.5
2022021077,2023-03-15T23:00:00Z,19.0
2022021080,2023-03-16T23:00:00Z,19.0
2022021095,2023-03-18T17:00:00Z,13.0
2022021133,2023-03-23T00:00:00Z,18.0
2022021188,2023-03-30T02:00:00Z,20.0
2022021212,2023-04-02T01:00:00Z,19.0
2022021239,2023-04-05T02:30:00Z,19.5
2022021256,2023-04-07T02:30:00Z,19.5
2022021272,2023-04-09T02:30:00Z,19.5
2022021292,2023-04-12T01:30:00Z,19.5
2022021309,2023-04-14T00:00:00Z,18.0
2022020320,2023-04-15T00:00:00Z,19.0
2022020021,2022-10-14T23:00:00Z,19.0
2022020033,2022-10-16T00:00:00Z,19.0
2022020050,2022-10-18T23:00:00Z,19.0
2022020063,2022-10-20T23:00:00Z,19.0
2022020081,2022-10-22T23:00:00Z,19.0
2022020089,2022-10-23T21:00:00Z,17.0
2022020139,2022-10-30T18:00:00Z,14.0
2022020214,2022-11-11T00:00:00Z,19.0
2022020231,2022-11-13T00:30:00Z,19.5
2022020250,2022-11-16T00:30:00Z,19.5
2022020263,2022-11-18T00:00:00Z,19.0
2022020279,2022-11-20T00:00:00Z,19.0
2022020289,2022-11-20T23:00:00Z,18.0
2022020306,2022-11-24T00:00:00Z,19.0
2022020326,2022-11-26T01:00:00Z,20.0
2022020349,2022-11-29T00:00:00Z,19.0
2022020378,2022-12-03T01:00:00Z,19.0
2022020394,2022-12-04T23:00:00Z,18.0
2022020404,2022-12-07T00:00:00Z,19.0
2022020443,2022-12-11T23:00:00Z,18.0
2022020455,2022-12-14T00:00:00Z,19.0
2022020470,2022-12-16T00:00:00Z,19.0
2022020502,2022-12-20T00:00:00Z,19.0
2022020510,2022-12-21T00:00:00Z,19.0
2022020567,2022-12-30T00:30:00Z,19.5
2022020601,2023-01-04T00:00:00Z,19.0
2022020617,2023-01-06T00:00:00Z,19.0
2022020639,2023-01-08T22:00:00Z,17.0
2022020648,2023-01-11T00:00:00Z,19.0
2022020678,2023-01-15T00:00:00Z,19.0
2022020701,2023-01-17T00:00:00Z,19.0
2022020338,2023-01-18T01:00:00Z,19.0
2022020736,2023-01-22T00:00:00Z,19.0
2022020769,2023-01-26T02:30:00Z,19.5
2022020787,2023-01-28T03:00:00Z,19.0
2022020798,2023-01-29T03:00:00Z,19.0
2022020804,2023-02-01T00:00:00Z,19.0
2022020829,2023-02-11T00:00:00Z,19.0
2022020840,2023-02-12T00:00:00Z,19.0
2022020857,2023-02-15T00:30:00Z,19.5
2022020872,2023-02-17T00:00:00Z,19.0
2022020887,2023-02-18T23:00:00Z,17.0
2022020924,2023-02-24T00:00:00Z,19.0
2022020936,2023-02-25T17:30:00Z,12.5
2022020948,2023-02-26T19:00:00Z,13.0
2022020984,2023-03-04T00:00:00Z,19.0
2022020994,2023-03-05T00:00:00Z,19.0
2022021013,2023-03-08T00:00:00Z,19.0
2022021045,2023-03-12T00:00:00Z,19.0
2022021074,2023-03-15T02:30:00Z,19.5
2022021089,2023-03-17T02:30:00Z,19.5
2022021110,2023-03-19T20:00:00Z,13.0
2022021121,2023-03-21T23:00:00Z,19.0
2022021147,2023-03-24T23:00:00Z,19.0
2022021158,2023-03-25T23:00:00Z,19.0
2022021176,2023-03-28T23:00:00Z,19.0
2022021208,2023-04-01T23:00:00Z,19.0
2022021220,2023-04-02T22:00:00Z,18.0
2022021230,2023-04-04T23:00:00Z,19.0
2022021243,2023-04-06T23:00:00Z,19.0
2022021263,2023-04-08T23:00:00Z,19.0
2022021287,2023-04-11T23:00:00Z,19.0
2022021303,2023-04-13T23:00:00Z,19.0
2022020016,2022-10-14T00:30:00Z,19.5
2022020035,2022-10-16T00:00:00Z,19.0
2022020046,2022-10-18T00:30:00Z,19.5
2022020061,2022-10-20T23:00:00Z,19.0
2022020078,2022-10-22T23:00:00Z,19.0
2022020092,2022-10-24T23:00:00Z,19.0
2022020117,2022-10-28T00:30:00Z,19.5
2022020127,2022-10-29T18:00:00Z,13.0
2022020153,2022-11-02T00:30:00Z,19.5
2022020177,2022-11-05T20:00:00Z,14.0
2022020204,2022-11-09T01:00:00Z,19.0
2022020223,2022-11-12T01:30:00Z,19.5
2022020238,2022-11-13T18:00:00Z,13.0
2022020248,2022-11-16T00:00:00Z,19.0
2022020262,2022-11-18T00:00:00Z,19.0
2022020284,2022-11-20T01:00:00Z,19.0
2022020330,2022-11-26T01:30:00Z,19.5
2022020350,2022-11-29T01:00:00Z,19.0
2022020393,2022-12-04T20:00:00Z,14.0
2022020409,2022-12-07T01:30:00Z,19.5
2022020423,2022-12-09T01:30:00Z,19.5
2022020435,2022-12-10T19:00:00Z,13.0
2022020449,2022-12-13T00:00:00Z,19.0
2022020456,2022-12-14T00:00:00Z,19.0
2022020471,2022-12-16T00:00:00Z,19.0
2022020522,2022-12-22T02:30:00Z,20.5
2022020541,2022-12-24T01:00:00Z,19.0
2022020551,2022-12-28T01:00:00Z,19.0
2022020569,2022-12-30T01:00:00Z,19.0
2022020586,2023-01-01T01:00:00Z,19.0
2022020608,2023-01-04T03:00:00Z,19.0
2022020637,2023-01-08T20:30:00Z,14.5
2022020653,2023-01-11T00:30:00Z,19.5
2022020663,2023-01-13T00:00:00Z,19.0
2022020699,2023-01-16T23:00:00Z,15.0
2022020716,2023-01-19T03:00:00Z,19.0
2022020729,2023-01-20T03:30:00Z,19.5
2022020785,2023-01-28T01:30:00Z,19.5
2022020820,2023-02-09T01:30:00Z,19.5
2022020837,2023-02-11T18:00:00Z,12.0
2022020880,2023-02-18T01:00:00Z,19.0
2022020945,2023-02-26T03:00:00Z,19.0
2022020955,2023-02-28T01:30:00Z,19.5
2022021049,2023-03-12T03:00:00Z,19.0
2022021063,2023-03-14T02:00:00Z,19.0
2022021073,2023-03-15T02:00:00Z,19.0
2022021086,2023-03-17T01:00:00Z,19.0
2022021130,2023-03-22T00:30:00Z,19.5
2022021143,2023-03-24T01:00:00Z,20.0
2022021161,2023-03-25T23:00:00Z,18.0
2022021227,2023-04-04T00:30:00Z,19.5
2022021252,2023-04-07T00:30:00Z,19.5
2022021269,2023-04-08T19:30:00Z,14.5
2022021280,2023-04-10T23:00:00Z,19.0
2022021296,2023-04-12T23:30:00Z,18.5
2022021307,2023-04-14T00:00:00Z,19.0
2022020022,2022-10-14T23:00:00Z,19.0
2022020028,2022-10-15T23:00:00Z,19.0
2022020044,2022-10-17T23:00:00Z,19.0
2022020102,2022-10-25T23:00:00Z,19.0
2022020132,2022-10-29T23:00:00Z,19.0
2022020164,2022-11-03T23:00:00Z,19.0
2022020181,2022-11-05T17:00:00Z,13.0
2022020190,2022-11-06T22:00:00Z,17.0
2022020203,2022-11-09T00:00:00Z,19.0
2022020217,2022-11-11T00:00:00Z,19.0
2022020237,2022-11-13T03:30:00Z,19.5
2022020272,2022-11-18T03:30:00Z,19.5
2022020311,2022-11-24T00:00:00Z,19.0
2022020348,2022-11-29T00:00:00Z,19.0
2022020386,2022-12-04T00:00:00Z,19.0
2022020405,2022-12-07T00:00:00Z,19.0
2022020419,2022-12-09T00:30:00Z,19.5
2022020467,2022-12-15T00:30:00Z,18.5
2022020485,2022-12-17T18:00:00Z,13.0
2022020503,2022-12-20T00:00:00Z,19.0
2022020519,2022-12-22T00:00:00Z,19.0
2022020560,2022-12-29T00:30:00Z,19.5
2022020584,2023-01-01T00:00:00Z,19.0
2022020609,2023-01-05T00:00:00Z,19.0
2022020623,2023-01-07T00:00:00Z,19.0
2022020630,2023-01-08T00:00:00Z,19.0
2022020654,2023-01-11T00:00:00Z,19.0
2022020666,2023-01-13T00:00:00Z,19.0
2022020727,2023-01-20T03:00:00Z,19.0
2022020735,2023-01-22T00:00:00Z,19.0
2022020760,2023-01-25T00:00:00Z,19.0
2022020772,2023-01-27T00:00:00Z,19.0
2022020780,2023-01-28T00:00:00Z,19.0
2022020815,2023-02-08T00:30:00Z,19.5
2022020832,2023-02-11T17:00:00Z,12.0
2022020853,2023-02-14T03:00:00Z,19.0
2022020867,2023-02-16T02:30:00Z,19.5
2022020894,2023-02-19T03:30:00Z,19.5
2022020909,2023-02-22T00:00:00Z,19.0
2022020925,2023-02-24T00:00:00Z,19.0
2022020942,2023-02-26T01:00:00Z,20.0
2022020534,2023-02-28T00:00:00Z,19.0
2022020959,2023-03-01T00:00:00Z,19.0
2022020978,2023-03-03T00:00:00Z,19.0
2022020989,2023-03-04T17:30:00Z,12.5
2022021002,2023-03-05T23:00:00Z,18.0
2022021069,2023-03-15T00:00:00Z,19.0
2022021116,2023-03-20T23:00:00Z,19.0
2022021129,2023-03-22T00:00:00Z,19.0
2022021141,2023-03-23T23:00:00Z,19.0
2022021150,2023-03-25T17:00:00Z,13.0
2022021180,2023-03-28T23:00:00Z,19.0
2022021201,2023-04-01T00:00:00Z,19.0
2022021222,2023-04-02T23:00:00Z,19.0
2022021231,2023-04-04T23:00:00Z,19.0
2022021266,2023-04-08T17:00:00Z,13.0
2022021300,2023-04-13T23:00:00Z,19.0
2022020010,2022-10-13T02:00:00Z,20.0
2022020077,2022-10-22T20:00:00Z,14.0
2022020094,2022-10-25T00:00:00Z,18.0
2022020109,2022-10-27T00:00:00Z,19.0
2022020154,2022-11-02T01:00:00Z,19.0
2022020170,2022-11-04T01:00:00Z,19.0
2022020195,2022-11-08T01:00:00Z,20.0
2022020202,2022-11-09T00:30:00Z,19.5
2022020226,2022-11-12T21:00:00Z,16.0
2022020259,2022-11-17T03:00:00Z,20.0
2022020287,2022-11-20T03:00:00Z,20.0
2022020293,2022-11-22T00:00:00Z,19.0
2022020310,2022-11-24T00:30:00Z,19.5
2022020332,2022-11-26T18:00:00Z,13.0
2022020351,2022-11-29T02:30:00Z,19.5
2022020370,2022-12-02T01:00:00Z,19.0
2022020381,2022-12-04T00:00:00Z,17.0
2022020400,2022-12-06T01:30:00Z,18.5
2022020429,2022-12-10T02:00:00Z,19.0
2022020452,2022-12-13T01:00:00Z,19.0
2022020461,2022-12-14T01:00:00Z,19.0
2022020480,2022-12-16T02:00:00Z,19.0
2022020505,2022-12-20T01:00:00Z,19.0
2022020542,2022-12-24T02:00:00Z,19.0
2022020577,2022-12-31T03:00:00Z,19.0
2022020588,2023-01-01T03:00:00Z,20.0
2022020606,2023-01-04T02:00:00Z,19.0
2022020618,2023-01-06T02:00:00Z,19.0
2022020647,2023-01-10T03:30:00Z,19.5
2022020676,2023-01-14T03:30:00Z,19.5
2022020689,2023-01-15T03:00:00Z,19.0
2022020711,2023-01-18T02:00:00Z,19.0
2022020725,2023-01-20T02:00:00Z,19.0
2022020744,2023-01-22T03:00:00Z,19.0
2022020822,2023-02-10T00:00:00Z,19.0
2022020834,2023-02-11T17:30:00Z,12.5
2022020846,2023-02-12T17:30:00Z,12.5
2022020881,2023-02-18T02:00:00Z,19.0
2022020916,2023-02-22T02:00:00Z,19.0
2022020922,2023-02-24T00:00:00Z,19.0
2022020969,2023-03-02T01:00:00Z,18.0
2022020985,2023-03-04T02:00:00Z,19.0
2022020995,2023-03-05T00:00:00Z,18.0
2022021043,2023-03-12T00:00:00Z,19.0
2022021071,2023-03-15T01:00:00Z,19.0
2022021098,2023-03-18T20:00:00Z,13.0
2022021118,2023-03-21T01:30:00Z,19.5
2022021163,2023-03-26T02:00:00Z,20.0
2022021184,2023-03-29T02:00:00Z,19.0
2022021197,2023-03-31T01:00:00Z,19.0
2022021237,2023-04-05T02:30:00Z,19.5
2022021259,2023-04-08T20:00:00Z,13.0
2022021308,2023-04-14T01:00:00Z,19.0
2022020014,2022-10-13T23:30:00Z,19.5
2022020056,2022-10-19T23:30:00Z,19.5
2022020071,2022-10-21T23:30:00Z,19.5
2022020090,2022-10-23T21:00:00Z,17.0
2022020112,2022-10-27T23:00:00Z,19.0
2022020128,2022-10-29T20:00:00Z,16.0
2022020173,2022-11-04T02:30:00Z,19.5
2022020189,2022-11-06T02:30:00Z,19.5
2022020253,2022-11-16T00:00:00Z,19.0
2022020334,2022-11-26T23:30:00Z,18.5
2022020373,2022-12-02T03:00:00Z,19.0
2022020389,2022-12-04T03:00:00Z,19.0
2022020408,2022-12-07T01:00:00Z,19.0
2022020436,2022-12-10T21:30:00Z,16.5
2022020444,2022-12-11T23:00:00Z,18.0
2022020474,2022-12-16T00:00:00Z,19.0
2022020488,2022-12-18T00:30:00Z,19.5
2022020518,2022-12-22T00:00:00Z,19.0
2022020538,2022-12-24T00:30:00Z,19.5
2022020564,2022-12-30T00:00:00Z,19.0
2022020591,2023-01-01T22:00:00Z,17.0
2022020673,2023-01-13T03:00:00Z,19.0
2022020684,2023-01-15T00:00:00Z,19.0
2022020706,2023-01-18T00:00:00Z,19.0
2022020720,2023-01-20T00:00:00Z,19.0
2022020734,2023-01-21T23:00:00Z,18.0
2022020751,2023-01-24T00:00:00Z,19.0
2022020756,2023-01-25T00:00:00Z,19.0
2022020781,2023-01-28T00:00:00Z,19.0
2022020808,2023-02-07T00:00:00Z,19.0
2022020823,2023-02-10T00:00:00Z,19.0
2022020852,2023-02-14T01:00:00Z,19.0
2022020859,2023-02-15T01:00:00Z,19.0
2022020870,2023-02-17T00:00:00Z,19.0
2022020884,2023-02-18T19:00:00Z,13.0
2022020960,2023-03-01T00:00:00Z,19.0
2022020975,2023-03-03T00:00:00Z,19.0
2022020992,2023-03-04T23:00:00Z,18.0
2022021016,2023-03-08T00:00:00Z,19.0
2022021047,2023-03-12T00:00:00Z,19.0
2022021081,2023-03-16T23:00:00Z,19.0
2022021100,2023-03-18T22:00:00Z,18.0
2022021122,2023-03-21T23:00:00Z,19.0
2022021140,2023-03-23T23:00:00Z,19.0
2022021156,2023-03-25T21:00:00Z,17.0
2022021170,2023-03-27T23:00:00Z,19.0
2022021186,2023-03-29T23:30:00Z,19.5
2022021190,2023-03-30T23:00:00Z,19.0
2022021245,2023-04-06T23:00:00Z,19.0
2022021261,2023-04-08T23:00:00Z,19.0
2022021279,2023-04-10T23:00:00Z,19.0
2022020004,2022-10-12T02:00:00Z,19.0
2022020020,2022-10-14T02:30:00Z,19.5
2022020034,2022-10-16T00:00:00Z,19.0
2022020052,2022-10-19T01:30:00Z,20.5
2022020062,2022-10-20T23:00:00Z,19.0
2022020079,2022-10-22T23:00:00Z,19.0
2022020106,2022-10-26T02:30:00Z,19.5
2022020120,2022-10-28T02:30:00Z,19.5
2022020134,2022-10-29T23:00:00Z,16.0
2022020146,2022-11-01T00:00:00Z,19.0
2022020206,2022-11-09T03:30:00Z,19.5
2022020273,2022-11-19T03:00:00Z,19.0
2022020286,2022-11-20T03:00:00Z,19.0
2022020302,2022-11-23T03:30:00Z,19.5
2022020331,2022-11-26T03:30:00Z,19.5
2022020345,2022-11-28T03:30:00Z,19.5
2022020360,2022-11-30T03:30:00Z,19.5
2022020406,2022-12-07T00:00:00Z,19.0
2022020420,2022-12-09T00:00:00Z,19.0
2022020439,2022-12-11T00:00:00Z,19.0
2022020496,2022-12-18T03:30:00Z,19.5
2022020557,2022-12-28T03:30:00Z,19.5
2022020581,2022-12-31T21:00:00Z,13.0
2022020635,2023-01-08T03:00:00Z,19.0
2022020661,2023-01-12T03:00:00Z,19.0
2022020690,2023-01-15T03:30:00Z,19.5
2022020742,2023-01-22T01:00:00Z,19.0
2022020757,2023-01-25T00:00:00Z,19.0
2022020790,2023-01-29T00:00:00Z,19.0
2022020845,2023-02-12T03:30:00Z,19.5
2022020913,2023-02-22T01:00:00Z,19.0
2022020923,2023-02-24T00:00:00Z,19.0
2022020934,2023-02-25T00:30:00Z,19.5
2022020950,2023-02-26T22:00:00Z,17.0
2022020961,2023-03-01T01:00:00Z,19.0
2022020982,2023-03-03T03:30:00Z,19.5
2022021000,2023-03-05T03:30:00Z,19.5
2022021011,2023-03-07T03:30:00Z,19.5
2022021052,2023-03-12T03:30:00Z,19.5
2022021075,2023-03-15T02:30:00Z,19.5
2022021105,2023-03-19T02:00:00Z,19.0
2022021154,2023-03-25T20:00:00Z,13.0
2022021169,2023-03-27T02:30:00Z,19.5
2022021214,2023-04-02T02:00:00Z,19.0
2022021225,2023-04-03T00:00:00Z,17.0
2022021255,2023-04-07T02:00:00Z,19.0
2022021284,2023-04-11T02:30:00Z,19.5
2022020017,2022-10-14T00:00:00Z,19.0
2022020067,2022-10-21T00:00:00Z,19.0
2022020101,2022-10-25T23:00:00Z,19.0
2022020113,2022-10-27T23:00:00Z,19.0
2022020151,2022-11-02T00:00:00Z,19.0
2022020167,2022-11-04T00:00:00Z,19.0
2022020224,2022-11-12T03:00:00Z,19.0
2022020240,2022-11-13T23:00:00Z,17.0
2022020254,2022-11-16T01:00:00Z,19.0
2022020268,2022-11-18T01:00:00Z,19.0
2022020309,2022-11-24T00:00:00Z,18.0
2022020322,2022-11-25T19:00:00Z,13.0
2022020441,2022-12-11T03:00:00Z,19.0
2022020497,2022-12-18T19:00:00Z,13.0
2022020532,2022-12-23T03:30:00Z,19.5
2022020552,2022-12-28T01:00:00Z,19.0
2022020589,2022-12-31T23:00:00Z,17.0
2022020610,2023-01-05T02:30:00Z,20.5
2022020642,2023-01-09T00:00:00Z,18.0
2022020649,2023-01-11T00:00:00Z,19.0
2022020669,2023-01-13T00:30:00Z,19.5
2022020707,2023-01-18T00:00:00Z,19.0
2022020758,2023-01-25T00:00:00Z,19.0
2022020778,2023-01-27T01:00:00Z,19.0
2022020827,2023-02-10T01:00:00Z,19.0
2022020843,2023-02-12T01:00:00Z,19.0
2022020896,2023-02-19T19:00:00Z,13.0
2022020931,2023-02-25T00:00:00Z,19.0
2022020962,2023-03-01T01:00:00Z,19.0
2022020981,2023-03-03T03:00:00Z,19.0
2022021023,2023-03-09T00:30:00Z,18.5
2022021051,2023-03-12T03:30:00Z,19.5
2022021078,2023-03-16T01:30:00Z,20.5
2022021109,2023-03-19T18:00:00Z,13.0
2022021123,2023-03-21T23:00:00Z,19.0
2022021136,2023-03-23T22:30:00Z,18.5
2022021173,2023-03-28T00:00:00Z,19.0
2022021215,2023-04-02T02:00:00Z,19.0
2022021226,2023-04-04T00:00:00Z,19.0
2022021244,2023-04-06T23:00:00Z,19.0
2022021258,2023-04-09T00:00:00Z,19.0
2022021291,2023-04-12T00:00:00Z,19.0
2022021305,2023-04-14T00:00:00Z,19.0
2022020007,2022-10-12T23:00:00Z,19.0
2022020029,2022-10-15T23:00:00Z,19.0
2022020042,2022-10-17T23:00:00Z,19.0
2022020133,2022-10-29T23:00:00Z,18.0
2022020165,2022-11-04T00:00:00Z,19.0
2022020184,2022-11-05T23:00:00Z,19.0
2022020209,2022-11-10T00:30:00Z,19.5
2022020229,2022-11-13T00:00:00Z,19.0
2022020249,2022-11-16T00:00:00Z,19.0
2022020280,2022-11-20T00:00:00Z,19.0
2022020354,2022-11-30T00:00:00Z,19.0
2022020402,2022-12-06T03:30:00Z,19.5
2022020411,2022-12-07T03:00:00Z,19.0
2022020466,2022-12-15T00:00:00Z,19.0
2022020490,2022-12-18T00:00:00Z,19.0
2022020559,2022-12-29T00:00:00Z,19.0
2022020580,2022-12-31T21:00:00Z,16.0
2022020604,2023-01-04T01:00:00Z,19.0
2022020613,2023-01-06T00:00:00Z,19.0
2022020633,2023-01-08T00:00:00Z,19.0
2022020646,2023-01-10T00:30:00Z,19.5
2022020664,2023-01-13T00:00:00Z,19.0
2022020679,2023-01-15T00:00:00Z,19.0
2022020691,2023-01-15T22:00:00Z,17.0
2022020708,2023-01-18T00:00:00Z,19.0
2022020737,2023-01-22T00:00:00Z,19.0
2022020791,2023-01-29T00:00:00Z,19.0
2022020803,2023-02-01T00:00:00Z,19.0
2022020835,2023-02-11T17:30:00Z,12.5
2022020888,2023-02-19T00:00:00Z,19.0
2022020910,2023-02-22T00:00:00Z,19.0
2022020932,2023-02-25T00:00:00Z,19.0
2022020940,2023-02-26T00:00:00Z,19.0
2022020967,2023-03-01T03:30:00Z,19.5
2022021003,2023-03-05T23:00:00Z,15.0
2022021028,2023-03-10T00:00:00Z,19.0
2022021044,2023-03-12T00:00:00Z,19.0
2022021064,2023-03-14T23:00:00Z,19.0
2022021101,2023-03-18T23:00:00Z,19.0
2022021126,2023-03-21T23:00:00Z,19.0
2022021177,2023-03-28T23:00:00Z,19.0
2022021247,2023-04-06T23:00:00Z,19.0
2022021262,2023-04-08T23:00:00Z,19.0
2022021295,2023-04-12T23:00:00Z,19.0
2022020001,2022-10-07T18:00:00Z,20.0
2022020002,2022-10-08T18:00:00Z,20.0
2022020083,2022-10-23T00:00:00Z,19.0
2022020115,2022-10-28T00:00:00Z,19.0
2022020136,2022-10-30T00:00:00Z,19.0
2022020186,2022-11-06T02:00:00Z,19.0
2022020205,2022-11-09T03:00:00Z,19.0
2022020232,2022-11-13T01:00:00Z,19.0
2022020267,2022-11-18T01:00:00Z,19.0
2022020285,2022-11-20T01:00:00Z,19.0
2022020366,2022-12-02T00:00:00Z,19.0
2022020377,2022-12-03T00:30:00Z,19.5
2022020421,2022-12-09T00:00:00Z,19.0
2022020434,2022-12-10T18:30:00Z,12.5
2022020453,2022-12-13T01:00:00Z,19.0
2022020477,2022-12-16T01:00:00Z,19.0
2022020579,2022-12-31T20:00:00Z,12.0
2022020622,2023-01-07T00:00:00Z,19.0
2022020645,2023-01-10T00:30:00Z,19.5
2022020658,2023-01-12T00:30:00Z,19.5
2022020724,2023-01-20T01:00:00Z,19.0
2022020762,2023-01-25T01:00:00Z,19.0
2022020775,2023-01-27T01:00:00Z,19.0
2022020817,2023-02-08T01:00:00Z,19.0
2022020836,2023-02-11T17:30:00Z,12.5
2022020914,2023-02-22T01:00:00Z,19.0
2022020929,2023-02-24T03:30:00Z,19.5
2022020963,2023-03-01T01:00:00Z,19.0
2022021010,2023-03-07T03:30:00Z,19.5
2022021097,2023-03-18T18:00:00Z,13.0
2022021111,2023-03-19T23:00:00Z,19.0
2022021142,2023-03-24T00:00:00Z,19.0
2022021152,2023-03-25T18:00:00Z,13.0
2022021167,2023-03-26T22:00:00Z,17.0
2022021192,2023-03-30T23:00:00Z,19.0
2022021204,2023-04-01T17:00:00Z,12.0
2022021235,2023-04-05T00:00:00Z,19.0
2022021264,2023-04-08T23:00:00Z,18.0
2022020012,2022-10-13T23:00:00Z,19.0
2022020066,2022-10-20T23:30:00Z,19.5
2022020075,2022-10-22T17:00:00Z,13.0
2022020093,2022-10-24T23:00:00Z,19.0
2022020157,2022-11-02T02:00:00Z,19.0
2022020213,2022-11-11T00:00:00Z,19.0
2022020264,2022-11-18T00:00:00Z,19.0
2022020274,2022-11-19T18:00:00Z,13.0
2022020308,2022-11-24T00:00:00Z,19.0
2022020336,2022-11-27T00:00:00Z,19.0
2022020346,2022-11-29T00:00:00Z,19.0
2022020382,2022-12-04T00:00:00Z,19.0
2022020425,2022-12-10T00:00:00Z,19.0
2022020450,2022-12-13T00:00:00Z,19.0
2022020473,2022-12-16T00:00:00Z,19.0
2022020576,2022-12-31T00:00:00Z,19.0
2022020616,2023-01-06T00:00:00Z,19.0
2022020628,2023-01-07T18:00:00Z,13.0
2022020697,2023-01-16T21:00:00Z,13.0
2022020728,2023-01-20T03:00:00Z,19.0
2022020746,2023-01-22T19:00:00Z,14.0
2022020759,2023-01-25T00:30:00Z,19.5
2022020810,2023-02-07T00:30:00Z,19.5
2022020824,2023-02-10T00:00:00Z,19.0
2022020874,2023-02-17T02:00:00Z,20.0
2022020886,2023-02-18T22:30:00Z,17.5
2022020900,2023-02-20T00:00:00Z,19.0
2022020941,2023-02-26T00:00:00Z,19.0
2022020988,2023-03-04T03:00:00Z,19.0
2022021015,2023-03-08T00:00:00Z,19.0
2022021029,2023-03-10T00:00:00Z,19.0
2022021065,2023-03-14T23:00:00Z,19.0
2022021083,2023-03-16T23:00:00Z,19.0
2022021112,2023-03-19T23:00:00Z,19.0
2022021159,2023-03-25T23:00:00Z,19.0
2022021172,2023-03-27T23:30:00Z,19.5
2022021191,2023-03-30T23:00:00Z,19.0
2022021223,2023-04-02T23:00:00Z,18.0
2022021233,2023-04-04T23:00:00Z,19.0
2022021301,2023-04-13T23:00:00Z,19.0
2022020051,2022-10-18T23:30:00Z,19.5
2022020080,2022-10-22T23:00:00Z,19.0
2022020108,2022-10-26T23:30:00Z,19.5
2022020166,2022-11-04T00:00:00Z,19.0
2022020198,2022-11-09T00:00:00Z,19.0
2022020244,2022-11-14T22:30:00Z,17.5
2022020295,2022-11-22T00:30:00Z,19.5
2022020337,2022-11-27T00:30:00Z,19.5
2022020353,2022-11-30T00:30:00Z,19.5
2022020407,2022-12-07T00:30:00Z,19.5
2022020494,2022-12-18T03:00:00Z,19.0
2022020527,2022-12-23T00:00:00Z,19.0
2022020550,2022-12-28T00:30:00Z,19.5
2022020594,2023-01-02T01:00:00Z,17.0
2022020607,2023-01-04T03:00:00Z,19.0
2022020702,2023-01-17T00:30:00Z,19.5
2022020752,2023-01-24T00:00:00Z,19.0
2022020766,2023-01-26T00:00:00Z,19.0
2022020794,2023-01-29T00:30:00Z,19.5
2022020807,2023-02-07T00:00:00Z,19.0
2022020816,2023-02-08T00:30:00Z,19.5
2022020826,2023-02-10T00:30:00Z,19.5
2022020858,2023-02-15T00:30:00Z,19.5
2022020879,2023-02-18T00:00:00Z,19.0
2022020906,2023-02-21T00:00:00Z,19.0
2022020917,2023-02-23T00:00:00Z,19.0
2022020949,2023-02-26T20:30:00Z,14.5
2022021027,2023-03-10T00:00:00Z,19.0
2022021048,2023-03-12T00:30:00Z,19.5
2022021107,2023-03-19T02:30:00Z,19.5
2022021127,2023-03-21T23:30:00Z,19.5
2022021187,2023-03-29T23:30:00Z,19.5
2022021209,2023-04-01T23:00:00Z,19.0
2022021249,2023-04-06T23:30:00Z,19.5
2022021268,2023-04-08T23:30:00Z,19.5
2022021277,2023-04-10T23:00:00Z,19.0
2022020003,2022-10-11T23:30:00Z,19.5
2022020023,2022-10-15T00:00:00Z,19.0
2022020064,2022-10-20T23:00:00Z,19.0
2022020149,2022-11-01T23:00:00Z,19.0
2022020271,2022-11-18T03:00:00Z,19.0
2022020288,2022-11-20T03:30:00Z,19.5
2022020362,2022-12-01T00:00:00Z,19.0
2022020376,2022-12-03T00:00:00Z,19.0
2022020398,2022-12-06T00:00:00Z,19.0
2022020417,2022-12-08T03:00:00Z,19.0
2022020476,2022-12-16T00:00:00Z,19.0
2022020489,2022-12-18T00:00:00Z,19.0
2022020511,2022-12-21T00:00:00Z,19.0
2022020549,2022-12-28T00:00:00Z,19.0
2022020565,2022-12-30T00:00:00Z,19.0
2022020767,2023-01-26T00:00:00Z,19.0
2022020784,2023-01-28T00:00:00Z,19.0
2022020819,2023-02-09T01:00:00Z,20.0
2022020828,2023-02-11T00:00:00Z,19.0
2022020869,2023-02-16T03:00:00Z,19.0
2022020907,2023-02-21T00:00:00Z,19.0
2022020937,2023-02-25T18:00:00Z,13.0
2022020968,2023-03-02T00:30:00Z,19.5
2022020976,2023-03-03T00:00:00Z,19.0
2022021054,2023-03-12T20:00:00Z,16.0
2022021067,2023-03-14T23:00:00Z,19.0
2022021082,2023-03-16T23:00:00Z,19.0
2022021103,2023-03-19T00:00:00Z,20.0
2022021217,2023-04-02T17:00:00Z,13.0
2022021241,2023-04-05T23:30:00Z,19.5
2022021251,2023-04-07T00:00:00Z,19.0
2022021304,2023-04-13T23:00:00Z,19.0
2022020030,2022-10-15T23:00:00Z,19.0
2022020065,2022-10-20T23:00:00Z,19.0
2022020148,2022-11-01T23:00:00Z,19.0
2022020163,2022-11-03T23:00:00Z,19.0
2022020182,2022-11-05T23:00:00Z,19.0
2022020200,2022-11-09T00:00:00Z,19.0
2022020225,2022-11-12T18:00:00Z,13.0
2022020299,2022-11-22T03:30:00Z,19.5
2022020315,2022-11-24T03:00:00Z,19.0
2022020383,2022-12-04T00:00:00Z,19.0
2022020514,2022-12-21T01:00:00Z,19.0
2022020528,2022-12-23T00:00:00Z,19.0
2022020566,2022-12-30T00:00:00Z,19.0
2022020632,2023-01-08T00:00:00Z,19.0
2022020704,2023-01-17T01:00:00Z,19.0
2022020712,2023-01-19T00:00:00Z,19.0
2022020730,2023-01-21T00:00:00Z,19.0
2022020738,2023-01-22T00:00:00Z,19.0
2022020782,2023-01-28T00:00:00Z,19.0
2022020897,2023-02-19T19:00:00Z,14.0
2022021035,2023-03-10T03:00:00Z,19.0
2022021050,2023-03-12T03:00:00Z,19.0
2022021102,2023-03-18T23:00:00Z,19.0
2022021115,2023-03-20T23:00:00Z,19.0
2022021139,2023-03-23T23:00:00Z,19.0
2022021193,2023-03-30T23:00:00Z,19.0
2022021210,2023-04-01T23:00:00Z,19.0
2022021267,2023-04-08T23:00:00Z,19.0
2022020026,2022-10-15T20:00:00Z,16.0
2022020053,2022-10-18T23:00:00Z,19.0
2022020091,2022-10-23T23:00:00Z,19.0
2022020159,2022-11-02T23:00:00Z,19.0
2022020199,2022-11-09T00:00:00Z,19.0
2022020312,2022-11-24T00:30:00Z,19.5
2022020324,2022-11-25T22:30:00Z,17.5
2022020367,2022-12-02T00:00:00Z,19.0
2022020413,2022-12-08T00:00:00Z,19.0
2022020432,2022-12-10T03:00:00Z,19.0
2022020525,2022-12-22T19:00:00Z,14.0
2022020573,2022-12-30T03:30:00Z,19.5
2022020643,2023-01-09T00:00:00Z,19.0
2022020659,2023-01-12T00:00:00Z,19.0
2022020681,2023-01-15T00:00:00Z,19.0
2022020749,2023-01-23T00:00:00Z,19.0
2022020792,2023-01-29T00:00:00Z,18.0
2022020848,2023-02-12T18:00:00Z,13.0
2022020876,2023-02-17T03:00:00Z,19.0
2022020891,2023-02-19T03:00:00Z,19.0
2022021014,2023-03-08T00:00:00Z,19.0
2022021039,2023-03-11T20:30:00Z,15.5
2022021066,2023-03-14T23:00:00Z,19.0
2022021221,2023-04-02T22:00:00Z,18.0
2022021234,2023-04-05T00:00:00Z,19.0
2022020031,2022-10-15T23:00:00Z,19.0
2022020125,2022-10-29T02:00:00Z,19.0
2022020138,2022-10-30T02:00:00Z,19.0
2022020183,2022-11-05T23:00:00Z,19.0
2022020208,2022-11-10T00:30:00Z,19.5
2022020221,2022-11-12T00:00:00Z,19.0
2022020251,2022-11-16T00:00:00Z,19.0
2022020281,2022-11-20T00:00:00Z,18.0
2022020335,2022-11-27T00:00:00Z,19.0
2022020368,2022-12-02T00:00:00Z,19.0
2022020384,2022-12-04T00:00:00Z,19.0
2022020620,2023-01-06T03:00:00Z,19.0
2022020652,2023-01-11T00:00:00Z,19.0
2022020674,2023-01-14T00:00:00Z,19.0
2022020773,2023-01-27T00:00:00Z,19.0
2022020793,2023-01-29T00:00:00Z,19.0
2022020863,2023-02-15T03:30:00Z,19.5
2022020943,2023-02-25T20:30:00Z,14.5
2022020951,2023-02-26T23:00:00Z,18.0
2022020977,2023-03-03T00:00:00Z,19.0
2022021162,2023-03-26T00:00:00Z,20.0
2022020107,2022-10-26T02:30:00Z,19.5
2022020119,2022-10-28T02:30:00Z,19.5
2022020129,2022-10-29T20:30:00Z,13.5
2022020218,2022-11-11T01:00:00Z,19.0
2022020256,2022-11-16T03:00:00Z,19.0
2022020316,2022-11-24T03:00:00Z,19.0
2022020344,2022-11-28T01:00:00Z,17.0
2022020363,2022-12-01T00:00:00Z,19.0
2022020418,2022-12-08T03:30:00Z,19.5
2022020556,2022-12-28T03:00:00Z,19.0
2022020814,2023-02-08T00:00:00Z,19.0
2022020847,2023-02-12T18:30:00Z,13.5
2022020877,2023-02-17T03:00:00Z,19.0
2022020905,2023-02-20T21:00:00Z,13.0
2022020983,2023-03-03T03:30:00Z,19.5
2022020993,2023-03-04T23:00:00Z,15.0
2022021007,2023-03-07T00:30:00Z,18.5
2022021032,2023-03-10T01:00:00Z,19.0
2022021090,2023-03-17T02:30:00Z,19.5
2022021145,2023-03-24T02:00:00Z,19.0
2022021185,2023-03-29T02:30:00Z,19.5
2022021199,2023-03-31T02:30:00Z,19.5
2022021278,2023-04-10T23:00:00Z,18.0
2022020037,2022-10-16T02:00:00Z,19.0
2022020058,2022-10-20T02:00:00Z,19.0
2022020118,2022-10-28T02:00:00Z,19.0
2022020243,2022-11-14T01:00:00Z,17.0
2022020329,2022-11-26T01:00:00Z,17.0
2022020374,2022-12-02T03:00:00Z,19.0
2022020427,2022-12-10T00:00:00Z,19.0
2022020459,2022-12-14T00:00:00Z,19.0
2022020500,2022-12-19T01:00:00Z,17.0
2022020515,2022-12-21T03:00:00Z,19.0
2022020530,2022-12-23T03:00:00Z,19.0
2022020615,2023-01-06T00:00:00Z,19.0
2022020698,2023-01-16T21:00:00Z,13.0
2022020770,2023-01-26T03:00:00Z,19.0
2022020860,2023-02-15T01:00:00Z,19.0
2022020953,2023-02-27T00:00:00Z,16.0
2022020964,2023-03-01T01:00:00Z,19.0
2022021238,2023-04-05T02:00:00Z,19.0
2022021293,2023-04-12T02:00:00Z,19.0
2022021312,2023-04-14T02:30:00Z,19.5
2022020095,2022-10-25T00:00:00Z,19.0
2022020235,2022-11-13T03:00:00Z,19.0
2022020269,2022-11-18T01:00:00Z,19.0
2022020328,2022-11-26T01:00:00Z,20.0
2022020422,2022-12-09T01:00:00Z,19.0
2022020509,2022-12-20T03:30:00Z,19.5
2022020545,2022-12-24T03:00:00Z,19.0
2022020553,2022-12-28T01:00:00Z,19.0
2022020602,2023-01-04T00:00:00Z,19.0
2022020688,2023-01-15T01:00:00Z,19.0
2022020801,2023-01-31T01:00:00Z,19.0
2022020926,2023-02-24T01:00:00Z,19.0
2022021056,2023-03-12T23:00:00Z,18.0
2022021093,2023-03-17T23:00:00Z,19.0
2022021113,2023-03-19T23:00:00Z,18.0
2022021181,2023-03-29T00:00:00Z,19.0
2022020222,2022-11-12T00:00:00Z,19.0
2022020242,2022-11-14T00:00:00Z,19.0
2022020385,2022-12-04T00:00:00Z,19.0
2022020513,2022-12-21T00:00:00Z,19.0
2022020624,2023-01-07T01:00:00Z,19.0
2022020667,2023-01-13T00:00:00Z,19.0
2022020715,2023-01-19T03:00:00Z,19.0
2022020895,2023-02-19T03:30:00Z,19.5
2022021031,2023-03-10T00:00:00Z,19.0
2022021057,2023-03-12T23:00:00Z,19.0
2022021194,2023-03-30T23:00:00Z,19.0
2022021289,2023-04-11T23:00:00Z,19.0
2022020015,2022-10-13T23:30:00Z,19.5
2022020082,2022-10-22T23:00:00Z,18.0
2022020096,2022-10-25T02:00:00Z,19.0
2022020201,2022-11-09T00:00:00Z,19.0
2022020230,2022-11-13T00:00:00Z,19.0
2022020491,2022-12-18T00:00:00Z,19.0
2022020723,2023-01-20T00:00:00Z,19.0
2022020800,2023-01-29T22:00:00Z,17.0
2022020996,2023-03-05T00:00:00Z,16.0
2022020043,2022-10-17T23:00:00Z,19.0
2022020300,2022-11-22T03:30:00Z,19.5
2022020340,2022-11-27T03:00:00Z,19.0
2022020359,2022-11-30T03:00:00Z,19.0
2022020495,2022-12-18T03:00:00Z,19.0
2022020570,2022-12-30T01:00:00Z,19.0
2022020638,2023-01-08T20:00:00Z,14.0
2022021132,2023-03-22T02:00:00Z,19.0
2022020070,2022-10-21T02:00:00Z,19.0
2022020143,2022-10-31T00:00:00Z,17.0
2022020150,2022-11-01T23:00:00Z,19.0
2022020462,2022-12-14T01:00:00Z,19.0
2022020745,2023-01-22T03:00:00Z,19.0
2022020446,2022-12-12T00:00:00Z,18.0
2022020537,2022-12-24T00:00:00Z,19.0
2023020031,2023-10-15T02:00:00Z,19.0
2023020034,2023-10-16T00:30:00Z,17.5
2023020059,2023-10-20T02:00:00Z,19.0
2023020066,2023-10-21T20:00:00Z,13.0
2023020081,2023-10-23T00:30:00Z,17.5
2023020084,2023-10-25T00:30:00Z,20.5
2023020100,2023-10-26T23:00:00Z,19.0
2023020117,2023-10-28T17:00:00Z,13.0
2023020132,2023-10-30T23:00:00Z,19.0
2023020144,2023-11-02T02:00:00Z,19.0
2023020175,2023-11-06T01:00:00Z,17.0
2023020187,2023-11-08T03:00:00Z,19.0
2023020208,2023-11-11T03:00:00Z,19.0
2023020226,2023-11-13T01:00:00Z,17.0
2023020234,2023-11-15T01:00:00Z,19.0
2023020240,2023-11-16T02:00:00Z,19.0
2023020253,2023-11-18T03:00:00Z,19.0
2023020271,2023-11-20T01:00:00Z,17.0
2023020290,2023-11-23T03:00:00Z,19.0
2023020299,2023-11-24T20:30:00Z,12.5
2023020320,2023-11-27T02:00:00Z,19.0
2023020336,2023-11-29T03:00:00Z,19.0
2023020352,2023-12-01T03:00:00Z,19.0
2023020366,2023-12-03T03:00:00Z,19.0
2023020386,2023-12-06T02:00:00Z,19.0
2023020399,2023-12-08T01:30:00Z,19.5
2023020425,2023-12-11T01:00:00Z,17.0
2023020444,2023-12-14T00:30:00Z,19.5
2023020456,2023-12-16T00:00:00Z,19.0
2023020476,2023-12-18T00:00:00Z,19.0
2023020479,2023-12-19T00:00:00Z,19.0
2023020508,2023-12-22T03:00:00Z,19.0
2023020523,2023-12-24T01:00:00Z,17.0
2023020540,2023-12-28T03:00:00Z,19.0
2023020553,2023-12-30T03:00:00Z,19.0
2023020569,2024-01-01T01:00:00Z,17.0
2023020588,2024-01-04T02:00:00Z,18.0
2023020604,2024-01-06T03:00:00Z,19.0
2023020620,2024-01-08T01:00:00Z,17.0
2023020629,2024-01-10T01:00:00Z,19.0
2023020639,2024-01-12T00:00:00Z,19.0
2023020661,2024-01-14T00:00:00Z,19.0
2023020674,2024-01-15T18:00:00Z,13.0
2023020683,2024-01-17T00:00:00Z,19.0
2023020715,2024-01-21T03:00:00Z,19.0
2023020722,2024-01-22T01:30:00Z,17.5
2023020737,2024-01-24T03:00:00Z,19.0
2023020751,2024-01-26T01:00:00Z,19.0
2023020770,2024-01-28T02:00:00Z,20.0
2023020780,2024-02-01T03:30:00Z,19.5
2023020803,2024-02-10T03:00:00Z,19.0
2023020825,2024-02-14T00:00:00Z,19.0
2023020841,2024-02-16T00:00:00Z,19.0
2023020858,2024-02-18T00:00:00Z,19.0
2023020866,2024-02-19T17:30:00Z,12.5
2023020886,2024-02-22T03:00:00Z,19.0
2023020915,2024-02-25T03:30:00Z,19.5
2023020922,2024-02-26T01:00:00Z,17.0
2023020952,2024-03-01T03:30:00Z,19.5
2023020955,2024-03-02T03:00:00Z,19.0
2023020973,2024-03-04T01:00:00Z,17.0
2023020992,2024-03-07T03:00:00Z,19.0
2023021007,2024-03-09T03:00:00Z,19.0
2023021026,2024-03-11T00:00:00Z,17.0
2023021038,2024-03-13T00:30:00Z,19.5
2023021054,2024-03-15T00:00:00Z,19.0
2023021057,2024-03-16T00:00:00Z,19.0
2023021079,2024-03-17T23:00:00Z,18.0
2023021091,2024-03-20T02:00:00Z,19.0
2023021105,2024-03-22T02:00:00Z,19.0
2023021131,2024-03-25T00:30:00Z,17.5
2023021146,2024-03-27T02:00:00Z,19.0
2023021162,2024-03-29T02:00:00Z,19.0
2023021167,2024-03-30T20:00:00Z,14.0
2023021180,2024-03-31T19:30:00Z,12.5
2023021195,2024-04-03T01:00:00Z,19.0
2023021215,2024-04-06T02:00:00Z,19.0
2023021235,2024-04-08T00:00:00Z,17.0
2023021249,2024-04-10T02:00:00Z,19.0
2023021268,2024-04-13T02:00:00Z,19.0
2023021281,2024-04-14T02:30:00Z,19.5
2023021311,2024-04-19T02:00:00Z,19.0
2023020017,2023-10-13T23:00:00Z,19.0
2023020037,2023-10-16T23:00:00Z,19.0
2023020043,2023-10-17T23:30:00Z,19.5
2023020057,2023-10-20T00:00:00Z,19.0
2023020097,2023-10-25T02:30:00Z,19.5
2023020115,2023-10-28T02:00:00Z,19.0
2023020137,2023-10-31T02:00:00Z,19.0
2023020153,2023-11-03T02:00:00Z,19.0
2023020160,2023-11-04T20:00:00Z,13.0
2023020185,2023-11-08T02:00:00Z,19.0
2023020199,2023-11-10T01:00:00Z,19.0
2023020218,2023-11-12T01:00:00Z,19.0
2023020233,2023-11-15T01:00:00Z,19.0
2023020243,2023-11-17T00:00:00Z,19.0
2023020262,2023-11-19T00:00:00Z,18.0
2023020276,2023-11-21T02:00:00Z,19.0
2023020287,2023-11-23T02:00:00Z,19.0
2023020315,2023-11-26T03:00:00Z,19.0
2023020334,2023-11-29T02:00:00Z,19.0
2023020350,2023-12-01T02:00:00Z,19.0
2023020365,2023-12-03T02:00:00Z,19.0
2023020378,2023-12-05T02:00:00Z,19.0
2023020400,2023-12-08T02:00:00Z,19.0
2023020408,2023-12-09T18:00:00Z,13.0
2023020428,2023-12-12T00:00:00Z,19.0
2023020434,2023-12-13T00:00:00Z,19.0
2023020459,2023-12-16T02:00:00Z,19.0
2023020470,2023-12-17T02:00:00Z,19.0
2023020493,2023-12-20T02:00:00Z,19.0
2023020509,2023-12-22T03:30:00Z,19.5
2023020525,2023-12-24T02:00:00Z,19.0
2023020537,2023-12-28T02:00:00Z,19.0
2023020581,2024-01-03T02:00:00Z,19.0
2023020597,2024-01-05T02:00:00Z,19.0
2023020619,2024-01-08T00:00:00Z,17.0
2023020633,2024-01-10T02:00:00Z,19.0
2023020649,2024-01-12T02:00:00Z,19.0
2023020665,2024-01-14T01:00:00Z,19.0
2023020687,2024-01-17T02:00:00Z,19.0
2023020700,2024-01-19T03:00:00Z,19.0
2023020708,2024-01-20T20:00:00Z,13.0
2023020727,2024-01-23T02:00:00Z,19.0
2023020739,2024-01-25T00:00:00Z,19.0
2023020750,2024-01-26T00:00:00Z,19.0
2023020763,2024-01-28T00:00:00Z,19.0
2023020800,2024-02-09T02:00:00Z,19.0
2023020815,2024-02-11T01:00:00Z,19.0
2023020821,2024-02-13T00:00:00Z,19.0
2023020836,2024-02-15T02:30:00Z,19.5
2023020849,2024-02-17T02:00:00Z,19.0
2023020864,2024-02-18T23:00:00Z,16.0
2023020871,2024-02-19T21:00:00Z,14.0
2023020887,2024-02-22T03:00:00Z,20.0
2023020921,2024-02-25T23:00:00Z,17.0
2023020929,2024-02-28T00:00:00Z,19.0
2023020946,2024-03-01T00:00:00Z,19.0
2023020953,2024-03-02T00:00:00Z,19.0
2023020969,2024-03-03T18:00:00Z,13.0
2023020987,2024-03-06T02:00:00Z,19.0
2023021001,2024-03-08T02:00:00Z,19.0
2023021005,2024-03-09T02:00:00Z,19.0
2023021025,2024-03-10T22:00:00Z,17.0
2023021037,2024-03-13T00:00:00Z,19.0
2023021048,2024-03-14T23:00:00Z,19.0
2023021062,2024-03-16T21:00:00Z,14.0
2023021096,2024-03-21T00:00:00Z,19.0
2023021112,2024-03-23T02:00:00Z,19.0
2023021130,2024-03-25T00:00:00Z,17.0
2023021145,2024-03-27T02:00:00Z,19.0
2023021161,2024-03-29T02:00:00Z,19.0
2023021168,2024-03-30T22:00:00Z,15.0
2023021200,2024-04-04T02:00:00Z,19.0
2023021216,2024-04-06T02:00:00Z,19.0
2023021231,2024-04-07T22:00:00Z,15.0
2023021250,2024-04-10T02:00:00Z,19.0
2023021254,2024-04-11T02:30:00Z,19.5
2023021267,2024-04-13T01:00:00Z,19.0
2023021286,2024-04-15T00:00:00Z,18.0
2023021306,2024-04-18T02:00:00Z,19.0
2023020006,2023-10-11T23:30:00Z,19.5
2023020021,2023-10-14T23:00:00Z,19.0
2023020062,2023-10-20T02:30:00Z,19.5
2023020079,2023-10-22T02:30:00Z,19.5
2023020092,2023-10-25T00:30:00Z,19.5
2023020119,2023-10-28T23:00:00Z,19.0
2023020130,2023-10-30T23:00:00Z,19.0
2023020145,2023-11-02T23:30:00Z,19.5
2023020161,2023-11-04T23:00:00Z,19.0
2023020178,2023-11-07T01:00:00Z,19.0
2023020193,2023-11-10T00:00:00Z,19.0
2023020212,2023-11-12T00:00:00Z,19.0
2023020229,2023-11-15T00:00:00Z,19.0
2023020258,2023-11-19T00:00:00Z,19.0
2023020273,2023-11-21T00:00:00Z,19.0
2023020282,2023-11-23T00:00:00Z,19.0
2023020293,2023-11-24T18:00:00Z,13.0
2023020308,2023-11-25T18:00:00Z,13.0
2023020321,2023-11-28T00:00:00Z,19.0
2023020340,2023-12-01T00:00:00Z,19.0
2023020364,2023-12-03T00:00:00Z,19.0
2023020371,2023-12-04T00:00:00Z,19.0
2023020392,2023-12-08T00:00:00Z,19.0
2023020443,2023-12-14T00:30:00Z,19.5
2023020457,2023-12-16T00:30:00Z,19.5
2023020462,2023-12-17T00:00:00Z,19.0
2023020484,2023-12-20T00:00:00Z,19.0
2023020512,2023-12-23T01:00:00Z,19.0
2023020518,2023-12-24T00:00:00Z,18.0
2023020532,2023-12-28T00:30:00Z,19.5
2023020557,2023-12-31T00:00:00Z,19.0
2023020565,2023-12-31T22:00:00Z,17.0
2023020574,2024-01-03T00:00:00Z,19.0
2023020589,2024-01-05T00:00:00Z,19.0
2023020607,2024-01-07T00:00:00Z,19.0
2023020624,2024-01-09T02:00:00Z,19.0
2023020650,2024-01-12T03:00:00Z,19.0
2023020667,2024-01-14T01:00:00Z,19.0
2023020671,2024-01-15T18:00:00Z,13.0
2023020692,2024-01-19T00:00:00Z,19.0
2023020710,2024-01-21T00:00:00Z,19.0
2023020724,2024-01-23T00:00:00Z,19.0
2023020741,2024-01-25T00:30:00Z,19.5
2023020749,2024-01-26T00:00:00Z,19.0
2023020759,2024-01-27T17:30:00Z,12.5
2023020783,2024-02-07T00:00:00Z,19.0
2023020794,2024-02-09T00:00:00Z,19.0
2023020808,2024-02-10T20:30:00Z,15.5
2023020823,2024-02-14T00:00:00Z,19.0
2023020837,2024-02-16T00:00:00Z,19.0
2023020853,2024-02-17T17:30:00Z,12.5
2023020867,2024-02-19T18:00:00Z,13.0
2023020888,2024-02-22T03:00:00Z,20.0
2023020896,2024-02-23T02:00:00Z,19.0
2023020911,2024-02-25T00:00:00Z,16.0
2023020926,2024-02-27T03:00:00Z,19.0
2023020941,2024-03-01T00:00:00Z,19.0
2023020957,2024-03-03T00:30:00Z,19.5
2023020978,2024-03-05T00:00:00Z,19.0
2023020981,2024-03-06T00:30:00Z,19.5
2023020993,2024-03-08T00:00:00Z,19.0
2023021012,2024-03-09T20:00:00Z,15.0
2023021027,2024-03-11T23:00:00Z,19.0
2023021049,2024-03-14T23:00:00Z,19.0
2023021064,2024-03-16T23:00:00Z,19.0
2023021082,2024-03-19T23:00:00Z,19.0
2023021098,2024-03-21T23:00:00Z,19.0
2023021114,2024-03-23T17:00:00Z,13.0
2023021136,2024-03-26T23:00:00Z,19.0
2023021149,2024-03-27T23:30:00Z,19.5
2023021176,2024-03-30T23:00:00Z,19.0
2023021194,2024-04-03T00:00:00Z,19.0
2023021202,2024-04-04T23:00:00Z,19.0
2023021218,2024-04-06T19:30:00Z,15.5
2023021239,2024-04-09T23:00:00Z,19.0
2023021279,2024-04-14T00:00:00Z,20.0
2023021291,2024-04-15T23:00:00Z,19.0
2023021295,2024-04-16T23:00:00Z,19.0
2023020010,2023-10-12T23:00:00Z,19.0
2023020027,2023-10-14T23:30:00Z,19.5
2023020040,2023-10-17T23:30:00Z,19.5
2023020051,2023-10-19T23:00:00Z,19.0
2023020067,2023-10-21T23:00:00Z,19.0
2023020082,2023-10-23T23:00:00Z,19.0
2023020085,2023-10-24T22:45:00Z,18.75
2023020113,2023-10-27T23:00:00Z,19.0
2023020126,2023-10-29T17:00:00Z,13.0
2023020141,2023-11-01T23:00:00Z,19.0
2023020157,2023-11-03T23:00:00Z,19.0
2023020165,2023-11-04T23:00:00Z,19.0
2023020180,2023-11-08T00:00:00Z,19.0
2023020204,2023-11-11T00:00:00Z,19.0
2023020217,2023-11-12T00:30:00Z,19.5
2023020252,2023-11-18T01:00:00Z,19.0
2023020270,2023-11-20T00:00:00Z,18.0
2023020285,2023-11-23T00:00:00Z,19.0
2023020301,2023-11-24T23:00:00Z,18.0
2023020310,2023-11-26T00:00:00Z,19.0
2023020322,2023-11-28T00:00:00Z,19.0
2023020348,2023-12-01T01:00:00Z,19.0
2023020360,2023-12-03T00:00:00Z,19.0
2023020372,2023-12-04T00:00:00Z,19.0
2023020380,2023-12-06T00:30:00Z,19.5
2023020411,2023-12-10T00:00:00Z,19.0
2023020445,2023-12-14T03:00:00Z,20.0
2023020460,2023-12-16T03:00:00Z,19.0
2023020485,2023-12-20T00:00:00Z,19.0
2023020498,2023-12-22T00:00:00Z,19.0
2023020522,2023-12-24T00:30:00Z,19.5
2023020556,2023-12-30T22:00:00Z,17.0
2023020566,2023-12-31T23:00:00Z,18.0
2023020590,2024-01-05T00:00:00Z,19.0
2023020612,2024-01-07T00:00:00Z,19.0
2023020625,2024-01-10T00:00:00Z,19.0
2023020638,2024-01-12T00:00:00Z,19.0
2023020654,2024-01-13T21:00:00Z,16.0
2023020672,2024-01-15T17:00:00Z,12.0
2023020691,2024-01-19T00:00:00Z,19.0
2023020706,2024-01-20T17:30:00Z,12.5
2023020745,2024-01-25T03:30:00Z,19.5
2023020762,2024-01-27T21:00:00Z,13.0
2023020784,2024-02-07T00:00:00Z,19.0
2023020804,2024-02-10T18:00:00Z,13.0
2023020824,2024-02-14T00:00:00Z,19.0
2023020838,2024-02-16T00:00:00Z,19.0
2023020854,2024-02-17T22:00:00Z,16.0
2023020884,2024-02-22T00:00:00Z,19.0
2023020900,2024-02-24T00:00:00Z,19.0
2023020918,2024-02-25T23:00:00Z,18.0
2023020928,2024-02-28T00:00:00Z,19.0
2023020945,2024-03-01T00:00:00Z,19.0
2023020960,2024-03-03T00:00:00Z,19.0
2023020971,2024-03-04T00:00:00Z,19.0
2023020990,2024-03-07T00:00:00Z,19.0
2023021000,2024-03-08T01:00:00Z,19.0
2023021009,2024-03-09T17:30:00Z,12.5
2023021031,2024-03-12T23:00:00Z,19.0
2023021045,2024-03-14T23:00:00Z,19.0
2023021059,2024-03-16T16:30:00Z,12.5
2023021081,2024-03-19T02:00:00Z,19.0
2023021093,2024-03-20T02:00:00Z,19.0
2023021104,2024-03-22T01:00:00Z,19.0
2023021132,2024-03-25T01:00:00Z,19.0
2023021148,2024-03-27T23:00:00Z,19.0
2023021164,2024-03-29T23:00:00Z,19.0
2023021170,2024-03-30T23:00:00Z,19.0
2023021189,2024-04-02T23:00:00Z,19.0
2023021211,2024-04-05T23:00:00Z,19.0
2023021228,2024-04-07T17:00:00Z,13.0
2023021246,2024-04-10T00:00:00Z,19.0
2023021255,2024-04-11T23:00:00Z,19.0
2023021273,2024-04-13T21:00:00Z,17.0
2023021290,2024-04-15T23:00:00Z,19.0
2023020007,2023-10-12T02:00:00Z,20.0
2023020025,2023-10-14T23:00:00Z,19.0
2023020039,2023-10-16T23:00:00Z,19.0
2023020063,2023-10-20T23:00:00Z,19.0
2023020080,2023-10-22T21:00:00Z,17.0
2023020096,2023-10-25T01:45:00Z,19.75
2023020109,2023-10-27T01:00:00Z,19.0
2023020129,2023-10-29T23:00:00Z,17.0
2023020142,2023-11-02T00:30:00Z,18.5
2023020170,2023-11-05T02:00:00Z,19.0
2023020186,2023-11-08T02:00:00Z,19.0
2023020207,2023-11-11T00:00:00Z,19.0
2023020213,2023-11-12T00:00:00Z,19.0
2023020231,2023-11-15T00:00:00Z,19.0
2023020247,2023-11-17T02:00:00Z,19.0
2023020260,2023-11-19T00:00:00Z,17.0
2023020277,2023-11-21T03:00:00Z,19.0
2023020288,2023-11-23T02:00:00Z,20.0
2023020305,2023-11-25T01:30:00Z,19.5
2023020313,2023-11-26T03:00:00Z,20.0
2023020325,2023-11-28T02:30:00Z,19.5
2023020351,2023-12-01T02:00:00Z,19.0
2023020367,2023-12-03T03:00:00Z,20.0
2023020385,2023-12-06T02:00:00Z,19.0
2023020401,2023-12-08T02:00:00Z,19.0
2023020409,2023-12-09T21:00:00Z,14.0
2023020431,2023-12-12T02:30:00Z,19.5
2023020440,2023-12-13T03:00:00Z,19.0
2023020450,2023-12-15T01:00:00Z,19.0
2023020471,2023-12-17T03:00:00Z,20.0
2023020483,2023-12-19T02:30:00Z,19.5
2023020526,2023-12-24T03:00:00Z,19.0
2023020539,2023-12-28T02:30:00Z,19.5
2023020570,2024-01-01T01:00:00Z,18.0
2023020578,2024-01-03T01:00:00Z,19.0
2023020595,2024-01-05T01:00:00Z,19.0
2023020605,2024-01-06T18:00:00Z,13.0
2023020617,2024-01-07T20:00:00Z,14.0
2023020634,2024-01-10T02:00:00Z,19.0
2023020668,2024-01-14T03:00:00Z,19.0
2023020697,2024-01-19T02:00:00Z,19.0
2023020714,2024-01-21T03:00:00Z,20.0
2023020735,2024-01-24T02:00:00Z,19.0
2023020753,2024-01-26T02:00:00Z,19.0
2023020771,2024-01-28T03:00:00Z,20.0
2023020796,2024-02-09T00:00:00Z,19.0
2023020807,2024-02-10T18:00:00Z,13.0
2023020820,2024-02-13T00:00:00Z,19.0
2023020846,2024-02-16T02:00:00Z,19.0
2023020852,2024-02-17T21:00:00Z,14.0
2023020872,2024-02-19T21:00:00Z,14.0
2023020912,2024-02-25T03:00:00Z,20.0
2023020935,2024-02-28T02:00:00Z,19.0
2023020968,2024-03-03T03:00:00Z,20.0
2023020980,2024-03-05T02:30:00Z,19.5
2023020999,2024-03-08T00:00:00Z,19.0
2023021013,2024-03-09T21:00:00Z,16.0
2023021024,2024-03-10T21:00:00Z,17.0
2023021039,2024-03-13T01:00:00Z,19.0
2023021055,2024-03-15T01:00:00Z,19.0
2023021066,2024-03-16T23:00:00Z,17.0
2023021080,2024-03-19T00:30:00Z,18.5
2023021120,2024-03-24T02:00:00Z,19.0
2023021143,2024-03-27T00:30:00Z,19.5
2023021157,2024-03-29T00:00:00Z,19.0
2023021178,2024-03-31T02:00:00Z,20.0
2023021209,2024-04-05T00:00:00Z,19.0
2023021226,2024-04-07T02:00:00Z,20.0
2023021251,2024-04-10T02:30:00Z,19.5
2023021264,2024-04-12T02:30:00Z,19.5
2023021302,2024-04-17T02:00:00Z,19.0
2023021309,2024-04-19T01:00:00Z,19.0
2023020004,2023-10-11T23:00:00Z,19.0
2023020032,2023-10-15T02:30:00Z,19.5
2023020047,2023-10-18T02:30:00Z,19.5
2023020060,2023-10-20T02:00:00Z,19.0
2023020076,2023-10-22T01:00:00Z,19.0
2023020086,2023-10-24T23:00:00Z,19.0
2023020101,2023-10-26T23:00:00Z,19.0
2023020112,2023-10-27T23:00:00Z,19.0
2023020131,2023-10-30T23:00:00Z,19.0
2023020148,2023-11-02T23:00:00Z,19.0
2023020167,2023-11-04T23:30:00Z,19.5
2023020205,2023-11-11T00:00:00Z,19.0
2023020214,2023-11-12T00:00:00Z,19.0
2023020238,2023-11-16T00:30:00Z,19.5
2023020259,2023-11-19T00:00:00Z,19.0
2023020279,2023-11-23T00:00:00Z,19.0
2023020303,2023-11-25T01:00:00Z,20.0
2023020318,2023-11-26T22:00:00Z,17.0
2023020328,2023-11-29T00:30:00Z,19.5
2023020341,2023-12-01T00:30:00Z,19.5
2023020377,2023-12-05T00:30:00Z,18.5
2023020391,2023-12-07T02:30:00Z,19.5
2023020419,2023-12-10T03:00:00Z,19.0
2023020433,2023-12-13T00:00:00Z,19.0
2023020447,2023-12-15T00:30:00Z,19.5
2023020455,2023-12-16T00:30:00Z,19.5
2023020475,2023-12-17T23:00:00Z,18.0
2023020486,2023-12-20T00:00:00Z,19.0
2023020503,2023-12-22T00:00:00Z,19.0
2023020516,2023-12-24T00:30:00Z,19.5
2023020535,2023-12-28T01:00:00Z,19.0
2023020542,2023-12-29T00:00:00Z,19.0
2023020561,2023-12-31T00:00:00Z,19.0
2023020575,2024-01-03T00:00:00Z,19.0
2023020603,2024-01-06T00:00:00Z,19.0
2023020608,2024-01-07T01:00:00Z,20.0
2023020657,2024-01-14T00:00:00Z,19.0
2023020675,2024-01-15T20:00:00Z,15.0
2023020702,2024-01-20T00:00:00Z,19.0
2023020719,2024-01-21T22:00:00Z,17.0
2023020746,2024-01-26T00:30:00Z,19.5
2023020785,2024-02-07T00:00:00Z,19.0
2023020799,2024-02-09T00:00:00Z,19.0
2023020810,2024-02-11T00:00:00Z,19.0
2023020830,2024-02-14T01:00:00Z,19.0
2023020862,2024-02-18T03:30:00Z,19.5
2023020874,2024-02-20T00:00:00Z,19.0
2023020889,2024-02-23T00:00:00Z,19.0
2023020907,2024-02-25T01:00:00Z,20.0
2023020932,2024-02-28T01:00:00Z,19.0
2023020942,2024-03-01T00:00:00Z,19.0
2023020956,2024-03-02T17:30:00Z,12.5
2023020994,2024-03-08T00:00:00Z,19.0
2023021011,2024-03-09T17:30:00Z,12.5
2023021032,2024-03-12T23:00:00Z,19.0
2023021046,2024-03-14T23:00:00Z,19.0
2023021067,2024-03-16T23:00:00Z,19.0
2023021077,2024-03-17T22:00:00Z,18.0
2023021087,2024-03-19T23:30:00Z,19.5
2023021099,2024-03-21T23:00:00Z,19.0
2023021109,2024-03-22T23:00:00Z,19.0
2023021127,2024-03-24T22:00:00Z,18.0
2023021138,2024-03-26T23:00:00Z,19.0
2023021150,2024-03-28T23:30:00Z,19.5
2023021172,2024-03-30T23:00:00Z,19.0
2023021212,2024-04-05T23:00:00Z,19.0
2023021230,2024-04-07T21:00:00Z,17.0
2023021265,2024-04-13T00:00:00Z,19.0
2023021285,2024-04-14T22:00:00Z,17.0
2023021296,2024-04-16T23:00:00Z,19.0
2023020002,2023-10-11T00:00:00Z,20.0
2023020024,2023-10-14T23:00:00Z,19.0
2023020038,2023-10-16T23:00:00Z,19.0
2023020061,2023-10-20T02:30:00Z,20.5
2023020071,2023-10-22T00:00:00Z,19.0
2023020111,2023-10-27T22:00:00Z,15.0
2023020168,2023-11-05T00:00:00Z,19.0
2023020174,2023-11-06T00:00:00Z,18.0
2023020198,2023-11-10T00:00:00Z,19.0
2023020222,2023-11-12T18:00:00Z,13.0
2023020246,2023-11-17T01:00:00Z,19.0
2023020256,2023-11-18T19:00:00Z,13.0
2023020280,2023-11-23T00:00:00Z,19.0
2023020295,2023-11-24T19:00:00Z,13.0
2023020317,2023-11-26T19:00:00Z,13.0
2023020333,2023-11-29T01:30:00Z,19.5
2023020342,2023-12-01T00:00:00Z,19.0
2023020357,2023-12-02T20:00:00Z,14.0
2023020369,2023-12-03T19:00:00Z,13.0
2023020384,2023-12-06T01:30:00Z,19.5
2023020416,2023-12-10T01:00:00Z,19.0
2023020422,2023-12-11T00:00:00Z,18.0
2023020437,2023-12-13T03:00:00Z,20.0
2023020453,2023-12-15T03:00:00Z,19.0
2023020474,2023-12-17T20:00:00Z,14.0
2023020492,2023-12-20T01:30:00Z,19.5
2023020513,2023-12-23T01:30:00Z,19.5
2023020524,2023-12-24T01:00:00Z,19.0
2023020538,2023-12-28T02:00:00Z,20.0
2023020551,2023-12-30T01:00:00Z,19.0
2023020572,2024-01-01T01:00:00Z,19.0
2023020579,2024-01-03T01:00:00Z,19.0
2023020591,2024-01-05T00:00:00Z,19.0
2023020602,2024-01-06T00:00:00Z,19.0
2023020632,2024-01-10T01:30:00Z,19.5
2023020648,2024-01-12T01:00:00Z,19.0
2023020664,2024-01-14T01:00:00Z,19.0
2023020686,2024-01-17T01:30:00Z,19.5
2023020705,2024-01-20T01:30:00Z,19.5
2023020728,2024-01-23T03:00:00Z,19.0
2023020743,2024-01-25T03:00:00Z,19.0
2023020754,2024-01-26T02:00:00Z,19.0
2023020793,2024-02-08T02:30:00Z,20.5
2023020802,2024-02-10T01:30:00Z,19.5
2023020832,2024-02-14T01:30:00Z,19.5
2023020845,2024-02-16T01:30:00Z,19.5
2023020851,2024-02-17T20:00:00Z,14.0
2023020885,2024-02-22T00:30:00Z,18.5
2023020901,2024-02-24T01:30:00Z,19.5
2023020920,2024-02-25T23:00:00Z,17.0
2023020949,2024-03-01T02:00:00Z,20.0
2023020965,2024-03-03T01:00:00Z,19.0
2023020979,2024-03-05T02:00:00Z,19.0
2023021017,2024-03-10T00:00:00Z,19.0
2023021058,2024-03-16T00:30:00Z,19.5
2023021076,2024-03-17T22:00:00Z,17.0
2023021092,2024-03-20T02:00:00Z,19.0
2023021122,2024-03-24T02:30:00Z,19.5
2023021153,2024-03-28T23:00:00Z,19.0
2023021173,2024-03-30T23:00:00Z,19.0
2023021192,2024-04-02T23:30:00Z,19.5
2023021220,2024-04-06T19:30:00Z,14.5
2023021229,2024-04-07T19:30:00Z,14.5
2023021252,2024-04-11T00:00:00Z,19.0
2023021266,2024-04-13T00:30:00Z,19.5
2023021301,2024-04-17T02:00:00Z,19.0
2023021312,2024-04-19T02:30:00Z,19.5
2023020008,2023-10-12T02:00:00Z,19.0
2023020030,2023-10-15T02:00:00Z,19.0
2023020046,2023-10-18T02:00:00Z,19.0
2023020090,2023-10-25T00:00:00Z,20.0
2023020105,2023-10-26T23:00:00Z,19.0
2023020143,2023-11-02T01:30:00Z,19.5
2023020173,2023-11-05T02:00:00Z,19.0
2023020188,2023-11-08T03:00:00Z,20.0
2023020201,2023-11-10T02:00:00Z,19.0
2023020219,2023-11-12T02:00:00Z,19.0
2023020228,2023-11-14T03:00:00Z,19.0
2023020264,2023-11-19T01:00:00Z,19.0
2023020275,2023-11-21T01:00:00Z,19.0
2023020291,2023-11-23T03:00:00Z,20.0
2023020306,2023-11-25T01:30:00Z,19.5
2023020324,2023-11-28T02:00:00Z,19.0
2023020373,2023-12-04T01:00:00Z,17.0
2023020402,2023-12-08T02:00:00Z,19.0
2023020417,2023-12-10T02:00:00Z,19.0
2023020467,2023-12-17T00:00:00Z,18.0
2023020477,2023-12-18T01:00:00Z,18.0
2023020507,2023-12-22T02:00:00Z,19.0
2023020552,2023-12-30T01:00:00Z,19.0
2023020571,2024-01-01T01:00:00Z,18.0
2023020582,2024-01-03T02:00:00Z,19.0
2023020593,2024-01-05T01:00:00Z,19.0
2023020606,2024-01-06T21:00:00Z,14.0
2023020637,2024-01-11T03:00:00Z,20.0
2023020662,2024-01-14T00:00:00Z,19.0
2023020678,2024-01-16T00:00:00Z,19.0
2023020682,2024-01-17T00:00:00Z,19.0
2023020707,2024-01-20T18:00:00Z,13.0
2023020742,2024-01-25T02:30:00Z,19.5
2023020757,2024-01-27T02:00:00Z,19.0
2023020781,2024-02-06T00:00:00Z,19.0
2023020787,2024-02-07T00:30:00Z,19.5
2023020809,2024-02-10T23:00:00Z,18.0
2023020828,2024-02-14T00:00:00Z,19.0
2023020842,2024-02-16T00:00:00Z,19.0
2023020881,2024-02-21T02:00:00Z,19.0
2023020890,2024-02-23T00:00:00Z,19.0
2023020908,2024-02-25T00:00:00Z,17.0
2023020936,2024-02-28T02:30:00Z,19.5
2023020959,2024-03-02T23:00:00Z,17.0
2023020991,2024-03-07T02:30:00Z,19.5
2023021006,2024-03-09T02:00:00Z,19.0
2023021044,2024-03-14T02:30:00Z,19.5
2023021070,2024-03-17T02:00:00Z,20.0
2023021089,2024-03-20T00:00:00Z,19.0
2023021111,2024-03-23T01:00:00Z,19.0
2023021125,2024-03-24T18:00:00Z,12.0
2023021144,2024-03-27T01:00:00Z,19.0
2023021159,2024-03-29T01:00:00Z,19.0
2023021169,2024-03-30T22:00:00Z,16.0
2023021181,2024-04-01T23:00:00Z,19.0
2023021207,2024-04-05T00:00:00Z,19.0
2023021214,2024-04-06T01:00:00Z,19.0
2023021236,2024-04-08T02:00:00Z,20.0
2023021248,2024-04-10T01:30:00Z,19.5
2023021272,2024-04-13T20:00:00Z,14.0
2023021284,2024-04-14T19:30:00Z,12.5
2023021310,2024-04-19T01:30:00Z,19.5
2023020011,2023-10-12T23:00:00Z,19.0
2023020022,2023-10-14T23:00:00Z,19.0
2023020035,2023-10-16T23:00:00Z,19.0
2023020073,2023-10-22T00:00:00Z,19.0
2023020103,2023-10-26T23:00:00Z,19.0
2023020120,2023-10-28T23:00:00Z,19.0
2023020136,2023-10-31T00:00:00Z,19.0
2023020146,2023-11-02T23:00:00Z,19.0
2023020166,2023-11-04T23:00:00Z,19.0
2023020176,2023-11-07T00:00:00Z,19.0
2023020194,2023-11-10T00:30:00Z,19.5
2023020210,2023-11-11T18:00:00Z,13.0
2023020225,2023-11-13T00:00:00Z,19.0
2023020230,2023-11-15T00:00:00Z,19.0
2023020263,2023-11-19T00:30:00Z,19.5
2023020268,2023-11-19T22:30:00Z,17.5
2023020296,2023-11-24T20:00:00Z,15.0
2023020337,2023-11-30T00:00:00Z,19.0
2023020354,2023-12-02T00:00:00Z,19.0
2023020381,2023-12-06T00:00:00Z,19.0
2023020397,2023-12-08T00:30:00Z,19.5
2023020405,2023-12-09T00:00:00Z,19.0
2023020420,2023-12-10T18:00:00Z,13.0
2023020449,2023-12-15T00:00:00Z,19.0
2023020463,2023-12-17T00:00:00Z,19.0
2023020499,2023-12-22T00:00:00Z,19.0
2023020517,2023-12-24T00:00:00Z,19.0
2023020528,2023-12-28T00:00:00Z,19.0
2023020546,2023-12-30T00:00:00Z,19.0
2023020592,2024-01-05T00:00:00Z,19.0
2023020609,2024-01-07T00:00:00Z,19.0
2023020631,2024-01-10T01:00:00Z,19.0
2023020658,2024-01-14T00:00:00Z,19.0
2023020673,2024-01-15T18:00:00Z,13.0
2023020703,2024-01-20T00:00:00Z,19.0
2023020736,2024-01-24T02:00:00Z,19.0
2023020772,2024-01-28T03:00:00Z,19.0
2023020774,2024-01-29T02:00:00Z,18.0
2023020776,2024-01-31T01:00:00Z,19.0
2023020811,2024-02-11T00:00:00Z,19.0
2023020826,2024-02-14T00:00:00Z,19.0
2023020861,2024-02-18T03:30:00Z,19.5
2023020883,2024-02-21T03:30:00Z,19.5
2023020919,2024-02-25T23:00:00Z,18.0
2023020939,2024-02-29T00:00:00Z,19.0
2023020975,2024-03-05T00:00:00Z,19.0
2023020983,2024-03-06T00:00:00Z,19.0
2023020995,2024-03-08T00:00:00Z,19.0
2023021010,2024-03-09T17:30:00Z,12.5
2023021033,2024-03-12T23:00:00Z,19.0
2023021047,2024-03-14T23:00:00Z,19.0
2023021065,2024-03-16T23:00:00Z,19.0
2023021075,2024-03-17T22:00:00Z,18.0
2023021083,2024-03-19T23:00:00Z,19.0
2023021123,2024-03-24T02:30:00Z,19.5
2023021154,2024-03-28T23:00:00Z,19.0
2023021171,2024-03-30T23:00:00Z,19.0
2023021203,2024-04-04T23:00:00Z,19.0
2023021222,2024-04-06T23:00:00Z,19.0
2023021245,2024-04-09T23:00:00Z,19.0
2023021256,2024-04-11T23:00:00Z,19.0
2023021278,2024-04-14T00:00:00Z,19.0
2023020013,2023-10-13T00:00:00Z,19.0
2023020048,2023-10-18T02:30:00Z,19.5
2023020072,2023-10-22T00:00:00Z,19.0
2023020088,2023-10-24T23:30:00Z,19.5
2023020108,2023-10-27T00:00:00Z,19.0
2023020152,2023-11-03T01:00:00Z,19.0
2023020172,2023-11-05T02:00:00Z,19.0
2023020211,2023-11-11T20:00:00Z,14.0
2023020223,2023-11-12T23:00:00Z,17.0
2023020274,2023-11-21T01:00:00Z,19.0
2023020289,2023-11-23T02:30:00Z,20.5
2023020332,2023-11-29T01:00:00Z,19.0
2023020356,2023-12-02T19:00:00Z,13.0
2023020375,2023-12-05T00:00:00Z,19.0
2023020388,2023-12-07T00:00:00Z,19.0
2023020396,2023-12-08T01:00:00Z,20.0
2023020410,2023-12-09T21:00:00Z,15.0
2023020430,2023-12-12T01:00:00Z,19.0
2023020458,2023-12-16T01:00:00Z,19.0
2023020469,2023-12-17T01:00:00Z,19.0
2023020482,2023-12-19T01:00:00Z,19.0
2023020505,2023-12-22T01:00:00Z,19.0
2023020515,2023-12-23T19:00:00Z,13.0
2023020536,2023-12-28T01:00:00Z,19.0
2023020577,2024-01-03T01:00:00Z,19.0
2023020614,2024-01-07T01:00:00Z,19.0
2023020623,2024-01-09T01:00:00Z,19.0
2023020636,2024-01-11T00:30:00Z,18.5
2023020651,2024-01-13T01:00:00Z,19.0
2023020684,2024-01-17T01:00:00Z,19.0
2023020694,2024-01-19T00:00:00Z,19.0
2023020711,2024-01-21T00:00:00Z,19.0
2023020721,2024-01-22T00:30:00Z,19.5
2023020730,2024-01-24T00:00:00Z,19.0
2023020760,2024-01-27T19:00:00Z,13.0
2023020792,2024-02-08T00:00:00Z,19.0
2023020806,2024-02-10T18:00:00Z,13.0
2023020847,2024-02-16T01:00:00Z,19.0
2023020850,2024-02-17T20:00:00Z,14.0
2023020877,2024-02-21T00:00:00Z,19.0
2023020892,2024-02-23T00:00:00Z,19.0
2023020924,2024-02-27T01:00:00Z,19.0
2023020947,2024-03-01T01:00:00Z,19.0
2023020966,2024-03-03T01:00:00Z,19.0
2023020989,2024-03-06T03:30:00Z,19.5
2023021021,2024-03-10T03:30:00Z,19.5
2023021036,2024-03-13T00:00:00Z,19.0
2023021053,2024-03-15T00:00:00Z,19.0
2023021068,2024-03-17T00:00:00Z,19.0
2023021110,2024-03-23T00:00:00Z,19.0
2023021147,2024-03-27T02:30:00Z,19.5
2023021163,2024-03-29T02:00:00Z,19.0
2023021179,2024-03-31T02:00:00Z,19.0
2023021199,2024-04-04T01:30:00Z,20.5
2023021262,2024-04-12T00:00:00Z,19.0
2023021271,2024-04-13T19:00:00Z,14.0
2023021305,2024-04-18T01:30:00Z,20.5
2023020012,2023-10-12T23:30:00Z,19.5
2023020023,2023-10-14T23:00:00Z,19.0
2023020050,2023-10-18T23:30:00Z,19.5
2023020065,2023-10-21T17:00:00Z,13.0
2023020091,2023-10-25T00:15:00Z,20.25
2023020102,2023-10-26T23:00:00Z,19.0
2023020134,2023-10-30T23:30:00Z,19.5
2023020147,2023-11-02T23:00:00Z,19.0
2023020183,2023-11-08T00:30:00Z,19.5
2023020195,2023-11-10T00:00:00Z,19.0
2023020242,2023-11-16T19:00:00Z,20.0
2023020251,2023-11-17T19:00:00Z,20.0
2023020281,2023-11-23T00:00:00Z,19.0
2023020316,2023-11-26T18:00:00Z,13.0
2023020338,2023-11-30T00:30:00Z,19.5
2023020361,2023-12-03T00:00:00Z,19.0
2023020393,2023-12-08T00:00:00Z,19.0
2023020412,2023-12-10T00:00:00Z,19.0
2023020436,2023-12-13T00:30:00Z,18.5
2023020465,2023-12-17T00:00:00Z,19.0
2023020495,2023-12-21T00:30:00Z,18.5
2023020510,2023-12-23T00:00:00Z,19.0
2023020519,2023-12-24T00:00:00Z,19.0
2023020534,2023-12-28T01:00:00Z,19.0
2023020547,2023-12-30T00:00:00Z,19.0
2023020586,2024-01-03T03:30:00Z,19.5
2023020600,2024-01-05T03:30:00Z,19.5
2023020640,2024-01-12T00:00:00Z,19.0
2023020659,2024-01-14T00:00:00Z,19.0
2023020670,2024-01-15T00:30:00Z,19.5
2023020689,2024-01-18T00:00:00Z,19.0
2023020720,2024-01-22T00:00:00Z,19.0
2023020747,2024-01-26T00:00:00Z,19.0
2023020764,2024-01-28T01:00:00Z,20.0
2023020778,2024-02-01T00:00:00Z,19.0
2023020805,2024-02-10T18:00:00Z,13.0
2023020833,2024-02-14T02:00:00Z,19.0
2023020848,2024-02-16T03:00:00Z,19.0
2023020870,2024-02-19T20:30:00Z,12.5
2023020909,2024-02-24T17:00:00Z,12.0
2023020927,2024-02-28T00:00:00Z,19.0
2023020943,2024-03-01T00:00:00Z,19.0
2023020961,2024-03-02T20:00:00Z,15.0
2023021020,2024-03-10T03:00:00Z,19.0
2023021078,2024-03-17T22:00:00Z,18.0
2023021100,2024-03-21T23:00:00Z,19.0
2023021116,2024-03-23T21:00:00Z,16.0
2023021140,2024-03-26T23:00:00Z,19.0
2023021165,2024-03-30T16:30:00Z,12.5
2023021184,2024-04-01T23:00:00Z,19.0
2023021213,2024-04-05T23:00:00Z,19.0
2023021240,2024-04-09T23:00:00Z,19.0
2023021258,2024-04-11T23:00:00Z,19.0
2023021277,2024-04-13T23:00:00Z,19.0
2023021287,2024-04-15T23:00:00Z,19.0
2023021298,2024-04-16T23:00:00Z,19.0
2023020009,2023-10-12T02:00:00Z,19.0
2023020029,2023-10-15T02:00:00Z,20.0
2023020044,2023-10-18T00:00:00Z,19.0
2023020054,2023-10-19T23:30:00Z,19.5
2023020077,2023-10-22T02:00:00Z,20.0
2023020094,2023-10-25T01:00:00Z,20.0
2023020110,2023-10-27T01:00:00Z,19.0
2023020159,2023-11-04T19:00:00Z,13.0
2023020179,2023-11-07T03:00:00Z,19.0
2023020203,2023-11-10T03:30:00Z,19.5
2023020220,2023-11-12T03:00:00Z,19.0
2023020227,2023-11-14T01:30:00Z,18.5
2023020239,2023-11-16T01:30:00Z,18.5
2023020257,2023-11-18T21:00:00Z,16.0
2023020272,2023-11-21T00:00:00Z,19.0
2023020298,2023-11-24T20:00:00Z,15.0
2023020335,2023-11-29T02:00:00Z,19.0
2023020349,2023-12-01T01:00:00Z,19.0
2023020407,2023-12-09T02:00:00Z,19.0
2023020421,2023-12-10T21:00:00Z,14.0
2023020452,2023-12-15T02:00:00Z,19.0
2023020472,2023-12-17T03:00:00Z,20.0
2023020490,2023-12-20T00:30:00Z,19.5
2023020501,2023-12-22T00:30:00Z,19.5
2023020511,2023-12-23T00:30:00Z,19.5
2023020545,2023-12-29T03:30:00Z,19.5
2023020563,2023-12-31T03:00:00Z,19.0
2023020583,2024-01-03T02:00:00Z,19.0
2023020615,2024-01-07T03:00:00Z,20.0
2023020660,2024-01-14T00:00:00Z,19.0
2023020688,2024-01-17T02:00:00Z,19.0
2023020698,2024-01-19T02:00:00Z,19.0
2023020761,2024-01-27T21:00:00Z,14.0
2023020790,2024-02-07T03:00:00Z,19.0
2023020816,2024-02-11T03:00:00Z,19.0
2023020844,2024-02-16T01:00:00Z,19.0
2023020902,2024-02-24T02:00:00Z,19.0
2023020925,2024-02-27T02:30:00Z,19.5
2023020940,2024-02-29T01:30:00Z,18.5
2023020958,2024-03-02T21:00:00Z,13.0
2023020974,2024-03-04T02:00:00Z,19.0
2023021022,2024-03-10T17:00:00Z,13.0
2023021043,2024-03-14T02:00:00Z,20.0
2023021090,2024-03-20T01:00:00Z,19.0
2023021118,2024-03-23T23:00:00Z,19.0
2023021128,2024-03-24T22:00:00Z,18.0
2023021142,2024-03-27T00:00:00Z,19.0
2023021160,2024-03-29T01:00:00Z,19.0
2023021186,2024-04-02T01:00:00Z,20.0
2023021253,2024-04-11T00:30:00Z,18.5
2023021280,2024-04-14T02:00:00Z,20.0
2023021293,2024-04-16T01:30:00Z,19.5
2023020014,2023-10-13T00:00:00Z,19.0
2023020020,2023-10-14T20:00:00Z,15.0
2023020036,2023-10-16T23:00:00Z,19.0
2023020052,2023-10-19T23:00:00Z,19.0
2023020068,2023-10-21T23:00:00Z,19.0
2023020089,2023-10-24T23:45:00Z,19.75
2023020118,2023-10-28T22:00:00Z,18.0
2023020191,2023-11-09T00:30:00Z,19.5
2023020237,2023-11-15T03:30:00Z,19.5
2023020249,2023-11-17T03:30:00Z,19.5
2023020304,2023-11-25T01:00:00Z,20.0
2023020323,2023-11-28T00:00:00Z,19.0
2023020329,2023-11-29T00:00:00Z,19.0
2023020343,2023-12-01T00:00:00Z,19.0
2023020359,2023-12-02T23:00:00Z,18.0
2023020406,2023-12-09T00:00:00Z,19.0
2023020438,2023-12-13T03:00:00Z,19.0
2023020454,2023-12-15T03:00:00Z,19.0
2023020500,2023-12-22T00:00:00Z,19.0
2023020514,2023-12-23T20:00:00Z,15.0
2023020530,2023-12-28T00:00:00Z,19.0
2023020548,2023-12-30T00:00:00Z,19.0
2023020558,2023-12-31T00:00:00Z,19.0
2023020599,2024-01-05T03:00:00Z,19.0
2023020630,2024-01-10T01:00:00Z,19.0
2023020641,2024-01-12T00:00:00Z,19.0
2023020656,2024-01-13T23:00:00Z,18.0
2023020704,2024-01-20T00:00:00Z,19.0
2023020726,2024-01-23T01:00:00Z,19.0
2023020756,2024-01-27T00:00:00Z,19.0
2023020769,2024-01-28T00:30:00Z,19.5
2023020786,2024-02-07T00:00:00Z,19.0
2023020795,2024-02-09T00:00:00Z,19.0
2023020834,2024-02-15T00:30:00Z,19.5
2023020856,2024-02-17T22:00:00Z,17.0
2023020876,2024-02-21T00:00:00Z,19.0
2023020906,2024-02-24T23:00:00Z,18.0
2023020944,2024-03-01T00:00:00Z,19.0
2023020976,2024-03-05T00:00:00Z,19.0
2023020982,2024-03-06T00:00:00Z,19.0
2023020996,2024-03-08T00:00:00Z,19.0
2023021063,2024-03-16T22:00:00Z,18.0
2023021101,2024-03-21T23:30:00Z,19.5
2023021119,2024-03-24T00:00:00Z,20.0
2023021129,2024-03-24T22:00:00Z,18.0
2023021151,2024-03-28T23:00:00Z,19.0
2023021185,2024-04-01T23:00:00Z,19.0
2023021190,2024-04-02T23:00:00Z,19.0
2023021205,2024-04-04T23:00:00Z,19.0
2023021241,2024-04-09T23:00:00Z,19.0
2023021297,2024-04-16T23:30:00Z,19.5
2023020045,2023-10-18T00:00:00Z,19.0
2023020056,2023-10-20T00:00:00Z,19.0
2023020125,2023-10-29T02:30:00Z,19.5
2023020139,2023-11-01T00:00:00Z,20.0
2023020149,2023-11-02T23:00:00Z,19.0
2023020163,2023-11-04T23:30:00Z,19.5
2023020192,2023-11-09T03:00:00Z,19.0
2023020202,2023-11-10T03:30:00Z,19.5
2023020221,2023-11-12T03:30:00Z,19.5
2023020266,2023-11-19T03:30:00Z,19.5
2023020309,2023-11-25T21:00:00Z,13.0
2023020339,2023-11-30T03:30:00Z,19.5
2023020394,2023-12-08T00:00:00Z,19.0
2023020415,2023-12-10T00:30:00Z,19.5
2023020424,2023-12-11T00:00:00Z,19.0
2023020446,2023-12-14T03:30:00Z,19.5
2023020473,2023-12-17T03:00:00Z,19.0
2023020494,2023-12-20T03:30:00Z,19.5
2023020497,2023-12-21T03:00:00Z,19.0
2023020541,2023-12-28T03:00:00Z,19.0
2023020544,2023-12-29T03:00:00Z,19.0
2023020585,2024-01-03T03:30:00Z,19.5
2023020618,2024-01-07T20:00:00Z,15.0
2023020626,2024-01-10T00:00:00Z,19.0
2023020699,2024-01-19T03:00:00Z,19.0
2023020717,2024-01-21T03:30:00Z,19.5
2023020729,2024-01-23T03:30:00Z,19.5
2023020773,2024-01-28T19:00:00Z,13.0
2023020779,2024-02-01T00:30:00Z,18.5
2023020839,2024-02-16T00:00:00Z,19.0
2023020865,2024-02-18T23:00:00Z,18.0
2023020899,2024-02-23T03:30:00Z,19.5
2023020951,2024-03-01T03:00:00Z,19.0
2023020970,2024-03-03T20:30:00Z,12.5
2023020988,2024-03-06T03:30:00Z,19.5
2023021003,2024-03-08T03:30:00Z,19.5
2023021030,2024-03-12T02:30:00Z,19.5
2023021041,2024-03-13T23:30:00Z,18.5
2023021097,2024-03-21T02:00:00Z,19.0
2023021121,2024-03-24T02:30:00Z,19.5
2023021135,2024-03-26T01:00:00Z,18.0
2023021187,2024-04-02T01:00:00Z,20.0
2023021201,2024-04-04T01:30:00Z,18.5
2023021210,2024-04-05T02:30:00Z,19.5
2023021227,2024-04-07T02:00:00Z,19.0
2023021294,2024-04-16T01:30:00Z,18.5
2023020026,2023-10-14T23:00:00Z,19.0
2023020041,2023-10-17T23:00:00Z,19.0
2023020104,2023-10-26T23:30:00Z,19.5
2023020114,2023-10-27T23:00:00Z,19.0
2023020127,2023-10-29T21:00:00Z,17.0
2023020151,2023-11-03T00:00:00Z,19.0
2023020169,2023-11-05T00:00:00Z,19.0
2023020182,2023-11-08T00:30:00Z,19.5
2023020196,2023-11-10T00:00:00Z,19.0
2023020254,2023-11-18T16:00:00Z,17.0
2023020267,2023-11-19T13:00:00Z,14.0
2023020330,2023-11-29T01:00:00Z,19.0
2023020347,2023-12-01T01:00:00Z,19.0
2023020404,2023-12-08T03:00:00Z,19.0
2023020426,2023-12-11T02:00:00Z,18.0
2023020461,2023-12-16T19:00:00Z,13.0
2023020480,2023-12-19T00:00:00Z,19.0
2023020506,2023-12-22T01:00:00Z,19.0
2023020555,2023-12-30T19:00:00Z,13.0
2023020564,2023-12-31T19:00:00Z,13.0
2023020594,2024-01-05T01:00:00Z,19.0
2023020652,2024-01-13T01:00:00Z,19.0
2023020676,2024-01-15T23:00:00Z,17.0
2023020695,2024-01-19T00:00:00Z,19.0
2023020734,2024-01-24T01:00:00Z,19.0
2023020752,2024-01-26T01:00:00Z,19.0
2023020801,2024-02-10T01:00:00Z,19.0
2023020822,2024-02-13T03:00:00Z,19.0
2023020869,2024-02-19T19:00:00Z,13.0
2023020880,2024-02-21T01:00:00Z,19.0
2023020913,2024-02-25T03:00:00Z,19.0
2023020948,2024-03-01T01:00:00Z,19.0
2023020967,2024-03-02T23:00:00Z,17.0
2023020972,2024-03-04T00:00:00Z,18.0
2023021023,2024-03-10T19:30:00Z,14.5
2023021069,2024-03-17T00:00:00Z,19.0
2023021115,2024-03-23T18:00:00Z,13.0
2023021156,2024-03-29T00:00:00Z,19.0
2023021166,2024-03-30T19:30:00Z,14.5
2023021193,2024-04-03T00:00:00Z,19.0
2023021219,2024-04-06T20:00:00Z,15.0
2023021269,2024-04-13T02:00:00Z,19.0
2023021282,2024-04-14T02:30:00Z,19.5
2023021307,2024-04-18T23:00:00Z,18.0
2023020005,2023-10-11T23:00:00Z,19.0
2023020069,2023-10-21T23:00:00Z,19.0
2023020087,2023-10-24T23:15:00Z,19.25
2023020121,2023-10-28T23:00:00Z,19.0
2023020138,2023-10-31T02:00:00Z,19.0
2023020164,2023-11-04T23:00:00Z,18.0
2023020181,2023-11-08T00:00:00Z,19.0
2023020224,2023-11-13T00:00:00Z,19.0
2023020244,2023-11-17T00:00:00Z,19.0
2023020300,2023-11-24T20:30:00Z,12.5
2023020376,2023-12-05T00:30:00Z,19.5
2023020423,2023-12-11T00:00:00Z,19.0
2023020442,2023-12-14T00:00:00Z,19.0
2023020464,2023-12-17T00:00:00Z,19.0
2023020481,2023-12-19T00:30:00Z,18.5
2023020568,2024-01-01T00:00:00Z,19.0
2023020610,2024-01-07T00:00:00Z,19.0
2023020635,2024-01-11T00:00:00Z,19.0
2023020642,2024-01-12T00:00:00Z,19.0
2023020690,2024-01-18T00:00:00Z,19.0
2023020693,2024-01-19T00:00:00Z,19.0
2023020731,2024-01-24T00:00:00Z,19.0
2023020748,2024-01-26T00:00:00Z,19.0
2023020766,2024-01-28T00:00:00Z,19.0
2023020789,2024-02-07T00:00:00Z,19.0
2023020817,2024-02-11T18:00:00Z,13.0
2023020840,2024-02-16T00:00:00Z,19.0
2023020857,2024-02-18T00:00:00Z,19.0
2023020893,2024-02-23T00:00:00Z,19.0
2023020903,2024-02-24T19:00:00Z,14.0
2023020963,2024-03-03T00:00:00Z,19.0
2023020985,2024-03-06T01:00:00Z,19.0
2023021014,2024-03-10T00:00:00Z,19.0
2023021106,2024-03-22T02:00:00Z,19.0
2023021133,2024-03-25T01:00:00Z,18.0
2023021152,2024-03-28T23:00:00Z,19.0
2023021204,2024-04-04T23:00:00Z,19.0
2023021223,2024-04-06T23:00:00Z,19.0
2023021234,2024-04-07T23:00:00Z,19.0
2023021242,2024-04-09T23:00:00Z,19.0
2023021261,2024-04-11T23:30:00Z,19.5
2023021276,2024-04-13T23:00:00Z,19.0
2023020001,2023-10-10T21:30:00Z,17.5
2023020015,2023-10-13T00:00:00Z,19.0
2023020053,2023-10-19T23:00:00Z,19.0
2023020074,2023-10-22T00:00:00Z,19.0
2023020095,2023-10-25T01:15:00Z,20.25
2023020122,2023-10-28T23:00:00Z,18.0
2023020140,2023-11-01T02:00:00Z,19.0
2023020154,2023-11-03T02:00:00Z,19.0
2023020200,2023-11-10T01:00:00Z,19.0
2023020297,2023-11-24T20:00:00Z,14.0
2023020319,2023-11-27T01:00:00Z,19.0
2023020331,2023-11-29T01:00:00Z,19.0
2023020358,2023-12-02T21:30:00Z,15.5
2023020398,2023-12-08T01:00:00Z,19.0
2023020413,2023-12-10T00:00:00Z,19.0
2023020435,2023-12-13T01:00:00Z,19.0
2023020468,2023-12-17T01:00:00Z,19.0
2023020491,2023-12-20T01:00:00Z,19.0
2023020502,2023-12-22T00:00:00Z,19.0
2023020562,2023-12-31T00:00:00Z,19.0
2023020666,2024-01-14T01:00:00Z,19.0
2023020680,2024-01-15T23:00:00Z,15.0
2023020775,2024-01-30T00:00:00Z,19.0
2023020831,2024-02-14T01:00:00Z,19.0
2023020855,2024-02-17T22:00:00Z,16.0
2023020882,2024-02-21T03:00:00Z,19.0
2023020914,2024-02-25T03:00:00Z,19.0
2023020933,2024-02-28T01:00:00Z,19.0
2023021042,2024-03-13T23:30:00Z,18.5
2023021071,2024-03-17T02:00:00Z,19.0
2023021088,2024-03-20T00:00:00Z,19.0
2023021141,2024-03-27T00:00:00Z,19.0
2023021208,2024-04-05T00:00:00Z,19.0
2023021225,2024-04-06T23:30:00Z,19.5
2023021233,2024-04-07T23:00:00Z,19.0
2023021247,2024-04-10T00:00:00Z,19.0
2023021289,2024-04-15T23:00:00Z,19.0
2023020064,2023-10-20T23:30:00Z,19.5
2023020099,2023-10-25T23:30:00Z,19.5
2023020158,2023-11-04T00:00:00Z,19.0
2023020206,2023-11-11T00:00:00Z,19.0
2023020236,2023-11-15T01:00:00Z,19.0
2023020245,2023-11-17T00:00:00Z,19.0
2023020261,2023-11-19T00:00:00Z,19.0
2023020327,2023-11-29T00:00:00Z,19.0
2023020344,2023-12-01T00:00:00Z,19.0
2023020355,2023-12-02T00:00:00Z,19.0
2023020387,2023-12-06T03:00:00Z,19.0
2023020403,2023-12-08T03:30:00Z,19.5
2023020487,2023-12-20T00:00:00Z,19.0
2023020549,2023-12-30T00:00:00Z,19.0
2023020587,2024-01-04T00:30:00Z,19.5
2023020611,2024-01-07T00:00:00Z,19.0
2023020644,2024-01-12T00:00:00Z,19.0
2023020725,2024-01-23T00:00:00Z,19.0
2023020767,2024-01-28T00:00:00Z,19.0
2023020819,2024-02-13T00:00:00Z,19.0
2023020859,2024-02-18T01:00:00Z,20.0
2023020879,2024-02-21T00:00:00Z,19.0
2023020891,2024-02-23T00:00:00Z,19.0
2023020916,2024-02-25T18:00:00Z,13.0
2023020938,2024-02-28T03:30:00Z,19.5
2023020997,2024-03-08T00:00:00Z,19.0
2023021028,2024-03-11T23:00:00Z,19.0
2023021074,2024-03-17T19:30:00Z,12.5
2023021084,2024-03-19T23:00:00Z,19.0
2023021102,2024-03-21T23:00:00Z,19.0
2023021117,2024-03-23T23:00:00Z,19.0
2023021126,2024-03-24T21:00:00Z,17.0
2023021139,2024-03-26T23:30:00Z,19.5
2023021191,2024-04-02T23:00:00Z,19.0
2023021198,2024-04-03T23:00:00Z,19.0
2023021224,2024-04-06T23:00:00Z,19.0
2023021243,2024-04-09T23:00:00Z,19.0
2023021260,2024-04-11T23:00:00Z,19.0
2023021274,2024-04-13T21:00:00Z,17.0
2023021288,2024-04-15T23:00:00Z,19.0
2023020107,2023-10-26T23:30:00Z,19.5
2023020150,2023-11-02T23:00:00Z,19.0
2023020216,2023-11-12T00:30:00Z,19.5
2023020241,2023-11-16T03:00:00Z,19.0
2023020248,2023-11-17T03:00:00Z,19.0
2023020286,2023-11-23T00:30:00Z,19.5
2023020302,2023-11-25T00:30:00Z,19.5
2023020312,2023-11-26T00:30:00Z,19.5
2023020383,2023-12-06T00:30:00Z,19.5
2023020429,2023-12-12T00:00:00Z,19.0
2023020496,2023-12-21T00:30:00Z,19.5
2023020533,2023-12-28T00:30:00Z,19.5
2023020550,2023-12-30T00:30:00Z,19.5
2023020567,2023-12-31T23:00:00Z,18.0
2023020616,2024-01-07T03:00:00Z,19.0
2023020628,2024-01-10T00:30:00Z,19.5
2023020646,2024-01-12T00:00:00Z,19.0
2023020685,2024-01-17T01:00:00Z,19.0
2023020733,2024-01-24T00:30:00Z,19.5
2023020782,2024-02-06T00:00:00Z,19.0
2023020798,2024-02-09T01:00:00Z,20.0
2023020829,2024-02-14T00:30:00Z,19.5
2023020863,2024-02-18T20:00:00Z,15.0
2023020878,2024-02-21T00:00:00Z,19.0
2023020895,2024-02-23T01:00:00Z,19.0
2023020904,2024-02-24T19:00:00Z,14.0
2023020984,2024-03-06T00:30:00Z,19.5
2023021004,2024-03-08T03:30:00Z,19.5
2023021060,2024-03-16T16:30:00Z,12.5
2023021073,2024-03-17T17:00:00Z,13.0
2023021113,2024-03-23T17:00:00Z,13.0
2023021174,2024-03-30T23:00:00Z,19.0
2023021183,2024-04-01T23:00:00Z,19.0
2023021244,2024-04-09T23:00:00Z,19.0
2023021270,2024-04-13T16:30:00Z,12.5
2023021303,2024-04-17T23:00:00Z,19.0
2023020078,2023-10-22T02:00:00Z,19.0
2023020124,2023-10-29T02:00:00Z,19.0
2023020135,2023-10-30T23:30:00Z,18.5
2023020283,2023-11-23T00:00:00Z,19.0
2023020294,2023-11-24T18:00:00Z,13.0
2023020370,2023-12-03T23:00:00Z,18.0
2023020382,2023-12-06T00:00:00Z,19.0
2023020414,2023-12-10T00:00:00Z,19.0
2023020432,2023-12-13T00:00:00Z,19.0
2023020489,2023-12-20T00:00:00Z,19.0
2023020529,2023-12-28T00:00:00Z,19.0
2023020560,2023-12-31T00:00:00Z,19.0
2023020621,2024-01-09T00:00:00Z,19.0
2023020647,2024-01-12T01:00:00Z,19.0
2023020653,2024-01-13T18:00:00Z,13.0
2023020669,2024-01-14T18:00:00Z,13.0
2023020681,2024-01-17T00:00:00Z,19.0
2023020701,2024-01-19T03:00:00Z,19.0
2023020738,2024-01-24T03:30:00Z,19.5
2023020755,2024-01-27T00:00:00Z,19.0
2023020765,2024-01-28T00:00:00Z,19.0
2023020791,2024-02-08T00:00:00Z,19.0
2023020905,2024-02-24T20:00:00Z,15.0
2023020964,2024-03-03T00:00:00Z,19.0
2023021018,2024-03-10T00:30:00Z,19.5
2023021052,2024-03-14T23:00:00Z,19.0
2023021061,2024-03-16T19:00:00Z,15.0
2023021085,2024-03-19T23:00:00Z,19.0
2023021137,2024-03-26T23:00:00Z,19.0
2023021182,2024-04-01T23:00:00Z,19.0
2023021257,2024-04-11T23:00:00Z,19.0
2023021292,2024-04-15T23:30:00Z,19.5
2023020019,2023-10-14T17:00:00Z,13.0
2023020033,2023-10-15T23:00:00Z,19.0
2023020049,2023-10-18T23:00:00Z,19.0
2023020123,2023-10-28T23:00:00Z,19.0
2023020162,2023-11-04T23:00:00Z,19.0
2023020190,2023-11-09T00:00:00Z,19.0
2023020197,2023-11-10T00:00:00Z,19.0
2023020362,2023-12-03T00:00:00Z,19.0
2023020395,2023-12-08T00:00:00Z,19.0
2023020451,2023-12-15T01:00:00Z,19.0
2023020478,2023-12-18T01:00:00Z,17.0
2023020520,2023-12-24T00:00:00Z,19.0
2023020531,2023-12-28T00:00:00Z,19.0
2023020584,2024-01-03T03:00:00Z,19.0
2023020598,2024-01-05T03:00:00Z,19.0
2023020655,2024-01-13T21:00:00Z,16.0
2023020709,2024-01-20T20:00:00Z,15.0
2023020718,2024-01-21T18:00:00Z,13.0
2023020812,2024-02-11T00:00:00Z,19.0
2023020875,2024-02-20T00:00:00Z,19.0
2023020910,2024-02-25T00:00:00Z,19.0
2023020923,2024-02-27T00:00:00Z,19.0
2023020962,2024-03-03T00:00:00Z,19.0
2023021015,2024-03-10T00:00:00Z,16.0
2023021034,2024-03-12T23:00:00Z,19.0
2023021103,2024-03-21T23:00:00Z,19.0
2023021175,2024-03-30T23:00:00Z,18.0
2023021232,2024-04-07T22:00:00Z,18.0
2023021259,2024-04-11T23:00:00Z,19.0
2023020042,2023-10-17T22:00:00Z,18.0
2023020098,2023-10-25T03:00:00Z,20.0
2023020189,2023-11-08T03:30:00Z,19.5
2023020255,2023-11-18T18:00:00Z,13.0
2023020363,2023-12-03T00:00:00Z,19.0
2023020374,2023-12-05T00:00:00Z,19.0
2023020448,2023-12-15T00:00:00Z,19.0
2023020543,2023-12-29T03:00:00Z,19.0
2023020554,2023-12-30T03:00:00Z,19.0
2023020622,2024-01-09T00:00:00Z,19.0
2023020663,2024-01-14T00:00:00Z,18.0
2023020679,2024-01-16T01:00:00Z,19.0
2023020732,2024-01-24T00:00:00Z,19.0
2023020797,2024-02-09T00:00:00Z,19.0
2023020813,2024-02-11T00:00:00Z,19.0
2023020843,2024-02-16T00:00:00Z,19.0
2023020917,2024-02-25T20:30:00Z,15.5
2023020930,2024-02-28T00:00:00Z,19.0
2023020954,2024-03-02T00:00:00Z,19.0
2023020977,2024-03-05T00:00:00Z,19.0
2023021016,2024-03-10T00:00:00Z,19.0
2023021035,2024-03-12T23:00:00Z,19.0
2023021050,2024-03-14T23:30:00Z,19.5
2023021086,2024-03-19T23:00:00Z,19.0
2023021299,2024-04-16T23:00:00Z,19.0
2023020018,2023-10-13T23:30:00Z,19.5
2023020075,2023-10-22T00:00:00Z,19.0
2023020171,2023-11-05T02:00:00Z,19.0
2023020269,2023-11-19T23:00:00Z,18.0
2023020311,2023-11-26T00:00:00Z,19.0
2023020345,2023-12-01T00:00:00Z,19.0
2023020389,2023-12-07T00:00:00Z,19.0
2023020466,2023-12-17T00:00:00Z,19.0
2023020559,2023-12-31T00:00:00Z,19.0
2023020576,2024-01-03T00:30:00Z,19.5
2023020643,2024-01-12T00:00:00Z,19.0
2023020677,2024-01-15T18:00:00Z,13.0
2023020716,2024-01-21T03:00:00Z,19.0
2023020788,2024-02-07T00:00:00Z,19.0
2023020814,2024-02-11T00:00:00Z,18.0
2023020937,2024-02-28T03:00:00Z,19.0
2023020950,2024-03-01T03:00:00Z,19.0
2023020998,2024-03-08T00:00:00Z,19.0
2023021051,2024-03-14T23:00:00Z,19.0
2023021206,2024-04-04T23:00:00Z,19.0
2023021217,2024-04-06T17:00:00Z,13.0
2023021237,2024-04-08T23:00:00Z,19.0
2023020016,2023-10-13T02:30:00Z,19.5
2023020106,2023-10-26T23:00:00Z,19.0
2023020128,2023-10-29T21:00:00Z,17.0
2023020156,2023-11-03T02:30:00Z,19.5
2023020209,2023-11-11T03:00:00Z,19.0
2023020250,2023-11-17T03:30:00Z,19.5
2023020278,2023-11-21T03:00:00Z,19.0
2023020292,2023-11-23T03:00:00Z,19.0
2023020314,2023-11-26T03:00:00Z,19.0
2023020326,2023-11-28T03:30:00Z,19.5
2023020427,2023-12-11T03:00:00Z,19.0
2023020441,2023-12-13T03:30:00Z,19.5
2023020527,2023-12-24T03:00:00Z,19.0
2023020601,2024-01-05T03:30:00Z,19.5
2023020613,2024-01-07T00:00:00Z,16.0
2023020627,2024-01-10T00:00:00Z,19.0
2023020777,2024-01-31T03:30:00Z,19.5
2023020835,2024-02-15T00:30:00Z,18.5
2023020873,2024-02-19T21:00:00Z,13.0
2023021108,2024-03-22T02:30:00Z,19.5
2023021177,2024-03-31T00:00:00Z,19.0
2023021188,2024-04-02T02:30:00Z,19.5
2023021221,2024-04-06T22:00:00Z,15.0
2023021263,2024-04-12T02:00:00Z,19.0
2023020003,2023-10-11T02:30:00Z,19.5
2023020028,2023-10-15T00:00:00Z,19.0
2023020133,2023-10-30T23:00:00Z,19.0
2023020265,2023-11-19T03:00:00Z,19.0
2023020307,2023-11-25T03:00:00Z,19.0
2023020346,2023-12-01T00:00:00Z,19.0
2023020418,2023-12-10T03:00:00Z,19.0
2023020573,2024-01-01T20:00:00Z,12.0
2023020645,2024-01-12T00:00:00Z,19.0
2023020723,2024-01-22T02:00:00Z,18.0
2023020758,2024-01-27T03:00:00Z,19.0
2023020897,2024-02-23T03:00:00Z,19.0
2023020986,2024-03-06T01:00:00Z,19.0
2023021008,2024-03-09T03:00:00Z,19.0
2023021040,2024-03-13T02:00:00Z,19.0
2023021056,2024-03-15T02:00:00Z,19.0
2023021107,2024-03-22T02:30:00Z,19.5
2023021283,2024-04-14T17:00:00Z,12.0
2023021300,2024-04-17T00:00:00Z,19.0
2023020093,2023-10-25T00:45:00Z,19.75
2023020116,2023-10-28T02:00:00Z,19.0
2023020184,2023-11-08T01:00:00Z,19.0
2023020235,2023-11-15T01:00:00Z,19.0
2023020379,2023-12-05T03:00:00Z,19.0
2023020390,2023-12-07T02:00:00Z,20.0
2023020488,2023-12-20T00:00:00Z,19.0
2023020596,2024-01-05T01:00:00Z,19.0
2023020696,2024-01-19T00:00:00Z,19.0
2023020713,2024-01-21T01:00:00Z,19.0
2023020744,2024-01-25T03:00:00Z,19.0
2023020827,2024-02-14T00:00:00Z,19.0
2023020868,2024-02-19T18:00:00Z,12.0
2023020934,2024-02-28T01:00:00Z,19.0
2023021134,2024-03-26T00:00:00Z,19.0
2023020055,2023-10-19T23:00:00Z,19.0
2023020070,2023-10-21T23:00:00Z,19.0
2023020177,2023-11-07T00:00:00Z,19.0
2023020284,2023-11-23T00:00:00Z,19.0
2023020439,2023-12-13T03:00:00Z,19.0
2023020504,2023-12-22T00:00:00Z,19.0
2023020521,2023-12-24T00:00:00Z,19.0
2023020580,2024-01-03T01:00:00Z,19.0
2023020894,2024-02-23T00:00:00Z,19.0
2023021094,2024-03-20T02:00:00Z,19.0
2023021197,2024-04-03T23:00:00Z,19.0
2023021275,2024-04-13T21:30:00Z,17.5
2023021304,2024-04-17T23:00:00Z,19.0
2023020083,2023-10-24T22:00:00Z,18.0
2023020215,2023-11-12T00:00:00Z,19.0
2023020712,2024-01-21T00:00:00Z,16.0
2023020740,2024-01-25T00:00:00Z,19.0
2023020768,2024-01-28T00:00:00Z,18.0
2023020898,2024-02-23T03:00:00Z,19.0
2023020931,2024-02-28T00:00:00Z,19.0
2023021095,2024-03-20T23:30:00Z,19.5
2023021155,2024-03-28T23:00:00Z,19.0
2023020353,2023-12-01T03:00:00Z,19.0
2023020818,2024-02-11T18:30:00Z,13.5
2023020860,2024-02-18T03:00:00Z,19.0
2023021002,2024-03-08T03:00:00Z,19.0
2023021019,2024-03-10T03:00:00Z,19.0
2023021072,2024-03-17T02:00:00Z,19.0
2023021196,2024-04-03T02:00:00Z,19.0
2023021238,2024-04-09T02:00:00Z,19.0
2023021308,2024-04-19T00:00:00Z,19.0
2023020058,2023-10-20T00:00:00Z,19.0
2023020155,2023-11-03T02:00:00Z,19.0
2023020232,2023-11-15T00:00:00Z,19.0
2023020368,2023-12-03T03:00:00Z,19.0
2023021158,2024-03-29T00:00:00Z,19.0
2023021029,2024-03-11T23:30:00Z,18.5
2023021124,2024-03-24T16:30:00Z,12.5
2024020037,2024-10-13T02:00:00Z,19.0
2024020041,2024-10-14T02:00:00Z,19.0
2024020060,2024-10-17T02:00:00Z,19.0
2024020074,2024-10-19T01:00:00Z,19.0
2024020090,2024-10-21T00:00:00Z,17.0
2024020105,2024-10-23T02:15:00Z,19.25
2024020128,2024-10-26T23:00:00Z,19.0
2024020137,2024-10-27T23:00:00Z,19.0
2024020152,2024-10-29T23:00:00Z,19.0
2024020163,2024-10-31T23:00:00Z,19.0
2024020191,2024-11-04T01:00:00Z,17.0
2024020203,2024-11-06T03:00:00Z,19.0
2024020222,2024-11-09T03:00:00Z,19.0
2024020238,2024-11-11T01:00:00Z,17.0
2024020256,2024-11-14T03:00:00Z,19.0
2024020271,2024-11-16T03:00:00Z,19.0
2024020291,2024-11-19T01:00:00Z,19.0
2024020298,2024-11-20T01:30:00Z,19.5
2024020317,2024-11-23T03:00:00Z,19.0
2024020343,2024-11-26T03:00:00Z,19.0
2024020360,2024-11-28T03:00:00Z,19.0
2024020370,2024-11-29T20:30:00Z,12.5
2024020392,2024-12-02T01:00:00Z,17.0
2024020408,2024-12-05T03:00:00Z,19.0
2024020424,2024-12-07T03:00:00Z,19.0
2024020445,2024-12-10T00:30:00Z,19.5
2024020458,2024-12-12T00:30:00Z,19.5
2024020459,2024-12-13T00:00:00Z,19.0
2024020481,2024-12-15T00:00:00Z,19.0
2024020511,2024-12-19T03:00:00Z,19.0
2024020527,2024-12-21T03:00:00Z,19.0
2024020542,2024-12-22T22:00:00Z,15.0
2024020557,2024-12-24T03:00:00Z,19.0
2024020568,2024-12-28T21:00:00Z,13.0
2024020578,2024-12-29T21:00:00Z,13.0
2024020598,2025-01-01T01:00:00Z,17.0
2024020609,2025-01-03T01:00:00Z,19.0
2024020618,2025-01-04T02:00:00Z,19.0
2024020636,2025-01-06T01:00:00Z,17.0
2024020648,2025-01-08T03:00:00Z,19.0
2024020661,2025-01-10T01:00:00Z,19.0
2024020675,2025-01-12T00:00:00Z,19.0
2024020687,2025-01-12T22:00:00Z,17.0
2024020697,2025-01-15T00:00:00Z,19.0
2024020709,2025-01-17T00:00:00Z,19.0
2024020725,2025-01-18T23:00:00Z,18.0
2024020756,2025-01-22T03:00:00Z,19.0
2024020769,2025-01-24T03:00:00Z,19.0
2024020787,2025-01-26T03:00:00Z,19.0
2024020806,2025-01-29T03:00:00Z,19.0
2024020818,2025-01-31T02:00:00Z,19.0
2024020837,2025-02-02T21:00:00Z,13.0
2024020856,2025-02-05T03:30:00Z,19.5
2024020888,2025-02-09T03:30:00Z,19.5
2024020899,2025-02-23T00:00:00Z,19.0
2024020908,2025-02-23T23:00:00Z,18.0
2024020919,2025-02-26T00:00:00Z,19.0
2024020944,2025-02-28T03:00:00Z,19.0
2024020959,2025-03-02T03:00:00Z,19.0
2024020981,2025-03-05T02:00:00Z,19.0
2024020986,2025-03-06T03:30:00Z,19.5
2024021002,2025-03-08T03:00:00Z,19.0
2024021020,2025-03-10T01:00:00Z,18.0
2024021033,2025-03-12T02:00:00Z,19.0
2024021038,2025-03-13T02:00:00Z,20.0
2024021053,2025-03-15T02:00:00Z,19.0
2024021068,2025-03-17T00:00:00Z,19.0
2024021083,2025-03-19T00:00:00Z,19.0
2024021096,2025-03-21T00:00:00Z,19.0
2024021123,2025-03-24T00:00:00Z,17.0
2024021142,2025-03-27T02:00:00Z,19.0
2024021158,2025-03-29T02:00:00Z,19.0
2024021176,2025-03-31T00:00:00Z,17.0
2024021190,2025-04-02T02:00:00Z,19.0
2024021203,2025-04-04T01:30:00Z,19.5
2024021212,2025-04-05T20:00:00Z,13.0
2024021232,2025-04-08T02:30:00Z,19.5
2024021249,2025-04-10T02:00:00Z,19.0
2024021259,2025-04-11T02:00:00Z,19.0
2024021284,2025-04-14T02:00:00Z,19.0
2024021298,2025-04-16T00:00:00Z,19.0
2024021302,2025-04-16T23:00:00Z,18.0
2024020005,2024-10-09T02:00:00Z,20.0
2024020016,2024-10-10T23:30:00Z,19.5
2024020030,2024-10-12T23:00:00Z,19.0
2024020044,2024-10-14T17:00:00Z,13.0
2024020086,2024-10-20T01:00:00Z,19.0
2024020104,2024-10-23T01:15:00Z,19.25
2024020115,2024-10-25T01:00:00Z,19.0
2024020124,2024-10-26T20:00:00Z,13.0
2024020145,2024-10-29T01:00:00Z,19.0
2024020158,2024-10-31T01:30:00Z,19.5
2024020183,2024-11-03T02:00:00Z,19.0
2024020201,2024-11-06T01:00:00Z,19.0
2024020215,2024-11-08T01:00:00Z,19.0
2024020232,2024-11-10T01:00:00Z,19.0
2024020254,2024-11-14T02:00:00Z,19.0
2024020270,2024-11-16T02:00:00Z,19.0
2024020292,2024-11-19T02:00:00Z,19.0
2024020306,2024-11-22T00:00:00Z,19.0
2024020326,2024-11-24T00:00:00Z,19.0
2024020333,2024-11-25T00:00:00Z,19.0
2024020346,2024-11-27T00:00:00Z,19.0
2024020375,2024-11-30T02:00:00Z,19.0
2024020386,2024-12-01T03:00:00Z,19.0
2024020395,2024-12-03T02:00:00Z,19.0
2024020426,2024-12-07T18:00:00Z,13.0
2024020441,2024-12-09T00:30:00Z,19.5
2024020454,2024-12-11T02:30:00Z,19.5
2024020469,2024-12-13T02:00:00Z,19.0
2024020487,2024-12-15T03:00:00Z,19.0
2024020510,2024-12-19T03:00:00Z,20.0
2024020526,2024-12-21T01:00:00Z,19.0
2024020556,2024-12-24T02:00:00Z,19.0
2024020564,2024-12-28T02:30:00Z,19.5
2024020588,2024-12-31T01:00:00Z,17.0
2024020601,2025-01-01T02:00:00Z,19.0
2024020611,2025-01-03T02:00:00Z,19.0
2024020628,2025-01-05T01:00:00Z,19.0
2024020652,2025-01-09T03:00:00Z,20.0
2024020668,2025-01-11T02:00:00Z,19.0
2024020680,2025-01-12T02:00:00Z,19.0
2024020704,2025-01-15T02:00:00Z,19.0
2024020717,2025-01-17T02:00:00Z,19.0
2024020734,2025-01-19T02:00:00Z,19.0
2024020747,2025-01-21T02:30:00Z,19.5
2024020766,2025-01-24T01:00:00Z,19.0
2024020775,2025-01-25T01:00:00Z,19.0
2024020790,2025-01-26T22:00:00Z,17.0
2024020811,2025-01-30T02:30:00Z,19.5
2024020825,2025-02-01T02:00:00Z,19.0
2024020841,2025-02-03T00:00:00Z,17.0
2024020854,2025-02-05T02:00:00Z,19.0
2024020865,2025-02-07T00:00:00Z,19.0
2024020878,2025-02-08T18:00:00Z,13.0
2024020890,2025-02-09T17:30:00Z,12.5
2024020904,2025-02-23T02:00:00Z,18.0
2024020915,2025-02-24T01:00:00Z,18.0
2024020929,2025-02-26T02:00:00Z,19.0
2024020942,2025-02-28T02:00:00Z,19.0
2024020958,2025-03-02T02:00:00Z,19.0
2024020988,2025-03-07T00:00:00Z,19.0
2024020999,2025-03-08T01:30:00Z,19.5
2024021024,2025-03-11T02:00:00Z,20.0
2024021054,2025-03-15T02:00:00Z,19.0
2024021071,2025-03-17T00:00:00Z,17.0
2024021085,2025-03-19T01:00:00Z,19.0
2024021100,2025-03-21T01:00:00Z,19.0
2024021111,2025-03-22T21:00:00Z,15.0
2024021128,2025-03-25T01:00:00Z,19.0
2024021145,2025-03-27T23:00:00Z,19.0
2024021153,2025-03-28T23:00:00Z,19.0
2024021173,2025-03-30T20:00:00Z,15.0
2024021188,2025-04-02T01:00:00Z,19.0
2024021202,2025-04-04T01:00:00Z,19.0
2024021219,2025-04-05T23:00:00Z,17.0
2024021243,2025-04-09T01:00:00Z,19.0
2024021257,2025-04-11T01:00:00Z,19.0
2024021272,2025-04-13T00:00:00Z,19.0
2024021288,2025-04-15T00:00:00Z,19.0
2024021297,2025-04-16T00:00:00Z,19.0
2024020004,2024-10-08T23:00:00Z,19.0
2024020011,2024-10-10T23:00:00Z,19.0
2024020024,2024-10-12T17:00:00Z,13.0
2024020042,2024-10-14T17:00:00Z,13.0
2024020059,2024-10-17T01:30:00Z,19.5
2024020101,2024-10-23T00:45:00Z,19.75
2024020109,2024-10-24T23:00:00Z,19.0
2024020125,2024-10-26T23:00:00Z,19.0
2024020148,2024-10-29T23:00:00Z,19.0
2024020165,2024-10-31T23:00:00Z,19.0
2024020175,2024-11-02T17:00:00Z,13.0
2024020187,2024-11-03T22:00:00Z,17.0
2024020195,2024-11-06T00:00:00Z,19.0
2024020208,2024-11-08T00:00:00Z,19.0
2024020226,2024-11-10T00:00:00Z,19.0
2024020248,2024-11-13T01:00:00Z,19.0
2024020262,2024-11-15T01:00:00Z,19.0
2024020272,2024-11-16T18:00:00Z,13.0
2024020288,2024-11-19T00:00:00Z,19.0
2024020324,2024-11-24T00:00:00Z,19.0
2024020345,2024-11-27T00:00:00Z,19.0
2024020353,2024-11-28T00:30:00Z,19.5
2024020372,2024-11-29T23:30:00Z,18.5
2024020389,2024-12-01T20:00:00Z,15.0
2024020396,2024-12-04T00:00:00Z,19.0
2024020407,2024-12-05T00:30:00Z,18.5
2024020425,2024-12-07T18:00:00Z,13.0
2024020452,2024-12-11T01:00:00Z,19.0
2024020472,2024-12-13T03:00:00Z,19.0
2024020486,2024-12-15T03:00:00Z,19.0
2024020504,2024-12-18T02:00:00Z,19.0
2024020518,2024-12-20T02:00:00Z,19.0
2024020531,2024-12-22T00:00:00Z,19.0
2024020547,2024-12-24T00:00:00Z,19.0
2024020561,2024-12-28T00:00:00Z,19.0
2024020570,2024-12-29T00:00:00Z,19.0
2024020589,2024-12-31T17:30:00Z,12.5
2024020604,2025-01-03T00:00:00Z,19.0
2024020623,2025-01-05T00:00:00Z,19.0
2024020633,2025-01-05T23:00:00Z,18.0
2024020641,2025-01-08T00:00:00Z,19.0
2024020655,2025-01-10T00:00:00Z,19.0
2024020669,2025-01-11T18:00:00Z,13.0
2024020692,2025-01-15T00:00:00Z,19.0
2024020723,2025-01-18T20:00:00Z,15.0
2024020740,2025-01-20T18:00:00Z,13.0
2024020758,2025-01-23T00:00:00Z,19.0
2024020761,2025-01-24T00:00:00Z,19.0
2024020776,2025-01-25T18:00:00Z,13.0
2024020799,2025-01-29T00:00:00Z,19.0
2024020812,2025-01-31T00:00:00Z,19.0
2024020827,2025-02-01T20:30:00Z,15.5
2024020845,2025-02-05T00:00:00Z,19.0
2024020859,2025-02-06T00:00:00Z,19.0
2024020879,2025-02-08T20:30:00Z,15.5
2024020918,2025-02-26T00:00:00Z,19.0
2024020933,2025-02-28T00:00:00Z,19.0
2024020952,2025-03-01T20:00:00Z,15.0
2024020962,2025-03-02T20:30:00Z,14.5
2024020973,2025-03-05T00:00:00Z,19.0
2024020992,2025-03-07T00:00:00Z,19.0
2024021005,2025-03-08T20:00:00Z,15.0
2024021025,2025-03-11T23:00:00Z,19.0
2024021041,2025-03-13T23:00:00Z,19.0
2024021058,2025-03-15T23:00:00Z,19.0
2024021073,2025-03-17T23:00:00Z,19.0
2024021101,2025-03-21T02:00:00Z,19.0
2024021117,2025-03-23T02:30:00Z,19.5
2024021124,2025-03-24T01:00:00Z,18.0
2024021166,2025-03-30T00:00:00Z,20.0
2024021182,2025-04-01T23:00:00Z,19.0
2024021197,2025-04-03T23:00:00Z,19.0
2024021214,2025-04-05T23:00:00Z,19.0
2024021226,2025-04-06T22:00:00Z,18.0
2024021238,2025-04-08T23:00:00Z,19.0
2024021250,2025-04-10T23:00:00Z,19.0
2024021278,2025-04-13T19:30:00Z,15.5
2024021291,2025-04-15T23:00:00Z,19.0
2024020001,2024-10-04T17:00:00Z,19.0
2024020002,2024-10-05T14:00:00Z,16.0
2024020012,2024-10-10T23:00:00Z,19.0
2024020025,2024-10-12T23:00:00Z,19.0
2024020057,2024-10-16T23:00:00Z,19.0
2024020067,2024-10-17T23:00:00Z,19.0
2024020085,2024-10-20T00:00:00Z,19.0
2024020095,2024-10-22T23:00:00Z,19.0
2024020122,2024-10-26T17:00:00Z,13.0
2024020140,2024-10-28T23:00:00Z,19.0
2024020169,2024-11-01T23:00:00Z,19.0
2024020179,2024-11-02T23:00:00Z,19.0
2024020194,2024-11-06T00:00:00Z,19.0
2024020213,2024-11-08T00:00:00Z,19.0
2024020224,2024-11-09T18:00:00Z,13.0
2024020239,2024-11-11T17:30:00Z,12.5
2024020257,2024-11-15T00:30:00Z,19.5
2024020278,2024-11-17T00:00:00Z,19.0
2024020305,2024-11-21T03:30:00Z,19.5
2024020331,2024-11-24T01:00:00Z,17.0
2024020347,2024-11-28T00:00:00Z,19.0
2024020364,2024-11-29T20:00:00Z,15.0
2024020383,2024-12-01T00:30:00Z,19.5
2024020397,2024-12-04T00:00:00Z,19.0
2024020410,2024-12-06T00:00:00Z,19.0
2024020443,2024-12-10T00:00:00Z,19.0
2024020457,2024-12-12T00:00:00Z,19.0
2024020480,2024-12-15T00:00:00Z,19.0
2024020490,2024-12-15T22:00:00Z,17.0
2024020497,2024-12-18T00:00:00Z,19.0
2024020521,2024-12-21T00:00:00Z,19.0
2024020552,2024-12-24T00:30:00Z,19.5
2024020558,2024-12-28T00:00:00Z,19.0
2024020582,2024-12-29T20:00:00Z,14.0
2024020595,2025-01-01T01:00:00Z,19.0
2024020610,2025-01-03T02:00:00Z,19.0
2024020630,2025-01-05T03:00:00Z,19.0
2024020637,2025-01-07T00:00:00Z,19.0
2024020654,2025-01-10T00:00:00Z,19.0
2024020670,2025-01-11T21:00:00Z,16.0
2024020705,2025-01-15T23:00:00Z,18.0
2024020720,2025-01-18T00:00:00Z,19.0
2024020742,2025-01-20T21:00:00Z,13.0
2024020755,2025-01-22T03:00:00Z,19.0
2024020767,2025-01-24T02:00:00Z,19.0
2024020777,2025-01-25T21:00:00Z,14.0
2024020822,2025-02-01T00:00:00Z,19.0
2024020835,2025-02-02T18:00:00Z,13.0
2024020846,2025-02-05T00:00:00Z,19.0
2024020885,2025-02-09T01:00:00Z,19.0
2024020895,2025-02-22T22:30:00Z,17.5
2024020940,2025-02-28T00:00:00Z,19.0
2024020953,2025-03-02T00:00:00Z,19.0
2024020968,2025-03-04T00:00:00Z,19.0
2024020974,2025-03-05T00:00:00Z,19.0
2024020989,2025-03-07T00:00:00Z,19.0
2024021006,2025-03-08T23:00:00Z,18.0
2024021021,2025-03-10T23:00:00Z,19.0
2024021036,2025-03-12T23:30:00Z,19.5
2024021055,2025-03-15T16:30:00Z,12.5
2024021106,2025-03-22T18:00:00Z,13.0
2024021119,2025-03-23T19:00:00Z,14.0
2024021129,2025-03-25T23:00:00Z,19.0
2024021143,2025-03-27T23:00:00Z,19.0
2024021159,2025-03-29T17:00:00Z,13.0
2024021171,2025-03-30T19:00:00Z,15.0
2024021184,2025-04-01T23:00:00Z,19.0
2024021215,2025-04-05T23:00:00Z,19.0
2024021235,2025-04-08T23:00:00Z,19.0
2024021253,2025-04-10T23:00:00Z,19.0
2024021268,2025-04-12T22:00:00Z,18.0
2024021280,2025-04-13T22:00:00Z,18.0
2024021292,2025-04-15T23:00:00Z,19.0
2024021307,2025-04-17T23:00:00Z,19.0
2024020009,2024-10-10T02:00:00Z,19.0
2024020035,2024-10-13T02:00:00Z,20.0
2024020040,2024-10-14T00:00:00Z,18.0
2024020055,2024-10-16T01:00:00Z,19.0
2024020087,2024-10-20T02:00:00Z,19.0
2024020102,2024-10-23T01:30:00Z,19.5
2024020114,2024-10-25T01:00:00Z,19.0
2024020129,2024-10-26T23:00:00Z,17.0
2024020147,2024-10-29T02:00:00Z,19.0
2024020173,2024-11-02T01:00:00Z,19.0
2024020190,2024-11-04T01:00:00Z,18.0
2024020196,2024-11-06T00:00:00Z,19.0
2024020242,2024-11-12T01:30:00Z,18.5
2024020250,2024-11-13T03:00:00Z,19.0
2024020269,2024-11-16T02:00:00Z,19.0
2024020299,2024-11-20T02:00:00Z,19.0
2024020314,2024-11-22T02:00:00Z,19.0
2024020319,2024-11-23T21:00:00Z,14.0
2024020340,2024-11-26T00:30:00Z,19.5
2024020350,2024-11-28T00:30:00Z,19.5
2024020368,2024-11-29T20:00:00Z,15.0
2024020380,2024-12-01T00:00:00Z,19.0
2024020404,2024-12-04T02:00:00Z,19.0
2024020417,2024-12-06T02:00:00Z,19.0
2024020442,2024-12-09T01:00:00Z,19.0
2024020451,2024-12-11T01:00:00Z,19.0
2024020470,2024-12-13T02:00:00Z,19.0
2024020485,2024-12-15T03:00:00Z,20.0
2024020517,2024-12-20T02:00:00Z,19.0
2024020529,2024-12-21T21:00:00Z,14.0
2024020576,2024-12-29T03:00:00Z,19.0
2024020584,2024-12-30T01:00:00Z,17.0
2024020600,2025-01-01T02:00:00Z,19.0
2024020627,2025-01-05T03:00:00Z,20.0
2024020681,2025-01-12T03:00:00Z,20.0
2024020690,2025-01-14T00:30:00Z,18.5
2024020700,2025-01-15T01:00:00Z,19.0
2024020713,2025-01-17T01:00:00Z,19.0
2024020730,2025-01-19T00:00:00Z,18.0
2024020784,2025-01-26T00:00:00Z,18.0
2024020791,2025-01-26T23:00:00Z,17.0
2024020804,2025-01-29T02:00:00Z,19.0
2024020834,2025-02-02T03:00:00Z,20.0
2024020843,2025-02-03T02:00:00Z,18.0
2024020853,2025-02-05T02:00:00Z,19.0
2024020868,2025-02-07T02:00:00Z,19.0
2024020887,2025-02-09T03:00:00Z,20.0
2024020914,2025-02-24T01:00:00Z,18.0
2024020923,2025-02-26T00:00:00Z,19.0
2024020936,2025-02-28T00:00:00Z,19.0
2024020951,2025-03-01T20:00:00Z,15.0
2024020963,2025-03-02T22:00:00Z,17.0
2024020977,2025-03-05T00:00:00Z,19.0
2024020994,2025-03-07T01:00:00Z,19.0
2024021008,2025-03-09T00:00:00Z,17.0
2024021037,2025-03-13T01:00:00Z,19.0
2024021052,2025-03-15T01:00:00Z,19.0
2024021076,2025-03-17T23:30:00Z,19.5
2024021079,2025-03-18T23:00:00Z,19.0
2024021090,2025-03-20T23:00:00Z,19.0
2024021108,2025-03-22T20:00:00Z,16.0
2024021137,2025-03-26T01:00:00Z,19.0
2024021150,2025-03-28T01:00:00Z,19.0
2024021167,2025-03-30T02:00:00Z,20.0
2024021180,2025-04-01T00:30:00Z,18.5
2024021220,2025-04-06T02:00:00Z,20.0
2024021234,2025-04-08T02:30:00Z,19.5
2024021264,2025-04-12T02:00:00Z,20.0
2024021283,2025-04-14T00:00:00Z,18.0
2024021299,2025-04-16T01:00:00Z,19.0
2024020653,2025-04-18T01:30:00Z,18.5
2024020020,2024-10-11T23:00:00Z,19.0
2024020050,2024-10-15T23:00:00Z,19.0
2024020072,2024-10-18T23:00:00Z,19.0
2024020084,2024-10-19T23:00:00Z,18.0
2024020103,2024-10-23T01:00:00Z,19.0
2024020135,2024-10-27T02:00:00Z,19.0
2024020146,2024-10-29T02:00:00Z,19.0
2024020188,2024-11-03T22:00:00Z,17.0
2024020197,2024-11-06T00:00:00Z,19.0
2024020214,2024-11-08T00:00:00Z,19.0
2024020233,2024-11-10T02:00:00Z,19.0
2024020244,2024-11-12T03:00:00Z,19.0
2024020280,2024-11-17T00:00:00Z,19.0
2024020284,2024-11-17T22:00:00Z,17.0
2024020302,2024-11-21T00:30:00Z,19.5
2024020309,2024-11-22T00:00:00Z,19.0
2024020328,2024-11-24T00:00:00Z,19.0
2024020339,2024-11-26T00:00:00Z,19.0
2024020349,2024-11-28T00:00:00Z,19.0
2024020367,2024-11-29T20:00:00Z,15.0
2024020377,2024-11-30T21:00:00Z,16.0
2024020401,2024-12-04T00:00:00Z,19.0
2024020415,2024-12-06T00:00:00Z,19.0
2024020428,2024-12-07T22:00:00Z,17.0
2024020448,2024-12-11T00:00:00Z,19.0
2024020473,2024-12-14T00:00:00Z,19.0
2024020491,2024-12-15T22:00:00Z,17.0
2024020500,2024-12-18T00:30:00Z,19.5
2024020524,2024-12-21T00:00:00Z,19.0
2024020539,2024-12-22T17:30:00Z,12.5
2024020553,2024-12-24T01:00:00Z,19.0
2024020560,2024-12-28T00:00:00Z,19.0
2024020573,2024-12-29T00:00:00Z,19.0
2024020594,2025-01-01T01:00:00Z,20.0
2024020603,2025-01-03T00:00:00Z,19.0
2024020624,2025-01-05T00:00:00Z,19.0
2024020634,2025-01-05T23:00:00Z,18.0
2024020029,2025-01-08T00:00:00Z,19.0
2024020659,2025-01-10T00:30:00Z,19.5
2024020666,2025-01-11T00:00:00Z,19.0
2024020721,2025-01-18T00:00:00Z,19.0
2024020746,2025-01-21T01:30:00Z,19.5
2024020753,2025-01-22T01:00:00Z,19.0
2024020764,2025-01-24T00:00:00Z,19.0
2024020785,2025-01-26T00:30:00Z,19.5
2024020802,2025-01-29T00:00:00Z,19.0
2024020817,2025-01-31T00:00:00Z,19.0
2024020832,2025-02-02T00:00:00Z,19.0
2024020852,2025-02-05T01:00:00Z,19.0
2024020867,2025-02-07T00:30:00Z,18.5
2024020900,2025-02-23T00:00:00Z,19.0
2024020920,2025-02-26T00:00:00Z,19.0
2024020955,2025-03-02T00:00:00Z,19.0
2024020975,2025-03-05T00:00:00Z,19.0
2024021016,2025-03-09T21:00:00Z,17.0
2024021029,2025-03-11T23:30:00Z,19.5
2024021049,2025-03-14T23:00:00Z,19.0
2024021061,2025-03-15T23:00:00Z,19.0
2024021102,2025-03-21T02:30:00Z,19.5
2024021109,2025-03-22T20:00:00Z,13.0
2024021132,2025-03-25T23:00:00Z,19.0
2024021154,2025-03-28T23:00:00Z,19.0
2024021175,2025-03-30T21:00:00Z,17.0
2024021193,2025-04-02T23:00:00Z,19.0
2024021206,2025-04-04T23:00:00Z,19.0
2024021252,2025-04-10T23:30:00Z,19.5
2024021266,2025-04-12T19:00:00Z,15.0
2024021279,2025-04-13T21:00:00Z,17.0
2024021301,2025-04-16T23:00:00Z,19.0
2024021309,2025-04-17T23:00:00Z,19.0
2024020021,2024-10-12T00:00:00Z,19.0
2024020036,2024-10-13T02:00:00Z,20.0
2024020070,2024-10-18T00:30:00Z,19.5
2024020100,2024-10-23T00:15:00Z,19.25
2024020120,2024-10-26T00:30:00Z,19.5
2024020132,2024-10-27T00:00:00Z,19.0
2024020144,2024-10-29T01:00:00Z,19.0
2024020167,2024-11-01T02:30:00Z,19.5
2024020176,2024-11-02T20:00:00Z,13.0
2024020206,2024-11-07T01:00:00Z,19.0
2024020216,2024-11-08T01:00:00Z,19.0
2024020237,2024-11-11T00:00:00Z,18.0
2024020266,2024-11-15T03:00:00Z,19.0
2024020283,2024-11-17T03:00:00Z,19.0
2024020313,2024-11-22T01:30:00Z,19.5
2024020318,2024-11-23T18:00:00Z,13.0
2024020357,2024-11-28T01:30:00Z,19.5
2024020363,2024-11-29T19:00:00Z,13.0
2024020390,2024-12-01T20:00:00Z,14.0
2024020394,2024-12-03T00:30:00Z,19.5
2024020427,2024-12-07T21:00:00Z,15.0
2024020444,2024-12-10T00:00:00Z,19.0
2024020464,2024-12-13T00:30:00Z,19.5
2024020474,2024-12-14T18:00:00Z,13.0
2024020489,2024-12-15T20:00:00Z,14.0
2024020503,2024-12-18T01:30:00Z,19.5
2024020516,2024-12-20T01:30:00Z,19.5
2024020554,2024-12-24T01:00:00Z,19.0
2024020577,2024-12-30T01:30:00Z,19.5
2024020592,2024-12-31T22:00:00Z,16.0
2024020616,2025-01-04T01:00:00Z,19.0
2024020632,2025-01-05T20:00:00Z,14.0
2024020651,2025-01-09T00:30:00Z,18.5
2024020664,2025-01-11T00:00:00Z,19.0
2024020676,2025-01-12T00:00:00Z,18.0
2024020714,2025-01-17T01:00:00Z,19.0
2024020732,2025-01-19T01:00:00Z,19.0
2024020773,2025-01-25T01:00:00Z,19.0
2024020792,2025-01-27T00:00:00Z,18.0
2024020801,2025-01-29T00:00:00Z,19.0
2024020826,2025-02-01T18:00:00Z,13.0
2024020860,2025-02-06T02:30:00Z,20.5
2024020873,2025-02-08T01:30:00Z,19.5
2024020883,2025-02-09T00:00:00Z,18.0
2024020902,2025-02-23T00:00:00Z,19.0
2024020912,2025-02-24T00:00:00Z,18.0
2024020943,2025-02-28T03:00:00Z,19.0
2024020972,2025-03-04T01:30:00Z,19.5
2024020984,2025-03-06T00:30:00Z,18.5
2024021009,2025-03-09T01:00:00Z,19.0
2024021023,2025-03-11T01:00:00Z,19.0
2024021048,2025-03-14T02:30:00Z,19.5
2024021065,2025-03-16T02:00:00Z,19.0
2024021084,2025-03-19T00:30:00Z,19.5
2024021098,2025-03-21T00:30:00Z,19.5
2024021107,2025-03-22T19:00:00Z,14.0
2024021118,2025-03-23T19:00:00Z,14.0
2024021140,2025-03-26T23:30:00Z,18.5
2024021157,2025-03-29T00:30:00Z,19.5
2024021195,2025-04-03T01:30:00Z,20.5
2024021207,2025-04-04T23:00:00Z,19.0
2024021227,2025-04-06T22:00:00Z,17.0
2024021240,2025-04-08T23:00:00Z,19.0
2024021271,2025-04-12T23:00:00Z,18.0
2024021285,2025-04-14T23:00:00Z,19.0
2024021293,2025-04-15T23:00:00Z,19.0
2024020010,2024-10-10T02:00:00Z,19.0
2024020034,2024-10-13T01:00:00Z,19.0
2024020047,2024-10-15T01:00:00Z,19.0
2024020089,2024-10-21T00:00:00Z,17.0
2024020106,2024-10-23T00:30:00Z,17.5
2024020139,2024-10-28T01:00:00Z,19.0
2024020157,2024-10-31T01:00:00Z,19.0
2024020182,2024-11-03T00:00:00Z,19.0
2024020202,2024-11-06T02:00:00Z,19.0
2024020217,2024-11-08T01:00:00Z,19.0
2024020243,2024-11-12T02:00:00Z,19.0
2024020255,2024-11-14T03:00:00Z,20.0
2024020268,2024-11-16T02:00:00Z,19.0
2024020289,2024-11-19T00:00:00Z,19.0
2024020310,2024-11-22T00:00:00Z,19.0
2024020321,2024-11-23T23:00:00Z,18.0
2024020334,2024-11-26T00:00:00Z,19.0
2024020358,2024-11-28T03:00:00Z,20.0
2024020373,2024-11-30T02:00:00Z,20.0
2024020385,2024-12-01T03:00:00Z,20.0
2024020432,2024-12-08T00:00:00Z,19.0
2024020440,2024-12-09T00:00:00Z,19.0
2024020447,2024-12-11T00:00:00Z,19.0
2024020484,2024-12-15T02:00:00Z,19.0
2024020496,2024-12-17T03:30:00Z,19.5
2024020520,2024-12-20T03:30:00Z,19.5
2024020543,2024-12-23T01:00:00Z,18.0
2024020597,2025-01-01T01:00:00Z,18.0
2024020626,2025-01-05T00:00:00Z,17.0
2024020639,2025-01-07T02:00:00Z,19.0
2024020662,2025-01-10T01:00:00Z,19.0
2024020678,2025-01-12T00:00:00Z,18.0
2024020703,2025-01-15T02:00:00Z,19.0
2024020718,2025-01-17T02:30:00Z,19.5
2024020724,2025-01-18T21:00:00Z,14.0
2024020741,2025-01-20T20:00:00Z,13.0
2024020759,2025-01-23T02:30:00Z,19.5
2024020789,2025-01-26T18:00:00Z,13.0
2024020803,2025-01-29T00:30:00Z,19.5
2024020824,2025-02-01T02:00:00Z,19.0
2024020836,2025-02-02T20:00:00Z,13.0
2024020855,2025-02-05T03:00:00Z,19.0
2024020874,2025-02-08T02:00:00Z,19.0
2024020898,2025-02-22T23:00:00Z,17.0
2024020910,2025-02-23T23:00:00Z,17.0
2024020931,2025-02-27T02:30:00Z,19.5
2024020947,2025-03-01T02:00:00Z,19.0
2024020980,2025-03-05T02:00:00Z,19.0
2024020996,2025-03-07T02:30:00Z,19.5
2024021007,2025-03-09T00:00:00Z,17.0
2024021030,2025-03-12T00:00:00Z,19.0
2024021067,2025-03-16T19:30:00Z,13.5
2024021087,2025-03-19T23:00:00Z,19.0
2024021089,2025-03-20T23:00:00Z,19.0
2024021112,2025-03-22T23:00:00Z,19.0
2024021136,2025-03-26T01:00:00Z,19.0
2024021149,2025-03-28T02:00:00Z,20.0
2024021161,2025-03-29T20:30:00Z,14.5
2024021199,2025-04-03T23:30:00Z,19.5
2024021218,2025-04-05T23:00:00Z,18.0
2024021244,2025-04-09T01:30:00Z,19.5
2024021256,2025-04-11T01:00:00Z,19.0
2024021267,2025-04-12T20:00:00Z,13.0
2024020018,2024-10-11T00:00:00Z,19.0
2024020051,2024-10-15T23:00:00Z,19.0
2024020083,2024-10-19T23:00:00Z,19.0
2024020097,2024-10-22T23:30:00Z,19.5
2024020131,2024-10-27T00:00:00Z,19.0
2024020142,2024-10-28T23:00:00Z,19.0
2024020155,2024-10-30T23:00:00Z,19.0
2024020171,2024-11-01T23:00:00Z,19.0
2024020177,2024-11-02T21:00:00Z,17.0
2024020204,2024-11-06T03:30:00Z,19.5
2024020234,2024-11-10T02:00:00Z,18.0
2024020251,2024-11-13T03:00:00Z,19.0
2024020267,2024-11-16T00:00:00Z,19.0
2024020275,2024-11-17T00:00:00Z,19.0
2024020311,2024-11-22T00:00:00Z,19.0
2024020355,2024-11-28T00:30:00Z,19.5
2024020418,2024-12-06T02:00:00Z,19.0
2024020422,2024-12-07T03:00:00Z,19.0
2024020439,2024-12-08T23:00:00Z,17.0
2024020449,2024-12-11T00:00:00Z,19.0
2024020463,2024-12-13T00:00:00Z,19.0
2024020498,2024-12-18T00:00:00Z,19.0
2024020514,2024-12-20T00:00:00Z,19.0
2024020535,2024-12-22T00:00:00Z,19.0
2024020551,2024-12-24T00:00:00Z,19.0
2024020606,2025-01-03T00:00:00Z,19.0
2024020625,2025-01-05T00:00:00Z,19.0
2024020645,2025-01-08T00:00:00Z,19.0
2024020660,2025-01-10T00:00:00Z,19.0
2024020677,2025-01-12T00:00:00Z,18.0
2024020698,2025-01-15T00:00:00Z,19.0
2024020711,2025-01-17T00:00:00Z,19.0
2024020728,2025-01-19T00:00:00Z,19.0
2024020745,2025-01-21T00:30:00Z,19.5
2024020757,2025-01-23T00:30:00Z,19.5
2024020782,2025-01-26T00:00:00Z,19.0
2024020820,2025-01-31T03:00:00Z,19.0
2024020840,2025-02-02T23:00:00Z,17.0
2024020882,2025-02-09T00:00:00Z,19.0
2024020924,2025-02-26T00:00:00Z,19.0
2024020935,2025-02-28T00:00:00Z,19.0
2024020948,2025-03-01T23:00:00Z,18.0
2024020976,2025-03-05T00:00:00Z,19.0
2024020990,2025-03-07T00:00:00Z,19.0
2024021017,2025-03-09T22:00:00Z,18.0
2024021026,2025-03-11T23:00:00Z,19.0
2024021045,2025-03-13T23:00:00Z,19.0
2024021062,2025-03-15T23:00:00Z,19.0
2024021075,2025-03-17T23:00:00Z,19.0
2024021093,2025-03-20T23:00:00Z,19.0
2024021103,2025-03-21T23:00:00Z,19.0
2024021126,2025-03-24T23:30:00Z,19.5
2024021155,2025-03-28T23:00:00Z,19.0
2024021164,2025-03-29T23:00:00Z,19.0
2024021185,2025-04-01T23:00:00Z,19.0
2024021216,2025-04-05T23:00:00Z,19.0
2024021224,2025-04-06T21:00:00Z,17.0
2024021239,2025-04-08T23:00:00Z,19.0
2024021270,2025-04-12T16:30:00Z,12.5
2024021281,2025-04-13T22:00:00Z,18.0
2024021295,2025-04-15T23:00:00Z,19.0
2024021312,2025-04-17T23:00:00Z,19.0
2024020017,2024-10-11T00:00:00Z,19.0
2024020032,2024-10-13T00:00:00Z,19.0
2024020039,2024-10-14T00:00:00Z,19.0
2024020054,2024-10-16T00:00:00Z,19.0
2024020066,2024-10-17T23:00:00Z,19.0
2024020077,2024-10-19T20:00:00Z,15.0
2024020168,2024-11-01T18:00:00Z,20.0
2024020174,2024-11-02T16:00:00Z,18.0
2024020230,2024-11-09T20:00:00Z,14.0
2024020241,2024-11-12T00:00:00Z,19.0
2024020281,2024-11-17T01:00:00Z,19.0
2024020303,2024-11-21T01:00:00Z,19.0
2024020325,2024-11-24T00:00:00Z,19.0
2024020391,2024-12-01T21:30:00Z,15.5
2024020409,2024-12-05T03:00:00Z,19.0
2024020423,2024-12-07T03:00:00Z,19.0
2024020466,2024-12-13T01:00:00Z,19.0
2024020483,2024-12-15T01:00:00Z,19.0
2024020494,2024-12-17T01:00:00Z,19.0
2024020508,2024-12-19T00:30:00Z,18.5
2024020525,2024-12-21T01:00:00Z,19.0
2024020563,2024-12-28T01:00:00Z,19.0
2024020608,2025-01-03T01:00:00Z,19.0
2024020643,2025-01-08T00:00:00Z,19.0
2024020657,2025-01-10T00:00:00Z,19.0
2024020673,2025-01-12T00:00:00Z,19.0
2024020685,2025-01-12T22:00:00Z,17.0
2024020693,2025-01-15T00:00:00Z,19.0
2024020715,2025-01-17T01:00:00Z,19.0
2024020739,2025-01-20T01:00:00Z,19.0
2024020774,2025-01-25T00:30:00Z,18.5
2024020783,2025-01-26T00:00:00Z,18.0
2024020805,2025-01-29T03:00:00Z,19.0
2024020823,2025-02-01T01:00:00Z,19.0
2024020875,2025-02-08T03:30:00Z,19.5
2024020889,2025-02-09T03:00:00Z,19.0
2024020897,2025-02-22T23:00:00Z,18.0
2024020913,2025-02-24T00:30:00Z,19.5
2024020946,2025-03-01T01:00:00Z,19.0
2024020964,2025-03-02T23:00:00Z,17.0
2024020979,2025-03-05T01:00:00Z,19.0
2024021011,2025-03-09T03:00:00Z,20.0
2024021019,2025-03-10T01:00:00Z,18.0
2024021051,2025-03-15T00:00:00Z,19.0
2024021097,2025-03-21T00:00:00Z,19.0
2024021105,2025-03-22T18:00:00Z,13.0
2024021127,2025-03-25T00:00:00Z,19.0
2024021141,2025-03-27T02:00:00Z,20.0
2024021169,2025-03-30T02:30:00Z,19.5
2024021181,2025-04-01T02:00:00Z,19.0
2024021201,2025-04-04T00:00:00Z,19.0
2024021211,2025-04-05T19:00:00Z,14.0
2024021223,2025-04-06T19:00:00Z,14.0
2024021242,2025-04-09T00:00:00Z,19.0
2024021255,2025-04-11T00:00:00Z,19.0
2024021286,2025-04-14T23:00:00Z,19.0
2024021304,2025-04-17T00:00:00Z,19.0
2024020014,2024-10-11T00:00:00Z,20.0
2024020028,2024-10-12T23:00:00Z,19.0
2024020045,2024-10-14T23:00:00Z,19.0
2024020063,2024-10-17T23:30:00Z,19.5
2024020076,2024-10-19T18:00:00Z,13.0
2024020098,2024-10-22T23:45:00Z,19.75
2024020111,2024-10-24T23:00:00Z,19.0
2024020136,2024-10-27T22:00:00Z,18.0
2024020156,2024-10-30T23:30:00Z,19.5
2024020220,2024-11-09T00:00:00Z,19.0
2024020228,2024-11-10T00:00:00Z,19.0
2024020252,2024-11-14T00:30:00Z,19.5
2024020282,2024-11-17T01:00:00Z,17.0
2024020293,2024-11-19T03:30:00Z,19.5
2024020308,2024-11-22T00:00:00Z,19.0
2024020341,2024-11-26T00:30:00Z,19.5
2024020365,2024-11-29T20:00:00Z,15.0
2024020388,2024-12-01T17:30:00Z,12.5
2024020412,2024-12-06T00:00:00Z,19.0
2024020462,2024-12-13T00:00:00Z,19.0
2024020479,2024-12-15T00:00:00Z,19.0
2024020507,2024-12-19T00:00:00Z,19.0
2024020522,2024-12-21T00:00:00Z,19.0
2024020533,2024-12-22T00:00:00Z,19.0
2024020548,2024-12-24T00:00:00Z,19.0
2024020559,2024-12-28T00:00:00Z,19.0
2024020579,2024-12-29T22:00:00Z,17.0
2024020593,2025-01-01T01:00:00Z,20.0
2024020621,2025-01-05T00:00:00Z,18.0
2024020642,2025-01-08T00:00:00Z,19.0
2024020684,2025-01-12T20:00:00Z,15.0
2024020694,2025-01-15T00:00:00Z,19.0
2024020710,2025-01-17T00:00:00Z,19.0
2024020727,2025-01-19T00:00:00Z,19.0
2024020751,2025-01-22T00:00:00Z,19.0
2024020762,2025-01-24T00:00:00Z,19.0
2024020781,2025-01-26T00:00:00Z,19.0
2024020794,2025-01-28T00:00:00Z,19.0
2024020819,2025-01-31T02:00:00Z,19.0
2024020842,2025-02-03T01:00:00Z,17.0
2024020857,2025-02-05T03:00:00Z,19.0
2024020877,2025-02-08T18:00:00Z,13.0
2024020894,2025-02-22T17:30:00Z,12.5
2024020928,2025-02-26T01:00:00Z,19.0
2024020998,2025-03-08T00:00:00Z,19.0
2024021022,2025-03-10T23:30:00Z,19.5
2024021066,2025-03-16T17:00:00Z,13.0
2024021081,2025-03-18T23:00:00Z,19.0
2024021115,2025-03-23T00:00:00Z,17.0
2024021144,2025-03-27T23:00:00Z,19.0
2024021187,2025-04-02T00:00:00Z,19.0
2024021225,2025-04-06T21:30:00Z,17.5
2024021236,2025-04-08T23:00:00Z,19.0
2024021251,2025-04-10T23:00:00Z,19.0
2024021261,2025-04-11T23:00:00Z,19.0
2024021303,2025-04-16T23:30:00Z,19.5
2024021308,2025-04-17T23:00:00Z,19.0
2024020008,2024-10-10T02:00:00Z,20.0
2024020056,2024-10-16T02:00:00Z,20.0
2024020069,2024-10-18T00:00:00Z,19.0
2024020121,2024-10-26T01:00:00Z,19.0
2024020166,2024-11-01T00:00:00Z,19.0
2024020193,2024-11-05T01:30:00Z,18.5
2024020207,2024-11-07T01:30:00Z,18.5
2024020235,2024-11-10T03:00:00Z,19.0
2024020249,2024-11-13T02:00:00Z,19.0
2024020264,2024-11-15T02:00:00Z,19.0
2024020274,2024-11-17T00:00:00Z,19.0
2024020290,2024-11-19T00:30:00Z,19.5
2024020294,2024-11-20T00:00:00Z,19.0
2024020315,2024-11-22T02:00:00Z,19.0
2024020332,2024-11-24T03:00:00Z,20.0
2024020405,2024-12-04T03:00:00Z,19.0
2024020435,2024-12-08T03:00:00Z,20.0
2024020453,2024-12-11T02:00:00Z,19.0
2024020467,2024-12-13T01:30:00Z,19.5
2024020477,2024-12-14T21:00:00Z,14.0
2024020495,2024-12-17T01:30:00Z,18.5
2024020530,2024-12-21T21:00:00Z,14.0
2024020544,2024-12-23T01:00:00Z,18.0
2024020569,2024-12-28T21:00:00Z,13.0
2024020631,2025-01-05T03:00:00Z,19.0
2024020658,2025-01-10T00:00:00Z,19.0
2024020691,2025-01-14T02:30:00Z,19.5
2024020706,2025-01-16T01:30:00Z,19.5
2024020735,2025-01-19T03:00:00Z,19.0
2024020754,2025-01-22T02:00:00Z,19.0
2024020768,2025-01-24T02:00:00Z,19.0
2024020797,2025-01-28T02:30:00Z,19.5
2024020833,2025-02-02T00:00:00Z,17.0
2024020851,2025-02-05T01:00:00Z,19.0
2024020892,2025-02-22T18:00:00Z,13.0
2024020906,2025-02-23T18:00:00Z,13.0
2024020921,2025-02-26T00:30:00Z,19.5
2024020937,2025-02-28T00:00:00Z,19.0
2024020995,2025-03-07T02:00:00Z,19.0
2024021042,2025-03-13T23:30:00Z,19.5
2024021050,2025-03-14T23:30:00Z,19.5
2024021069,2025-03-16T23:00:00Z,19.0
2024021099,2025-03-21T01:00:00Z,19.0
2024021116,2025-03-23T02:00:00Z,20.0
2024021151,2025-03-28T02:00:00Z,19.0
2024021189,2025-04-02T02:00:00Z,19.0
2024021205,2025-04-04T02:30:00Z,19.5
2024021213,2025-04-05T20:00:00Z,13.0
2024021248,2025-04-10T02:00:00Z,20.0
2024021263,2025-04-12T01:30:00Z,19.5
2024021282,2025-04-13T23:00:00Z,18.0
2024021289,2025-04-15T02:00:00Z,20.0
2024021306,2025-04-17T02:30:00Z,19.5
2024020013,2024-10-10T23:00:00Z,19.0
2024020065,2024-10-17T23:00:00Z,19.0
2024020078,2024-10-19T22:00:00Z,18.0
2024020093,2024-10-22T22:30:00Z,18.5
2024020113,2024-10-24T23:00:00Z,19.0
2024020130,2024-10-26T23:30:00Z,19.5
2024020211,2024-11-08T00:00:00Z,19.0
2024020225,2024-11-09T23:00:00Z,18.0
2024020246,2024-11-13T00:30:00Z,19.5
2024020260,2024-11-15T00:00:00Z,19.0
2024020277,2024-11-17T00:00:00Z,19.0
2024020297,2024-11-20T01:00:00Z,19.0
2024020335,2024-11-26T00:00:00Z,19.0
2024020352,2024-11-28T00:30:00Z,19.5
2024020399,2024-12-04T00:00:00Z,19.0
2024020414,2024-12-06T00:00:00Z,19.0
2024020429,2024-12-07T23:00:00Z,18.0
2024020456,2024-12-11T03:00:00Z,19.0
2024020471,2024-12-13T03:00:00Z,19.0
2024020509,2024-12-19T02:30:00Z,20.5
2024020523,2024-12-21T00:00:00Z,19.0
2024020540,2024-12-22T22:00:00Z,17.0
2024020549,2024-12-24T00:00:00Z,19.0
2024020566,2024-12-28T18:00:00Z,13.0
2024020586,2024-12-31T00:00:00Z,19.0
2024020615,2025-01-04T00:00:00Z,19.0
2024020689,2025-01-14T00:00:00Z,19.0
2024020695,2025-01-15T00:30:00Z,19.5
2024020760,2025-01-23T03:00:00Z,19.0
2024020788,2025-01-26T03:00:00Z,19.0
2024020793,2025-01-27T01:00:00Z,17.0
2024020808,2025-01-30T00:00:00Z,19.0
2024020838,2025-02-02T23:00:00Z,18.0
2024020849,2025-02-05T00:00:00Z,19.0
2024020866,2025-02-07T01:00:00Z,19.0
2024020880,2025-02-09T00:00:00Z,19.0
2024020896,2025-02-22T23:00:00Z,18.0
2024020927,2025-02-26T01:00:00Z,19.0
2024020969,2025-03-04T00:00:00Z,19.0
2024021040,2025-03-13T23:00:00Z,19.0
2024021060,2025-03-15T23:00:00Z,19.0
2024021070,2025-03-16T23:30:00Z,19.5
2024021110,2025-03-22T21:00:00Z,17.0
2024021120,2025-03-23T22:00:00Z,18.0
2024021170,2025-03-30T17:00:00Z,13.0
2024021183,2025-04-01T23:00:00Z,19.0
2024021194,2025-04-02T23:30:00Z,19.5
2024021210,2025-04-05T18:00:00Z,14.0
2024021237,2025-04-08T23:00:00Z,19.0
2024021287,2025-04-14T23:00:00Z,19.0
2024021294,2025-04-15T23:30:00Z,19.5
2024020043,2024-10-14T17:00:00Z,13.0
2024020058,2024-10-16T23:30:00Z,19.5
2024020061,2024-10-17T23:00:00Z,19.0
2024020107,2024-10-23T03:00:00Z,20.0
2024020117,2024-10-25T02:30:00Z,19.5
2024020154,2024-10-30T02:00:00Z,19.0
2024020160,2024-10-31T02:00:00Z,19.0
2024020192,2024-11-05T01:00:00Z,19.0
2024020200,2024-11-06T01:00:00Z,19.0
2024020218,2024-11-08T03:30:00Z,19.5
2024020320,2024-11-23T21:00:00Z,13.0
2024020344,2024-11-26T03:30:00Z,19.5
2024020359,2024-11-28T03:00:00Z,19.0
2024020382,2024-12-01T00:00:00Z,16.0
2024020434,2024-12-08T01:00:00Z,17.0
2024020450,2024-12-11T00:30:00Z,19.5
2024020461,2024-12-13T00:00:00Z,19.0
2024020475,2024-12-14T18:00:00Z,13.0
2024020499,2024-12-18T00:00:00Z,19.0
2024020513,2024-12-20T00:30:00Z,19.5
2024020528,2024-12-21T18:30:00Z,12.5
2024020541,2024-12-22T22:00:00Z,17.0
2024020585,2024-12-30T02:00:00Z,18.0
2024020602,2025-01-01T23:00:00Z,15.0
2024020629,2025-01-05T02:00:00Z,18.0
2024020667,2025-01-11T01:00:00Z,19.0
2024020719,2025-01-17T03:00:00Z,19.0
2024020736,2025-01-19T03:00:00Z,19.0
2024020748,2025-01-21T03:30:00Z,19.5
2024020815,2025-01-31T00:00:00Z,19.0
2024020861,2025-02-06T03:30:00Z,19.5
2024020917,2025-02-25T03:30:00Z,19.5
2024020932,2025-02-27T03:00:00Z,19.0
2024020957,2025-03-02T01:00:00Z,19.0
2024020987,2025-03-06T03:30:00Z,19.5
2024021010,2025-03-09T01:00:00Z,17.0
2024021018,2025-03-10T00:00:00Z,17.0
2024021034,2025-03-12T02:30:00Z,19.5
2024021047,2025-03-14T02:30:00Z,19.5
2024021064,2025-03-16T00:00:00Z,17.0
2024021077,2025-03-18T00:00:00Z,19.0
2024021138,2025-03-26T02:30:00Z,19.5
2024021165,2025-03-29T23:00:00Z,16.0
2024021177,2025-03-31T02:00:00Z,19.0
2024021191,2025-04-02T02:30:00Z,19.5
2024021233,2025-04-08T02:30:00Z,19.5
2024021300,2025-04-16T02:30:00Z,19.5
2024020033,2024-10-13T00:00:00Z,19.0
2024020038,2024-10-13T22:00:00Z,17.0
2024020052,2024-10-15T23:30:00Z,18.5
2024020112,2024-10-24T23:00:00Z,19.0
2024020123,2024-10-26T17:00:00Z,13.0
2024020153,2024-10-29T23:00:00Z,19.0
2024020172,2024-11-02T00:00:00Z,19.0
2024020189,2024-11-03T23:00:00Z,17.0
2024020219,2024-11-08T03:30:00Z,19.5
2024020263,2024-11-15T01:00:00Z,19.0
2024020296,2024-11-20T01:00:00Z,19.0
2024020342,2024-11-26T01:00:00Z,19.0
2024020384,2024-12-01T01:00:00Z,19.0
2024020402,2024-12-04T01:00:00Z,19.0
2024020476,2024-12-14T19:00:00Z,13.0
2024020493,2024-12-15T23:00:00Z,17.0
2024020536,2024-12-22T00:00:00Z,18.0
2024020583,2024-12-30T01:00:00Z,19.0
2024020596,2025-01-01T01:00:00Z,19.0
2024020605,2025-01-03T00:00:00Z,19.0
2024020646,2025-01-08T01:00:00Z,19.0
2024020683,2025-01-12T03:00:00Z,19.0
2024020688,2025-01-13T01:00:00Z,17.0
2024020733,2025-01-19T01:00:00Z,19.0
2024020807,2025-01-30T00:00:00Z,19.0
2024020813,2025-01-31T00:00:00Z,19.0
2024020828,2025-02-02T00:00:00Z,19.0
2024020886,2025-02-09T01:00:00Z,19.0
2024020982,2025-03-05T03:00:00Z,19.0
2024021000,2025-03-08T03:00:00Z,19.0
2024021015,2025-03-09T19:30:00Z,14.5
2024021046,2025-03-14T00:00:00Z,19.0
2024021063,2025-03-16T00:00:00Z,19.0
2024021088,2025-03-20T01:30:00Z,20.5
2024021134,2025-03-26T00:00:00Z,19.0
2024021148,2025-03-27T23:30:00Z,18.5
2024021162,2025-03-29T22:00:00Z,17.0
2024021178,2025-03-31T23:00:00Z,19.0
2024021192,2025-04-02T23:00:00Z,19.0
2024021208,2025-04-04T23:30:00Z,19.5
2024021247,2025-04-10T00:00:00Z,19.0
2024021273,2025-04-13T02:00:00Z,19.0
2024020006,2024-10-09T23:00:00Z,19.0
2024020027,2024-10-12T23:00:00Z,19.0
2024020046,2024-10-14T23:30:00Z,19.5
2024020081,2024-10-19T23:00:00Z,19.0
2024020096,2024-10-22T23:15:00Z,19.25
2024020126,2024-10-26T23:00:00Z,19.0
2024020138,2024-10-27T23:00:00Z,19.0
2024020149,2024-10-29T23:00:00Z,19.0
2024020164,2024-10-31T23:00:00Z,19.0
2024020180,2024-11-02T23:00:00Z,19.0
2024020212,2024-11-08T00:00:00Z,19.0
2024020227,2024-11-10T00:00:00Z,19.0
2024020322,2024-11-24T00:00:00Z,19.0
2024020376,2024-11-30T18:00:00Z,13.0
2024020398,2024-12-04T00:00:00Z,19.0
2024020411,2024-12-06T00:00:00Z,19.0
2024020430,2024-12-08T00:00:00Z,19.0
2024020460,2024-12-13T00:00:00Z,19.0
2024020482,2024-12-15T00:00:00Z,18.0
2024020580,2024-12-29T22:00:00Z,17.0
2024020591,2024-12-31T20:00:00Z,12.0
2024020638,2025-01-07T00:30:00Z,19.5
2024020665,2025-01-11T00:00:00Z,19.0
2024020726,2025-01-19T00:00:00Z,19.0
2024020738,2025-01-20T00:00:00Z,19.0
2024020749,2025-01-22T00:00:00Z,19.0
2024020779,2025-01-26T00:00:00Z,19.0
2024020800,2025-01-29T00:00:00Z,19.0
2024020858,2025-02-05T03:30:00Z,19.5
2024020876,2025-02-08T18:00:00Z,13.0
2024020891,2025-02-09T18:00:00Z,13.0
2024020901,2025-02-23T00:00:00Z,19.0
2024020934,2025-02-28T00:00:00Z,19.0
2024021032,2025-03-12T02:00:00Z,19.0
2024021039,2025-03-13T02:30:00Z,19.5
2024021078,2025-03-18T23:00:00Z,19.0
2024021094,2025-03-20T23:30:00Z,19.5
2024021133,2025-03-26T00:00:00Z,19.0
2024021146,2025-03-27T23:00:00Z,19.0
2024021217,2025-04-05T23:00:00Z,19.0
2024021228,2025-04-06T23:00:00Z,18.0
2024021260,2025-04-11T23:00:00Z,19.0
2024021269,2025-04-12T23:00:00Z,19.0
2024020053,2024-10-16T00:00:00Z,19.0
2024020141,2024-10-28T23:30:00Z,19.5
2024020205,2024-11-07T00:00:00Z,19.0
2024020285,2024-11-18T03:00:00Z,19.0
2024020304,2024-11-21T03:00:00Z,19.0
2024020329,2024-11-24T00:00:00Z,18.0
2024020336,2024-11-26T00:00:00Z,19.0
2024020356,2024-11-28T01:00:00Z,19.0
2024020369,2024-11-29T20:00:00Z,14.0
2024020406,2024-12-05T00:30:00Z,19.5
2024020431,2024-12-08T00:00:00Z,19.0
2024020502,2024-12-18T01:00:00Z,19.0
2024020515,2024-12-20T01:00:00Z,19.0
2024020562,2024-12-28T01:00:00Z,19.0
2024020587,2024-12-31T00:30:00Z,18.5
2024020619,2025-01-04T03:00:00Z,19.0
2024020647,2025-01-08T01:00:00Z,19.0
2024020679,2025-01-12T01:00:00Z,19.0
2024020701,2025-01-15T01:00:00Z,19.0
2024020752,2025-01-22T01:00:00Z,19.0
2024020771,2025-01-24T03:30:00Z,19.5
2024020810,2025-01-30T02:00:00Z,20.0
2024020830,2025-02-02T00:00:00Z,19.0
2024020844,2025-02-04T00:30:00Z,18.5
2024020911,2025-02-23T23:00:00Z,17.0
2024020941,2025-02-28T01:00:00Z,19.0
2024020949,2025-03-01T17:30:00Z,12.5
2024020965,2025-03-03T00:00:00Z,19.0
2024020993,2025-03-07T01:00:00Z,19.0
2024021035,2025-03-12T02:30:00Z,19.5
2024021082,2025-03-19T00:00:00Z,19.0
2024021114,2025-03-22T23:00:00Z,18.0
2024021121,2025-03-23T22:00:00Z,17.0
2024021147,2025-03-28T00:00:00Z,19.0
2024021163,2025-03-29T22:30:00Z,17.5
2024021179,2025-03-31T23:00:00Z,19.0
2024021241,2025-04-09T00:00:00Z,19.0
2024021274,2025-04-13T02:00:00Z,19.0
2024020015,2024-10-10T23:00:00Z,19.0
2024020031,2024-10-12T23:00:00Z,19.0
2024020062,2024-10-17T23:00:00Z,19.0
2024020080,2024-10-19T23:00:00Z,19.0
2024020094,2024-10-22T22:45:00Z,18.75
2024020119,2024-10-25T23:00:00Z,19.0
2024020159,2024-10-31T02:30:00Z,19.5
2024020231,2024-11-10T00:30:00Z,19.5
2024020236,2024-11-11T00:00:00Z,19.0
2024020276,2024-11-17T00:00:00Z,19.0
2024020327,2024-11-24T00:00:00Z,19.0
2024020348,2024-11-28T00:00:00Z,19.0
2024020379,2024-12-01T00:00:00Z,19.0
2024020393,2024-12-03T00:00:00Z,19.0
2024020420,2024-12-07T00:00:00Z,19.0
2024020446,2024-12-11T00:00:00Z,19.0
2024020501,2024-12-18T01:00:00Z,19.0
2024020534,2024-12-22T00:00:00Z,19.0
2024020545,2024-12-23T18:00:00Z,13.0
2024020622,2025-01-04T21:00:00Z,13.0
2024020640,2025-01-07T03:00:00Z,19.0
2024020656,2025-01-10T00:00:00Z,19.0
2024020674,2025-01-12T00:00:00Z,19.0
2024020707,2025-01-17T00:00:00Z,19.0
2024020722,2025-01-18T17:30:00Z,12.5
2024020737,2025-01-19T18:00:00Z,13.0
2024020795,2025-01-28T00:00:00Z,19.0
2024020809,2025-01-30T00:00:00Z,19.0
2024020848,2025-02-05T00:00:00Z,19.0
2024020863,2025-02-07T00:00:00Z,19.0
2024020966,2025-03-03T01:00:00Z,17.0
2024020997,2025-03-08T00:00:00Z,19.0
2024021013,2025-03-09T17:00:00Z,13.0
2024021056,2025-03-15T19:00:00Z,15.0
2024021113,2025-03-22T23:00:00Z,19.0
2024021125,2025-03-24T23:30:00Z,19.5
2024021156,2025-03-29T00:00:00Z,19.0
2024021209,2025-04-05T16:30:00Z,12.5
2024021262,2025-04-11T23:00:00Z,19.0
2024021277,2025-04-13T17:00:00Z,13.0
2024020068,2024-10-18T00:00:00Z,19.0
2024020185,2024-11-03T18:00:00Z,13.0
2024020198,2024-11-06T00:30:00Z,19.5
2024020209,2024-11-08T00:00:00Z,19.0
2024020265,2024-11-15T03:00:00Z,19.0
2024020273,2024-11-16T21:00:00Z,13.0
2024020330,2024-11-24T00:30:00Z,19.5
2024020366,2024-11-29T20:00:00Z,15.0
2024020416,2024-12-06T00:30:00Z,19.5
2024020438,2024-12-08T22:00:00Z,17.0
2024020532,2024-12-22T00:00:00Z,19.0
2024020575,2024-12-29T00:30:00Z,19.5
2024020581,2024-12-29T22:30:00Z,17.5
2024020590,2024-12-31T18:00:00Z,13.0
2024020607,2025-01-03T00:30:00Z,19.5
2024020663,2025-01-10T03:00:00Z,19.0
2024020699,2025-01-15T00:30:00Z,19.5
2024020712,2025-01-17T00:30:00Z,19.5
2024020731,2025-01-19T00:30:00Z,19.5
2024020772,2025-01-25T00:30:00Z,19.5
2024020816,2025-01-31T00:30:00Z,19.5
2024020829,2025-02-02T00:00:00Z,19.0
2024020850,2025-02-05T00:30:00Z,19.5
2024020872,2025-02-08T01:00:00Z,19.0
2024020925,2025-02-26T00:30:00Z,19.5
2024020970,2025-03-04T00:00:00Z,19.0
2024020978,2025-03-05T00:30:00Z,19.5
2024021012,2025-03-09T03:00:00Z,19.0
2024021080,2025-03-18T23:00:00Z,19.0
2024021139,2025-03-26T23:30:00Z,19.5
2024021160,2025-03-29T18:00:00Z,14.0
2024021186,2025-04-01T23:30:00Z,19.5
2024021222,2025-04-06T16:30:00Z,12.5
2024021254,2025-04-10T23:30:00Z,19.5
2024021265,2025-04-12T16:30:00Z,12.5
2024021296,2025-04-15T23:30:00Z,19.5
2024020007,2024-10-09T23:30:00Z,19.5
2024020079,2024-10-19T23:00:00Z,19.0
2024020151,2024-10-29T23:30:00Z,19.5
2024020170,2024-11-01T23:00:00Z,19.0
2024020247,2024-11-13T00:00:00Z,19.0
2024020261,2024-11-15T00:00:00Z,19.0
2024020287,2024-11-18T02:00:00Z,18.0
2024020300,2024-11-20T03:00:00Z,19.0
2024020337,2024-11-26T00:00:00Z,19.0
2024020362,2024-11-29T18:00:00Z,13.0
2024020421,2024-12-07T00:30:00Z,19.5
2024020436,2024-12-08T18:00:00Z,13.0
2024020492,2024-12-15T23:00:00Z,17.0
2024020572,2024-12-29T00:00:00Z,19.0
2024020620,2025-01-04T17:00:00Z,12.0
2024020682,2025-01-12T03:00:00Z,19.0
2024020750,2025-01-22T00:00:00Z,19.0
2024020763,2025-01-24T00:00:00Z,19.0
2024020839,2025-02-02T23:00:00Z,18.0
2024020871,2025-02-08T00:00:00Z,19.0
2024020907,2025-02-23T20:30:00Z,15.5
2024020945,2025-03-01T00:00:00Z,19.0
2024020983,2025-03-06T00:30:00Z,19.5
2024021003,2025-03-08T17:30:00Z,12.5
2024021031,2025-03-12T00:00:00Z,19.0
2024021091,2025-03-20T23:00:00Z,19.0
2024021104,2025-03-22T17:00:00Z,13.0
2024021168,2025-03-30T02:30:00Z,19.5
2024021230,2025-04-07T23:00:00Z,19.0
2024021246,2025-04-09T23:30:00Z,19.5
2024021310,2025-04-17T23:00:00Z,19.0
2024020075,2024-10-19T17:00:00Z,13.0
2024020118,2024-10-25T22:00:00Z,15.0
2024020150,2024-10-29T23:00:00Z,19.0
2024020178,2024-11-02T23:00:00Z,19.0
2024020245,2024-11-13T00:00:00Z,19.0
2024020258,2024-11-15T00:00:00Z,19.0
2024020307,2024-11-22T00:00:00Z,19.0
2024020323,2024-11-24T00:00:00Z,19.0
2024020361,2024-11-28T03:30:00Z,19.5
2024020478,2024-12-15T00:00:00Z,19.0
2024020505,2024-12-18T03:00:00Z,19.0
2024020537,2024-12-22T03:00:00Z,19.0
2024020574,2024-12-29T00:00:00Z,18.0
2024020617,2025-01-04T01:00:00Z,19.0
2024020671,2025-01-11T21:00:00Z,16.0
2024020708,2025-01-17T00:00:00Z,19.0
2024020780,2025-01-26T00:00:00Z,19.0
2024020814,2025-01-31T00:00:00Z,19.0
2024020847,2025-02-05T00:00:00Z,19.0
2024020862,2025-02-07T00:00:00Z,19.0
2024020930,2025-02-27T00:00:00Z,19.0
2024020954,2025-03-02T00:00:00Z,19.0
2024020967,2025-03-03T23:30:00Z,18.5
2024021027,2025-03-11T23:00:00Z,19.0
2024021059,2025-03-15T23:00:00Z,19.0
2024021174,2025-03-30T21:00:00Z,17.0
2024021198,2025-04-03T23:00:00Z,19.0
2024021276,2025-04-13T17:00:00Z,13.0
2024020022,2024-10-12T02:00:00Z,19.0
2024020071,2024-10-18T02:00:00Z,19.0
2024020082,2024-10-19T23:00:00Z,19.0
2024020092,2024-10-22T22:00:00Z,18.0
2024020108,2024-10-23T23:30:00Z,19.5
2024020162,2024-10-31T23:00:00Z,19.0
2024020210,2024-11-08T00:30:00Z,19.5
2024020240,2024-11-12T00:00:00Z,19.0
2024020338,2024-11-26T00:00:00Z,19.0
2024020381,2024-12-01T00:00:00Z,18.0
2024020550,2024-12-24T00:00:00Z,19.0
2024020599,2025-01-01T01:00:00Z,17.0
2024020612,2025-01-03T03:00:00Z,19.0
2024020635,2025-01-06T00:00:00Z,19.0
2024020644,2025-01-08T00:30:00Z,19.5
2024020864,2025-02-07T00:00:00Z,19.0
2024020881,2025-02-09T00:00:00Z,19.0
2024020922,2025-02-26T00:00:00Z,19.0
2024020938,2025-02-28T00:30:00Z,19.5
2024020956,2025-03-02T00:00:00Z,18.0
2024020991,2025-03-07T00:00:00Z,19.0
2024021004,2025-03-08T17:30:00Z,12.5
2024021043,2025-03-13T23:00:00Z,19.0
2024021074,2025-03-17T23:00:00Z,19.0
2024021092,2025-03-20T23:00:00Z,19.0
2024021130,2025-03-25T23:00:00Z,19.0
2024020026,2024-10-12T23:00:00Z,19.0
2024020088,2024-10-20T19:00:00Z,14.0
2024020133,2024-10-27T02:00:00Z,19.0
2024020221,2024-11-09T00:30:00Z,19.5
2024020279,2024-11-17T00:00:00Z,19.0
2024020295,2024-11-20T00:00:00Z,19.0
2024020316,2024-11-23T00:00:00Z,19.0
2024020354,2024-11-28T00:30:00Z,19.5
2024020433,2024-12-08T00:00:00Z,19.0
2024020686,2025-01-12T22:00:00Z,17.0
2024020696,2025-01-15T00:00:00Z,19.0
2024020729,2025-01-19T00:00:00Z,19.0
2024020778,2025-01-25T21:00:00Z,13.0
2024020798,2025-01-28T03:30:00Z,19.5
2024020893,2025-02-22T20:00:00Z,15.0
2024020961,2025-03-02T18:00:00Z,13.0
2024021001,2025-03-08T03:00:00Z,19.0
2024021028,2025-03-11T23:00:00Z,19.0
2024021044,2025-03-13T23:00:00Z,19.0
2024021131,2025-03-25T23:00:00Z,19.0
2024021200,2025-04-04T00:00:00Z,19.0
2024021311,2025-04-17T23:00:00Z,19.0
2024020019,2024-10-11T02:30:00Z,19.5
2024020073,2024-10-19T00:00:00Z,19.0
2024020134,2024-10-27T02:00:00Z,19.0
2024020184,2024-11-03T02:00:00Z,19.0
2024020312,2024-11-22T01:00:00Z,19.0
2024020371,2024-11-29T20:30:00Z,12.5
2024020387,2024-12-01T03:00:00Z,19.0
2024020400,2024-12-04T00:00:00Z,19.0
2024020413,2024-12-06T00:00:00Z,19.0
2024020465,2024-12-13T01:00:00Z,19.0
2024020506,2024-12-18T03:30:00Z,19.5
2024020555,2024-12-24T02:00:00Z,18.0
2024020565,2024-12-28T03:30:00Z,19.5
2024020614,2025-01-03T03:30:00Z,19.5
2024020649,2025-01-08T03:30:00Z,19.5
2024020821,2025-01-31T03:30:00Z,19.5
2024020870,2025-02-07T03:30:00Z,19.5
2024020916,2025-02-25T00:30:00Z,18.5
2024020971,2025-03-04T00:30:00Z,19.5
2024021057,2025-03-15T21:00:00Z,14.0
2024021152,2025-03-28T02:30:00Z,19.5
2024021221,2025-04-06T02:00:00Z,19.0
2024021290,2025-04-15T02:00:00Z,19.0
2024020003,2024-10-08T20:30:00Z,13.5
2024020116,2024-10-25T02:00:00Z,19.0
2024020161,2024-10-31T23:00:00Z,19.0
2024020223,2024-11-09T03:00:00Z,19.0
2024020488,2024-12-15T03:00:00Z,19.0
2024020538,2024-12-22T03:00:00Z,19.0
2024020567,2024-12-28T21:00:00Z,13.0
2024020613,2025-01-03T03:00:00Z,19.0
2024020716,2025-01-17T01:00:00Z,19.0
2024020770,2025-01-24T03:00:00Z,19.0
2024020869,2025-02-07T03:00:00Z,19.0
2024020909,2025-02-23T23:00:00Z,18.0
2024020926,2025-02-26T01:00:00Z,19.0
2024020960,2025-03-02T03:00:00Z,19.0
2024021014,2025-03-09T19:30:00Z,15.5
2024021072,2025-03-17T01:00:00Z,18.0
2024021196,2025-04-03T02:30:00Z,19.5
2024021258,2025-04-11T02:00:00Z,19.0
2024021275,2025-04-13T02:00:00Z,19.0
2024020023,2024-10-12T02:00:00Z,19.0
2024020099,2024-10-23T00:00:00Z,19.0
2024020110,2024-10-24T23:00:00Z,19.0
2024020181,2024-11-02T23:00:00Z,18.0
2024020199,2024-11-06T01:00:00Z,19.0
2024020229,2024-11-10T00:00:00Z,18.0
2024020403,2024-12-04T01:00:00Z,19.0
2024020455,2024-12-11T03:00:00Z,19.0
2024020512,2024-12-20T00:00:00Z,19.0
2024020743,2025-01-20T23:00:00Z,15.0
2024020765,2025-01-24T01:00:00Z,19.0
2024020796,2025-01-28T00:30:00Z,18.5
2024020903,2025-02-23T00:00:00Z,18.0
2024020939,2025-02-28T00:00:00Z,19.0
2024021095,2025-03-20T23:30:00Z,18.5
2024021231,2025-04-07T23:30:00Z,18.5
2024020048,2024-10-15T23:00:00Z,19.0
2024020064,2024-10-17T23:00:00Z,19.0
2024020091,2024-10-21T23:30:00Z,19.5
2024020127,2024-10-26T23:00:00Z,19.0
2024020186,2024-11-03T20:00:00Z,14.0
2024020259,2024-11-15T00:00:00Z,19.0
2024020351,2024-11-28T00:30:00Z,19.5
2024020378,2024-12-01T00:00:00Z,19.0
2024020437,2024-12-08T21:00:00Z,13.0
2024020744,2025-01-21T00:30:00Z,19.5
2024020950,2025-03-01T17:30:00Z,12.5
2024021122,2025-03-24T00:00:00Z,17.0
2024021245,2025-04-09T23:00:00Z,19.0
2024020143,2024-10-28T23:30:00Z,18.5
2024020253,2024-11-14T00:30:00Z,19.5
2024020301,2024-11-21T00:30:00Z,19.5
2024020419,2024-12-07T00:00:00Z,19.0
2024020546,2024-12-23T19:00:00Z,14.0
2024020571,2024-12-29T00:00:00Z,19.0
2024020672,2025-01-12T00:00:00Z,19.0
2024020884,2025-02-09T00:00:00Z,16.0
2024020985,2025-03-06T03:00:00Z,19.0
2024020519,2024-12-20T03:00:00Z,19.0
2024020650,2025-01-09T00:30:00Z,19.5
2024020702,2025-01-15T01:00:00Z,19.0
2024020786,2025-01-26T03:00:00Z,19.0
2024020905,2025-02-23T03:00:00Z,19.0
2024021086,2025-03-19T02:00:00Z,19.0
2024021172,2025-03-30T19:00:00Z,14.0
2024021229,2025-04-07T02:00:00Z,19.0
2024021305,2025-04-17T02:00:00Z,19.0
2024020049,2024-10-15T23:00:00Z,19.0
2024020286,2024-11-18T01:00:00Z,17.0
2024020374,2024-11-30T01:30:00Z,17.5
2024020468,2024-12-13T01:00:00Z,19.0
2024021204,2025-04-04T02:00:00Z,19.0
2024020831,2025-02-02T00:00:00Z,19.0
2024021135,2025-03-26T00:00:00Z,19.0
2025020021,2025-10-10T02:00:00Z,19.0
2025020036,2025-10-12T02:00:00Z,19.0
2025020056,2025-10-15T02:30:00Z,19.5
2025020070,2025-10-17T02:00:00Z,19.0
2025020091,2025-10-19T23:00:00Z,18.0
2025020105,2025-10-22T00:00:00Z,19.0
2025020111,2025-10-23T23:00:00Z,19.0
2025020129,2025-10-25T21:00:00Z,17.0
2025020153,2025-10-28T23:00:00Z,19.0
2025020180,2025-11-01T02:00:00Z,19.0
2025020197,2025-11-03T01:00:00Z,17.0
2025020211,2025-11-05T03:00:00Z,19.0
2025020224,2025-11-07T01:00:00Z,19.0
2025020242,2025-11-09T03:00:00Z,19.0
2025020251,2025-11-10T03:00:00Z,19.0
2025020262,2025-11-12T02:30:00Z,19.5
2025020272,2025-11-14T00:00:00Z,19.0
2025020284,2025-11-15T23:00:00Z,17.0
2025020306,2025-11-18T03:00:00Z,19.0
2025020318,2025-11-20T03:00:00Z,19.0
2025020329,2025-11-21T03:00:00Z,19.0
2025020346,2025-11-23T03:00:00Z,19.0
2025020374,2025-11-27T03:00:00Z,19.0
2025020384,2025-11-28T21:00:00Z,13.0
2025020403,2025-11-30T20:30:00Z,14.5
2025020409,2025-12-02T01:00:00Z,19.0
2025020424,2025-12-04T03:00:00Z,19.0
2025020440,2025-12-06T03:00:00Z,19.0
2025020460,2025-12-08T01:00:00Z,17.0
2025020470,2025-12-10T00:00:00Z,19.0
2025020482,2025-12-12T00:00:00Z,19.0
2025020495,2025-12-13T17:30:00Z,12.5
2025020515,2025-12-16T00:00:00Z,19.0
2025020525,2025-12-17T00:00:00Z,19.0
2025020548,2025-12-20T03:00:00Z,19.0
2025020560,2025-12-21T03:00:00Z,19.0
2025020573,2025-12-23T03:00:00Z,19.0
2025020597,2025-12-28T02:00:00Z,18.0
2025020615,2025-12-30T03:00:00Z,19.0
2025020624,2025-12-31T21:00:00Z,13.0
2025020643,2026-01-03T03:30:00Z,19.5
2025020663,2026-01-06T00:00:00Z,19.0
2025020670,2026-01-07T00:00:00Z,19.0
2025020688,2026-01-09T00:00:00Z,19.0
2025020701,2026-01-11T00:00:00Z,19.0
2025020734,2026-01-14T03:00:00Z,19.0
2025020753,2026-01-17T03:30:00Z,19.5
2025020766,2026-01-18T03:00:00Z,19.0
2025020779,2026-01-20T03:00:00Z,19.0
2025020789,2026-01-22T02:00:00Z,19.0
2025020809,2026-01-24T03:00:00Z,19.0
2025020824,2026-01-26T01:00:00Z,18.0
2025020829,2026-01-27T01:30:00Z,18.5
2025020855,2026-01-30T03:00:00Z,19.0
2025020875,2026-02-02T02:30:00Z,18.5
2025020892,2026-02-04T03:00:00Z,19.0
2025020917,2026-02-26T03:30:00Z,19.5
2025020933,2026-02-28T03:00:00Z,19.0
2025020952,2026-03-02T01:00:00Z,17.0
2025020968,2026-03-04T03:00:00Z,19.0
2025020973,2026-03-05T03:00:00Z,19.0
2025020987,2026-03-07T02:00:00Z,18.0
2025021006,2026-03-09T01:00:00Z,18.0
2025021022,2026-03-11T00:30:00Z,19.5
2025021029,2026-03-12T23:00:00Z,19.0
2025021043,2026-03-14T17:00:00Z,13.0
2025021059,2026-03-15T23:00:00Z,19.0
2025021082,2026-03-19T02:00:00Z,19.0
2025021098,2026-03-21T02:00:00Z,20.0
2025021117,2026-03-23T00:00:00Z,17.0
2025021134,2026-03-25T02:00:00Z,19.0
2025021147,2026-03-27T01:00:00Z,19.0
2025021154,2026-03-28T19:30:00Z,13.5
2025021176,2026-03-31T02:00:00Z,19.0
2025021190,2026-04-02T01:00:00Z,18.0
2025021206,2026-04-04T02:00:00Z,19.0
2025021219,2026-04-05T02:00:00Z,19.0
2025021243,2026-04-08T02:00:00Z,19.0
2025021258,2026-04-10T02:00:00Z,19.0
2025021280,2026-04-13T00:00:00Z,17.0
2025021296,2026-04-15T00:00:00Z,19.0
2025021307,2026-04-17T00:00:00Z,19.0
2025020018,2025-10-10T01:00:00Z,19.0
2025020032,2025-10-12T00:00:00Z,19.0
2025020048,2025-10-14T00:30:00Z,19.5
2025020060,2025-10-16T01:30:00Z,19.5
2025020075,2025-10-18T01:00:00Z,19.0
2025020092,2025-10-19T23:00:00Z,17.0
2025020107,2025-10-22T02:00:00Z,20.0
2025020117,2025-10-24T00:00:00Z,19.0
2025020131,2025-10-25T22:00:00Z,17.0
2025020143,2025-10-26T22:00:00Z,17.0
2025020162,2025-10-29T01:30:00Z,19.5
2025020194,2025-11-02T20:30:00Z,13.5
2025020203,2025-11-05T00:00:00Z,19.0
2025020213,2025-11-06T00:00:00Z,19.0
2025020235,2025-11-09T00:00:00Z,19.0
2025020247,2025-11-10T00:00:00Z,19.0
2025020267,2025-11-13T02:00:00Z,19.0
2025020282,2025-11-15T02:00:00Z,19.0
2025020314,2025-11-19T03:00:00Z,19.0
2025020327,2025-11-21T02:00:00Z,19.0
2025020344,2025-11-23T02:00:00Z,19.0
2025020358,2025-11-25T02:00:00Z,19.0
2025020372,2025-11-27T02:30:00Z,19.5
2025020390,2025-11-29T01:00:00Z,19.0
2025020398,2025-11-30T01:00:00Z,19.0
2025020410,2025-12-02T03:00:00Z,19.0
2025020439,2025-12-06T02:00:00Z,18.0
2025020448,2025-12-07T00:00:00Z,17.0
2025020462,2025-12-09T02:00:00Z,19.0
2025020478,2025-12-11T02:00:00Z,19.0
2025020494,2025-12-13T02:00:00Z,19.0
2025020509,2025-12-14T20:00:00Z,15.0
2025020519,2025-12-17T00:00:00Z,19.0
2025020530,2025-12-18T00:30:00Z,19.5
2025020547,2025-12-20T02:00:00Z,19.0
2025020569,2025-12-22T00:00:00Z,17.0
2025020584,2025-12-24T02:00:00Z,19.0
2025020612,2025-12-30T02:00:00Z,19.0
2025020633,2026-01-01T20:00:00Z,15.0
2025020645,2026-01-03T20:00:00Z,15.0
2025020662,2026-01-06T00:00:00Z,19.0
2025020680,2026-01-08T02:30:00Z,19.5
2025020696,2026-01-10T02:00:00Z,19.0
2025020714,2026-01-12T00:00:00Z,17.0
2025020733,2026-01-14T03:00:00Z,20.0
2025020746,2026-01-16T02:00:00Z,19.0
2025020757,2026-01-17T22:00:00Z,15.0
2025020790,2026-01-22T02:00:00Z,19.0
2025020811,2026-01-24T18:30:00Z,12.5
2025020825,2026-01-27T00:00:00Z,19.0
2025020834,2026-01-28T00:00:00Z,19.0
2025020851,2026-01-30T00:00:00Z,19.0
2025020870,2026-02-01T02:00:00Z,19.0
2025020884,2026-02-03T02:30:00Z,19.5
2025020898,2026-02-05T02:00:00Z,19.0
2025020914,2026-02-26T02:00:00Z,19.0
2025020932,2026-02-28T02:00:00Z,19.0
2025020949,2026-03-01T21:00:00Z,14.0
2025020962,2026-03-04T00:00:00Z,19.0
2025020976,2026-03-06T00:00:00Z,19.0
2025020995,2026-03-08T00:00:00Z,19.0
2025021010,2026-03-10T00:30:00Z,19.5
2025021021,2026-03-11T00:00:00Z,19.0
2025021037,2026-03-13T01:00:00Z,19.0
2025021054,2026-03-15T01:00:00Z,19.0
2025021066,2026-03-17T00:00:00Z,19.0
2025021091,2026-03-20T02:00:00Z,19.0
2025021118,2026-03-23T01:00:00Z,19.0
2025021132,2026-03-25T01:30:00Z,19.5
2025021146,2026-03-27T01:00:00Z,19.0
2025021164,2026-03-29T01:00:00Z,18.0
2025021203,2026-04-03T02:00:00Z,19.0
2025021216,2026-04-04T23:00:00Z,16.0
2025021241,2026-04-08T01:30:00Z,19.5
2025021257,2026-04-10T01:00:00Z,19.0
2025021269,2026-04-11T21:00:00Z,15.0
2025021281,2026-04-13T01:00:00Z,19.0
2025021297,2026-04-15T01:00:00Z,19.0
2025021309,2026-04-16T23:30:00Z,17.5
2025020005,2025-10-08T23:30:00Z,19.5
2025020008,2025-10-09T23:00:00Z,19.0
2025020024,2025-10-11T23:00:00Z,19.0
2025020040,2025-10-13T17:00:00Z,13.0
2025020069,2025-10-17T02:00:00Z,19.0
2025020085,2025-10-19T01:00:00Z,19.0
2025020103,2025-10-21T23:30:00Z,19.5
2025020128,2025-10-25T19:00:00Z,15.0
2025020149,2025-10-27T23:30:00Z,19.5
2025020154,2025-10-28T23:15:00Z,19.25
2025020167,2025-10-30T23:00:00Z,19.0
2025020181,2025-11-01T17:00:00Z,13.0
2025020205,2025-11-05T00:00:00Z,19.0
2025020218,2025-11-07T00:00:00Z,19.0
2025020234,2025-11-09T00:00:00Z,19.0
2025020256,2025-11-12T00:00:00Z,19.0
2025020271,2025-11-14T00:00:00Z,19.0
2025020285,2025-11-16T00:00:00Z,19.0
2025020301,2025-11-18T00:00:00Z,19.0
2025020334,2025-11-22T03:30:00Z,19.5
2025020351,2025-11-24T01:00:00Z,17.0
2025020365,2025-11-27T00:00:00Z,19.0
2025020376,2025-11-28T18:00:00Z,13.0
2025020394,2025-11-30T00:00:00Z,19.0
2025020412,2025-12-03T00:00:00Z,19.0
2025020426,2025-12-05T00:00:00Z,19.0
2025020443,2025-12-07T00:00:00Z,19.0
2025020472,2025-12-10T01:00:00Z,19.0
2025020489,2025-12-12T01:00:00Z,19.0
2025020511,2025-12-14T23:00:00Z,17.0
2025020534,2025-12-19T00:00:00Z,19.0
2025020555,2025-12-21T00:00:00Z,19.0
2025020564,2025-12-22T00:00:00Z,19.0
2025020577,2025-12-24T00:00:00Z,19.0
2025020589,2025-12-28T00:00:00Z,19.0
2025020613,2025-12-30T02:00:00Z,19.0
2025020631,2026-01-01T02:30:00Z,19.5
2025020656,2026-01-04T03:00:00Z,19.0
2025020676,2026-01-07T03:00:00Z,19.0
2025020682,2026-01-09T00:00:00Z,19.0
2025020697,2026-01-10T18:00:00Z,13.0
2025020712,2026-01-11T22:00:00Z,17.0
2025020729,2026-01-14T00:30:00Z,19.5
2025020739,2026-01-16T01:00:00Z,20.0
2025020763,2026-01-18T01:00:00Z,19.0
2025020783,2026-01-21T00:30:00Z,18.5
2025020794,2026-01-23T00:00:00Z,19.0
2025020812,2026-01-25T00:00:00Z,19.0
2025020826,2026-01-27T00:00:00Z,19.0
2025020830,2026-01-28T00:00:00Z,19.0
2025020843,2026-01-30T00:00:00Z,19.0
2025020873,2026-02-01T23:30:00Z,18.5
2025020893,2026-02-05T00:00:00Z,19.0
2025020918,2026-02-27T00:00:00Z,19.0
2025020935,2026-02-28T20:00:00Z,15.0
2025020959,2026-03-04T00:00:00Z,19.0
2025020979,2026-03-06T01:00:00Z,19.0
2025020990,2026-03-07T17:30:00Z,12.5
2025021002,2026-03-08T20:30:00Z,16.5
2025021012,2026-03-10T23:00:00Z,19.0
2025021027,2026-03-12T23:00:00Z,19.0
2025021044,2026-03-14T19:00:00Z,15.0
2025021064,2026-03-16T23:00:00Z,19.0
2025021069,2026-03-17T23:00:00Z,19.0
2025021083,2026-03-19T23:00:00Z,19.0
2025021108,2026-03-22T00:00:00Z,20.0
2025021120,2026-03-24T23:00:00Z,19.0
2025021135,2026-03-25T23:30:00Z,19.5
2025021155,2026-03-28T21:00:00Z,17.0
2025021170,2026-03-29T21:00:00Z,17.0
2025021178,2026-03-31T23:00:00Z,19.0
2025021193,2026-04-02T23:00:00Z,19.0
2025021210,2026-04-04T21:00:00Z,17.0
2025021224,2026-04-05T19:30:00Z,15.5
2025021237,2026-04-07T23:00:00Z,19.0
2025021261,2026-04-11T16:30:00Z,12.5
2025021278,2026-04-12T22:00:00Z,18.0
2025021292,2026-04-14T23:00:00Z,19.0
2025020009,2025-10-09T23:00:00Z,19.0
2025020039,2025-10-13T16:30:00Z,12.5
2025020057,2025-10-15T23:00:00Z,19.0
2025020076,2025-10-18T17:00:00Z,13.0
2025020095,2025-10-20T23:30:00Z,19.5
2025020109,2025-10-22T23:30:00Z,19.5
2025020123,2025-10-24T23:00:00Z,19.0
2025020132,2025-10-25T21:00:00Z,17.0
2025020152,2025-10-28T22:45:00Z,18.75
2025020186,2025-11-01T23:00:00Z,19.0
2025020219,2025-11-07T00:00:00Z,19.0
2025020238,2025-11-09T00:00:00Z,19.0
2025020275,2025-11-14T02:00:00Z,19.0
2025020287,2025-11-16T00:00:00Z,19.0
2025020302,2025-11-18T00:00:00Z,19.0
2025020316,2025-11-20T00:30:00Z,19.5
2025020331,2025-11-22T00:00:00Z,19.0
2025020347,2025-11-23T18:00:00Z,13.0
2025020366,2025-11-27T00:00:00Z,19.0
2025020379,2025-11-28T21:00:00Z,16.0
2025020399,2025-11-30T01:00:00Z,19.0
2025020408,2025-12-02T00:30:00Z,19.5
2025020423,2025-12-04T00:30:00Z,19.5
2025020437,2025-12-06T00:00:00Z,18.0
2025020463,2025-12-09T02:00:00Z,19.0
2025020474,2025-12-10T02:00:00Z,19.0
2025020492,2025-12-12T03:00:00Z,19.0
2025020513,2025-12-15T01:00:00Z,17.0
2025020535,2025-12-19T00:30:00Z,19.5
2025020553,2025-12-20T22:00:00Z,17.0
2025020565,2025-12-22T00:00:00Z,19.0
2025020578,2025-12-24T00:00:00Z,19.0
2025020610,2025-12-30T01:00:00Z,19.0
2025020628,2026-01-01T01:00:00Z,19.0
2025020646,2026-01-03T20:00:00Z,15.0
2025020667,2026-01-07T00:00:00Z,19.0
2025020685,2026-01-09T00:00:00Z,19.0
2025020716,2026-01-13T00:00:00Z,19.0
2025020736,2026-01-15T00:30:00Z,19.5
2025020740,2026-01-16T00:00:00Z,19.0
2025020754,2026-01-17T17:30:00Z,12.5
2025020770,2026-01-19T18:30:00Z,13.5
2025020784,2026-01-21T01:00:00Z,19.0
2025020795,2026-01-23T00:00:00Z,19.0
2025020810,2026-01-24T18:00:00Z,13.0
2025020831,2026-01-28T00:00:00Z,19.0
2025020844,2026-01-30T00:00:00Z,19.0
2025020865,2026-02-01T00:00:00Z,19.0
2025020876,2026-02-03T00:00:00Z,19.0
2025020886,2026-02-04T00:30:00Z,19.5
2025020903,2026-02-06T00:00:00Z,19.0
2025020910,2026-02-26T00:00:00Z,19.0
2025020930,2026-02-28T00:00:00Z,19.0
2025020941,2026-03-01T00:00:00Z,19.0
2025020960,2026-03-04T00:00:00Z,19.0
2025020977,2026-03-06T00:00:00Z,19.0
2025020992,2026-03-07T22:30:00Z,17.5
2025021003,2026-03-08T22:00:00Z,18.0
2025021013,2026-03-10T23:00:00Z,19.0
2025021028,2026-03-12T23:00:00Z,19.0
2025021047,2026-03-14T23:00:00Z,19.0
2025021075,2026-03-18T02:00:00Z,19.0
2025021092,2026-03-20T02:00:00Z,19.0
2025021102,2026-03-21T20:00:00Z,13.0
2025021150,2026-03-27T23:00:00Z,19.0
2025021159,2026-03-28T21:30:00Z,17.5
2025021179,2026-03-31T23:00:00Z,19.0
2025021191,2026-04-02T23:00:00Z,19.0
2025021213,2026-04-04T23:00:00Z,19.0
2025021229,2026-04-06T23:00:00Z,19.0
2025021244,2026-04-08T23:00:00Z,19.0
2025021247,2026-04-09T23:00:00Z,19.0
2025021288,2026-04-14T00:30:00Z,19.5
2025021301,2026-04-15T23:00:00Z,19.0
2025020006,2025-10-09T02:00:00Z,20.0
2025020019,2025-10-10T02:00:00Z,19.0
2025020023,2025-10-11T20:00:00Z,14.0
2025020053,2025-10-15T01:00:00Z,19.0
2025020087,2025-10-19T02:00:00Z,19.0
2025020096,2025-10-21T01:30:00Z,19.5
2025020110,2025-10-23T00:30:00Z,18.5
2025020126,2025-10-25T00:00:00Z,19.0
2025020146,2025-10-27T00:00:00Z,18.0
2025020151,2025-10-28T22:00:00Z,18.0
2025020168,2025-10-30T23:00:00Z,19.0
2025020183,2025-11-01T19:30:00Z,14.5
2025020196,2025-11-03T00:00:00Z,19.0
2025020215,2025-11-06T02:30:00Z,19.5
2025020229,2025-11-08T02:00:00Z,19.0
2025020249,2025-11-10T01:00:00Z,19.0
2025020260,2025-11-12T01:00:00Z,19.0
2025020276,2025-11-14T02:00:00Z,19.0
2025020294,2025-11-16T03:00:00Z,20.0
2025020312,2025-11-19T01:30:00Z,19.5
2025020345,2025-11-23T03:00:00Z,20.0
2025020352,2025-11-24T02:00:00Z,18.0
2025020362,2025-11-27T00:00:00Z,19.0
2025020380,2025-11-28T21:00:00Z,16.0
2025020404,2025-11-30T22:00:00Z,17.0
2025020416,2025-12-03T01:00:00Z,19.0
2025020433,2025-12-05T02:00:00Z,19.0
2025020477,2025-12-11T01:30:00Z,18.5
2025020507,2025-12-14T03:00:00Z,19.0
2025020527,2025-12-17T03:00:00Z,19.0
2025020542,2025-12-19T02:00:00Z,19.0
2025020559,2025-12-21T03:00:00Z,20.0
2025020585,2025-12-24T02:00:00Z,19.0
2025020598,2025-12-28T03:00:00Z,20.0
2025020630,2026-01-01T02:30:00Z,19.5
2025020654,2026-01-04T00:00:00Z,17.0
2025020665,2026-01-06T02:30:00Z,19.5
2025020678,2026-01-08T00:30:00Z,19.5
2025020698,2026-01-10T20:30:00Z,15.5
2025020728,2026-01-14T00:00:00Z,19.0
2025020745,2026-01-16T01:30:00Z,19.5
2025020756,2026-01-17T20:00:00Z,13.0
2025020777,2026-01-20T02:00:00Z,19.0
2025020791,2026-01-22T02:30:00Z,19.5
2025020806,2026-01-24T02:00:00Z,19.0
2025020853,2026-01-30T01:00:00Z,19.0
2025020863,2026-01-31T21:00:00Z,14.0
2025020885,2026-02-03T03:00:00Z,20.0
2025020900,2026-02-05T03:00:00Z,20.0
2025020928,2026-02-27T03:00:00Z,19.0
2025020944,2026-03-01T00:00:00Z,16.0
2025020965,2026-03-04T02:00:00Z,19.0
2025020981,2026-03-06T02:00:00Z,19.0
2025020998,2026-03-08T03:00:00Z,20.0
2025021009,2026-03-09T23:00:00Z,19.0
2025021017,2026-03-10T23:00:00Z,19.0
2025021032,2026-03-12T23:00:00Z,19.0
2025021051,2026-03-14T23:00:00Z,19.0
2025021063,2026-03-16T23:00:00Z,19.0
2025021081,2026-03-19T01:30:00Z,19.5
2025021097,2026-03-21T01:00:00Z,19.0
2025021116,2026-03-23T00:00:00Z,18.0
2025021133,2026-03-25T01:00:00Z,19.0
2025021165,2026-03-29T02:00:00Z,20.0
2025021174,2026-03-31T00:30:00Z,18.5
2025021201,2026-04-03T02:00:00Z,19.0
2025021239,2026-04-08T00:00:00Z,19.0
2025021256,2026-04-10T01:00:00Z,19.0
2025021273,2026-04-11T23:00:00Z,16.0
2025021298,2026-04-15T01:00:00Z,19.0
2025021310,2026-04-17T01:00:00Z,19.0
2025020014,2025-10-09T23:30:00Z,19.5
2025020030,2025-10-11T23:00:00Z,19.0
2025020055,2025-10-15T02:00:00Z,19.0
2025020086,2025-10-19T01:00:00Z,18.0
2025020097,2025-10-21T02:00:00Z,19.0
2025020121,2025-10-24T01:00:00Z,19.0
2025020138,2025-10-26T00:00:00Z,19.0
2025020155,2025-10-28T22:30:00Z,18.5
2025020171,2025-10-30T23:30:00Z,19.5
2025020206,2025-11-05T00:00:00Z,19.0
2025020222,2025-11-07T00:00:00Z,19.0
2025020246,2025-11-10T00:00:00Z,19.0
2025020259,2025-11-12T00:00:00Z,19.0
2025020279,2025-11-15T00:00:00Z,19.0
2025020289,2025-11-16T00:00:00Z,19.0
2025020317,2025-11-20T02:30:00Z,20.5
2025020333,2025-11-22T01:00:00Z,19.0
2025020368,2025-11-27T00:00:00Z,19.0
2025020387,2025-11-28T22:00:00Z,17.0
2025020431,2025-12-05T00:00:00Z,19.0
2025020447,2025-12-07T00:00:00Z,19.0
2025020455,2025-12-07T22:00:00Z,17.0
2025020471,2025-12-10T00:30:00Z,19.5
2025020485,2025-12-12T00:00:00Z,19.0
2025020501,2025-12-14T00:00:00Z,19.0
2025020510,2025-12-14T22:00:00Z,17.0
2025020532,2025-12-18T01:00:00Z,19.0
2025020544,2025-12-20T00:00:00Z,19.0
2025020557,2025-12-21T00:00:00Z,19.0
2025020581,2025-12-24T00:00:00Z,19.0
2025020593,2025-12-28T00:00:00Z,19.0
2025020608,2025-12-30T00:00:00Z,19.0
2025020619,2025-12-31T00:00:00Z,19.0
2025020636,2026-01-02T00:00:00Z,19.0
2025020653,2026-01-04T00:00:00Z,19.0
2025020660,2026-01-05T00:00:00Z,19.0
2025020671,2026-01-07T00:00:00Z,19.0
2025020706,2026-01-11T00:00:00Z,19.0
2025020717,2026-01-13T00:00:00Z,19.0
2025020730,2026-01-14T00:30:00Z,18.5
2025020750,2026-01-17T00:00:00Z,19.0
2025020759,2026-01-18T00:00:00Z,19.0
2025020796,2026-01-23T00:00:00Z,19.0
2025020813,2026-01-25T00:00:00Z,19.0
2025020864,2026-01-31T22:00:00Z,17.0
2025020874,2026-02-01T20:00:00Z,15.0
2025020890,2026-02-04T00:00:00Z,19.0
2025020906,2026-02-06T00:00:00Z,19.0
2025020923,2026-02-27T00:00:00Z,19.0
2025020942,2026-03-01T00:00:00Z,19.0
2025020957,2026-03-03T03:00:00Z,19.0
2025020972,2026-03-05T03:00:00Z,19.0
2025020986,2026-03-07T02:00:00Z,19.0
2025021018,2026-03-10T23:00:00Z,19.0
2025021033,2026-03-12T23:00:00Z,19.0
2025021049,2026-03-14T23:00:00Z,19.0
2025021070,2026-03-17T23:00:00Z,19.0
2025021078,2026-03-18T23:00:00Z,19.0
2025021094,2026-03-20T23:00:00Z,19.0
2025021112,2026-03-22T19:00:00Z,15.0
2025021121,2026-03-24T23:00:00Z,19.0
2025021157,2026-03-28T21:00:00Z,17.0
2025021169,2026-03-29T21:00:00Z,17.0
2025021185,2026-03-31T23:30:00Z,19.5
2025021197,2026-04-02T23:00:00Z,19.0
2025021214,2026-04-04T23:00:00Z,19.0
2025021225,2026-04-05T21:00:00Z,17.0
2025021255,2026-04-10T00:30:00Z,19.5
2025021284,2026-04-13T23:00:00Z,19.0
2025021293,2026-04-14T23:00:00Z,19.0
2025020001,2025-10-07T21:00:00Z,17.0
2025020031,2025-10-11T23:00:00Z,18.0
2025020059,2025-10-16T01:30:00Z,20.5
2025020074,2025-10-18T00:30:00Z,19.5
2025020113,2025-10-23T22:45:00Z,18.75
2025020144,2025-10-26T23:00:00Z,18.0
2025020160,2025-10-29T00:45:00Z,19.75
2025020174,2025-10-31T00:00:00Z,19.0
2025020192,2025-11-02T02:00:00Z,20.0
2025020202,2025-11-04T03:00:00Z,19.0
2025020216,2025-11-06T03:00:00Z,19.0
2025020244,2025-11-09T18:00:00Z,13.0
2025020268,2025-11-13T02:30:00Z,20.5
2025020291,2025-11-16T00:00:00Z,18.0
2025020325,2025-11-21T01:00:00Z,19.0
2025020350,2025-11-24T00:00:00Z,18.0
2025020370,2025-11-27T01:30:00Z,19.5
2025020389,2025-11-29T01:00:00Z,19.0
2025020419,2025-12-03T03:00:00Z,19.0
2025020435,2025-12-05T03:00:00Z,19.0
2025020449,2025-12-07T02:00:00Z,18.0
2025020476,2025-12-11T00:30:00Z,18.5
2025020493,2025-12-13T01:00:00Z,19.0
2025020504,2025-12-14T01:00:00Z,19.0
2025020520,2025-12-17T00:00:00Z,19.0
2025020536,2025-12-19T00:00:00Z,19.0
2025020551,2025-12-20T20:00:00Z,15.0
2025020583,2025-12-24T02:00:00Z,20.0
2025020596,2025-12-28T01:00:00Z,19.0
2025020604,2025-12-29T00:00:00Z,18.0
2025020620,2025-12-31T01:30:00Z,19.5
2025020637,2026-01-02T01:30:00Z,19.5
2025020652,2026-01-04T00:00:00Z,19.0
2025020661,2026-01-05T00:00:00Z,18.0
2025020679,2026-01-08T02:30:00Z,20.5
2025020694,2026-01-10T01:00:00Z,19.0
2025020707,2026-01-11T01:00:00Z,19.0
2025020722,2026-01-13T01:30:00Z,19.5
2025020776,2026-01-20T01:30:00Z,19.5
2025020803,2026-01-24T00:00:00Z,18.0
2025020823,2026-01-26T00:00:00Z,18.0
2025020837,2026-01-28T01:00:00Z,19.0
2025020850,2026-01-30T00:00:00Z,19.0
2025020858,2026-01-31T01:30:00Z,19.5
2025020881,2026-02-03T01:30:00Z,19.5
2025020894,2026-02-05T00:00:00Z,19.0
2025020926,2026-02-27T01:00:00Z,19.0
2025020938,2026-02-28T23:00:00Z,16.0
2025020964,2026-03-04T01:00:00Z,19.0
2025020985,2026-03-07T01:30:00Z,19.5
2025021004,2026-03-08T22:00:00Z,17.0
2025021056,2026-03-15T02:00:00Z,19.0
2025021072,2026-03-17T23:30:00Z,18.5
2025021088,2026-03-19T23:30:00Z,18.5
2025021096,2026-03-21T00:30:00Z,19.5
2025021113,2026-03-22T19:00:00Z,14.0
2025021124,2026-03-24T23:00:00Z,19.0
2025021142,2026-03-26T23:00:00Z,19.0
2025021151,2026-03-27T23:00:00Z,19.0
2025021171,2026-03-29T23:00:00Z,19.0
2025021186,2026-04-01T00:30:00Z,19.5
2025021200,2026-04-03T01:00:00Z,19.0
2025021221,2026-04-05T02:00:00Z,19.0
2025021231,2026-04-07T02:00:00Z,19.0
2025021266,2026-04-11T21:00:00Z,16.0
2025021305,2026-04-16T00:30:00Z,19.5
2025020003,2025-10-08T02:30:00Z,19.5
2025020034,2025-10-12T01:00:00Z,19.0
2025020067,2025-10-16T23:00:00Z,19.0
2025020140,2025-10-26T17:00:00Z,13.0
2025020161,2025-10-29T01:00:00Z,19.0
2025020178,2025-10-31T20:00:00Z,13.0
2025020184,2025-11-01T20:00:00Z,13.0
2025020209,2025-11-05T02:30:00Z,19.5
2025020240,2025-11-09T03:00:00Z,20.0
2025020250,2025-11-10T03:00:00Z,19.0
2025020300,2025-11-17T02:00:00Z,19.0
2025020326,2025-11-21T02:00:00Z,19.0
2025020343,2025-11-23T01:00:00Z,19.0
2025020371,2025-11-27T02:00:00Z,19.0
2025020378,2025-11-28T20:30:00Z,14.5
2025020392,2025-11-29T20:00:00Z,13.0
2025020417,2025-12-03T02:00:00Z,19.0
2025020430,2025-12-05T00:00:00Z,19.0
2025020441,2025-12-06T17:30:00Z,12.5
2025020453,2025-12-07T18:00:00Z,13.0
2025020475,2025-12-10T02:30:00Z,20.5
2025020490,2025-12-12T02:30:00Z,19.5
2025020506,2025-12-14T02:00:00Z,19.0
2025020528,2025-12-17T03:00:00Z,19.0
2025020546,2025-12-20T02:00:00Z,19.0
2025020563,2025-12-21T23:00:00Z,17.0
2025020600,2025-12-28T03:00:00Z,19.0
2025020611,2025-12-30T02:00:00Z,19.0
2025020629,2026-01-01T02:00:00Z,19.0
2025020659,2026-01-04T22:00:00Z,17.0
2025020668,2026-01-07T00:00:00Z,19.0
2025020691,2026-01-09T02:00:00Z,19.0
2025020699,2026-01-10T21:00:00Z,14.0
2025020723,2026-01-13T03:00:00Z,20.0
2025020752,2026-01-17T02:00:00Z,19.0
2025020771,2026-01-19T21:00:00Z,14.0
2025020805,2026-01-24T02:00:00Z,19.0
2025020819,2026-01-25T18:30:00Z,13.5
2025020841,2026-01-29T00:30:00Z,19.5
2025020845,2026-01-30T00:00:00Z,19.0
2025020860,2026-01-31T18:00:00Z,13.0
2025020883,2026-02-03T02:00:00Z,19.0
2025020897,2026-02-05T02:00:00Z,19.0
2025020927,2026-02-27T02:00:00Z,19.0
2025020958,2026-03-03T03:30:00Z,19.5
2025020984,2026-03-07T01:00:00Z,19.0
2025021001,2026-03-08T18:00:00Z,12.0
2025021023,2026-03-11T02:00:00Z,20.0
2025021040,2026-03-13T02:00:00Z,19.0
2025021045,2026-03-14T20:00:00Z,15.0
2025021067,2026-03-17T01:30:00Z,19.5
2025021080,2026-03-19T01:30:00Z,19.5
2025021111,2026-03-22T16:30:00Z,12.5
2025021126,2026-03-24T23:00:00Z,19.0
2025021145,2026-03-27T00:00:00Z,19.0
2025021162,2026-03-28T23:00:00Z,17.0
2025021188,2026-04-02T00:30:00Z,18.5
2025021209,2026-04-04T19:00:00Z,14.0
2025021228,2026-04-06T01:30:00Z,19.5
2025021238,2026-04-08T00:00:00Z,19.0
2025021274,2026-04-12T00:00:00Z,18.0
2025021289,2026-04-14T01:30:00Z,19.5
2025021312,2026-04-17T02:00:00Z,20.0
2025020016,2025-10-10T00:00:00Z,19.0
2025020033,2025-10-12T00:00:00Z,19.0
2025020045,2025-10-13T23:00:00Z,19.0
2025020082,2025-10-18T23:00:00Z,19.0
2025020106,2025-10-22T00:00:00Z,19.0
2025020125,2025-10-24T23:00:00Z,19.0
2025020134,2025-10-25T23:00:00Z,19.0
2025020166,2025-10-29T23:30:00Z,19.5
2025020189,2025-11-01T23:00:00Z,19.0
2025020195,2025-11-02T22:00:00Z,17.0
2025020241,2025-11-09T03:00:00Z,19.0
2025020254,2025-11-11T01:30:00Z,18.5
2025020264,2025-11-12T03:00:00Z,19.0
2025020274,2025-11-14T00:30:00Z,19.5
2025020290,2025-11-16T00:00:00Z,19.0
2025020305,2025-11-18T00:30:00Z,19.5
2025020311,2025-11-19T01:00:00Z,19.0
2025020319,2025-11-21T00:00:00Z,19.0
2025020335,2025-11-22T18:00:00Z,13.0
2025020356,2025-11-25T00:00:00Z,19.0
2025020369,2025-11-27T00:00:00Z,19.0
2025020388,2025-11-29T00:00:00Z,19.0
2025020406,2025-12-02T00:00:00Z,19.0
2025020432,2025-12-05T00:30:00Z,19.5
2025020442,2025-12-06T20:30:00Z,15.5
2025020459,2025-12-08T00:00:00Z,19.0
2025020486,2025-12-12T00:00:00Z,19.0
2025020502,2025-12-14T00:00:00Z,19.0
2025020540,2025-12-19T00:00:00Z,19.0
2025020574,2025-12-23T03:00:00Z,19.0
2025020603,2025-12-28T22:00:00Z,17.0
2025020606,2025-12-30T00:30:00Z,19.5
2025020627,2026-01-01T00:00:00Z,19.0
2025020658,2026-01-04T20:00:00Z,15.0
2025020675,2026-01-07T03:00:00Z,19.0
2025020692,2026-01-09T03:00:00Z,19.0
2025020743,2026-01-16T00:00:00Z,19.0
2025020760,2026-01-18T00:00:00Z,19.0
2025020782,2026-01-21T00:00:00Z,19.0
2025020797,2026-01-23T00:00:00Z,19.0
2025020814,2026-01-25T00:00:00Z,19.0
2025020840,2026-01-29T00:30:00Z,19.5
2025020868,2026-02-01T00:00:00Z,18.0
2025020887,2026-02-04T00:00:00Z,19.0
2025020937,2026-02-28T23:00:00Z,18.0
2025020953,2026-03-03T00:00:00Z,19.0
2025020963,2026-03-04T00:00:00Z,19.0
2025020978,2026-03-06T00:00:00Z,19.0
2025020828,2026-03-09T20:00:00Z,16.0
2025021015,2026-03-10T23:00:00Z,19.0
2025021031,2026-03-12T23:00:00Z,19.0
2025021052,2026-03-14T23:30:00Z,19.5
2025021086,2026-03-19T23:00:00Z,19.0
2025021104,2026-03-21T21:00:00Z,17.0
2025021114,2026-03-22T23:00:00Z,19.0
2025021125,2026-03-24T23:00:00Z,19.0
2025021137,2026-03-26T23:00:00Z,19.0
2025021158,2026-03-28T21:00:00Z,17.0
2025021215,2026-04-04T23:00:00Z,19.0
2025021235,2026-04-07T23:00:00Z,19.0
2025021271,2026-04-11T23:00:00Z,19.0
2025021295,2026-04-14T23:00:00Z,19.0
2025020017,2025-10-10T00:00:00Z,19.0
2025020054,2025-10-15T01:30:00Z,20.5
2025020068,2025-10-17T00:00:00Z,19.0
2025020083,2025-10-18T23:00:00Z,18.0
2025020119,2025-10-24T01:00:00Z,20.0
2025020145,2025-10-26T23:00:00Z,18.0
2025020159,2025-10-29T00:30:00Z,19.5
2025020169,2025-10-30T23:00:00Z,19.0
2025020185,2025-11-01T22:00:00Z,18.0
2025020207,2025-11-05T01:00:00Z,19.0
2025020233,2025-11-08T20:30:00Z,14.5
2025020248,2025-11-10T00:00:00Z,18.0
2025020258,2025-11-12T00:00:00Z,19.0
2025020270,2025-11-14T00:00:00Z,19.0
2025020293,2025-11-16T01:00:00Z,19.0
2025020310,2025-11-19T01:00:00Z,19.0
2025020328,2025-11-21T03:00:00Z,19.0
2025020360,2025-11-26T02:00:00Z,19.0
2025020375,2025-11-27T03:00:00Z,19.0
2025020405,2025-11-30T23:00:00Z,17.0
2025020415,2025-12-03T00:00:00Z,19.0
2025020421,2025-12-04T00:00:00Z,19.0
2025020438,2025-12-06T01:00:00Z,19.0
2025020456,2025-12-07T23:00:00Z,17.0
2025020473,2025-12-10T01:00:00Z,19.0
2025020488,2025-12-12T01:00:00Z,19.0
2025020505,2025-12-14T01:00:00Z,19.0
2025020518,2025-12-16T01:00:00Z,19.0
2025020543,2025-12-19T03:00:00Z,19.0
2025020568,2025-12-22T00:00:00Z,18.0
2025020579,2025-12-23T23:30:00Z,18.5
2025020657,2026-01-04T19:00:00Z,13.0
2025020677,2026-01-08T00:00:00Z,19.0
2025020700,2026-01-10T21:00:00Z,13.0
2025020724,2026-01-13T03:00:00Z,19.0
2025020767,2026-01-18T19:00:00Z,13.0
2025020804,2026-01-24T01:00:00Z,19.0
2025020836,2026-01-28T01:00:00Z,19.0
2025020856,2026-01-30T03:00:00Z,19.0
2025020882,2026-02-03T01:30:00Z,19.5
2025020899,2026-02-05T02:30:00Z,20.5
2025020913,2026-02-26T01:00:00Z,19.0
2025020945,2026-03-01T01:00:00Z,19.0
2025020956,2026-03-03T03:00:00Z,19.0
2025021020,2026-03-11T00:00:00Z,19.0
2025021034,2026-03-13T00:00:00Z,19.0
2025021053,2026-03-15T00:00:00Z,19.0
2025021101,2026-03-21T20:00:00Z,15.0
2025021115,2026-03-22T23:00:00Z,18.0
2025021130,2026-03-25T00:00:00Z,19.0
2025021141,2026-03-26T23:00:00Z,19.0
2025021156,2026-03-28T21:00:00Z,17.0
2025021172,2026-03-29T23:00:00Z,19.0
2025021198,2026-04-03T00:00:00Z,19.0
2025021254,2026-04-10T01:00:00Z,20.0
2025021268,2026-04-11T21:00:00Z,16.0
2025021285,2026-04-13T23:30:00Z,19.5
2025020010,2025-10-09T23:00:00Z,19.0
2025020025,2025-10-11T23:00:00Z,19.0
2025020043,2025-10-13T18:00:00Z,14.0
2025020058,2025-10-15T23:00:00Z,19.0
2025020072,2025-10-17T23:00:00Z,19.0
2025020090,2025-10-19T19:00:00Z,15.0
2025020115,2025-10-23T23:00:00Z,19.0
2025020133,2025-10-25T23:00:00Z,19.0
2025020158,2025-10-29T00:15:00Z,19.25
2025020177,2025-10-31T02:30:00Z,19.5
2025020198,2025-11-03T01:00:00Z,17.0
2025020210,2025-11-05T03:00:00Z,19.0
2025020227,2025-11-08T00:00:00Z,19.0
2025020299,2025-11-17T00:00:00Z,19.0
2025020308,2025-11-19T00:00:00Z,19.0
2025020321,2025-11-21T00:00:00Z,19.0
2025020354,2025-11-25T00:00:00Z,19.0
2025020361,2025-11-27T00:00:00Z,19.0
2025020377,2025-11-28T17:00:00Z,12.0
2025020452,2025-12-07T03:00:00Z,19.0
2025020464,2025-12-09T03:00:00Z,19.0
2025020491,2025-12-12T02:00:00Z,19.0
2025020522,2025-12-17T00:00:00Z,19.0
2025020550,2025-12-20T17:30:00Z,12.5
2025020562,2025-12-21T18:00:00Z,13.0
2025020601,2025-12-29T00:00:00Z,19.0
2025020626,2025-12-31T23:30:00Z,18.5
2025020635,2026-01-02T00:00:00Z,19.0
2025020644,2026-01-03T17:00:00Z,12.0
2025020664,2026-01-06T00:30:00Z,19.5
2025020684,2026-01-09T00:00:00Z,19.0
2025020703,2026-01-11T00:00:00Z,19.0
2025020749,2026-01-17T00:00:00Z,19.0
2025020768,2026-01-18T22:00:00Z,17.0
2025020788,2026-01-22T00:00:00Z,19.0
2025020801,2026-01-23T02:30:00Z,20.5
2025020815,2026-01-25T00:00:00Z,18.0
2025020833,2026-01-28T00:00:00Z,19.0
2025020846,2026-01-30T00:30:00Z,19.5
2025020920,2026-02-27T00:00:00Z,19.0
2025020955,2026-03-02T19:00:00Z,13.0
2025020970,2026-03-05T00:00:00Z,19.0
2025020983,2026-03-07T00:00:00Z,19.0
2025021005,2026-03-08T23:00:00Z,19.0
2025021016,2026-03-10T23:00:00Z,19.0
2025021030,2026-03-12T23:00:00Z,19.0
2025021085,2026-03-19T23:00:00Z,19.0
2025021122,2026-03-24T23:00:00Z,19.0
2025021163,2026-03-29T00:00:00Z,20.0
2025021183,2026-03-31T23:00:00Z,19.0
2025021196,2026-04-02T23:00:00Z,19.0
2025021207,2026-04-04T16:30:00Z,12.5
2025021222,2026-04-05T17:00:00Z,13.0
2025021250,2026-04-09T23:00:00Z,19.0
2025021265,2026-04-11T21:00:00Z,17.0
2025021282,2026-04-13T23:00:00Z,19.0
2025021303,2026-04-15T23:00:00Z,19.0
2025020035,2025-10-12T02:00:00Z,20.0
2025020051,2025-10-14T23:00:00Z,19.0
2025020065,2025-10-16T23:30:00Z,19.5
2025020078,2025-10-18T19:30:00Z,15.5
2025020099,2025-10-21T23:00:00Z,19.0
2025020122,2025-10-24T01:00:00Z,19.0
2025020139,2025-10-26T02:00:00Z,19.0
2025020147,2025-10-27T02:00:00Z,19.0
2025020175,2025-10-31T01:00:00Z,19.0
2025020200,2025-11-04T01:30:00Z,19.5
2025020266,2025-11-13T00:30:00Z,19.5
2025020315,2025-11-20T00:00:00Z,19.0
2025020322,2025-11-21T00:30:00Z,19.5
2025020338,2025-11-23T00:00:00Z,19.0
2025020393,2025-11-29T21:00:00Z,13.0
2025020418,2025-12-03T02:00:00Z,19.0
2025020434,2025-12-05T02:00:00Z,19.0
2025020450,2025-12-07T03:00:00Z,20.0
2025020499,2025-12-14T00:00:00Z,19.0
2025020512,2025-12-15T00:00:00Z,19.0
2025020524,2025-12-17T00:30:00Z,19.5
2025020552,2025-12-20T20:00:00Z,14.0
2025020570,2025-12-22T01:00:00Z,18.0
2025020609,2025-12-30T00:30:00Z,18.5
2025020647,2026-01-03T20:30:00Z,13.5
2025020674,2026-01-07T02:00:00Z,19.0
2025020690,2026-01-09T01:00:00Z,19.0
2025020709,2026-01-11T03:00:00Z,20.0
2025020731,2026-01-14T01:00:00Z,19.0
2025020747,2026-01-16T02:00:00Z,19.0
2025020764,2026-01-18T03:00:00Z,19.0
2025020769,2026-01-19T01:00:00Z,18.0
2025020786,2026-01-21T03:00:00Z,20.0
2025020800,2026-01-23T02:00:00Z,19.0
2025020818,2026-01-25T03:00:00Z,20.0
2025020854,2026-01-30T02:00:00Z,19.0
2025020871,2026-02-01T03:00:00Z,20.0
2025020891,2026-02-04T01:30:00Z,18.5
2025020929,2026-02-27T03:30:00Z,19.5
2025020936,2026-02-28T21:00:00Z,13.0
2025020966,2026-03-04T02:00:00Z,19.0
2025021007,2026-03-09T01:30:00Z,18.5
2025021042,2026-03-14T00:00:00Z,19.0
2025021061,2026-03-16T00:00:00Z,18.0
2025021073,2026-03-18T01:00:00Z,19.0
2025021089,2026-03-20T01:00:00Z,19.0
2025021109,2026-03-22T02:00:00Z,20.0
2025021148,2026-03-27T01:30:00Z,18.5
2025021187,2026-04-01T01:00:00Z,19.0
2025021218,2026-04-05T02:00:00Z,20.0
2025021246,2026-04-09T02:00:00Z,19.0
2025021264,2026-04-11T20:00:00Z,13.0
2025021311,2026-04-17T01:00:00Z,19.0
2025020012,2025-10-09T23:00:00Z,19.0
2025020027,2025-10-11T23:00:00Z,19.0
2025020044,2025-10-13T23:00:00Z,19.0
2025020064,2025-10-16T23:00:00Z,19.0
2025020114,2025-10-23T23:00:00Z,19.0
2025020130,2025-10-25T22:00:00Z,18.0
2025020226,2025-11-07T03:00:00Z,19.0
2025020243,2025-11-09T03:00:00Z,19.0
2025020255,2025-11-11T03:00:00Z,19.0
2025020273,2025-11-14T00:00:00Z,19.0
2025020283,2025-11-15T22:00:00Z,17.0
2025020303,2025-11-18T00:00:00Z,19.0
2025020323,2025-11-21T00:00:00Z,19.0
2025020357,2025-11-25T01:00:00Z,19.0
2025020363,2025-11-27T00:00:00Z,19.0
2025020413,2025-12-03T00:30:00Z,19.5
2025020429,2025-12-05T00:00:00Z,19.0
2025020454,2025-12-07T22:00:00Z,17.0
2025020514,2025-12-16T00:00:00Z,19.0
2025020529,2025-12-18T00:00:00Z,19.0
2025020554,2025-12-20T23:00:00Z,18.0
2025020591,2025-12-28T00:00:00Z,19.0
2025020607,2025-12-30T00:00:00Z,19.0
2025020618,2025-12-31T00:00:00Z,19.0
2025020641,2026-01-03T01:00:00Z,20.0
2025020672,2026-01-07T00:30:00Z,19.5
2025020683,2026-01-09T00:00:00Z,19.0
2025020704,2026-01-11T00:00:00Z,19.0
2025020761,2026-01-18T00:00:00Z,19.0
2025020773,2026-01-19T23:00:00Z,18.0
2025020799,2026-01-23T01:00:00Z,19.0
2025020817,2026-01-25T02:00:00Z,20.0
2025020852,2026-01-30T01:00:00Z,19.0
2025020862,2026-01-31T21:00:00Z,16.0
2025020904,2026-02-06T00:30:00Z,19.5
2025020921,2026-02-27T00:00:00Z,19.0
2025020948,2026-03-01T23:30:00Z,18.5
2025020961,2026-03-04T00:00:00Z,19.0
2025021062,2026-03-16T00:00:00Z,17.0
2025021074,2026-03-18T02:00:00Z,19.0
2025021123,2026-03-24T23:00:00Z,19.0
2025021140,2026-03-26T23:00:00Z,19.0
2025021153,2026-03-28T17:00:00Z,13.0
2025021167,2026-03-29T17:00:00Z,13.0
2025021181,2026-03-31T23:00:00Z,19.0
2025021211,2026-04-04T21:00:00Z,17.0
2025021223,2026-04-05T19:00:00Z,15.0
2025021233,2026-04-07T23:00:00Z,19.0
2025021249,2026-04-09T23:00:00Z,19.0
2025021270,2026-04-11T23:00:00Z,19.0
2025021283,2026-04-13T23:00:00Z,19.0
2025020007,2025-10-09T02:00:00Z,19.0
2025020022,2025-10-11T17:30:00Z,12.5
2025020047,2025-10-14T00:00:00Z,19.0
2025020071,2025-10-17T02:00:00Z,19.0
2025020104,2025-10-22T00:00:00Z,19.0
2025020137,2025-10-26T00:00:00Z,19.0
2025020165,2025-10-29T03:00:00Z,20.0
2025020191,2025-11-02T01:00:00Z,18.0
2025020212,2025-11-05T03:30:00Z,19.5
2025020245,2025-11-09T19:00:00Z,14.0
2025020257,2025-11-12T00:00:00Z,19.0
2025020269,2025-11-14T00:00:00Z,19.0
2025020286,2025-11-16T00:00:00Z,19.0
2025020304,2025-11-18T00:00:00Z,19.0
2025020330,2025-11-21T03:00:00Z,19.0
2025020359,2025-11-25T02:00:00Z,18.0
2025020401,2025-11-30T03:00:00Z,19.0
2025020420,2025-12-03T03:30:00Z,19.5
2025020479,2025-12-11T03:00:00Z,19.0
2025020538,2025-12-19T00:00:00Z,19.0
2025020587,2025-12-24T03:00:00Z,19.0
2025020639,2026-01-02T00:00:00Z,16.0
2025020655,2026-01-04T02:00:00Z,18.0
2025020666,2026-01-06T03:30:00Z,19.5
2025020681,2026-01-08T03:30:00Z,19.5
2025020695,2026-01-10T01:00:00Z,19.0
2025020738,2026-01-15T03:00:00Z,19.0
2025020787,2026-01-21T03:00:00Z,19.0
2025020816,2026-01-25T01:00:00Z,19.0
2025020859,2026-01-31T17:30:00Z,12.5
2025020902,2026-02-05T03:00:00Z,19.0
2025020909,2026-02-06T03:00:00Z,19.0
2025020916,2026-02-26T03:00:00Z,19.0
2025020982,2026-03-06T02:30:00Z,18.5
2025020997,2026-03-08T00:00:00Z,16.0
2025021041,2026-03-13T23:00:00Z,19.0
2025021050,2026-03-14T23:00:00Z,19.0
2025021065,2026-03-16T23:00:00Z,19.0
2025021093,2026-03-20T02:30:00Z,19.5
2025021149,2026-03-27T02:00:00Z,19.0
2025021189,2026-04-02T01:00:00Z,18.0
2025021204,2026-04-03T02:30:00Z,19.5
2025021217,2026-04-04T23:00:00Z,16.0
2025021232,2026-04-07T02:30:00Z,19.5
2025021260,2026-04-10T02:30:00Z,19.5
2025021291,2026-04-14T01:30:00Z,18.5
2025021300,2026-04-15T02:00:00Z,19.0
2025020015,2025-10-10T00:00:00Z,19.0
2025020073,2025-10-17T23:00:00Z,19.0
2025020081,2025-10-18T23:00:00Z,19.0
2025020093,2025-10-20T23:00:00Z,19.0
2025020108,2025-10-22T23:00:00Z,19.0
2025020142,2025-10-26T22:00:00Z,17.0
2025020157,2025-10-29T00:00:00Z,19.0
2025020173,2025-10-31T00:00:00Z,19.0
2025020190,2025-11-01T23:00:00Z,18.0
2025020208,2025-11-05T01:00:00Z,19.0
2025020228,2025-11-08T00:00:00Z,19.0
2025020261,2025-11-12T01:00:00Z,19.0
2025020298,2025-11-16T23:00:00Z,17.0
2025020332,2025-11-22T00:00:00Z,19.0
2025020348,2025-11-23T21:00:00Z,15.0
2025020451,2025-12-07T03:00:00Z,19.0
2025020465,2025-12-09T03:00:00Z,19.0
2025020496,2025-12-13T19:00:00Z,13.0
2025020526,2025-12-17T01:00:00Z,19.0
2025020582,2025-12-24T01:00:00Z,19.0
2025020594,2025-12-28T00:00:00Z,18.0
2025020614,2025-12-30T03:00:00Z,19.0
2025020625,2025-12-31T21:00:00Z,13.0
2025020693,2026-01-09T03:00:00Z,19.0
2025020708,2026-01-11T01:00:00Z,19.0
2025020721,2026-01-13T01:00:00Z,19.0
2025020744,2026-01-16T01:00:00Z,19.0
2025020774,2026-01-20T00:30:00Z,19.5
2025020780,2026-01-21T00:00:00Z,19.0
2025020879,2026-02-03T00:30:00Z,18.5
2025020896,2026-02-05T01:00:00Z,19.0
2025020951,2026-03-01T22:00:00Z,16.0
2025020967,2026-03-04T02:30:00Z,20.5
2025020988,2026-03-07T03:00:00Z,19.0
2025021035,2026-03-13T00:00:00Z,19.0
2025021046,2026-03-14T22:00:00Z,17.0
2025021060,2026-03-15T23:30:00Z,18.5
2025021127,2026-03-24T23:30:00Z,19.5
2025021199,2026-04-03T00:00:00Z,19.0
2025021208,2026-04-04T17:00:00Z,13.0
2025021240,2026-04-08T00:00:00Z,19.0
2025021267,2026-04-11T21:00:00Z,16.0
2025021286,2026-04-14T00:00:00Z,19.0
2025020004,2025-10-08T23:00:00Z,19.0
2025020050,2025-10-14T23:00:00Z,19.0
2025020062,2025-10-16T23:00:00Z,19.0
2025020080,2025-10-18T23:00:00Z,19.0
2025020136,2025-10-25T23:00:00Z,16.0
2025020164,2025-10-29T02:30:00Z,19.5
2025020187,2025-11-01T23:00:00Z,19.0
2025020204,2025-11-05T00:00:00Z,19.0
2025020220,2025-11-07T00:00:00Z,19.0
2025020320,2025-11-21T00:00:00Z,19.0
2025020337,2025-11-23T00:00:00Z,19.0
2025020383,2025-11-28T21:00:00Z,13.0
2025020411,2025-12-03T00:00:00Z,19.0
2025020422,2025-12-04T00:30:00Z,19.5
2025020444,2025-12-07T00:00:00Z,19.0
2025020457,2025-12-08T00:00:00Z,19.0
2025020466,2025-12-10T00:00:00Z,19.0
2025020484,2025-12-12T00:00:00Z,19.0
2025020500,2025-12-14T00:00:00Z,19.0
2025020521,2025-12-17T00:00:00Z,19.0
2025020556,2025-12-21T00:00:00Z,19.0
2025020566,2025-12-22T00:00:00Z,19.0
2025020602,2025-12-28T22:00:00Z,17.0
2025020648,2026-01-03T21:00:00Z,15.0
2025020720,2026-01-13T00:30:00Z,19.5
2025020727,2026-01-14T00:00:00Z,19.0
2025020758,2026-01-18T00:00:00Z,19.0
2025020832,2026-01-28T00:00:00Z,19.0
2025020895,2026-02-05T00:00:00Z,18.0
2025020919,2026-02-27T00:00:00Z,19.0
2025020940,2026-03-01T00:00:00Z,19.0
2025020969,2026-03-04T03:00:00Z,19.0
2025021014,2026-03-10T23:00:00Z,19.0
2025021025,2026-03-11T23:30:00Z,19.5
2025021048,2026-03-14T23:00:00Z,19.0
2025021105,2026-03-21T23:00:00Z,19.0
2025021161,2026-03-28T23:00:00Z,18.0
2025021180,2026-03-31T23:00:00Z,19.0
2025021195,2026-04-02T23:00:00Z,19.0
2025021212,2026-04-04T23:00:00Z,19.0
2025021226,2026-04-05T23:00:00Z,19.0
2025021248,2026-04-09T23:00:00Z,19.0
2025021277,2026-04-12T22:00:00Z,18.0
2025021294,2026-04-14T23:00:00Z,19.0
2025020041,2025-10-13T17:00:00Z,13.0
2025020049,2025-10-14T23:00:00Z,19.0
2025020084,2025-10-18T23:00:00Z,18.0
2025020118,2025-10-24T00:00:00Z,19.0
2025020156,2025-10-28T23:45:00Z,18.75
2025020170,2025-10-30T23:00:00Z,19.0
2025020201,2025-11-04T01:30:00Z,19.5
2025020223,2025-11-07T01:00:00Z,19.0
2025020253,2025-11-11T00:00:00Z,19.0
2025020281,2025-11-14T19:00:00Z,20.0
2025020296,2025-11-16T14:00:00Z,15.0
2025020397,2025-11-30T00:00:00Z,18.0
2025020487,2025-12-12T01:00:00Z,19.0
2025020517,2025-12-16T01:00:00Z,19.0
2025020558,2025-12-21T00:00:00Z,18.0
2025020567,2025-12-22T00:00:00Z,18.0
2025020595,2025-12-28T01:00:00Z,19.0
2025020623,2025-12-31T20:00:00Z,12.0
2025020638,2026-01-02T03:00:00Z,19.0
2025020689,2026-01-09T01:00:00Z,19.0
2025020713,2026-01-12T00:00:00Z,18.0
2025020765,2026-01-18T03:00:00Z,19.0
2025020798,2026-01-23T01:00:00Z,19.0
2025020848,2026-01-30T00:00:00Z,19.0
2025020867,2026-02-01T00:00:00Z,19.0
2025020880,2026-02-03T01:00:00Z,19.0
2025020908,2026-02-06T00:00:00Z,19.0
2025021024,2026-03-11T02:00:00Z,19.0
2025021038,2026-03-13T02:00:00Z,19.0
2025021071,2026-03-18T00:00:00Z,19.0
2025021087,2026-03-20T00:00:00Z,19.0
2025021100,2026-03-21T18:00:00Z,13.0
2025021129,2026-03-25T00:00:00Z,19.0
2025021144,2026-03-27T00:00:00Z,19.0
2025021168,2026-03-29T21:00:00Z,17.0
2025021220,2026-04-05T02:00:00Z,19.0
2025021287,2026-04-14T00:00:00Z,19.0
2025020026,2025-10-11T23:00:00Z,19.0
2025020098,2025-10-21T23:00:00Z,19.0
2025020124,2025-10-24T23:00:00Z,19.0
2025020176,2025-10-31T02:00:00Z,19.0
2025020231,2025-11-08T17:30:00Z,12.5
2025020252,2025-11-11T00:00:00Z,19.0
2025020288,2025-11-16T00:00:00Z,19.0
2025020309,2025-11-19T00:00:00Z,19.0
2025020339,2025-11-23T00:00:00Z,19.0
2025020364,2025-11-27T00:00:00Z,19.0
2025020395,2025-11-30T00:00:00Z,19.0
2025020436,2025-12-06T00:00:00Z,19.0
2025020467,2025-12-10T00:00:00Z,19.0
2025020481,2025-12-12T00:00:00Z,19.0
2025020508,2025-12-14T17:30:00Z,12.5
2025020533,2025-12-18T03:00:00Z,19.0
2025020580,2025-12-24T00:00:00Z,19.0
2025020592,2025-12-28T00:00:00Z,19.0
2025020617,2025-12-31T00:00:00Z,19.0
2025020669,2026-01-07T00:30:00Z,19.5
2025020687,2026-01-09T00:00:00Z,19.0
2025020711,2026-01-11T19:00:00Z,13.0
2025020735,2026-01-15T00:00:00Z,19.0
2025020807,2026-01-24T03:00:00Z,19.0
2025020820,2026-01-25T20:00:00Z,12.0
2025020835,2026-01-28T00:00:00Z,19.0
2025020866,2026-02-01T00:00:00Z,19.0
2025020905,2026-02-06T00:00:00Z,19.0
2025020922,2026-02-27T00:00:00Z,19.0
2025020943,2026-02-28T22:00:00Z,16.0
2025020971,2026-03-05T00:00:00Z,19.0
2025020991,2026-03-07T20:00:00Z,15.0
2025021077,2026-03-18T23:00:00Z,19.0
2025021095,2026-03-20T23:00:00Z,19.0
2025021182,2026-03-31T23:00:00Z,19.0
2025021194,2026-04-02T23:30:00Z,19.5
2025021236,2026-04-07T23:00:00Z,19.0
2025021251,2026-04-09T23:00:00Z,19.0
2025021279,2026-04-12T23:00:00Z,19.0
2025020013,2025-10-09T23:00:00Z,19.0
2025020028,2025-10-11T23:00:00Z,19.0
2025020042,2025-10-13T17:00:00Z,13.0
2025020077,2025-10-18T19:00:00Z,15.0
2025020100,2025-10-21T23:00:00Z,19.0
2025020127,2025-10-25T16:30:00Z,12.5
2025020179,2025-10-31T23:00:00Z,19.0
2025020237,2025-11-09T00:00:00Z,19.0
2025020277,2025-11-14T03:00:00Z,19.0
2025020336,2025-11-22T20:30:00Z,15.5
2025020349,2025-11-23T22:00:00Z,17.0
2025020381,2025-11-28T21:00:00Z,16.0
2025020402,2025-11-30T18:00:00Z,13.0
2025020414,2025-12-03T00:00:00Z,19.0
2025020446,2025-12-07T00:00:00Z,19.0
2025020468,2025-12-10T00:00:00Z,19.0
2025020498,2025-12-13T20:30:00Z,15.5
2025020545,2025-12-20T00:00:00Z,19.0
2025020588,2025-12-27T23:00:00Z,18.0
2025020651,2026-01-04T00:00:00Z,19.0
2025020732,2026-01-14T01:00:00Z,19.0
2025020778,2026-01-20T03:00:00Z,19.0
2025020793,2026-01-22T02:30:00Z,18.5
2025020827,2026-01-27T00:00:00Z,19.0
2025020842,2026-01-29T00:00:00Z,19.0
2025020849,2026-01-30T00:00:00Z,19.0
2025020878,2026-02-03T00:00:00Z,19.0
2025020888,2026-02-04T00:30:00Z,19.5
2025020999,2026-03-08T03:00:00Z,19.0
2025021019,2026-03-10T23:30:00Z,18.5
2025021068,2026-03-17T23:00:00Z,19.0
2025021084,2026-03-19T23:00:00Z,19.0
2025021173,2026-03-30T23:00:00Z,19.0
2025021205,2026-04-03T23:00:00Z,19.0
2025021252,2026-04-09T22:45:00Z,18.75
2025021262,2026-04-11T17:00:00Z,13.0
2025020002,2025-10-08T00:00:00Z,20.0
2025020029,2025-10-11T23:00:00Z,19.0
2025020038,2025-10-12T23:00:00Z,19.0
2025020061,2025-10-16T23:00:00Z,19.0
2025020116,2025-10-23T23:00:00Z,19.0
2025020163,2025-10-29T02:00:00Z,19.0
2025020193,2025-11-02T02:00:00Z,19.0
2025020265,2025-11-13T00:00:00Z,19.0
2025020313,2025-11-19T03:00:00Z,19.0
2025020355,2025-11-25T00:00:00Z,19.0
2025020391,2025-11-29T19:00:00Z,14.0
2025020427,2025-12-05T00:00:00Z,19.0
2025020458,2025-12-08T00:00:00Z,19.0
2025020523,2025-12-17T00:00:00Z,19.0
2025020541,2025-12-19T01:00:00Z,19.0
2025020549,2025-12-20T17:30:00Z,12.5
2025020576,2025-12-24T00:00:00Z,19.0
2025020622,2025-12-31T17:30:00Z,12.5
2025020718,2026-01-13T00:00:00Z,19.0
2025020737,2026-01-15T00:30:00Z,19.5
2025020755,2026-01-17T18:00:00Z,13.0
2025020808,2026-01-24T03:00:00Z,19.0
2025020861,2026-01-31T20:30:00Z,15.5
2025020924,2026-02-27T01:00:00Z,20.0
2025020934,2026-02-28T17:30:00Z,12.5
2025020975,2026-03-06T00:00:00Z,19.0
2025021008,2026-03-09T23:00:00Z,19.0
2025021036,2026-03-13T00:00:00Z,19.0
2025021110,2026-03-22T16:00:00Z,12.0
2025021119,2026-03-23T23:30:00Z,19.5
2025021136,2026-03-25T23:30:00Z,19.5
2025021227,2026-04-05T23:00:00Z,19.0
2025021302,2026-04-15T23:00:00Z,19.0
2025020011,2025-10-09T23:00:00Z,19.0
2025020063,2025-10-16T23:00:00Z,19.0
2025020112,2025-10-23T23:00:00Z,19.0
2025020135,2025-10-25T23:00:00Z,19.0
2025020232,2025-11-08T18:00:00Z,13.0
2025020342,2025-11-23T00:00:00Z,16.0
2025020373,2025-11-27T03:00:00Z,19.0
2025020382,2025-11-28T21:00:00Z,15.0
2025020445,2025-12-07T00:00:00Z,19.0
2025020516,2025-12-16T00:30:00Z,18.5
2025020537,2025-12-19T00:00:00Z,19.0
2025020590,2025-12-28T00:00:00Z,19.0
2025020632,2026-01-01T18:00:00Z,13.0
2025020650,2026-01-04T00:00:00Z,19.0
2025020725,2026-01-14T00:00:00Z,19.0
2025020821,2026-01-25T22:00:00Z,17.0
2025020877,2026-02-03T00:00:00Z,19.0
2025020907,2026-02-06T00:00:00Z,19.0
2025020939,2026-03-01T00:00:00Z,19.0
2025021000,2026-03-08T03:00:00Z,19.0
2025021011,2026-03-10T01:00:00Z,18.0
2025021058,2026-03-15T21:00:00Z,17.0
2025021079,2026-03-18T23:30:00Z,19.5
2025021106,2026-03-21T23:00:00Z,19.0
2025021138,2026-03-26T23:00:00Z,19.0
2025021152,2026-03-28T17:00:00Z,13.0
2025021234,2026-04-07T23:00:00Z,19.0
2025021304,2026-04-15T23:30:00Z,19.5
2025020066,2025-10-16T23:00:00Z,19.0
2025020094,2025-10-20T23:00:00Z,19.0
2025020150,2025-10-28T22:00:00Z,18.0
2025020188,2025-11-01T23:00:00Z,19.0
2025020280,2025-11-15T01:00:00Z,19.0
2025020324,2025-11-21T00:00:00Z,19.0
2025020353,2025-11-25T00:00:00Z,19.0
2025020407,2025-12-02T00:00:00Z,19.0
2025020469,2025-12-10T00:00:00Z,19.0
2025020483,2025-12-12T00:00:00Z,19.0
2025020572,2025-12-23T00:30:00Z,19.5
2025020605,2025-12-29T01:00:00Z,17.0
2025020621,2025-12-31T03:00:00Z,19.0
2025020686,2026-01-09T00:00:00Z,19.0
2025020705,2026-01-11T00:00:00Z,19.0
2025020719,2026-01-13T00:00:00Z,19.0
2025020741,2026-01-16T00:00:00Z,19.0
2025020775,2026-01-20T01:00:00Z,17.0
2025020889,2026-02-04T00:00:00Z,19.0
2025020911,2026-02-26T00:00:00Z,19.0
2025020954,2026-03-03T00:30:00Z,19.5
2025020993,2026-03-07T22:30:00Z,17.5
2025021026,2026-03-11T23:30:00Z,19.5
2025021103,2026-03-21T20:00:00Z,13.0
2025021184,2026-03-31T23:00:00Z,19.0
2025021272,2026-04-11T23:00:00Z,18.0
2025020088,2025-10-19T02:00:00Z,19.0
2025020101,2025-10-21T23:00:00Z,19.0
2025020148,2025-10-27T23:00:00Z,19.0
2025020182,2025-11-01T19:00:00Z,14.0
2025020199,2025-11-04T00:30:00Z,19.5
2025020221,2025-11-07T00:30:00Z,19.5
2025020340,2025-11-23T00:00:00Z,19.0
2025020396,2025-11-30T00:00:00Z,19.0
2025020428,2025-12-05T00:00:00Z,19.0
2025020497,2025-12-13T20:00:00Z,15.0
2025020575,2025-12-23T21:00:00Z,16.0
2025020726,2026-01-14T00:00:00Z,19.0
2025020772,2026-01-19T22:00:00Z,14.0
2025020822,2026-01-25T23:00:00Z,15.0
2025020947,2026-03-01T18:00:00Z,13.0
2025021039,2026-03-13T02:00:00Z,19.0
2025021099,2026-03-21T17:00:00Z,13.0
2025021192,2026-04-02T23:00:00Z,19.0
2025021263,2026-04-11T19:00:00Z,15.0
2025021276,2026-04-12T19:00:00Z,15.0
2025021299,2026-04-15T01:30:00Z,20.5
2025020020,2025-10-10T02:00:00Z,19.0
2025020217,2025-11-06T03:00:00Z,19.0
2025020230,2025-11-08T03:00:00Z,19.0
2025020295,2025-11-16T03:00:00Z,19.0
2025020385,2025-11-28T21:00:00Z,13.0
2025020400,2025-11-30T03:00:00Z,19.0
2025020425,2025-12-04T03:00:00Z,19.0
2025020480,2025-12-12T00:00:00Z,19.0
2025020561,2025-12-21T03:00:00Z,19.0
2025020586,2025-12-24T03:00:00Z,19.0
2025020599,2025-12-28T03:00:00Z,19.0
2025020649,2026-01-03T21:00:00Z,13.0
2025020715,2026-01-12T01:00:00Z,17.0
2025020742,2026-01-16T00:00:00Z,19.0
2025020781,2026-01-21T00:00:00Z,19.0
2025020838,2026-01-28T03:00:00Z,19.0
2025020950,2026-03-01T21:00:00Z,13.0
2025020989,2026-03-07T03:00:00Z,19.0
2025021143,2026-03-27T00:00:00Z,19.0
2025021177,2026-03-31T02:00:00Z,19.0
2025021202,2026-04-03T02:00:00Z,19.0
2025021275,2026-04-12T02:00:00Z,19.0
2025021308,2026-04-17T00:00:00Z,19.0
2025020037,2025-10-12T02:00:00Z,19.0
2025020079,2025-10-18T23:00:00Z,19.0
2025020102,2025-10-21T23:00:00Z,19.0
2025020120,2025-10-24T00:00:00Z,19.0
2025020239,2025-11-09T00:00:00Z,18.0
2025020278,2025-11-14T03:00:00Z,19.0
2025020616,2025-12-30T03:00:00Z,19.0
2025020642,2026-01-03T03:30:00Z,19.5
2025020839,2026-01-28T03:00:00Z,19.0
2025020857,2026-01-30T03:00:00Z,19.0
2025020872,2026-02-01T03:00:00Z,19.0
2025020925,2026-02-27T01:00:00Z,19.0
2025020946,2026-03-01T03:00:00Z,19.0
2025020974,2026-03-05T03:00:00Z,19.0
2025021055,2026-03-15T02:00:00Z,19.0
2025021076,2026-03-18T02:00:00Z,19.0
2025021139,2026-03-26T23:00:00Z,19.0
2025021230,2026-04-06T23:30:00Z,18.5
2025021259,2026-04-10T02:00:00Z,19.0
2025021306,2026-04-16T02:00:00Z,19.0
2025020046,2025-10-13T23:30:00Z,16.5
2025020172,2025-10-31T00:00:00Z,19.0
2025020214,2025-11-06T00:30:00Z,19.5
2025020292,2025-11-16T01:00:00Z,19.0
2025020307,2025-11-19T00:00:00Z,19.0
2025020531,2025-12-18T01:00:00Z,19.0
2025020571,2025-12-23T00:00:00Z,19.0
2025020640,2026-01-02T20:00:00Z,14.0
2025020710,2026-01-11T03:00:00Z,19.0
2025020751,2026-01-17T01:00:00Z,19.0
2025020785,2026-01-21T01:00:00Z,19.0
2025021057,2026-03-15T19:00:00Z,14.0
2025021107,2026-03-21T23:00:00Z,16.0
2025021128,2026-03-25T00:00:00Z,19.0
2025021160,2026-03-28T23:00:00Z,18.0
2025021253,2026-04-10T00:00:00Z,19.0
2025020052,2025-10-14T23:00:00Z,19.0
2025020141,2025-10-26T21:00:00Z,17.0
2025020225,2025-11-07T03:00:00Z,19.0
2025020236,2025-11-09T00:00:00Z,19.0
2025020297,2025-11-16T22:00:00Z,17.0
2025020341,2025-11-23T00:00:00Z,19.0
2025020461,2025-12-09T00:30:00Z,19.5
2025020847,2026-01-30T00:00:00Z,19.0
2025020912,2026-02-26T00:30:00Z,19.5
2025020980,2026-03-06T01:00:00Z,19.0
2025020994,2026-03-08T00:00:00Z,19.0
2025021090,2026-03-20T02:00:00Z,19.0
2025020386,2025-11-28T22:00:00Z,17.0
2025020539,2025-12-19T00:00:00Z,19.0
2025020634,2026-01-02T00:00:00Z,19.0
2025020702,2026-01-11T00:00:00Z,19.0
2025020748,2026-01-16T02:30:00Z,18.5
2025020762,2026-01-18T00:00:00Z,18.0
2025020802,2026-01-24T00:00:00Z,19.0
2025020869,2026-02-01T00:00:00Z,16.0
2025021245,2026-04-08T23:30:00Z,19.5
2025020089,2025-10-19T16:30:00Z,12.5
2025020263,2025-11-12T03:00:00Z,19.0
2025020792,2026-01-22T03:00:00Z,19.0
2025020901,2026-02-05T03:00:00Z,19.0
2025020915,2026-02-26T03:00:00Z,19.0
2025020996,2026-03-08T00:00:00Z,18.0
2025021175,2026-03-31T02:00:00Z,19.0
2025021242,2026-04-08T02:00:00Z,19.0
2025020673,2026-01-07T01:00:00Z,19.0
2025020931,2026-02-28T00:00:00Z,19.0
2025021131,2026-03-25T00:00:00Z,19.0
2025021166,2026-03-29T02:30:00Z,19.5
2025021290,2026-04-14T02:00:00Z,19.0
2025020367,2025-11-27T00:00:00Z,19.0
2025020503,2025-12-14T00:00:00Z,18.0
2026020021,2026-10-03T02:00:00Z,19.0
2026020037,2026-10-05T00:00:00Z,17.0
2026020055,2026-10-08T02:00:00Z,19.0
2026020069,2026-10-10T00:00:00Z,19.0
2026020082,2026-10-11T02:00:00Z,20.0
2026020103,2026-10-14T01:45:00Z,18.75
2026020120,2026-10-17T02:00:00Z,19.0
2026020137,2026-10-19T23:00:00Z,19.0
2026020143,2026-10-20T23:00:00Z,19.0
2026020157,2026-10-22T23:00:00Z,19.0
2026020168,2026-10-24T17:00:00Z,13.0
2026020197,2026-10-28T02:00:00Z,19.0
2026020211,2026-10-30T02:00:00Z,19.0
2026020231,2026-11-02T01:00:00Z,17.0
2026020246,2026-11-04T02:00:00Z,19.0
2026020260,2026-11-06T01:00:00Z,18.0
2026020264,2026-11-07T01:00:00Z,18.0
2026020282,2026-11-09T01:00:00Z,17.0
2026020297,2026-11-12T03:00:00Z,19.0
2026020324,2026-11-15T03:00:00Z,19.0
2026020328,2026-11-16T01:00:00Z,17.0
2026020339,2026-11-18T01:00:00Z,19.0
2026020356,2026-11-20T02:00:00Z,19.0
2026020370,2026-11-22T02:00:00Z,19.0
2026020383,2026-11-24T02:40:00Z,18.666666666666668
2026020398,2026-11-26T03:00:00Z,19.0
2026020409,2026-11-27T21:00:00Z,13.0
2026020426,2026-11-29T02:00:00Z,18.0
2026020443,2026-12-02T03:00:00Z,19.0
2026020463,2026-12-05T03:00:00Z,19.0
2026020480,2026-12-07T01:00:00Z,17.0
2026020487,2026-12-09T00:00:00Z,19.0
2026020500,2026-12-11T00:00:00Z,19.0
2026020518,2026-12-13T00:00:00Z,19.0
2026020529,2026-12-14T00:00:00Z,19.0
2026020549,2026-12-17T02:00:00Z,18.0
2026020564,2026-12-19T01:00:00Z,19.0
2026020583,2026-12-21T00:00:00Z,17.0
2026020600,2026-12-23T02:30:00Z,18.5
2026020618,2026-12-28T01:00:00Z,17.0
2026020636,2026-12-30T03:00:00Z,19.0
2026020652,2027-01-01T21:00:00Z,13.0
2026020672,2027-01-04T01:00:00Z,17.0
2026020689,2027-01-06T03:00:00Z,19.0
2026020707,2027-01-09T03:00:00Z,19.0
2026020724,2027-01-10T20:30:00Z,12.5
2026020737,2027-01-13T03:00:00Z,19.0
2026020753,2027-01-15T03:00:00Z,19.0
2026020768,2027-01-17T00:00:00Z,18.0
2026020786,2027-01-20T00:00:00Z,19.0
2026020803,2027-01-22T00:00:00Z,19.0
2026020817,2027-01-24T00:00:00Z,19.0
2026020825,2027-01-24T22:00:00Z,17.0
2026020843,2027-01-27T01:00:00Z,19.0
2026020859,2027-01-29T03:00:00Z,19.0
2026020877,2027-01-31T03:00:00Z,19.0
2026020900,2027-02-10T03:00:00Z,19.0
2026020905,2027-02-12T03:00:00Z,19.0
2026020913,2027-02-13T18:00:00Z,12.0
2026020929,2027-02-15T19:00:00Z,14.0
2026020941,2027-02-17T00:00:00Z,19.0
2026020953,2027-02-19T00:00:00Z,19.0
2026020970,2027-02-20T22:00:00Z,17.0
2026021002,2027-02-25T03:00:00Z,19.0
2026021018,2027-02-27T02:00:00Z,18.0
2026021027,2027-02-28T00:00:00Z,16.0
2026021041,2027-03-02T03:00:00Z,19.0
2026021068,2027-03-06T03:00:00Z,19.0
2026021087,2027-03-08T01:00:00Z,17.0
2026021106,2027-03-11T01:00:00Z,19.0
2026021123,2027-03-13T23:30:00Z,17.5
2026021135,2027-03-14T20:30:00Z,15.5
2026021152,2027-03-17T02:30:00Z,19.5
2026021169,2027-03-19T02:00:00Z,19.0
2026021184,2027-03-21T02:30:00Z,19.5
2026021195,2027-03-23T02:00:00Z,19.0
2026021210,2027-03-25T02:00:00Z,19.0
2026021222,2027-03-26T01:40:00Z,18.666666666666668
2026021229,2027-03-27T20:00:00Z,13.0
2026021258,2027-03-31T02:00:00Z,19.0
2026021271,2027-04-02T01:00:00Z,19.0
2026021288,2027-04-04T02:00:00Z,19.0
2026021311,2027-04-07T02:15:00Z,19.25
2026021331,2027-04-10T20:00:00Z,13.0
2026020013,2026-10-02T01:30:00Z,19.5
2026020027,2026-10-03T23:00:00Z,19.0
2026020036,2026-10-04T22:00:00Z,18.0
2026020047,2026-10-06T23:00:00Z,19.0
2026020056,2026-10-08T23:00:00Z,19.0
2026020074,2026-10-10T23:00:00Z,19.0
2026020102,2026-10-14T01:00:00Z,19.0
2026020117,2026-10-16T01:00:00Z,19.0
2026020133,2026-10-18T02:00:00Z,20.0
2026020140,2026-10-20T01:00:00Z,19.0
2026020164,2026-10-23T02:00:00Z,19.0
2026020177,2026-10-25T01:00:00Z,19.0
2026020195,2026-10-28T01:00:00Z,19.0
2026020205,2026-10-29T23:00:00Z,19.0
2026020229,2026-11-01T21:00:00Z,16.0
2026020236,2026-11-04T00:00:00Z,19.0
2026020251,2026-11-06T00:00:00Z,19.0
2026020269,2026-11-08T00:00:00Z,19.0
2026020296,2026-11-12T02:30:00Z,18.5
2026020307,2026-11-13T02:00:00Z,19.0
2026020323,2026-11-15T02:00:00Z,19.0
2026020332,2026-11-17T02:30:00Z,19.5
2026020346,2026-11-19T02:00:00Z,19.0
2026020382,2026-11-24T00:30:00Z,18.5
2026020396,2026-11-26T01:00:00Z,19.0
2026020402,2026-11-27T18:00:00Z,12.0
2026020424,2026-11-29T01:00:00Z,19.0
2026020435,2026-12-01T02:30:00Z,19.5
2026020447,2026-12-03T02:30:00Z,19.5
2026020458,2026-12-04T03:00:00Z,19.0
2026020474,2026-12-06T03:00:00Z,19.0
2026020507,2026-12-11T02:00:00Z,19.0
2026020522,2026-12-13T00:00:00Z,18.0
2026020534,2026-12-15T02:00:00Z,19.0
2026020545,2026-12-16T02:00:00Z,19.0
2026020558,2026-12-18T02:00:00Z,19.0
2026020569,2026-12-19T20:30:00Z,13.5
2026020588,2026-12-22T02:00:00Z,19.0
2026020610,2026-12-27T03:00:00Z,19.0
2026020634,2026-12-30T02:00:00Z,19.0
2026020647,2026-12-31T23:00:00Z,16.0
2026020666,2027-01-03T03:00:00Z,20.0
2026020686,2027-01-06T02:00:00Z,19.0
2026020694,2027-01-08T00:00:00Z,19.0
2026020716,2027-01-10T00:00:00Z,18.0
2026020732,2027-01-13T01:00:00Z,19.0
2026020740,2027-01-14T02:00:00Z,19.0
2026020757,2027-01-16T02:00:00Z,19.0
2026020781,2027-01-18T21:00:00Z,13.0
2026020822,2027-01-24T02:00:00Z,19.0
2026020833,2027-01-26T02:00:00Z,19.0
2026020848,2027-01-28T02:00:00Z,19.0
2026020863,2027-01-30T02:00:00Z,19.0
2026020880,2027-02-01T01:00:00Z,18.0
2026020886,2027-02-03T02:00:00Z,19.0
2026020891,2027-02-04T02:00:00Z,19.0
2026020911,2027-02-13T02:00:00Z,19.0
2026020928,2027-02-14T18:00:00Z,13.0
2026020930,2027-02-15T20:00:00Z,15.0
2026020947,2027-02-18T02:00:00Z,19.0
2026020966,2027-02-20T02:00:00Z,19.0
2026020982,2027-02-21T23:00:00Z,17.0
2026021000,2027-02-25T01:00:00Z,18.0
2026021017,2027-02-27T02:00:00Z,19.0
2026021034,2027-03-01T00:00:00Z,19.0
2026021044,2027-03-03T00:00:00Z,19.0
2026021062,2027-03-05T01:00:00Z,19.0
2026021082,2027-03-07T18:00:00Z,13.0
2026021102,2027-03-10T02:00:00Z,19.0
2026021130,2027-03-13T22:00:00Z,15.0
2026021142,2027-03-16T01:00:00Z,19.0
2026021172,2027-03-20T02:00:00Z,20.0
2026021186,2027-03-21T18:00:00Z,13.0
2026021204,2027-03-24T01:30:00Z,19.5
2026021226,2027-03-27T01:00:00Z,19.0
2026021257,2027-03-31T01:40:00Z,18.666666666666668
2026021286,2027-04-04T02:00:00Z,20.0
2026021300,2027-04-06T01:30:00Z,19.5
2026021315,2027-04-08T01:00:00Z,19.0
2026021328,2027-04-10T00:00:00Z,19.0
2026021340,2027-04-10T23:00:00Z,18.0
2026020003,2026-09-30T00:00:00Z,20.0
2026020019,2026-10-03T00:00:00Z,19.0
2026020031,2026-10-04T00:00:00Z,19.0
2026020041,2026-10-05T23:30:00Z,19.5
2026020070,2026-10-10T17:00:00Z,13.0
2026020105,2026-10-14T03:00:00Z,20.0
2026020132,2026-10-18T01:00:00Z,18.0
2026020147,2026-10-21T00:00:00Z,19.0
2026020154,2026-10-22T23:00:00Z,19.0
2026020170,2026-10-24T23:00:00Z,19.0
2026020189,2026-10-28T00:00:00Z,20.0
2026020207,2026-10-30T00:00:00Z,19.0
2026020217,2026-10-31T17:00:00Z,13.0
2026020232,2026-11-03T00:00:00Z,19.0
2026020257,2026-11-06T00:00:00Z,19.0
2026020277,2026-11-08T18:00:00Z,13.0
2026020299,2026-11-13T00:00:00Z,19.0
2026020313,2026-11-15T00:00:00Z,19.0
2026020333,2026-11-18T00:00:00Z,19.0
2026020344,2026-11-19T00:30:00Z,19.5
2026020363,2026-11-22T00:00:00Z,19.0
2026020386,2026-11-26T00:00:00Z,19.0
2026020400,2026-11-27T18:00:00Z,13.0
2026020429,2026-11-29T22:00:00Z,17.0
2026020440,2026-12-02T01:00:00Z,20.0
2026020464,2026-12-05T18:00:00Z,13.0
2026020488,2026-12-09T00:00:00Z,19.0
2026020502,2026-12-11T00:00:00Z,19.0
2026020514,2026-12-12T18:00:00Z,13.0
2026020527,2026-12-13T18:00:00Z,13.0
2026020536,2026-12-16T00:00:00Z,19.0
2026020551,2026-12-18T00:00:00Z,19.0
2026020567,2026-12-19T17:00:00Z,12.0
2026020576,2026-12-20T18:00:00Z,13.0
2026020591,2026-12-23T00:00:00Z,19.0
2026020602,2026-12-27T00:00:00Z,19.0
2026020616,2026-12-28T00:00:00Z,19.0
2026020639,2026-12-31T00:30:00Z,19.5
2026020651,2027-01-01T20:00:00Z,14.0
2026020660,2027-01-03T00:00:00Z,19.0
2026020683,2027-01-06T00:30:00Z,19.5
2026020690,2027-01-07T00:30:00Z,19.5
2026020715,2027-01-10T00:00:00Z,19.0
2026020728,2027-01-13T00:00:00Z,19.0
2026020743,2027-01-15T00:00:00Z,19.0
2026020758,2027-01-16T17:00:00Z,12.0
2026020777,2027-01-18T18:30:00Z,13.5
2026020795,2027-01-21T02:00:00Z,19.0
2026020811,2027-01-23T03:00:00Z,19.0
2026020834,2027-01-27T00:00:00Z,19.0
2026020849,2027-01-29T00:00:00Z,19.0
2026020869,2027-01-31T00:00:00Z,19.0
2026020901,2027-02-11T00:30:00Z,19.5
2026020917,2027-02-14T00:00:00Z,19.0
2026020948,2027-02-18T02:00:00Z,19.0
2026020965,2027-02-20T01:00:00Z,18.0
2026020985,2027-02-22T01:00:00Z,18.0
2026020990,2027-02-23T02:40:00Z,18.666666666666668
2026021007,2027-02-26T01:00:00Z,20.0
2026021019,2027-02-27T17:30:00Z,12.5
2026021049,2027-03-04T00:00:00Z,19.0
2026021058,2027-03-05T00:00:00Z,19.0
2026021071,2027-03-06T17:30:00Z,12.5
2026021089,2027-03-09T00:00:00Z,19.0
2026021104,2027-03-11T00:30:00Z,19.5
2026021109,2027-03-12T00:30:00Z,19.5
2026021124,2027-03-14T00:00:00Z,19.0
2026021139,2027-03-15T23:00:00Z,19.0
2026021166,2027-03-18T23:00:00Z,19.0
2026021178,2027-03-20T21:00:00Z,16.0
2026021196,2027-03-23T23:00:00Z,19.0
2026021211,2027-03-25T23:00:00Z,19.0
2026021224,2027-03-26T23:00:00Z,19.0
2026021248,2027-03-30T23:00:00Z,19.0
2026021268,2027-04-01T23:00:00Z,19.0
2026021278,2027-04-03T19:00:00Z,15.0
2026021298,2027-04-05T23:00:00Z,19.0
2026021312,2027-04-07T23:30:00Z,19.5
2026021326,2027-04-09T23:00:00Z,19.0
2026021341,2027-04-11T00:00:00Z,20.0
2026020011,2026-10-01T23:00:00Z,19.0
2026020022,2026-10-03T23:00:00Z,19.0
2026020049,2026-10-06T23:00:00Z,19.0
2026020057,2026-10-08T23:00:00Z,19.0
2026020087,2026-10-12T17:00:00Z,13.0
2026020092,2026-10-13T22:30:00Z,18.5
2026020108,2026-10-15T23:00:00Z,19.0
2026020126,2026-10-17T23:00:00Z,19.0
2026020152,2026-10-21T23:30:00Z,19.5
2026020173,2026-10-24T23:00:00Z,19.0
2026020198,2026-10-28T02:30:00Z,19.5
2026020221,2026-10-31T20:00:00Z,13.0
2026020247,2026-11-05T00:30:00Z,19.5
2026020262,2026-11-07T00:00:00Z,19.0
2026020278,2026-11-08T20:30:00Z,15.5
2026020293,2026-11-12T00:00:00Z,19.0
2026020305,2026-11-13T01:00:00Z,19.0
2026020322,2026-11-15T01:00:00Z,19.0
2026020337,2026-11-18T00:00:00Z,19.0
2026020351,2026-11-20T00:00:00Z,19.0
2026020361,2026-11-21T23:00:00Z,18.0
2026020374,2026-11-22T22:00:00Z,17.0
2026020387,2026-11-26T00:00:00Z,19.0
2026020413,2026-11-28T01:00:00Z,20.0
2026020441,2026-12-02T01:00:00Z,18.0
2026020455,2026-12-04T01:00:00Z,18.0
2026020462,2026-12-05T02:00:00Z,19.0
2026020481,2026-12-07T01:00:00Z,17.0
2026020499,2026-12-11T00:00:00Z,19.0
2026020531,2026-12-14T19:00:00Z,14.0
2026020537,2026-12-16T00:00:00Z,19.0
2026020559,2026-12-19T00:30:00Z,19.5
2026020579,2026-12-20T23:00:00Z,18.0
2026020593,2026-12-23T00:00:00Z,19.0
2026020603,2026-12-27T00:00:00Z,19.0
2026020620,2026-12-29T00:00:00Z,19.0
2026020638,2026-12-31T00:00:00Z,19.0
2026020657,2027-01-03T00:00:00Z,19.0
2026020674,2027-01-05T00:30:00Z,19.5
2026020704,2027-01-09T00:00:00Z,19.0
2026020712,2027-01-10T00:00:00Z,19.0
2026020729,2027-01-13T00:00:00Z,19.0
2026020744,2027-01-15T00:30:00Z,19.5
2026020761,2027-01-17T00:00:00Z,19.0
2026020776,2027-01-18T19:00:00Z,14.0
2026020793,2027-01-21T00:00:00Z,19.0
2026020798,2027-01-22T00:00:00Z,19.0
2026020824,2027-01-24T20:00:00Z,14.0
2026020858,2027-01-29T03:00:00Z,19.0
2026020868,2027-01-30T22:00:00Z,15.0
2026020887,2027-02-04T00:00:00Z,19.0
2026020921,2027-02-14T00:00:00Z,19.0
2026020931,2027-02-15T23:00:00Z,18.0
2026020951,2027-02-19T00:00:00Z,19.0
2026020968,2027-02-20T18:30:00Z,13.5
2026020978,2027-02-21T20:30:00Z,15.5
2026020999,2027-02-25T00:00:00Z,19.0
2026021012,2027-02-27T00:30:00Z,19.5
2026021022,2027-02-28T00:00:00Z,19.0
2026021043,2027-03-03T00:00:00Z,19.0
2026021056,2027-03-05T00:00:00Z,19.0
2026021072,2027-03-06T20:00:00Z,15.0
2026021085,2027-03-07T20:00:00Z,15.0
2026021092,2027-03-10T00:00:00Z,19.0
2026021117,2027-03-13T00:00:00Z,19.0
2026021137,2027-03-14T23:00:00Z,18.0
2026021140,2027-03-15T23:00:00Z,19.0
2026021160,2027-03-18T23:30:00Z,19.5
2026021174,2027-03-20T17:00:00Z,13.0
2026021187,2027-03-21T19:00:00Z,15.0
2026021212,2027-03-25T23:00:00Z,19.0
2026021243,2027-03-29T00:30:00Z,19.5
2026021255,2027-03-31T00:00:00Z,19.0
2026021283,2027-04-03T23:00:00Z,19.0
2026021297,2027-04-05T23:00:00Z,19.0
2026021333,2027-04-10T22:00:00Z,18.0
2026020014,2026-10-02T01:00:00Z,19.0
2026020033,2026-10-04T02:00:00Z,19.0
2026020038,2026-10-05T00:00:00Z,17.0
2026020064,2026-10-09T01:00:00Z,19.0
2026020118,2026-10-16T02:00:00Z,19.0
2026020136,2026-10-19T00:00:00Z,18.0
2026020162,2026-10-23T01:00:00Z,19.0
2026020178,2026-10-25T02:00:00Z,20.0
2026020186,2026-10-27T00:30:00Z,18.5
2026020200,2026-10-29T00:30:00Z,18.5
2026020216,2026-10-31T00:00:00Z,18.0
2026020226,2026-11-01T02:00:00Z,20.0
2026020235,2026-11-03T02:00:00Z,18.0
2026020250,2026-11-05T03:00:00Z,19.0
2026020281,2026-11-09T00:00:00Z,17.0
2026020294,2026-11-12T00:30:00Z,17.5
2026020325,2026-11-15T03:00:00Z,19.0
2026020343,2026-11-18T03:00:00Z,19.0
2026020355,2026-11-20T01:00:00Z,18.0
2026020360,2026-11-21T20:30:00Z,13.5
2026020380,2026-11-24T00:30:00Z,19.5
2026020391,2026-11-26T00:00:00Z,19.0
2026020401,2026-11-27T18:00:00Z,13.0
2026020419,2026-11-29T00:00:00Z,19.0
2026020436,2026-12-02T00:00:00Z,19.0
2026020468,2026-12-05T20:30:00Z,13.5
2026020493,2026-12-09T01:00:00Z,18.0
2026020504,2026-12-11T00:00:00Z,19.0
2026020511,2026-12-12T00:00:00Z,19.0
2026020552,2026-12-18T00:00:00Z,19.0
2026020568,2026-12-19T18:00:00Z,13.0
2026020597,2026-12-23T01:00:00Z,19.0
2026020609,2026-12-27T03:00:00Z,20.0
2026020632,2026-12-30T01:00:00Z,18.0
2026020648,2027-01-01T01:00:00Z,18.0
2026020662,2027-01-03T00:00:00Z,18.0
2026020671,2027-01-04T00:00:00Z,18.0
2026020685,2027-01-06T01:00:00Z,18.0
2026020700,2027-01-08T01:00:00Z,18.0
2026020710,2027-01-09T20:30:00Z,13.5
2026020735,2027-01-13T01:00:00Z,18.0
2026020750,2027-01-15T01:00:00Z,18.0
2026020769,2027-01-17T03:00:00Z,20.0
2026020785,2027-01-19T01:30:00Z,19.5
2026020804,2027-01-22T00:00:00Z,19.0
2026020815,2027-01-24T00:00:00Z,19.0
2026020835,2027-01-27T00:00:00Z,19.0
2026020855,2027-01-29T01:00:00Z,18.0
2026020866,2027-01-30T20:30:00Z,13.5
2026020882,2027-02-02T00:30:00Z,17.5
2026020925,2027-02-14T03:00:00Z,19.0
2026020938,2027-02-16T03:00:00Z,19.0
2026020964,2027-02-20T01:00:00Z,18.0
2026020984,2027-02-22T00:00:00Z,17.0
2026021030,2027-02-28T03:00:00Z,20.0
2026021052,2027-03-04T01:30:00Z,18.5
2026021067,2027-03-06T01:00:00Z,18.0
2026021083,2027-03-07T19:00:00Z,13.0
2026021096,2027-03-10T00:00:00Z,19.0
2026021119,2027-03-13T00:00:00Z,19.0
2026021144,2027-03-16T01:30:00Z,19.5
2026021157,2027-03-18T01:30:00Z,19.5
2026021171,2027-03-20T00:00:00Z,19.0
2026021190,2027-03-22T00:00:00Z,18.0
2026021205,2027-03-24T01:00:00Z,19.0
2026021221,2027-03-26T01:00:00Z,19.0
2026021239,2027-03-28T02:00:00Z,20.0
2026021256,2027-03-31T00:00:00Z,19.0
2026021269,2027-04-02T00:00:00Z,19.0
2026021279,2027-04-03T19:30:00Z,14.5
2026021301,2027-04-06T01:30:00Z,19.5
2026021322,2027-04-09T01:00:00Z,19.0
2026021342,2027-04-11T02:00:00Z,20.0
2026020001,2026-09-29T21:00:00Z,17.0
2026020018,2026-10-02T23:00:00Z,19.0
2026020025,2026-10-03T23:00:00Z,19.0
2026020045,2026-10-06T23:00:00Z,19.0
2026020061,2026-10-08T23:00:00Z,19.0
2026020078,2026-10-10T23:00:00Z,18.0
2026020086,2026-10-11T23:00:00Z,19.0
2026020093,2026-10-13T22:45:00Z,18.75
2026020122,2026-10-17T19:30:00Z,14.5
2026020150,2026-10-21T02:00:00Z,19.0
2026020163,2026-10-23T01:00:00Z,19.0
2026020175,2026-10-24T23:00:00Z,18.0
2026020206,2026-10-29T23:00:00Z,19.0
2026020227,2026-11-01T18:00:00Z,13.0
2026020245,2026-11-04T01:00:00Z,19.0
2026020255,2026-11-06T00:00:00Z,19.0
2026020271,2026-11-08T01:00:00Z,20.0
2026020309,2026-11-12T17:00:00Z,19.0
2026020321,2026-11-14T18:00:00Z,20.0
2026020352,2026-11-20T00:00:00Z,19.0
2026020359,2026-11-21T18:00:00Z,13.0
2026020373,2026-11-22T17:30:00Z,12.5
2026020388,2026-11-26T00:00:00Z,19.0
2026020421,2026-11-29T00:00:00Z,19.0
2026020431,2026-12-01T00:00:00Z,19.0
2026020453,2026-12-04T00:00:00Z,19.0
2026020471,2026-12-06T00:00:00Z,19.0
2026020490,2026-12-09T00:00:00Z,19.0
2026020512,2026-12-12T00:00:00Z,19.0
2026020541,2026-12-16T00:00:00Z,19.0
2026020565,2026-12-19T02:00:00Z,19.0
2026020589,2026-12-22T03:00:00Z,19.0
2026020606,2026-12-27T00:00:00Z,19.0
2026020623,2026-12-29T00:00:00Z,19.0
2026020630,2026-12-30T00:00:00Z,19.0
2026020643,2026-12-31T19:00:00Z,14.0
2026020659,2027-01-03T00:00:00Z,19.0
2026020681,2027-01-06T00:00:00Z,19.0
2026020698,2027-01-08T00:00:00Z,19.0
2026020748,2027-01-15T00:00:00Z,19.0
2026020755,2027-01-16T00:00:00Z,19.0
2026020774,2027-01-17T23:00:00Z,18.0
2026020800,2027-01-22T00:00:00Z,19.0
2026020832,2027-01-26T00:30:00Z,19.5
2026020836,2027-01-27T00:00:00Z,19.0
2026020851,2027-01-28T23:30:00Z,18.5
2026020872,2027-01-31T00:00:00Z,19.0
2026020898,2027-02-10T00:30:00Z,19.5
2026020904,2027-02-12T00:30:00Z,19.5
2026020939,2027-02-17T00:00:00Z,19.0
2026020962,2027-02-20T00:00:00Z,19.0
2026020977,2027-02-21T18:00:00Z,13.0
2026020993,2027-02-24T00:30:00Z,19.5
2026021006,2027-02-26T00:00:00Z,19.0
2026021024,2027-02-28T00:00:00Z,19.0
2026021038,2027-03-02T00:00:00Z,19.0
2026021050,2027-03-04T00:00:00Z,19.0
2026021065,2027-03-06T00:00:00Z,19.0
2026021098,2027-03-10T01:00:00Z,19.0
2026021128,2027-03-14T00:00:00Z,19.0
2026021170,2027-03-19T02:00:00Z,19.0
2026021185,2027-03-21T02:30:00Z,19.5
2026021201,2027-03-24T00:00:00Z,19.0
2026021216,2027-03-25T23:00:00Z,19.0
2026021234,2027-03-27T23:00:00Z,19.0
2026021244,2027-03-29T23:00:00Z,19.0
2026021252,2027-03-30T23:30:00Z,19.5
2026021272,2027-04-02T23:00:00Z,19.0
2026021281,2027-04-03T21:00:00Z,17.0
2026021296,2027-04-05T18:00:00Z,14.0
2026021313,2027-04-07T23:00:00Z,19.0
2026021334,2027-04-10T22:00:00Z,18.0
2026020005,2026-09-30T02:30:00Z,19.5
2026020050,2026-10-07T00:00:00Z,19.0
2026020062,2026-10-08T23:30:00Z,19.5
2026020098,2026-10-14T00:00:00Z,19.0
2026020114,2026-10-16T00:00:00Z,19.0
2026020130,2026-10-17T23:00:00Z,18.0
2026020166,2026-10-24T00:00:00Z,19.0
2026020180,2026-10-25T19:00:00Z,14.0
2026020190,2026-10-28T00:00:00Z,19.0
2026020203,2026-10-29T23:30:00Z,19.5
2026020234,2026-11-03T01:00:00Z,19.0
2026020248,2026-11-05T00:30:00Z,19.5
2026020253,2026-11-06T00:00:00Z,19.0
2026020312,2026-11-14T20:30:00Z,14.5
2026020338,2026-11-18T00:30:00Z,18.5
2026020353,2026-11-20T01:00:00Z,19.0
2026020377,2026-11-23T01:00:00Z,18.0
2026020399,2026-11-26T02:40:00Z,18.666666666666668
2026020411,2026-11-27T22:30:00Z,16.5
2026020428,2026-11-29T19:00:00Z,13.0
2026020434,2026-12-01T00:30:00Z,18.5
2026020454,2026-12-04T01:00:00Z,19.0
2026020461,2026-12-05T01:00:00Z,19.0
2026020479,2026-12-07T00:00:00Z,18.0
2026020489,2026-12-09T00:30:00Z,19.5
2026020506,2026-12-11T00:00:00Z,18.0
2026020560,2026-12-18T18:00:00Z,19.0
2026020577,2026-12-20T13:00:00Z,14.0
2026020612,2026-12-27T20:00:00Z,14.0
2026020631,2026-12-30T01:00:00Z,19.0
2026020664,2027-01-03T01:00:00Z,19.0
2026020675,2027-01-05T00:30:00Z,19.5
2026020696,2027-01-08T00:00:00Z,19.0
2026020709,2027-01-09T17:00:00Z,12.0
2026020722,2027-01-11T00:30:00Z,19.5
2026020745,2027-01-15T00:00:00Z,19.0
2026020766,2027-01-17T00:00:00Z,18.0
2026020796,2027-01-21T00:30:00Z,18.5
2026020809,2027-01-23T01:00:00Z,19.0
2026020829,2027-01-25T00:00:00Z,18.0
2026020841,2027-01-27T01:00:00Z,19.0
2026020867,2027-01-30T21:00:00Z,13.0
2026020902,2027-02-11T03:00:00Z,19.0
2026020916,2027-02-13T23:00:00Z,15.0
2026020945,2027-02-18T00:30:00Z,18.5
2026020969,2027-02-20T20:00:00Z,14.0
2026020979,2027-02-21T23:00:00Z,17.0
2026020995,2027-02-24T01:00:00Z,19.0
2026021016,2027-02-27T01:00:00Z,19.0
2026021033,2027-02-28T23:30:00Z,17.5
2026021040,2027-03-02T01:30:00Z,19.5
2026021053,2027-03-04T03:00:00Z,20.0
2026021078,2027-03-07T03:00:00Z,20.0
2026021091,2027-03-09T01:00:00Z,19.0
2026021105,2027-03-11T01:00:00Z,19.0
2026021122,2027-03-13T23:00:00Z,16.0
2026021151,2027-03-17T00:00:00Z,19.0
2026021188,2027-03-21T21:00:00Z,15.0
2026021202,2027-03-24T00:00:00Z,19.0
2026021217,2027-03-25T23:00:00Z,19.0
2026021225,2027-03-27T00:00:00Z,19.0
2026021240,2027-03-28T18:00:00Z,13.0
2026021254,2027-03-30T23:00:00Z,19.0
2026021270,2027-04-02T00:00:00Z,19.0
2026021282,2027-04-03T22:00:00Z,17.0
2026021308,2027-04-07T00:00:00Z,19.0
2026021320,2027-04-09T00:00:00Z,19.0
2026021336,2027-04-10T22:00:00Z,17.0
2026020007,2026-10-01T02:00:00Z,20.0
2026020032,2026-10-04T01:00:00Z,19.0
2026020054,2026-10-07T23:30:00Z,18.5
2026020080,2026-10-10T23:00:00Z,17.0
2026020100,2026-10-14T00:30:00Z,19.5
2026020107,2026-10-15T00:30:00Z,18.5
2026020119,2026-10-17T01:00:00Z,19.0
2026020138,2026-10-19T23:00:00Z,19.0
2026020142,2026-10-20T23:00:00Z,19.0
2026020167,2026-10-24T01:00:00Z,19.0
2026020183,2026-10-26T00:00:00Z,19.0
2026020201,2026-10-29T01:00:00Z,19.0
2026020244,2026-11-04T00:00:00Z,19.0
2026020261,2026-11-06T02:30:00Z,19.5
2026020274,2026-11-08T02:00:00Z,19.0
2026020286,2026-11-11T00:00:00Z,19.0
2026020301,2026-11-13T00:00:00Z,19.0
2026020315,2026-11-15T00:00:00Z,19.0
2026020397,2026-11-26T02:30:00Z,19.5
2026020408,2026-11-27T21:00:00Z,15.0
2026020425,2026-11-29T02:00:00Z,19.0
2026020450,2026-12-04T00:00:00Z,19.0
2026020470,2026-12-06T00:00:00Z,19.0
2026020482,2026-12-07T18:00:00Z,13.0
2026020491,2026-12-09T01:00:00Z,19.0
2026020524,2026-12-13T02:00:00Z,19.0
2026020548,2026-12-17T02:00:00Z,19.0
2026020584,2026-12-21T01:00:00Z,18.0
2026020633,2026-12-30T02:00:00Z,19.0
2026020667,2027-01-03T03:00:00Z,19.0
2026020678,2027-01-05T02:00:00Z,19.0
2026020691,2027-01-07T02:30:00Z,19.5
2026020706,2027-01-09T02:00:00Z,19.0
2026020723,2027-01-11T01:00:00Z,18.0
2026020730,2027-01-13T00:00:00Z,19.0
2026020765,2027-01-17T00:00:00Z,19.0
2026020779,2027-01-18T20:00:00Z,13.0
2026020810,2027-01-23T01:00:00Z,19.0
2026020826,2027-01-24T22:00:00Z,15.0
2026020845,2027-01-27T02:00:00Z,19.0
2026020853,2027-01-29T01:00:00Z,19.0
2026020908,2027-02-13T00:00:00Z,19.0
2026020919,2027-02-14T00:00:00Z,19.0
2026020932,2027-02-15T20:00:00Z,13.0
2026020949,2027-02-18T02:00:00Z,19.0
2026020975,2027-02-21T03:00:00Z,20.0
2026020989,2027-02-23T02:00:00Z,19.0
2026021011,2027-02-26T02:00:00Z,19.0
2026021026,2027-02-28T00:00:00Z,17.0
2026021047,2027-03-03T01:00:00Z,19.0
2026021070,2027-03-06T03:00:00Z,19.0
2026021084,2027-03-07T21:00:00Z,13.0
2026021101,2027-03-10T02:00:00Z,19.0
2026021114,2027-03-12T02:00:00Z,19.0
2026021143,2027-03-16T01:30:00Z,19.5
2026021156,2027-03-18T00:30:00Z,18.5
2026021173,2027-03-20T02:00:00Z,19.0
2026021219,2027-03-26T00:00:00Z,19.0
2026021236,2027-03-27T23:00:00Z,17.0
2026021247,2027-03-30T02:00:00Z,19.0
2026021275,2027-04-03T01:00:00Z,19.0
2026021290,2027-04-04T18:00:00Z,13.0
2026021309,2027-04-07T02:00:00Z,19.0
2026021330,2027-04-10T19:00:00Z,13.0
2026020068,2026-10-09T23:00:00Z,19.0
2026020079,2026-10-10T23:00:00Z,18.0
2026020091,2026-10-13T22:15:00Z,18.25
2026020129,2026-10-17T23:00:00Z,19.0
2026020135,2026-10-18T22:00:00Z,17.0
2026020145,2026-10-20T23:00:00Z,19.0
2026020174,2026-10-24T23:00:00Z,19.0
2026020188,2026-10-27T23:00:00Z,19.0
2026020225,2026-11-01T00:00:00Z,19.0
2026020258,2026-11-06T00:00:00Z,19.0
2026020289,2026-11-11T00:30:00Z,19.5
2026020304,2026-11-13T00:00:00Z,19.0
2026020319,2026-11-15T00:00:00Z,19.0
2026020336,2026-11-18T00:00:00Z,19.0
2026020364,2026-11-22T00:00:00Z,19.0
2026020378,2026-11-24T00:00:00Z,19.0
2026020393,2026-11-26T00:00:00Z,19.0
2026020407,2026-11-27T20:00:00Z,15.0
2026020432,2026-12-01T00:00:00Z,19.0
2026020466,2026-12-05T19:00:00Z,13.0
2026020483,2026-12-08T00:00:00Z,19.0
2026020505,2026-12-11T00:00:00Z,19.0
2026020515,2026-12-12T18:00:00Z,13.0
2026020528,2026-12-13T23:00:00Z,18.0
2026020556,2026-12-18T00:00:00Z,19.0
2026020572,2026-12-20T00:00:00Z,19.0
2026020587,2026-12-22T00:00:00Z,19.0
2026020594,2026-12-23T00:00:00Z,19.0
2026020605,2026-12-27T01:00:00Z,20.0
2026020613,2026-12-27T23:00:00Z,18.0
2026020626,2026-12-30T00:00:00Z,19.0
2026020645,2026-12-31T19:00:00Z,14.0
2026020670,2027-01-03T23:00:00Z,18.0
2026020682,2027-01-06T00:00:00Z,19.0
2026020695,2027-01-08T00:00:00Z,19.0
2026020756,2027-01-16T01:00:00Z,18.0
2026020770,2027-01-17T03:00:00Z,20.0
2026020782,2027-01-18T21:00:00Z,13.0
2026020813,2027-01-23T20:30:00Z,15.5
2026020852,2027-01-29T00:00:00Z,19.0
2026020873,2027-01-31T00:00:00Z,19.0
2026020895,2027-02-09T00:30:00Z,19.5
2026020897,2027-02-10T00:00:00Z,19.0
2026020903,2027-02-12T00:00:00Z,19.0
2026020960,2027-02-19T03:00:00Z,19.0
2026020971,2027-02-20T22:00:00Z,17.0
2026020987,2027-02-23T00:00:00Z,19.0
2026021015,2027-02-27T00:00:00Z,19.0
2026021025,2027-02-28T00:00:00Z,19.0
2026021055,2027-03-04T03:00:00Z,19.0
2026021069,2027-03-06T03:00:00Z,19.0
2026021110,2027-03-12T00:00:00Z,19.0
2026021129,2027-03-14T00:00:00Z,19.0
2026021150,2027-03-16T23:00:00Z,19.0
2026021163,2027-03-18T23:00:00Z,19.0
2026021181,2027-03-20T23:00:00Z,18.0
2026021193,2027-03-22T23:00:00Z,19.0
2026021235,2027-03-27T23:00:00Z,19.0
2026021251,2027-03-30T23:00:00Z,19.0
2026021264,2027-04-01T23:00:00Z,19.0
2026021280,2027-04-03T21:00:00Z,17.0
2026021304,2027-04-06T23:45:00Z,19.75
2026021319,2027-04-08T23:30:00Z,19.5
2026021332,2027-04-10T21:00:00Z,17.0
2026020020,2026-10-03T01:00:00Z,20.0
2026020030,2026-10-04T00:00:00Z,19.0
2026020043,2026-10-06T00:00:00Z,19.0
2026020077,2026-10-10T23:00:00Z,19.0
2026020161,2026-10-23T00:00:00Z,19.0
2026020181,2026-10-25T22:00:00Z,17.0
2026020193,2026-10-28T00:00:00Z,19.0
2026020209,2026-10-30T00:00:00Z,19.0
2026020243,2026-11-04T00:00:00Z,19.0
2026020272,2026-11-08T01:00:00Z,19.0
2026020306,2026-11-13T01:00:00Z,19.0
2026020327,2026-11-16T01:00:00Z,19.0
2026020342,2026-11-18T03:00:00Z,19.0
2026020358,2026-11-20T03:00:00Z,19.0
2026020376,2026-11-23T00:00:00Z,18.0
2026020395,2026-11-26T01:00:00Z,19.0
2026020403,2026-11-27T19:00:00Z,13.0
2026020442,2026-12-02T02:40:00Z,18.666666666666668
2026020457,2026-12-04T03:00:00Z,19.0
2026020475,2026-12-06T03:00:00Z,20.0
2026020497,2026-12-10T00:30:00Z,18.5
2026020523,2026-12-13T01:00:00Z,19.0
2026020546,2026-12-16T02:30:00Z,20.5
2026020557,2026-12-18T01:00:00Z,18.0
2026020574,2026-12-20T00:00:00Z,18.0
2026020580,2026-12-20T22:00:00Z,16.0
2026020615,2026-12-28T00:00:00Z,19.0
2026020627,2026-12-30T00:00:00Z,19.0
2026020649,2027-01-01T02:00:00Z,20.0
2026020677,2027-01-05T01:00:00Z,19.0
2026020693,2027-01-07T03:00:00Z,19.0
2026020718,2027-01-10T02:00:00Z,18.0
2026020734,2027-01-13T01:00:00Z,19.0
2026020754,2027-01-16T00:00:00Z,19.0
2026020773,2027-01-17T23:00:00Z,18.0
2026020787,2027-01-20T00:00:00Z,19.0
2026020854,2027-01-29T01:00:00Z,19.0
2026020875,2027-01-31T02:00:00Z,20.0
2026020896,2027-02-09T01:00:00Z,19.0
2026020907,2027-02-13T00:00:00Z,19.0
2026020915,2027-02-13T23:00:00Z,18.0
2026020943,2027-02-17T01:00:00Z,19.0
2026020957,2027-02-19T02:00:00Z,20.0
2026020974,2027-02-21T01:00:00Z,19.0
2026020997,2027-02-24T01:00:00Z,19.0
2026021010,2027-02-26T01:00:00Z,19.0
2026021020,2027-02-27T20:00:00Z,14.0
2026021035,2027-03-01T02:00:00Z,20.0
2026021051,2027-03-04T01:00:00Z,19.0
2026021064,2027-03-06T00:00:00Z,19.0
2026021075,2027-03-07T00:00:00Z,19.0
2026021090,2027-03-09T00:30:00Z,19.5
2026021131,2027-03-14T02:00:00Z,18.0
2026021177,2027-03-20T19:30:00Z,13.5
2026021238,2027-03-28T00:00:00Z,19.0
2026021274,2027-04-03T00:00:00Z,19.0
2026021299,2027-04-06T00:00:00Z,19.0
2026021337,2027-04-10T23:00:00Z,18.0
2026020017,2026-10-02T22:30:00Z,18.5
2026020035,2026-10-04T17:00:00Z,13.0
2026020046,2026-10-06T23:00:00Z,19.0
2026020066,2026-10-09T23:00:00Z,19.0
2026020075,2026-10-10T23:00:00Z,19.0
2026020090,2026-10-13T22:00:00Z,18.0
2026020110,2026-10-15T23:30:00Z,19.5
2026020127,2026-10-17T23:00:00Z,19.0
2026020149,2026-10-21T01:40:00Z,18.666666666666668
2026020165,2026-10-23T02:00:00Z,19.0
2026020187,2026-10-27T01:30:00Z,19.5
2026020218,2026-10-31T17:00:00Z,13.0
2026020233,2026-11-03T00:00:00Z,19.0
2026020238,2026-11-04T00:00:00Z,19.0
2026020252,2026-11-06T00:00:00Z,19.0
2026020290,2026-11-11T01:00:00Z,19.0
2026020302,2026-11-13T00:30:00Z,19.5
2026020316,2026-11-15T00:00:00Z,19.0
2026020367,2026-11-22T00:00:00Z,19.0
2026020394,2026-11-26T00:30:00Z,19.5
2026020417,2026-11-29T00:00:00Z,19.0
2026020496,2026-12-10T00:00:00Z,19.0
2026020510,2026-12-12T00:00:00Z,19.0
2026020521,2026-12-13T00:00:00Z,19.0
2026020538,2026-12-16T00:30:00Z,19.5
2026020555,2026-12-18T00:00:00Z,19.0
2026020562,2026-12-19T00:00:00Z,19.0
2026020578,2026-12-20T22:00:00Z,17.0
2026020595,2026-12-23T00:00:00Z,19.0
2026020607,2026-12-27T00:00:00Z,18.0
2026020629,2026-12-30T00:00:00Z,19.0
2026020655,2027-01-02T20:30:00Z,15.5
2026020772,2027-01-17T22:00:00Z,17.0
2026020806,2027-01-22T02:00:00Z,20.0
2026020812,2027-01-23T17:30:00Z,12.5
2026020830,2027-01-26T00:00:00Z,19.0
2026020846,2027-01-28T00:30:00Z,19.5
2026020861,2027-01-30T00:00:00Z,19.0
2026020906,2027-02-12T03:00:00Z,19.0
2026020914,2027-02-13T21:00:00Z,13.0
2026020937,2027-02-16T03:00:00Z,19.0
2026020952,2027-02-19T00:00:00Z,19.0
2026020991,2027-02-24T00:00:00Z,19.0
2026021004,2027-02-26T00:00:00Z,19.0
2026021036,2027-03-02T00:00:00Z,19.0
2026021059,2027-03-04T23:00:00Z,18.0
2026021099,2027-03-10T00:00:00Z,18.0
2026021134,2027-03-14T18:00:00Z,14.0
2026021149,2027-03-16T23:00:00Z,19.0
2026021175,2027-03-20T16:30:00Z,12.5
2026021199,2027-03-23T23:00:00Z,19.0
2026021209,2027-03-24T23:30:00Z,19.5
2026021237,2027-03-27T23:30:00Z,19.5
2026021242,2027-03-28T22:00:00Z,18.0
2026021249,2027-03-30T23:00:00Z,19.0
2026021292,2027-04-04T19:00:00Z,15.0
2026021305,2027-04-06T23:30:00Z,19.5
2026021325,2027-04-09T23:00:00Z,19.0
2026020004,2026-09-30T02:00:00Z,20.0
2026020015,2026-10-02T02:00:00Z,19.0
2026020028,2026-10-03T23:00:00Z,17.0
2026020072,2026-10-10T20:00:00Z,13.0
2026020104,2026-10-14T02:30:00Z,19.5
2026020148,2026-10-21T01:00:00Z,19.0
2026020176,2026-10-24T23:00:00Z,17.0
2026020220,2026-10-31T18:00:00Z,14.0
2026020230,2026-11-01T23:00:00Z,18.0
2026020239,2026-11-04T00:30:00Z,19.5
2026020276,2026-11-08T03:00:00Z,20.0
2026020283,2026-11-10T01:00:00Z,18.0
2026020295,2026-11-12T02:00:00Z,19.0
2026020314,2026-11-15T00:00:00Z,19.0
2026020326,2026-11-16T00:30:00Z,19.5
2026020335,2026-11-18T00:00:00Z,19.0
2026020349,2026-11-20T00:30:00Z,19.5
2026020375,2026-11-23T00:00:00Z,18.0
2026020385,2026-11-25T01:00:00Z,18.0
2026020414,2026-11-28T01:00:00Z,18.0
2026020427,2026-11-29T03:00:00Z,19.0
2026020456,2026-12-04T01:00:00Z,18.0
2026020494,2026-12-09T01:00:00Z,19.0
2026020520,2026-12-13T00:00:00Z,19.0
2026020533,2026-12-15T00:30:00Z,19.5
2026020622,2026-12-29T00:00:00Z,19.0
2026020669,2027-01-03T20:00:00Z,15.0
2026020684,2027-01-06T00:30:00Z,18.5
2026020701,2027-01-08T01:00:00Z,18.0
2026020711,2027-01-09T20:30:00Z,13.5
2026020726,2027-01-12T01:30:00Z,18.5
2026020741,2027-01-14T02:00:00Z,19.0
2026020775,2027-01-18T00:00:00Z,17.0
2026020797,2027-01-21T03:00:00Z,19.0
2026020807,2027-01-22T03:00:00Z,19.0
2026020823,2027-01-24T03:00:00Z,19.0
2026020856,2027-01-29T01:00:00Z,18.0
2026020874,2027-01-31T00:00:00Z,17.0
2026020892,2027-02-04T02:00:00Z,19.0
2026020910,2027-02-13T01:00:00Z,18.0
2026020922,2027-02-14T00:00:00Z,17.0
2026020988,2027-02-23T00:30:00Z,17.5
2026021009,2027-02-26T01:00:00Z,19.0
2026021100,2027-03-10T01:00:00Z,18.0
2026021113,2027-03-12T01:00:00Z,18.0
2026021133,2027-03-14T03:00:00Z,19.0
2026021168,2027-03-19T01:00:00Z,19.0
2026021192,2027-03-22T01:00:00Z,18.0
2026021220,2027-03-26T01:00:00Z,20.0
2026021227,2027-03-27T19:30:00Z,13.5
2026021260,2027-04-01T00:30:00Z,18.5
2026021276,2027-04-03T02:00:00Z,19.0
2026021314,2027-04-08T00:00:00Z,19.0
2026021343,2027-04-11T02:00:00Z,20.0
2026020016,2026-10-02T02:00:00Z,19.0
2026020052,2026-10-07T02:00:00Z,19.0
2026020073,2026-10-10T22:00:00Z,18.0
2026020112,2026-10-15T23:00:00Z,19.0
2026020124,2026-10-17T22:00:00Z,18.0
2026020153,2026-10-21T23:30:00Z,19.5
2026020158,2026-10-22T23:00:00Z,19.0
2026020194,2026-10-28T00:00:00Z,19.0
2026020215,2026-10-30T23:00:00Z,19.0
2026020265,2026-11-07T17:30:00Z,12.5
2026020320,2026-11-15T00:00:00Z,18.0
2026020389,2026-11-26T00:00:00Z,19.0
2026020406,2026-11-27T20:00:00Z,15.0
2026020416,2026-11-28T23:00:00Z,18.0
2026020438,2026-12-02T00:00:00Z,19.0
2026020448,2026-12-04T00:00:00Z,19.0
2026020465,2026-12-05T18:00:00Z,13.0
2026020503,2026-12-11T00:00:00Z,19.0
2026020532,2026-12-15T00:00:00Z,19.0
2026020586,2026-12-22T00:00:00Z,19.0
2026020601,2026-12-26T23:00:00Z,18.0
2026020621,2026-12-29T00:00:00Z,19.0
2026020650,2027-01-01T19:00:00Z,13.0
2026020656,2027-01-02T18:00:00Z,13.0
2026020719,2027-01-10T03:00:00Z,20.0
2026020736,2027-01-13T02:40:00Z,18.666666666666668
2026020751,2027-01-15T02:30:00Z,20.5
2026020760,2027-01-16T23:00:00Z,18.0
2026020784,2027-01-19T00:30:00Z,19.5
2026020827,2027-01-24T23:00:00Z,18.0
2026020839,2027-01-27T00:00:00Z,19.0
2026020847,2027-01-28T00:30:00Z,19.5
2026020881,2027-02-01T19:00:00Z,14.0
2026020888,2027-02-04T00:00:00Z,19.0
2026020940,2027-02-17T00:30:00Z,19.5
2026020954,2027-02-19T00:00:00Z,19.0
2026020980,2027-02-21T23:00:00Z,18.0
2026021001,2027-02-25T02:30:00Z,18.5
2026021060,2027-03-05T01:30:00Z,20.5
2026021076,2027-03-07T00:00:00Z,19.0
2026021093,2027-03-10T00:00:00Z,19.0
2026021118,2027-03-13T00:00:00Z,19.0
2026021141,2027-03-15T23:30:00Z,19.5
2026021147,2027-03-16T23:00:00Z,19.0
2026021162,2027-03-18T23:00:00Z,19.0
2026021197,2027-03-23T23:00:00Z,19.0
2026021214,2027-03-25T23:00:00Z,19.0
2026021230,2027-03-27T22:00:00Z,18.0
2026021265,2027-04-01T23:00:00Z,19.0
2026021277,2027-04-03T16:30:00Z,12.5
2026021291,2027-04-04T20:30:00Z,16.5
2026021302,2027-04-06T23:15:00Z,19.25
2026020034,2026-10-04T02:00:00Z,19.0
2026020083,2026-10-11T02:00:00Z,19.0
2026020144,2026-10-20T23:00:00Z,19.0
2026020159,2026-10-22T23:30:00Z,19.5
2026020169,2026-10-24T19:30:00Z,15.5
2026020185,2026-10-26T23:00:00Z,19.0
2026020212,2026-10-30T02:00:00Z,19.0
2026020249,2026-11-05T03:00:00Z,19.0
2026020275,2026-11-08T02:00:00Z,18.0
2026020292,2026-11-11T03:00:00Z,19.0
2026020308,2026-11-13T03:00:00Z,19.0
2026020347,2026-11-20T00:00:00Z,19.0
2026020366,2026-11-22T00:00:00Z,19.0
2026020379,2026-11-24T00:30:00Z,19.5
2026020444,2026-12-02T03:00:00Z,19.0
2026020459,2026-12-04T03:00:00Z,19.0
2026020498,2026-12-10T02:30:00Z,18.5
2026020513,2026-12-12T03:00:00Z,19.0
2026020525,2026-12-13T03:00:00Z,19.0
2026020554,2026-12-18T00:00:00Z,19.0
2026020598,2026-12-23T01:00:00Z,19.0
2026020625,2026-12-29T02:30:00Z,19.5
2026020641,2026-12-31T03:00:00Z,19.0
2026020665,2027-01-03T02:00:00Z,18.0
2026020679,2027-01-05T03:00:00Z,19.0
2026020692,2027-01-07T03:00:00Z,19.0
2026020727,2027-01-12T03:00:00Z,19.0
2026020742,2027-01-14T03:00:00Z,19.0
2026020791,2027-01-20T03:00:00Z,19.0
2026020814,2027-01-23T22:00:00Z,16.0
2026020837,2027-01-27T00:00:00Z,19.0
2026020850,2027-01-29T00:30:00Z,19.5
2026020899,2027-02-10T01:00:00Z,19.0
2026020946,2027-02-18T00:30:00Z,18.5
2026020958,2027-02-19T01:00:00Z,19.0
2026020976,2027-02-21T03:30:00Z,19.5
2026021003,2027-02-25T03:00:00Z,19.0
2026021029,2027-02-28T01:00:00Z,19.0
2026021054,2027-03-04T03:00:00Z,19.0
2026021115,2027-03-12T02:30:00Z,18.5
2026021153,2027-03-17T02:00:00Z,19.0
2026021191,2027-03-22T00:00:00Z,17.0
2026021207,2027-03-24T02:00:00Z,19.0
2026021246,2027-03-30T01:30:00Z,18.5
2026021261,2027-04-01T02:00:00Z,19.0
2026021289,2027-04-04T02:30:00Z,19.5
2026021324,2027-04-09T02:00:00Z,19.0
2026021344,2027-04-11T02:30:00Z,19.5
2026020012,2026-10-02T00:00:00Z,19.0
2026020060,2026-10-08T23:00:00Z,19.0
2026020089,2026-10-13T00:00:00Z,19.0
2026020099,2026-10-14T00:15:00Z,19.25
2026020116,2026-10-16T00:00:00Z,19.0
2026020179,2026-10-25T02:00:00Z,19.0
2026020184,2026-10-26T02:00:00Z,19.0
2026020210,2026-10-30T00:00:00Z,19.0
2026020228,2026-11-01T20:30:00Z,15.5
2026020241,2026-11-04T00:00:00Z,19.0
2026020263,2026-11-07T01:00:00Z,19.0
2026020273,2026-11-08T01:00:00Z,19.0
2026020287,2026-11-11T00:00:00Z,19.0
2026020300,2026-11-13T00:00:00Z,19.0
2026020340,2026-11-18T01:00:00Z,19.0
2026020371,2026-11-22T03:00:00Z,20.0
2026020384,2026-11-24T03:00:00Z,19.0
2026020473,2026-12-06T01:00:00Z,19.0
2026020517,2026-12-12T20:30:00Z,14.5
2026020544,2026-12-16T01:00:00Z,19.0
2026020573,2026-12-20T00:00:00Z,18.0
2026020608,2026-12-27T00:00:00Z,18.0
2026020619,2026-12-28T19:00:00Z,13.0
2026020654,2027-01-01T23:00:00Z,18.0
2026020661,2027-01-03T00:00:00Z,18.0
2026020703,2027-01-08T02:30:00Z,18.5
2026020717,2027-01-10T01:00:00Z,19.0
2026020767,2027-01-17T00:00:00Z,18.0
2026020790,2027-01-20T00:00:00Z,18.0
2026020821,2027-01-24T01:00:00Z,19.0
2026020844,2027-01-27T01:00:00Z,19.0
2026020857,2027-01-29T02:00:00Z,20.0
2026020920,2027-02-14T00:00:00Z,19.0
2026020934,2027-02-16T00:30:00Z,18.5
2026020998,2027-02-24T01:00:00Z,19.0
2026021021,2027-02-27T21:00:00Z,15.0
2026021032,2027-02-28T20:30:00Z,14.5
2026021077,2027-03-07T01:00:00Z,19.0
2026021088,2027-03-08T02:30:00Z,20.5
2026021107,2027-03-12T00:00:00Z,19.0
2026021228,2027-03-27T18:00:00Z,13.0
2026021245,2027-03-29T23:00:00Z,19.0
2026021259,2027-03-31T23:30:00Z,19.5
2026021323,2027-04-09T02:00:00Z,19.0
2026020002,2026-09-29T23:00:00Z,19.0
2026020026,2026-10-03T23:00:00Z,19.0
2026020058,2026-10-08T23:00:00Z,19.0
2026020106,2026-10-14T23:30:00Z,19.5
2026020141,2026-10-20T23:00:00Z,19.0
2026020182,2026-10-25T23:00:00Z,18.0
2026020191,2026-10-28T00:00:00Z,19.0
2026020223,2026-10-31T23:00:00Z,19.0
2026020237,2026-11-04T00:00:00Z,19.0
2026020268,2026-11-08T00:00:00Z,19.0
2026020331,2026-11-17T00:30:00Z,19.5
2026020345,2026-11-19T00:30:00Z,19.5
2026020365,2026-11-22T00:00:00Z,19.0
2026020415,2026-11-28T21:00:00Z,13.0
2026020445,2026-12-03T00:30:00Z,19.5
2026020478,2026-12-07T00:00:00Z,19.0
2026020486,2026-12-09T00:00:00Z,19.0
2026020604,2026-12-27T00:00:00Z,19.0
2026020644,2026-12-31T19:00:00Z,14.0
2026020714,2027-01-10T00:00:00Z,19.0
2026020738,2027-01-14T00:00:00Z,19.0
2026020749,2027-01-15T01:00:00Z,19.0
2026020764,2027-01-17T00:00:00Z,19.0
2026020789,2027-01-20T00:00:00Z,19.0
2026020799,2027-01-22T00:00:00Z,19.0
2026020883,2027-02-02T01:30:00Z,18.5
2026020894,2027-02-04T02:40:00Z,18.666666666666668
2026020912,2027-02-13T18:00:00Z,13.0
2026020927,2027-02-14T18:00:00Z,13.0
2026020972,2027-02-21T00:00:00Z,19.0
2026020986,2027-02-22T19:00:00Z,14.0
2026021042,2027-03-02T03:00:00Z,19.0
2026021057,2027-03-05T00:00:00Z,19.0
2026021074,2027-03-07T00:00:00Z,19.0
2026021094,2027-03-10T00:00:00Z,19.0
2026021126,2027-03-14T00:00:00Z,19.0
2026021161,2027-03-18T23:00:00Z,19.0
2026021194,2027-03-22T23:30:00Z,19.5
2026021208,2027-03-24T23:30:00Z,19.5
2026021232,2027-03-27T23:00:00Z,19.0
2026021263,2027-04-01T23:00:00Z,19.0
2026021294,2027-04-04T23:30:00Z,19.5
2026021317,2027-04-08T23:00:00Z,19.0
2026021338,2027-04-10T23:00:00Z,19.0
2026020044,2026-10-06T23:00:00Z,19.0
2026020076,2026-10-10T23:00:00Z,19.0
2026020101,2026-10-14T00:45:00Z,19.75
2026020115,2026-10-16T00:00:00Z,19.0
2026020131,2026-10-18T00:00:00Z,19.0
2026020172,2026-10-24T23:00:00Z,19.0
2026020192,2026-10-28T00:00:00Z,19.0
2026020208,2026-10-30T00:00:00Z,19.0
2026020219,2026-10-31T18:00:00Z,13.0
2026020266,2026-11-07T18:00:00Z,12.0
2026020311,2026-11-14T03:00:00Z,19.0
2026020330,2026-11-16T02:00:00Z,18.0
2026020362,2026-11-21T23:00:00Z,17.0
2026020430,2026-11-30T18:00:00Z,12.0
2026020477,2026-12-06T22:00:00Z,16.0
2026020508,2026-12-11T02:00:00Z,19.0
2026020526,2026-12-13T03:00:00Z,19.0
2026020543,2026-12-16T01:00:00Z,19.0
2026020561,2026-12-19T00:00:00Z,19.0
2026020581,2026-12-21T00:00:00Z,19.0
2026020596,2026-12-23T01:00:00Z,19.0
2026020628,2026-12-30T00:00:00Z,19.0
2026020699,2027-01-08T00:00:00Z,18.0
2026020733,2027-01-13T01:00:00Z,19.0
2026020778,2027-01-18T20:00:00Z,15.0
2026020792,2027-01-20T19:00:00Z,13.0
2026020802,2027-01-22T00:00:00Z,19.0
2026020842,2027-01-27T01:00:00Z,19.0
2026020860,2027-01-29T03:00:00Z,19.0
2026020942,2027-02-17T01:00:00Z,19.0
2026020956,2027-02-19T01:00:00Z,19.0
2026020981,2027-02-21T23:00:00Z,18.0
2026020996,2027-02-24T01:00:00Z,19.0
2026021097,2027-03-10T01:00:00Z,19.0
2026021121,2027-03-13T20:30:00Z,14.5
2026021158,2027-03-18T02:00:00Z,19.0
2026021200,2027-03-24T00:00:00Z,19.0
2026021307,2027-04-07T00:00:00Z,19.0
2026020009,2026-10-01T23:00:00Z,19.0
2026020029,2026-10-03T23:30:00Z,19.5
2026020071,2026-10-10T19:30:00Z,15.5
2026020088,2026-10-12T23:00:00Z,19.0
2026020113,2026-10-15T23:00:00Z,19.0
2026020121,2026-10-17T17:00:00Z,13.0
2026020214,2026-10-30T22:00:00Z,15.0
2026020254,2026-11-06T00:00:00Z,19.0
2026020270,2026-11-08T00:00:00Z,19.0
2026020279,2026-11-09T00:00:00Z,19.0
2026020291,2026-11-11T00:00:00Z,18.0
2026020303,2026-11-13T00:00:00Z,19.0
2026020318,2026-11-15T00:00:00Z,19.0
2026020368,2026-11-22T00:00:00Z,18.0
2026020418,2026-11-29T00:00:00Z,19.0
2026020437,2026-12-02T00:30:00Z,19.5
2026020449,2026-12-04T00:00:00Z,19.0
2026020467,2026-12-05T20:00:00Z,15.0
2026020484,2026-12-08T00:00:00Z,19.0
2026020539,2026-12-16T00:00:00Z,19.0
2026020553,2026-12-18T00:30:00Z,19.5
2026020592,2026-12-23T00:00:00Z,19.0
2026020680,2027-01-05T03:00:00Z,19.0
2026020763,2027-01-17T00:00:00Z,19.0
2026020801,2027-01-22T00:00:00Z,19.0
2026020820,2027-01-24T00:30:00Z,19.5
2026020828,2027-01-25T00:00:00Z,19.0
2026020838,2027-01-27T00:00:00Z,19.0
2026020879,2027-01-31T21:00:00Z,13.0
2026020893,2027-02-04T02:00:00Z,19.0
2026020923,2027-02-14T00:30:00Z,19.5
2026021045,2027-03-03T00:00:00Z,19.0
2026021063,2027-03-06T00:00:00Z,19.0
2026021108,2027-03-12T00:00:00Z,19.0
2026021164,2027-03-18T23:00:00Z,19.0
2026021180,2027-03-20T23:00:00Z,19.0
2026021198,2027-03-23T23:00:00Z,19.0
2026021215,2027-03-25T23:00:00Z,19.0
2026021303,2027-04-06T23:30:00Z,19.5
2026021318,2027-04-08T23:00:00Z,19.0
2026021335,2027-04-10T22:00:00Z,18.0
2026020008,2026-09-30T23:30:00Z,19.5
2026020048,2026-10-06T23:30:00Z,19.5
2026020081,2026-10-10T23:30:00Z,19.5
2026020097,2026-10-13T23:45:00Z,19.75
2026020109,2026-10-15T23:00:00Z,19.0
2026020125,2026-10-17T23:00:00Z,19.0
2026020285,2026-11-10T03:00:00Z,19.0
2026020354,2026-11-20T00:00:00Z,18.0
2026020381,2026-11-24T00:30:00Z,19.5
2026020390,2026-11-26T00:00:00Z,19.0
2026020412,2026-11-28T00:30:00Z,19.5
2026020423,2026-11-29T00:30:00Z,19.5
2026020452,2026-12-04T00:30:00Z,19.5
2026020460,2026-12-05T00:00:00Z,19.0
2026020566,2026-12-19T03:00:00Z,19.0
2026020582,2026-12-21T00:00:00Z,19.0
2026020617,2026-12-28T00:00:00Z,19.0
2026020637,2026-12-30T21:00:00Z,16.0
2026020668,2027-01-03T03:00:00Z,19.0
2026020687,2027-01-06T02:00:00Z,19.0
2026020739,2027-01-14T00:30:00Z,19.5
2026020808,2027-01-23T00:00:00Z,19.0
2026020819,2027-01-24T00:30:00Z,19.5
2026020840,2027-01-27T00:00:00Z,19.0
2026020871,2027-01-31T00:00:00Z,19.0
2026020909,2027-02-13T00:00:00Z,19.0
2026020955,2027-02-19T00:00:00Z,19.0
2026021013,2027-02-27T00:00:00Z,19.0
2026021037,2027-03-02T00:00:00Z,19.0
2026021061,2027-03-05T00:00:00Z,19.0
2026021080,2027-03-07T18:00:00Z,13.0
2026021127,2027-03-14T00:00:00Z,19.0
2026021154,2027-03-17T23:00:00Z,19.0
2026021176,2027-03-20T19:00:00Z,15.0
2026021218,2027-03-26T00:00:00Z,19.0
2026021267,2027-04-01T23:00:00Z,19.0
2026021273,2027-04-02T23:00:00Z,19.0
2026020010,2026-10-01T23:00:00Z,19.0
2026020067,2026-10-09T23:00:00Z,19.0
2026020085,2026-10-11T22:00:00Z,18.0
2026020095,2026-10-13T23:15:00Z,19.25
2026020155,2026-10-22T23:00:00Z,19.0
2026020171,2026-10-24T23:00:00Z,19.0
2026020240,2026-11-04T00:00:00Z,19.0
2026020256,2026-11-06T00:00:00Z,19.0
2026020267,2026-11-07T22:00:00Z,14.0
2026020310,2026-11-14T02:00:00Z,19.0
2026020451,2026-12-04T00:00:00Z,19.0
2026020547,2026-12-17T00:30:00Z,19.5
2026020614,2026-12-27T22:00:00Z,16.0
2026020721,2027-01-10T03:00:00Z,19.0
2026020788,2027-01-20T00:00:00Z,19.0
2026020805,2027-01-22T00:00:00Z,18.0
2026020831,2027-01-26T00:00:00Z,19.0
2026020862,2027-01-30T00:00:00Z,19.0
2026020870,2027-01-31T00:00:00Z,19.0
2026020889,2027-02-04T00:30:00Z,19.5
2026020967,2027-02-20T17:30:00Z,12.5
2026020994,2027-02-24T00:00:00Z,19.0
2026021014,2027-02-27T00:00:00Z,19.0
2026021031,2027-02-28T18:00:00Z,13.0
2026021086,2027-03-08T00:00:00Z,19.0
2026021132,2027-03-14T03:00:00Z,19.0
2026021148,2027-03-16T23:00:00Z,19.0
2026021165,2027-03-18T23:00:00Z,19.0
2026021182,2027-03-21T00:00:00Z,20.0
2026021189,2027-03-22T00:00:00Z,20.0
2026021233,2027-03-27T23:00:00Z,19.0
2026021306,2027-04-06T23:00:00Z,19.0
2026021339,2027-04-10T23:00:00Z,19.0
2026020023,2026-10-03T23:00:00Z,19.0
2026020059,2026-10-08T23:00:00Z,19.0
2026020096,2026-10-13T23:30:00Z,19.5
2026020128,2026-10-17T23:00:00Z,19.0
2026020156,2026-10-22T23:00:00Z,19.0
2026020196,2026-10-28T02:00:00Z,19.0
2026020222,2026-10-31T20:00:00Z,13.0
2026020288,2026-11-11T00:00:00Z,19.0
2026020317,2026-11-15T00:00:00Z,19.0
2026020341,2026-11-18T00:00:00Z,18.0
2026020348,2026-11-20T00:00:00Z,19.0
2026020404,2026-11-27T20:00:00Z,15.0
2026020469,2026-12-06T00:00:00Z,19.0
2026020501,2026-12-11T00:00:00Z,19.0
2026020642,2026-12-31T19:00:00Z,14.0
2026020658,2027-01-03T00:00:00Z,19.0
2026020705,2027-01-09T01:00:00Z,19.0
2026020746,2027-01-15T00:00:00Z,19.0
2026020759,2027-01-16T20:30:00Z,15.5
2026020794,2027-01-21T00:30:00Z,19.5
2026020918,2027-02-14T00:00:00Z,19.0
2026020950,2027-02-18T02:40:00Z,18.666666666666668
2026020959,2027-02-19T02:00:00Z,19.0
2026021073,2027-03-06T20:00:00Z,15.0
2026021095,2027-03-10T00:00:00Z,19.0
2026021136,2027-03-14T21:00:00Z,17.0
2026021179,2027-03-20T23:00:00Z,19.0
2026021231,2027-03-27T23:00:00Z,19.0
2026021316,2027-04-08T23:00:00Z,19.0
2026020006,2026-09-30T23:30:00Z,19.5
2026020040,2026-10-05T23:00:00Z,19.0
2026020094,2026-10-13T23:00:00Z,19.0
2026020199,2026-10-28T23:30:00Z,19.5
2026020284,2026-11-10T02:30:00Z,19.5
2026020392,2026-11-26T00:00:00Z,19.0
2026020405,2026-11-27T20:00:00Z,15.0
2026020433,2026-12-01T00:30:00Z,19.5
2026020492,2026-12-09T00:00:00Z,18.0
2026020635,2026-12-30T02:40:00Z,18.666666666666668
2026020653,2027-01-01T21:00:00Z,13.0
2026020697,2027-01-08T00:00:00Z,19.0
2026020713,2027-01-10T00:00:00Z,19.0
2026020864,2027-01-30T18:00:00Z,13.0
2026020878,2027-01-31T17:00:00Z,12.0
2026020890,2027-02-04T00:30:00Z,19.5
2026020936,2027-02-16T01:00:00Z,19.0
2026021023,2027-02-28T00:00:00Z,19.0
2026021046,2027-03-03T00:00:00Z,19.0
2026021081,2027-03-07T20:30:00Z,15.5
2026021116,2027-03-12T03:00:00Z,19.0
2026021213,2027-03-25T22:30:00Z,18.5
2026021253,2027-03-30T23:00:00Z,19.0
2026021266,2027-04-01T23:30:00Z,19.5
2026021285,2027-04-04T00:00:00Z,20.0
2026021329,2027-04-10T16:30:00Z,12.5
2026020042,2026-10-05T23:30:00Z,19.5
2026020053,2026-10-07T23:30:00Z,19.5
2026020134,2026-10-18T02:00:00Z,19.0
2026020242,2026-11-04T00:00:00Z,19.0
2026020298,2026-11-12T03:00:00Z,19.0
2026020350,2026-11-20T00:00:00Z,19.0
2026020420,2026-11-29T00:00:00Z,19.0
2026020446,2026-12-03T01:00:00Z,19.0
2026020476,2026-12-06T20:00:00Z,15.0
2026020516,2026-12-12T20:30:00Z,15.5
2026020540,2026-12-16T00:00:00Z,19.0
2026020563,2026-12-19T00:00:00Z,19.0
2026020762,2027-01-17T00:00:00Z,19.0
2026020780,2027-01-18T21:00:00Z,16.0
2026020816,2027-01-24T00:00:00Z,19.0
2026020885,2027-02-03T00:00:00Z,19.0
2026020933,2027-02-15T21:00:00Z,13.0
2026020944,2027-02-17T02:00:00Z,19.0
2026020983,2027-02-21T22:00:00Z,16.0
2026021005,2027-02-26T00:00:00Z,19.0
2026021120,2027-03-13T20:00:00Z,15.0
2026021293,2027-04-04T23:00:00Z,19.0
2026020063,2026-10-09T00:00:00Z,19.0
2026020139,2026-10-19T23:30:00Z,19.5
2026020213,2026-10-30T02:00:00Z,19.0
2026020372,2026-11-22T03:00:00Z,19.0
2026020410,2026-11-27T21:00:00Z,13.0
2026020495,2026-12-09T03:00:00Z,19.0
2026020535,2026-12-15T03:00:00Z,19.0
2026020550,2026-12-17T03:00:00Z,19.0
2026020575,2026-12-20T03:00:00Z,20.0
2026020599,2026-12-23T02:40:00Z,18.666666666666668
2026020611,2026-12-27T03:00:00Z,19.0
2026020624,2026-12-29T00:30:00Z,18.5
2026020663,2027-01-03T00:00:00Z,16.0
2026020708,2027-01-09T03:00:00Z,19.0
2026020771,2027-01-17T03:00:00Z,19.0
2026020935,2027-02-16T00:30:00Z,16.5
2026020961,2027-02-20T00:00:00Z,19.0
2026020992,2027-02-24T00:00:00Z,19.0
2026021079,2027-03-07T03:00:00Z,19.0
2026021103,2027-03-10T03:30:00Z,19.5
2026021111,2027-03-12T01:00:00Z,19.0
2026021167,2027-03-19T00:00:00Z,19.0
2026021287,2027-04-04T02:00:00Z,19.0
2026021295,2027-04-05T01:30:00Z,18.5
2026020051,2026-10-07T01:40:00Z,18.666666666666668
2026020084,2026-10-11T21:00:00Z,17.0
2026020111,2026-10-15T23:00:00Z,19.0
2026020202,2026-10-29T02:00:00Z,19.0
2026020357,2026-11-20T02:40:00Z,18.666666666666668
2026020509,2026-12-11T02:30:00Z,18.5
2026020640,2026-12-31T02:30:00Z,19.5
2026020673,2027-01-04T01:00:00Z,17.0
2026020688,2027-01-06T02:40:00Z,18.666666666666668
2026020720,2027-01-10T03:00:00Z,19.0
2026020752,2027-01-15T02:00:00Z,19.0
2026020926,2027-02-14T03:00:00Z,19.0
2026021028,2027-02-28T00:00:00Z,16.0
2026021039,2027-03-02T00:00:00Z,18.0
2026021048,2027-03-03T23:30:00Z,18.5
2026021145,2027-03-16T01:40:00Z,18.666666666666668
2026021159,2027-03-18T02:00:00Z,19.0
2026021206,2027-03-24T01:40:00Z,18.666666666666668
2026021284,2027-04-03T23:00:00Z,16.0
2026021321,2027-04-09T00:00:00Z,19.0
2026020146,2026-10-21T00:00:00Z,19.0
2026020160,2026-10-23T00:00:00Z,19.0
2026020422,2026-11-29T00:00:00Z,18.0
2026020530,2026-12-14T01:00:00Z,19.0
2026020542,2026-12-16T01:00:00Z,19.0
2026020571,2026-12-20T00:00:00Z,19.0
2026020590,2026-12-23T00:00:00Z,19.0
2026020646,2026-12-31T20:00:00Z,12.0
2026020783,2027-01-19T00:30:00Z,19.5
2026020818,2027-01-24T00:00:00Z,18.0
2026020865,2027-01-30T20:30:00Z,14.5
2026020963,2027-02-20T00:00:00Z,18.0
2026021008,2027-02-26T01:00:00Z,19.0
2026021183,2027-03-21T02:00:00Z,19.0
2026021203,2027-03-24T00:00:00Z,19.0
2026021310,2027-04-07T02:30:00Z,19.5
2026020024,2026-10-03T23:00:00Z,19.0
2026020123,2026-10-17T20:00:00Z,16.0
2026020151,2026-10-21T02:30:00Z,19.5
2026020204,2026-10-29T23:00:00Z,19.0
2026020280,2026-11-08T23:00:00Z,17.0
2026020334,2026-11-18T00:30:00Z,19.5
2026020570,2026-12-20T00:00:00Z,19.0
2026020702,2027-01-08T02:00:00Z,19.0
2026020747,2027-01-15T00:00:00Z,19.0
2026020973,2027-02-21T00:00:00Z,19.0
2026021138,2027-03-15T19:00:00Z,15.0
2026021155,2027-03-17T23:30:00Z,19.5
2026021250,2027-03-30T23:00:00Z,19.0
2026020065,2026-10-09T02:00:00Z,19.0
2026020224,2026-10-31T23:00:00Z,16.0
2026020519,2026-12-13T00:00:00Z,19.0
2026020585,2026-12-21T19:00:00Z,14.0
2026020676,2027-01-05T00:30:00Z,19.5
2026020725,2027-01-12T00:30:00Z,19.5
2026021112,2027-03-12T00:00:00Z,18.0
2026021125,2027-03-14T00:00:00Z,19.0
2026021241,2027-03-28T23:00:00Z,19.0
2026020039,2026-10-05T01:00:00Z,18.0
2026020259,2026-11-06T00:00:00Z,18.0
2026020329,2026-11-16T02:00:00Z,18.0
2026020439,2026-12-02T00:00:00Z,19.0
2026020485,2026-12-08T02:00:00Z,19.0
2026020924,2027-02-14T03:00:00Z,20.0
2026021223,2027-03-26T02:00:00Z,19.0
2026021262,2027-04-01T02:30:00Z,19.5
2026021327,2027-04-09T23:00:00Z,18.0
2026020369,2026-11-22T00:00:00Z,18.0
2026020472,2026-12-06T00:00:00Z,16.0
2026020731,2027-01-13T00:00:00Z,19.0
2026020876,2027-01-31T03:00:00Z,19.0
2026021146,2027-03-16T02:00:00Z,19.0
2026020884,2027-02-02T23:00:00Z,18.0
2026021066,2027-03-06T00:00:00Z,18.0
