date,start,home,away,total,over,under
2023-10-01,2023-10-01T20:00:00.000Z,OTT,FLA,6.5,-138,110
2023-10-01,2023-10-01T22:00:00.000Z,UTA,ANA,6.0,-120,-104
2023-10-01,2023-10-01T23:00:00.000Z,COL,DAL,6.0,-120,-104
2023-10-01,2023-10-01T23:00:00.000Z,DET,CHI,6.5,100,-124
2023-10-02,2023-10-02T22:00:00.000Z,PIT,OTT,6.5,-112,-112
2023-10-02,2023-10-02T23:00:00.000Z,NJ,NYI,6.0,-112,-112
2023-10-02,2023-10-02T23:00:00.000Z,PHI,BOS,6.5,-104,-120
2023-10-02,2023-10-02T23:00:00.000Z,CBJ,STL,6.5,-106,-118
2023-10-02,2023-10-02T23:00:00.000Z,TOR,MTL,6.5,-114,-110
2023-10-02,2023-10-03T01:00:00.000Z,CGY,WPG,6.5,-100,-124
2023-10-02,2023-10-03T02:00:00.000Z,SEA,EDM,6.5,-116,-110
2023-10-03,2023-10-03T23:00:00.000Z,BOS,WSH,6.5,102,-128
2023-10-03,2023-10-03T23:00:00.000Z,TB,FLA,6.5,-112,-112
2023-10-03,2023-10-04T00:00:00.000Z,DAL,COL,6.5,102,-128
2023-10-03,2023-10-04T00:30:00.000Z,CHI,DET,6.5,-106,-118
2023-10-03,2023-10-04T02:00:00.000Z,VGK,SJ,5.5,-130,102
2023-10-03,2023-10-04T02:00:00.000Z,LA,ANA,6.5,106,-132
2023-10-04,2023-10-04T23:00:00.000Z,CBJ,BUF,6.5,-132,106
2023-10-04,2023-10-04T23:00:00.000Z,NJ,NYR,6.5,-120,-104
2023-10-04,2023-10-04T23:00:00.000Z,PIT,DET,6.5,-104,-122
2023-10-04,2023-10-05T01:00:00.000Z,EDM,CGY,7.0,115,-135
2023-10-04,2023-10-05T02:00:00.000Z,VAN,SEA,6.5,-120,-100
2023-10-05,2023-10-05T23:00:00.000Z,TB,FLA,6.5,-106,-118
2023-10-05,2023-10-05T23:00:00.000Z,CBJ,WSH,6.5,106,-132
2023-10-05,2023-10-05T23:00:00.000Z,PHI,NYI,6.0,-112,-112
2023-10-05,2023-10-05T23:00:00.000Z,TOR,DET,6.5,-104,-120
2023-10-05,2023-10-05T23:30:00.000Z,NYR,BOS,6.0,-112,-112
2023-10-05,2023-10-06T00:00:00.000Z,DAL,STL,6.0,-112,-112
2023-10-05,2023-10-06T00:00:00.000Z,NSH,CAR,6.0,-112,-112
2023-10-05,2023-10-06T00:00:00.000Z,WPG,OTT,6.5,-102,-122
2023-10-05,2023-10-06T00:30:00.000Z,CHI,MIN,6.0,-116,-108
2023-10-05,2023-10-06T01:00:00.000Z,LA,SJ,6.0,-118,-106
2023-10-05,2023-10-06T02:00:00.000Z,VGK,COL,6.5,-128,102
2023-10-05,2023-10-06T02:00:00.000Z,ANA,UTA,6.5,-102,-122
2023-10-06,2023-10-06T23:00:00.000Z,CAR,NSH,6.0,-112,-112
2023-10-06,2023-10-06T23:00:00.000Z,NYI,NJ,6.0,-112,-112
2023-10-06,2023-10-06T23:00:00.000Z,BUF,PIT,6.5,-112,-112
2023-10-06,2023-10-07T01:00:00.000Z,EDM,SEA,6.5,104,-130
2023-10-06,2023-10-07T02:00:00.000Z,VAN,CGY,6.5,104,-130
2023-10-07,2023-10-07T20:00:00.000Z,LA,VGK,6.0,-114,-110
2023-10-07,2023-10-07T22:00:00.000Z,UTA,ANA,6.0,-120,-104
2023-10-07,2023-10-07T22:00:00.000Z,MIN,DAL,6.0,-112,-112
2023-10-07,2023-10-07T22:00:00.000Z,FLA,TB,6.5,-110,-114
2023-10-07,2023-10-07T23:00:00.000Z,DET,TOR,6.0,-114,-110
2023-10-07,2023-10-07T23:00:00.000Z,WSH,CBJ,6.5,-100,-124
2023-10-07,2023-10-07T23:00:00.000Z,OTT,MTL,6.0,-118,-106
2023-10-07,2023-10-08T00:00:00.000Z,STL,CHI,6.0,-128,102
2023-10-10,2023-10-10T21:30:00.000Z,TB,NSH,6.0,-120,-105
2023-10-10,2023-10-11T00:00:00.000Z,PIT,CHI,6.5,-115,-105
2023-10-10,2023-10-11T02:30:00.000Z,VGK,SEA,6.0,-120,-100
2023-10-11,2023-10-11T23:00:00.000Z,CAR,OTT,6.0,-110,-110
2023-10-11,2023-10-11T23:00:00.000Z,TOR,MTL,6.5,-110,-110
2023-10-11,2023-10-11T23:30:00.000Z,BOS,CHI,6.0,-110,-110
2023-10-11,2023-10-12T02:00:00.000Z,CGY,WPG,6.5,102,-120
2023-10-11,2023-10-12T02:00:00.000Z,VAN,EDM,7.0,110,-130
2023-10-11,2023-10-12T02:00:00.000Z,LA,COL,6.5,-105,-110
2023-10-12,2023-10-12T23:00:00.000Z,BUF,NYR,6.5,-105,-115
2023-10-12,2023-10-12T23:00:00.000Z,CBJ,PHI,6.5,-115,-105
2023-10-12,2023-10-12T23:30:00.000Z,NJ,DET,6.5,-110,-110
2023-10-12,2023-10-13T00:00:00.000Z,DAL,STL,6.5,-105,-115
2023-10-12,2023-10-13T00:00:00.000Z,MIN,FLA,6.5,-120,100
2023-10-12,2023-10-13T00:00:00.000Z,NSH,SEA,6.0,-120,-100
2023-10-12,2023-10-13T02:30:00.000Z,SJ,VGK,6.5,-102,-120
2023-10-13,2023-10-13T23:00:00.000Z,NJ,UTA,6.5,-101,-120
2023-10-13,2023-10-13T23:30:00.000Z,WSH,PIT,6.5,-104,-116
2023-10-14,2023-10-14T17:00:00.000Z,OTT,PHI,6.5,-110,-110
2023-10-14,2023-10-14T20:00:00.000Z,WPG,FLA,6.5,-120,-100
2023-10-14,2023-10-14T23:00:00.000Z,CBJ,NYR,6.5,-105,-115
2023-10-14,2023-10-14T23:00:00.000Z,TOR,MIN,6.5,-115,-105
2023-10-14,2023-10-14T23:00:00.000Z,PIT,CGY,6.5,-115,-105
2023-10-14,2023-10-14T23:00:00.000Z,BOS,NSH,6.0,-105,-115
2023-10-14,2023-10-14T23:00:00.000Z,MTL,CHI,6.0,-120,-100
2023-10-14,2023-10-14T23:00:00.000Z,DET,TB,6.5,-120,-100
2023-10-14,2023-10-14T23:30:00.000Z,NYI,BUF,6.0,-110,-110
2023-10-14,2023-10-15T00:00:00.000Z,STL,SEA,6.5,-110,-110
2023-10-14,2023-10-15T02:00:00.000Z,VGK,ANA,6.0,-120,-100
2023-10-14,2023-10-15T02:00:00.000Z,EDM,VAN,7.0,-124,-100
2023-10-14,2023-10-15T02:00:00.000Z,SJ,COL,6.5,-105,-115
2023-10-14,2023-10-15T02:30:00.000Z,LA,CAR,6.0,-110,-110
2023-10-15,2023-10-15T23:00:00.000Z,OTT,TB,6.5,-130,105
2023-10-15,2023-10-16T00:30:00.000Z,ANA,CAR,6.5,100,-120
2023-10-16,2023-10-16T23:00:00.000Z,NJ,FLA,7.0,110,-140
2023-10-16,2023-10-16T23:00:00.000Z,WSH,CGY,6.5,-115,-115
2023-10-16,2023-10-16T23:00:00.000Z,NYR,UTA,6.5,-120,100
2023-10-16,2023-10-16T23:00:00.000Z,TOR,CHI,7.0,114,-140
2023-10-16,2023-10-16T23:00:00.000Z,CBJ,DET,7.0,112,-137
2023-10-17,2023-10-17T22:00:00.000Z,PHI,VAN,6.5,-113,-106
2023-10-17,2023-10-17T23:00:00.000Z,MTL,MIN,6.5,-125,105
2023-10-17,2023-10-17T23:30:00.000Z,BUF,TB,6.5,-127,105
2023-10-17,2023-10-17T23:30:00.000Z,NYI,UTA,6.0,-120,-100
2023-10-17,2023-10-18T00:00:00.000Z,NSH,EDM,6.5,-125,105
2023-10-17,2023-10-18T00:00:00.000Z,WPG,LA,6.5,-113,-106
2023-10-17,2023-10-18T02:00:00.000Z,SEA,COL,6.5,-101,-119
2023-10-17,2023-10-18T02:30:00.000Z,SJ,CAR,6.5,101,-121
2023-10-17,2023-10-18T02:30:00.000Z,VGK,DAL,6.0,-110,-110
2023-10-18,2023-10-18T23:00:00.000Z,OTT,WSH,6.5,-120,-100
2023-10-18,2023-10-18T23:30:00.000Z,DET,PIT,6.5,-127,105
2023-10-19,2023-10-19T23:00:00.000Z,TB,VAN,7.0,112,-137
2023-10-19,2023-10-19T23:00:00.000Z,BUF,CGY,6.5,-115,-105
2023-10-19,2023-10-19T23:00:00.000Z,FLA,TOR,7.0,-103,-116
2023-10-19,2023-10-19T23:00:00.000Z,NYR,NSH,6.0,-116,-103
2023-10-19,2023-10-19T23:30:00.000Z,PHI,EDM,6.5,-135,110
2023-10-19,2023-10-20T00:00:00.000Z,MIN,LA,6.5,101,-121
2023-10-19,2023-10-20T00:00:00.000Z,STL,UTA,6.0,-116,-103
2023-10-19,2023-10-20T00:00:00.000Z,WPG,VGK,6.0,-110,-110
2023-10-19,2023-10-20T02:00:00.000Z,ANA,DAL,6.0,-107,-112
2023-10-19,2023-10-20T02:00:00.000Z,SEA,CAR,6.0,-110,-110
2023-10-19,2023-10-20T02:30:00.000Z,COL,CHI,6.5,-103,-116
2023-10-19,2023-10-20T02:30:00.000Z,SJ,BOS,6.0,-119,-101
2023-10-20,2023-10-20T23:00:00.000Z,CBJ,CGY,6.5,-120,-100
2023-10-20,2023-10-20T23:30:00.000Z,NYI,NJ,6.0,-120,-100
2023-10-21,2023-10-21T17:00:00.000Z,OTT,DET,6.5,-115,-105
2023-10-21,2023-10-21T20:00:00.000Z,UTA,ANA,6.5,-115,-105
2023-10-21,2023-10-21T23:00:00.000Z,TB,TOR,7.0,107,-130
2023-10-21,2023-10-21T23:00:00.000Z,MTL,WSH,6.5,-105,-115
2023-10-21,2023-10-21T23:00:00.000Z,FLA,VAN,6.5,-137,112
2023-10-21,2023-10-21T23:00:00.000Z,BUF,NYI,6.0,-110,-110
2023-10-21,2023-10-22T00:00:00.000Z,DAL,PHI,5.5,-120,-102
2023-10-21,2023-10-22T00:00:00.000Z,STL,PIT,6.5,-115,-105
2023-10-21,2023-10-22T00:00:00.000Z,MIN,CBJ,6.5,-104,-118
2023-10-21,2023-10-22T00:00:00.000Z,CHI,VGK,6.0,-120,-100
2023-10-21,2023-10-22T00:00:00.000Z,NSH,SJ,6.0,-110,-110
2023-10-21,2023-10-22T01:00:00.000Z,COL,CAR,6.5,110,-134
2023-10-21,2023-10-22T02:00:00.000Z,SEA,NYR,6.5,112,-138
2023-10-21,2023-10-22T02:00:00.000Z,EDM,WPG,6.5,-130,106
2023-10-21,2023-10-22T02:30:00.000Z,LA,BOS,5.5,-138,112
2023-10-22,2023-10-22T21:00:00.000Z,DET,CGY,6.5,-115,-105
2023-10-22,2023-10-23T00:30:00.000Z,ANA,BOS,6.0,-110,-110
2023-10-23,2023-10-23T23:00:00.000Z,BUF,MTL,6.5,-115,-105
2023-10-24,2023-10-24T22:00:00.000Z,WSH,TOR,6.5,-118,-104
2023-10-24,2023-10-24T22:45:00.000Z,OTT,BUF,6.5,-138,112
2023-10-24,2023-10-24T23:00:00.000Z,TB,CAR,6.5,-102,-120
2023-10-24,2023-10-24T23:15:00.000Z,MTL,NJ,6.5,-102,-120
2023-10-24,2023-10-24T23:30:00.000Z,PIT,DAL,6.5,102,-124
2023-10-24,2023-10-24T23:45:00.000Z,FLA,SJ,6.5,-148,120
2023-10-24,2023-10-25T00:00:00.000Z,NYI,COL,5.5,-134,110
2023-10-24,2023-10-25T00:15:00.000Z,DET,SEA,6.5,-106,-114
2023-10-24,2023-10-25T00:30:00.000Z,CBJ,ANA,6.5,-120,-102
2023-10-24,2023-10-25T00:30:00.000Z,CHI,BOS,6.5,106,-130
2023-10-24,2023-10-25T00:45:00.000Z,WPG,STL,6.5,-104,-118
2023-10-24,2023-10-25T01:00:00.000Z,MIN,EDM,6.5,104,-128
2023-10-24,2023-10-25T01:15:00.000Z,NSH,VAN,6.5,104,-128
2023-10-24,2023-10-25T01:45:00.000Z,CGY,NYR,6.0,-120,100
2023-10-24,2023-10-25T02:30:00.000Z,LA,UTA,6.5,-120,100
2023-10-24,2023-10-25T03:00:00.000Z,VGK,PHI,6.0,-120,-102
2023-10-25,2023-10-25T23:30:00.000Z,NJ,WSH,6.5,-120,-100
2023-10-26,2023-10-26T23:00:00.000Z,CAR,SEA,6.5,-102,-118
2023-10-26,2023-10-26T23:00:00.000Z,DET,WPG,6.5,-115,-105
2023-10-26,2023-10-26T23:00:00.000Z,BOS,ANA,6.0,-113,-106
2023-10-26,2023-10-26T23:00:00.000Z,MTL,CBJ,6.5,-127,105
2023-10-26,2023-10-26T23:00:00.000Z,PIT,COL,6.5,-118,-102
2023-10-26,2023-10-26T23:00:00.000Z,TB,SJ,6.5,-120,-100
2023-10-26,2023-10-26T23:30:00.000Z,PHI,MIN,6.5,-110,-110
2023-10-26,2023-10-26T23:30:00.000Z,NYI,OTT,6.0,-121,101
2023-10-26,2023-10-27T00:00:00.000Z,DAL,TOR,6.5,-105,-115
2023-10-26,2023-10-27T01:00:00.000Z,CGY,STL,6.0,-119,-101
2023-10-26,2023-10-27T01:00:00.000Z,EDM,NYR,6.5,-110,-110
2023-10-27,2023-10-27T22:00:00.000Z,VGK,CHI,6.0,-109,-111
2023-10-27,2023-10-27T23:00:00.000Z,WSH,MIN,6.0,-120,-100
2023-10-27,2023-10-27T23:00:00.000Z,NJ,BUF,7.0,-110,-110
2023-10-27,2023-10-27T23:00:00.000Z,CAR,SJ,6.5,-105,-115
2023-10-27,2023-10-28T02:00:00.000Z,VAN,STL,6.5,-115,-105
2023-10-27,2023-10-28T02:00:00.000Z,UTA,LA,6.5,-110,-110
2023-10-28,2023-10-28T17:00:00.000Z,PHI,ANA,6.0,-105,-115
2023-10-28,2023-10-28T22:00:00.000Z,FLA,SEA,6.5,-127,105
2023-10-28,2023-10-28T23:00:00.000Z,CBJ,NYI,6.0,-115,-105
2023-10-28,2023-10-28T23:00:00.000Z,NSH,TOR,6.5,-105,-115
2023-10-28,2023-10-28T23:00:00.000Z,PIT,OTT,6.5,-130,107
2023-10-28,2023-10-28T23:00:00.000Z,MTL,WPG,6.5,-105,-115
2023-10-28,2023-10-28T23:00:00.000Z,BOS,DET,6.0,-121,101
2023-10-28,2023-10-29T02:00:00.000Z,VAN,NYR,6.0,-110,-110
2023-10-28,2023-10-29T02:30:00.000Z,LA,VGK,6.0,-100,-120
2023-10-29,2023-10-29T17:00:00.000Z,BUF,COL,6.5,100,-120
2023-10-29,2023-10-29T21:00:00.000Z,NJ,MIN,6.5,-127,105
2023-10-29,2023-10-29T21:00:00.000Z,WSH,SJ,6.0,-109,-111
2023-10-29,2023-10-29T23:00:00.000Z,EDM,CGY,6.5,-105,-115
2023-10-30,2023-10-30T23:00:00.000Z,BOS,FLA,6.0,-110,-110
2023-10-30,2023-10-30T23:00:00.000Z,PIT,ANA,6.5,100,-120
2023-10-30,2023-10-30T23:00:00.000Z,PHI,CAR,6.0,-120,100
2023-10-30,2023-10-30T23:00:00.000Z,TB,SEA,6.0,-121,101
2023-10-30,2023-10-30T23:30:00.000Z,WPG,NYR,6.0,-100,-120
2023-10-30,2023-10-30T23:30:00.000Z,NYI,DET,6.0,-100,-120
2023-10-30,2023-10-31T00:00:00.000Z,DAL,CBJ,6.0,-120,-100
2023-10-30,2023-10-31T02:00:00.000Z,VGK,MTL,6.0,-110,-110
2023-10-30,2023-10-31T02:00:00.000Z,UTA,CHI,6.0,-110,-110
2023-10-31,2023-11-01T00:00:00.000Z,TOR,LA,7.0,107,-130
2023-10-31,2023-11-01T02:00:00.000Z,VAN,NSH,6.0,-113,-106
2023-11-01,2023-11-01T23:00:00.000Z,PHI,BUF,6.5,-122,100
2023-11-01,2023-11-02T00:30:00.000Z,CGY,DAL,6.5,110,-134
2023-11-01,2023-11-02T01:30:00.000Z,COL,STL,6.5,112,-140
2023-11-01,2023-11-02T02:00:00.000Z,ANA,UTA,6.5,102,-124
2023-11-02,2023-11-02T23:00:00.000Z,CBJ,TB,6.5,-121,101
2023-11-02,2023-11-02T23:00:00.000Z,WSH,NYI,5.5,-119,-101
2023-11-02,2023-11-02T23:00:00.000Z,OTT,LA,7.0,107,-130
2023-11-02,2023-11-02T23:00:00.000Z,NYR,CAR,5.5,-120,-100
2023-11-02,2023-11-02T23:00:00.000Z,DET,FLA,6.5,-120,-100
2023-11-02,2023-11-02T23:30:00.000Z,BOS,TOR,6.0,-110,-110
2023-11-02,2023-11-03T00:00:00.000Z,MIN,NJ,6.5,-137,112
2023-11-02,2023-11-03T01:00:00.000Z,EDM,DAL,6.5,-115,-105
2023-11-02,2023-11-03T02:00:00.000Z,SEA,NSH,6.0,-105,-115
2023-11-02,2023-11-03T02:00:00.000Z,VGK,WPG,6.0,-109,-111
2023-11-02,2023-11-03T02:00:00.000Z,UTA,MTL,6.5,-100,-120
2023-11-02,2023-11-03T02:30:00.000Z,SJ,VAN,6.5,-113,-106
2023-11-03,2023-11-03T23:00:00.000Z,BUF,PHI,6.5,-148,120
2023-11-03,2023-11-04T00:00:00.000Z,STL,NJ,6.5,-110,-110
2023-11-04,2023-11-04T19:00:00.000Z,EDM,NSH,6.5,-130,107
2023-11-04,2023-11-04T20:00:00.000Z,UTA,WPG,6.5,-101,-119
2023-11-04,2023-11-04T23:00:00.000Z,DET,BOS,6.0,-120,-100
2023-11-04,2023-11-04T23:00:00.000Z,OTT,TB,7.0,110,-140
2023-11-04,2023-11-04T23:00:00.000Z,STL,MTL,6.5,100,-120
2023-11-04,2023-11-04T23:00:00.000Z,TOR,BUF,6.5,-130,105
2023-11-04,2023-11-04T23:00:00.000Z,WSH,CBJ,6.5,101,-121
2023-11-04,2023-11-04T23:30:00.000Z,PHI,LA,6.5,-113,-106
2023-11-04,2023-11-04T23:30:00.000Z,NYI,CAR,5.5,-120,100
2023-11-04,2023-11-05T00:00:00.000Z,MIN,NYR,6.0,-110,-110
2023-11-04,2023-11-05T00:00:00.000Z,CHI,FLA,6.5,-121,101
2023-11-04,2023-11-05T02:00:00.000Z,VAN,DAL,6.5,-105,-115
2023-11-04,2023-11-05T02:00:00.000Z,SEA,CGY,6.5,-109,-111
2023-11-04,2023-11-05T02:00:00.000Z,SJ,PIT,6.5,-120,-100
2023-11-04,2023-11-05T02:00:00.000Z,VGK,COL,6.5,-100,-120
2023-11-05,2023-11-06T00:00:00.000Z,CHI,NJ,6.5,-110,-110
2023-11-05,2023-11-06T01:00:00.000Z,ANA,VGK,6.0,-120,100
2023-11-06,2023-11-07T00:00:00.000Z,TOR,TB,6.5,-140,112
2023-11-06,2023-11-07T00:00:00.000Z,FLA,CBJ,6.5,-122,-100
2023-11-06,2023-11-07T01:00:00.000Z,DAL,BOS,5.5,-140,114
2023-11-06,2023-11-07T03:00:00.000Z,VAN,EDM,6.5,-150,122
2023-11-07,2023-11-08T00:00:00.000Z,MTL,TB,6.5,-100,-120
2023-11-07,2023-11-08T00:00:00.000Z,CAR,BUF,6.5,-110,-110
2023-11-07,2023-11-08T00:30:00.000Z,NYR,DET,6.0,-115,-105
2023-11-07,2023-11-08T00:30:00.000Z,NYI,MIN,5.5,-119,-101
2023-11-07,2023-11-08T01:00:00.000Z,STL,WPG,6.0,-120,-100
2023-11-07,2023-11-08T02:00:00.000Z,CGY,NSH,6.0,-109,-111
2023-11-07,2023-11-08T02:00:00.000Z,UTA,SEA,6.5,-110,-110
2023-11-07,2023-11-08T03:00:00.000Z,ANA,PIT,6.5,-120,100
2023-11-07,2023-11-08T03:00:00.000Z,COL,NJ,6.5,-102,-117
2023-11-07,2023-11-08T03:30:00.000Z,SJ,PHI,6.5,-130,107
2023-11-08,2023-11-09T00:00:00.000Z,TOR,OTT,7.0,105,-127
2023-11-08,2023-11-09T00:30:00.000Z,WSH,FLA,6.5,-115,-105
2023-11-08,2023-11-09T03:00:00.000Z,VGK,LA,6.0,-115,-105
2023-11-09,2023-11-10T00:00:00.000Z,NYR,MIN,6.0,-120,100
2023-11-09,2023-11-10T00:00:00.000Z,TB,CHI,6.5,101,-123
2023-11-09,2023-11-10T00:00:00.000Z,OTT,VAN,6.5,-121,101
2023-11-09,2023-11-10T00:00:00.000Z,DET,MTL,6.5,-105,-115
2023-11-09,2023-11-10T00:00:00.000Z,BOS,NYI,5.5,-118,-104
2023-11-09,2023-11-10T00:30:00.000Z,CBJ,DAL,6.0,-120,-100
2023-11-09,2023-11-10T01:00:00.000Z,STL,UTA,6.5,-105,-115
2023-11-09,2023-11-10T01:00:00.000Z,WPG,NSH,6.0,-110,-110
2023-11-09,2023-11-10T02:00:00.000Z,COL,SEA,6.5,100,-120
2023-11-09,2023-11-10T03:30:00.000Z,LA,PIT,6.5,-120,-100
2023-11-09,2023-11-10T03:30:00.000Z,SJ,EDM,7.0,-105,-115
2023-11-10,2023-11-11T00:00:00.000Z,TOR,CGY,6.5,-130,105
2023-11-10,2023-11-11T00:00:00.000Z,BUF,MIN,6.5,-120,-100
2023-11-10,2023-11-11T00:00:00.000Z,NJ,WSH,6.0,-120,100
2023-11-10,2023-11-11T00:00:00.000Z,FLA,CAR,6.5,-111,-109
2023-11-10,2023-11-11T03:00:00.000Z,ANA,PHI,6.0,-120,-100
2023-11-10,2023-11-11T03:00:00.000Z,VGK,SJ,6.0,-120,100
2023-11-11,2023-11-11T18:00:00.000Z,DET,CBJ,6.5,-130,105
2023-11-11,2023-11-11T20:00:00.000Z,WPG,DAL,5.5,-120,-100
2023-11-11,2023-11-12T00:00:00.000Z,MTL,BOS,6.0,-120,-100
2023-11-11,2023-11-12T00:00:00.000Z,OTT,CGY,6.5,-120,-100
2023-11-11,2023-11-12T00:00:00.000Z,TOR,VAN,6.5,-127,105
2023-11-11,2023-11-12T00:00:00.000Z,TB,CAR,6.5,-115,-105
2023-11-11,2023-11-12T00:30:00.000Z,PIT,BUF,6.5,-110,-110
2023-11-11,2023-11-12T00:30:00.000Z,NYI,WSH,6.0,-101,-119
2023-11-11,2023-11-12T01:00:00.000Z,NSH,UTA,6.0,-105,-115
2023-11-11,2023-11-12T02:00:00.000Z,COL,STL,6.0,-120,100
2023-11-11,2023-11-12T03:00:00.000Z,SEA,EDM,6.5,-127,105
2023-11-11,2023-11-12T03:30:00.000Z,LA,PHI,6.0,-115,-105
2023-11-12,2023-11-12T18:00:00.000Z,FLA,CHI,6.5,-120,-100
2023-11-12,2023-11-12T23:00:00.000Z,MIN,DAL,6.0,-121,-100
2023-11-12,2023-11-13T00:00:00.000Z,NYR,CBJ,6.5,-100,-120
2023-11-12,2023-11-13T00:00:00.000Z,MTL,VAN,6.5,-137,112
2023-11-12,2023-11-13T01:00:00.000Z,ANA,SJ,6.5,-100,-120
2023-11-13,2023-11-14T01:30:00.000Z,EDM,NYI,6.0,-126,103
2023-11-13,2023-11-14T03:00:00.000Z,SEA,COL,6.5,-105,-115
2023-11-14,2023-11-15T00:00:00.000Z,WSH,VGK,6.0,-110,-110
2023-11-14,2023-11-15T00:00:00.000Z,MTL,CGY,6.0,-120,100
2023-11-14,2023-11-15T00:00:00.000Z,BUF,BOS,6.0,-120,-100
2023-11-14,2023-11-15T00:00:00.000Z,CBJ,PIT,6.5,-120,-100
2023-11-14,2023-11-15T01:00:00.000Z,STL,TB,6.5,-110,-110
2023-11-14,2023-11-15T01:00:00.000Z,WPG,NJ,6.5,-105,-115
2023-11-14,2023-11-15T01:00:00.000Z,DAL,UTA,6.5,-100,-120
2023-11-14,2023-11-15T01:00:00.000Z,NSH,ANA,6.0,-120,100
2023-11-14,2023-11-15T03:30:00.000Z,SJ,FLA,6.5,-105,-115
2023-11-15,2023-11-16T00:30:00.000Z,CAR,PHI,6.0,-120,-100
2023-11-15,2023-11-16T01:30:00.000Z,EDM,SEA,6.5,-130,105
2023-11-15,2023-11-16T02:00:00.000Z,COL,ANA,6.5,-110,-110
2023-11-15,2023-11-16T03:00:00.000Z,VAN,NYI,6.0,-120,-100
2023-11-16,2023-11-16T19:00:00.000Z,OTT,DET,6.5,-105,-115
2023-11-16,2023-11-17T00:00:00.000Z,CBJ,UTA,6.5,-109,-111
2023-11-16,2023-11-17T00:00:00.000Z,MTL,VGK,6.0,-120,-100
2023-11-16,2023-11-17T00:00:00.000Z,PIT,NJ,6.5,-120,-100
2023-11-16,2023-11-17T01:00:00.000Z,CHI,TB,6.5,-110,-110
2023-11-16,2023-11-17T02:00:00.000Z,CGY,VAN,6.5,-120,-100
2023-11-16,2023-11-17T03:00:00.000Z,SEA,NYI,6.0,-110,-110
2023-11-16,2023-11-17T03:30:00.000Z,LA,FLA,6.5,-127,105
2023-11-16,2023-11-17T03:30:00.000Z,SJ,STL,6.0,-120,100
2023-11-17,2023-11-17T19:00:00.000Z,DET,TOR,6.5,-110,-110
2023-11-17,2023-11-18T01:00:00.000Z,WPG,BUF,6.5,100,-120
2023-11-17,2023-11-18T03:00:00.000Z,ANA,FLA,6.5,-127,105
2023-11-18,2023-11-18T16:00:00.000Z,OTT,MIN,6.5,-100,-120
2023-11-18,2023-11-18T18:00:00.000Z,PHI,VGK,6.0,-120,-100
2023-11-18,2023-11-18T19:00:00.000Z,NSH,CHI,6.5,100,-120
2023-11-18,2023-11-18T21:00:00.000Z,TB,EDM,7.0,-115,-108
2023-11-18,2023-11-19T00:00:00.000Z,WPG,UTA,6.5,-110,-110
2023-11-18,2023-11-19T00:00:00.000Z,CGY,NYI,6.5,-104,-118
2023-11-18,2023-11-19T00:00:00.000Z,BOS,MTL,6.5,-110,-110
2023-11-18,2023-11-19T00:00:00.000Z,NJ,NYR,6.5,100,-120
2023-11-18,2023-11-19T00:00:00.000Z,CAR,PIT,6.5,-115,-105
2023-11-18,2023-11-19T00:30:00.000Z,WSH,CBJ,6.5,105,-127
2023-11-18,2023-11-19T01:00:00.000Z,DAL,COL,6.0,-115,-105
2023-11-18,2023-11-19T03:00:00.000Z,VAN,SEA,6.5,-127,105
2023-11-18,2023-11-19T03:30:00.000Z,LA,STL,6.5,-115,-105
2023-11-19,2023-11-19T13:00:00.000Z,MIN,TOR,6.5,-125,105
2023-11-19,2023-11-19T22:30:00.000Z,PHI,CBJ,6.5,-100,-120
2023-11-19,2023-11-19T23:00:00.000Z,PIT,VGK,6.0,-120,-100
2023-11-19,2023-11-20T00:00:00.000Z,CHI,BUF,6.5,-115,-105
2023-11-19,2023-11-20T01:00:00.000Z,ANA,STL,6.5,-100,-120
2023-11-20,2023-11-21T00:00:00.000Z,TB,BOS,6.5,-104,-118
2023-11-20,2023-11-21T00:00:00.000Z,FLA,EDM,7.0,112,-137
2023-11-20,2023-11-21T01:00:00.000Z,NSH,COL,6.5,116,-142
2023-11-20,2023-11-21T01:00:00.000Z,DAL,NYR,6.5,-100,-121
2023-11-20,2023-11-21T02:00:00.000Z,UTA,LA,6.5,-110,-110
2023-11-20,2023-11-21T03:00:00.000Z,VAN,SJ,6.5,-108,-112
2023-11-20,2023-11-21T03:00:00.000Z,SEA,CGY,5.5,-142,116
2023-11-22,2023-11-23T00:00:00.000Z,CBJ,CHI,6.5,-114,-106
2023-11-22,2023-11-23T00:00:00.000Z,WSH,BUF,6.5,-103,-117
2023-11-22,2023-11-23T00:00:00.000Z,PIT,NYR,6.5,-106,-114
2023-11-22,2023-11-23T00:00:00.000Z,CAR,EDM,6.5,-114,-106
2023-11-22,2023-11-23T00:00:00.000Z,TB,WPG,6.5,-100,-121
2023-11-22,2023-11-23T00:00:00.000Z,FLA,BOS,6.0,-121,-100
2023-11-22,2023-11-23T00:00:00.000Z,DET,NJ,6.5,-120,-102
2023-11-22,2023-11-23T00:30:00.000Z,NYI,PHI,6.5,-100,-121
2023-11-22,2023-11-23T02:00:00.000Z,UTA,STL,6.5,-106,-114
2023-11-22,2023-11-23T02:00:00.000Z,NSH,CGY,6.5,114,-140
2023-11-22,2023-11-23T02:30:00.000Z,DAL,VGK,5.5,-140,112
2023-11-22,2023-11-23T03:00:00.000Z,SEA,SJ,6.5,108,-130
2023-11-22,2023-11-23T03:00:00.000Z,ANA,MTL,6.5,-122,100
2023-11-22,2023-11-23T03:00:00.000Z,COL,VAN,6.5,116,-142
2023-11-24,2023-11-24T18:00:00.000Z,BOS,DET,5.5,-138,112
2023-11-24,2023-11-24T18:00:00.000Z,PHI,NYR,5.5,-138,112
2023-11-24,2023-11-24T19:00:00.000Z,CHI,TOR,6.5,-114,-106
2023-11-24,2023-11-24T20:00:00.000Z,STL,NSH,6.5,110,-134
2023-11-24,2023-11-24T20:00:00.000Z,WSH,EDM,6.5,-114,-106
2023-11-24,2023-11-24T20:00:00.000Z,NJ,CBJ,6.5,-134,110
2023-11-24,2023-11-24T20:30:00.000Z,SJ,MTL,6.5,106,-130
2023-11-24,2023-11-24T20:30:00.000Z,ANA,LA,6.5,114,-140
2023-11-24,2023-11-24T23:00:00.000Z,BUF,PIT,6.5,-134,110
2023-11-24,2023-11-25T00:30:00.000Z,OTT,NYI,6.5,-102,-120
2023-11-24,2023-11-25T01:00:00.000Z,CAR,TB,6.5,-112,-108
2023-11-24,2023-11-25T01:00:00.000Z,FLA,WPG,6.5,-132,108
2023-11-24,2023-11-25T01:30:00.000Z,MIN,COL,6.5,-122,-100
2023-11-24,2023-11-25T01:30:00.000Z,DAL,CGY,5.5,-138,112
2023-11-24,2023-11-25T03:00:00.000Z,SEA,VAN,6.5,-122,-100
2023-11-25,2023-11-25T18:00:00.000Z,NYR,BOS,6.5,-105,-115
2023-11-25,2023-11-25T21:00:00.000Z,LA,MTL,6.5,-120,-100
2023-11-25,2023-11-26T00:00:00.000Z,NJ,BUF,7.0,112,-137
2023-11-25,2023-11-26T00:00:00.000Z,PIT,TOR,6.5,106,-131
2023-11-25,2023-11-26T00:30:00.000Z,NYI,PHI,6.0,-110,-110
2023-11-25,2023-11-26T03:00:00.000Z,VGK,UTA,6.5,-105,-115
2023-11-25,2023-11-26T03:00:00.000Z,SJ,VAN,6.5,-127,105
2023-11-25,2023-11-26T03:00:00.000Z,COL,CGY,6.5,-120,100
2023-11-26,2023-11-26T18:00:00.000Z,DET,MIN,6.5,-120,-100
2023-11-26,2023-11-26T19:00:00.000Z,CHI,STL,6.5,-105,-115
2023-11-26,2023-11-26T22:00:00.000Z,CAR,CBJ,6.5,-105,-115
2023-11-26,2023-11-27T01:00:00.000Z,NSH,WPG,6.0,-130,107
2023-11-26,2023-11-27T02:00:00.000Z,EDM,ANA,7.0,112,-137
2023-11-27,2023-11-28T00:00:00.000Z,NYR,BUF,6.5,-100,-120
2023-11-27,2023-11-28T00:00:00.000Z,OTT,FLA,7.0,117,-143
2023-11-27,2023-11-28T00:00:00.000Z,CBJ,BOS,6.0,-120,-100
2023-11-27,2023-11-28T02:00:00.000Z,COL,TB,6.0,-130,105
2023-11-27,2023-11-28T02:30:00.000Z,CGY,VGK,6.0,-115,-105
2023-11-27,2023-11-28T03:30:00.000Z,SJ,WSH,6.0,-120,-100
2023-11-28,2023-11-29T00:00:00.000Z,NJ,NYI,5.5,-122,-100
2023-11-28,2023-11-29T00:00:00.000Z,TOR,FLA,6.5,-110,-112
2023-11-28,2023-11-29T00:30:00.000Z,PHI,CAR,5.5,-115,-105
2023-11-28,2023-11-29T01:00:00.000Z,WPG,DAL,5.5,-132,108
2023-11-28,2023-11-29T01:00:00.000Z,MIN,STL,6.5,-108,-112
2023-11-28,2023-11-29T01:00:00.000Z,NSH,PIT,6.5,-138,112
2023-11-28,2023-11-29T01:30:00.000Z,CHI,SEA,6.5,112,-138
2023-11-28,2023-11-29T02:00:00.000Z,UTA,TB,6.5,-110,-110
2023-11-28,2023-11-29T02:00:00.000Z,EDM,VGK,6.5,-102,-120
2023-11-28,2023-11-29T03:00:00.000Z,VAN,ANA,6.5,-108,-112
2023-11-29,2023-11-30T00:00:00.000Z,CBJ,MTL,6.5,-115,-105
2023-11-29,2023-11-30T00:30:00.000Z,NYR,DET,6.0,-120,-100
2023-11-29,2023-11-30T03:30:00.000Z,LA,WSH,6.0,-115,-105
2023-11-30,2023-12-01T00:00:00.000Z,MTL,FLA,6.5,-118,-104
2023-11-30,2023-12-01T00:00:00.000Z,PHI,NJ,5.5,-134,110
2023-11-30,2023-12-01T00:00:00.000Z,BOS,SJ,5.5,-130,106
2023-11-30,2023-12-01T00:00:00.000Z,TB,PIT,6.5,-110,-110
2023-11-30,2023-12-01T00:00:00.000Z,TOR,SEA,6.5,-104,-118
2023-11-30,2023-12-01T00:00:00.000Z,DET,CHI,6.5,-106,-114
2023-11-30,2023-12-01T00:30:00.000Z,CAR,NYI,5.5,-134,110
2023-11-30,2023-12-01T01:00:00.000Z,STL,BUF,6.5,-118,-104
2023-11-30,2023-12-01T01:00:00.000Z,NSH,MIN,5.5,-138,112
2023-11-30,2023-12-01T01:00:00.000Z,WPG,EDM,6.5,-130,105
2023-11-30,2023-12-01T02:00:00.000Z,CGY,DAL,6.0,-120,100
2023-11-30,2023-12-01T02:00:00.000Z,UTA,COL,6.5,-102,-120
2023-11-30,2023-12-01T03:00:00.000Z,ANA,WSH,6.0,-120,100
2023-11-30,2023-12-01T03:00:00.000Z,VAN,VGK,6.5,102,-124
2023-12-01,2023-12-02T00:00:00.000Z,CBJ,OTT,6.5,-140,115
2023-12-01,2023-12-02T00:00:00.000Z,NJ,SJ,6.5,-127,105
2023-12-02,2023-12-02T19:00:00.000Z,DAL,TB,5.5,-140,114
2023-12-02,2023-12-02T20:00:00.000Z,WPG,CHI,6.5,102,-124
2023-12-02,2023-12-02T21:30:00.000Z,NSH,NYR,5.5,-138,112
2023-12-02,2023-12-02T23:00:00.000Z,FLA,NYI,5.5,-140,114
2023-12-02,2023-12-03T00:00:00.000Z,PIT,PHI,6.5,-104,-118
2023-12-02,2023-12-03T00:00:00.000Z,CAR,BUF,6.5,106,-130
2023-12-02,2023-12-03T00:00:00.000Z,OTT,SEA,6.5,110,-134
2023-12-02,2023-12-03T00:00:00.000Z,TOR,BOS,6.5,-105,-115
2023-12-02,2023-12-03T00:00:00.000Z,MTL,DET,6.5,-118,-104
2023-12-02,2023-12-03T02:00:00.000Z,UTA,STL,6.5,-112,-108
2023-12-02,2023-12-03T03:00:00.000Z,CGY,VAN,6.5,-115,-105
2023-12-02,2023-12-03T03:00:00.000Z,ANA,COL,6.5,110,-134
2023-12-02,2023-12-03T03:00:00.000Z,VGK,WSH,6.5,108,-132
2023-12-03,2023-12-03T19:00:00.000Z,MIN,CHI,6.0,-120,-100
2023-12-03,2023-12-03T23:00:00.000Z,NYR,SJ,6.0,-120,-101
2023-12-03,2023-12-04T00:00:00.000Z,BOS,CBJ,6.0,-110,-110
2023-12-03,2023-12-04T00:00:00.000Z,BUF,NSH,6.5,105,-127
2023-12-03,2023-12-04T01:00:00.000Z,LA,COL,6.0,-127,105
2023-12-04,2023-12-05T00:00:00.000Z,PHI,PIT,6.5,105,-127
2023-12-04,2023-12-05T00:00:00.000Z,TB,DAL,6.0,-120,-100
2023-12-04,2023-12-05T00:30:00.000Z,WPG,CAR,6.0,-120,-100
2023-12-04,2023-12-05T00:30:00.000Z,MTL,SEA,6.5,105,-127
2023-12-04,2023-12-05T02:00:00.000Z,UTA,WSH,6.0,-105,-115
2023-12-04,2023-12-05T03:00:00.000Z,VGK,STL,6.0,-110,-110
2023-12-05,2023-12-06T00:00:00.000Z,OTT,NYR,6.5,100,-120
2023-12-05,2023-12-06T00:00:00.000Z,CBJ,LA,6.5,-115,-105
2023-12-05,2023-12-06T00:30:00.000Z,BUF,DET,6.5,-122,-100
2023-12-05,2023-12-06T00:30:00.000Z,NYI,SJ,6.0,-105,-115
2023-12-05,2023-12-06T01:30:00.000Z,CHI,NSH,6.5,-100,-120
2023-12-05,2023-12-06T02:00:00.000Z,CGY,MIN,6.0,-127,105
2023-12-05,2023-12-06T02:00:00.000Z,COL,ANA,6.5,-111,-109
2023-12-05,2023-12-06T03:00:00.000Z,VAN,NJ,7.0,105,-127
2023-12-06,2023-12-07T00:00:00.000Z,TB,PIT,6.5,-110,-110
2023-12-06,2023-12-07T00:00:00.000Z,FLA,DAL,6.0,-110,-110
2023-12-06,2023-12-07T02:00:00.000Z,STL,VGK,6.0,-115,-105
2023-12-06,2023-12-07T02:30:00.000Z,EDM,CAR,6.5,-130,105
2023-12-07,2023-12-08T00:00:00.000Z,MTL,LA,6.5,-110,-110
2023-12-07,2023-12-08T00:00:00.000Z,OTT,TOR,6.5,-120,-102
2023-12-07,2023-12-08T00:00:00.000Z,DET,SJ,6.5,-104,-118
2023-12-07,2023-12-08T00:00:00.000Z,BOS,BUF,6.5,110,-134
2023-12-07,2023-12-08T00:30:00.000Z,NYI,CBJ,6.5,-110,-110
2023-12-07,2023-12-08T01:00:00.000Z,WSH,DAL,6.5,-104,-118
2023-12-07,2023-12-08T01:00:00.000Z,NSH,TB,6.5,-104,-118
2023-12-07,2023-12-08T01:30:00.000Z,CHI,ANA,6.5,-112,-108
2023-12-07,2023-12-08T02:00:00.000Z,CGY,CAR,6.5,110,-134
2023-12-07,2023-12-08T02:00:00.000Z,COL,WPG,5.5,-141,115
2023-12-07,2023-12-08T02:00:00.000Z,UTA,PHI,5.5,-138,112
2023-12-07,2023-12-08T03:00:00.000Z,VAN,MIN,6.5,-106,-114
2023-12-07,2023-12-08T03:30:00.000Z,SEA,NJ,6.5,112,-138
2023-12-08,2023-12-09T00:00:00.000Z,CBJ,STL,6.5,-105,-115
2023-12-08,2023-12-09T00:00:00.000Z,FLA,PIT,6.5,-105,-115
2023-12-08,2023-12-09T02:00:00.000Z,EDM,MIN,6.5,-130,107
2023-12-09,2023-12-09T18:00:00.000Z,BOS,UTA,5.5,-138,112
2023-12-09,2023-12-09T21:00:00.000Z,CGY,NJ,6.5,-110,-110
2023-12-09,2023-12-09T21:00:00.000Z,DAL,VGK,6.5,-104,-118
2023-12-09,2023-12-10T00:00:00.000Z,BUF,MTL,6.5,-115,-105
2023-12-09,2023-12-10T00:00:00.000Z,TOR,NSH,6.5,-112,-108
2023-12-09,2023-12-10T00:00:00.000Z,WSH,NYR,6.5,102,-124
2023-12-09,2023-12-10T00:00:00.000Z,DET,OTT,6.5,-122,-100
2023-12-09,2023-12-10T00:30:00.000Z,NYI,LA,6.5,-102,-120
2023-12-09,2023-12-10T01:00:00.000Z,CHI,STL,6.5,-108,-112
2023-12-09,2023-12-10T02:00:00.000Z,COL,PHI,5.5,-142,116
2023-12-09,2023-12-10T03:00:00.000Z,SEA,TB,6.5,112,-138
2023-12-09,2023-12-10T03:00:00.000Z,VAN,CAR,6.5,-110,-110
2023-12-10,2023-12-10T18:00:00.000Z,CBJ,FLA,6.5,-120,-102
2023-12-10,2023-12-10T21:00:00.000Z,EDM,NJ,7.0,-118,-103
2023-12-10,2023-12-11T00:00:00.000Z,NYR,LA,6.5,-105,-116
2023-12-10,2023-12-11T00:00:00.000Z,CHI,WSH,6.5,-105,-116
2023-12-10,2023-12-11T00:00:00.000Z,MTL,NSH,6.5,-111,-109
2023-12-10,2023-12-11T01:00:00.000Z,ANA,WPG,6.5,105,-130
2023-12-10,2023-12-11T02:00:00.000Z,SEA,MIN,6.5,-101,-120
2023-12-10,2023-12-11T03:00:00.000Z,VGK,SJ,6.5,-101,-120
2023-12-11,2023-12-12T00:00:00.000Z,NYI,TOR,6.0,-120,100
2023-12-11,2023-12-12T00:00:00.000Z,BUF,UTA,6.5,-110,-110
2023-12-11,2023-12-12T01:00:00.000Z,DAL,DET,6.0,-115,-105
2023-12-11,2023-12-12T02:30:00.000Z,COL,CGY,6.5,-105,-115
2023-12-12,2023-12-13T00:00:00.000Z,NYR,TOR,6.5,-130,106
2023-12-12,2023-12-13T00:00:00.000Z,OTT,CAR,6.5,-114,-106
2023-12-12,2023-12-13T00:00:00.000Z,PIT,UTA,6.5,-104,-118
2023-12-12,2023-12-13T00:30:00.000Z,STL,DET,6.5,-108,-112
2023-12-12,2023-12-13T01:00:00.000Z,NSH,PHI,6.5,-106,-114
2023-12-12,2023-12-13T03:00:00.000Z,SEA,FLA,6.5,-106,-114
2023-12-12,2023-12-13T03:00:00.000Z,VAN,TB,6.5,-105,-115
2023-12-12,2023-12-13T03:00:00.000Z,VGK,CGY,6.5,114,-140
2023-12-12,2023-12-13T03:00:00.000Z,EDM,CHI,6.5,-128,104
2023-12-12,2023-12-13T03:30:00.000Z,SJ,WPG,6.5,-108,-112
2023-12-13,2023-12-14T00:00:00.000Z,MTL,PIT,6.5,-110,-110
2023-12-13,2023-12-14T00:30:00.000Z,NJ,BOS,6.0,-127,105
2023-12-13,2023-12-14T00:30:00.000Z,NYI,ANA,6.0,-110,-110
2023-12-13,2023-12-14T03:00:00.000Z,COL,BUF,6.5,-105,-115
2023-12-13,2023-12-14T03:30:00.000Z,LA,WPG,6.0,-120,-100
2023-12-14,2023-12-15T00:00:00.000Z,PHI,WSH,5.5,-130,106
2023-12-14,2023-12-15T00:00:00.000Z,TOR,CBJ,6.5,-144,118
2023-12-14,2023-12-15T00:30:00.000Z,DET,CAR,6.5,-106,-114
2023-12-14,2023-12-15T01:00:00.000Z,STL,OTT,6.5,-130,107
2023-12-14,2023-12-15T01:00:00.000Z,MIN,CGY,5.5,-138,112
2023-12-14,2023-12-15T02:00:00.000Z,EDM,TB,6.5,-116,-105
2023-12-14,2023-12-15T03:00:00.000Z,SEA,CHI,6.0,-120,-100
2023-12-14,2023-12-15T03:00:00.000Z,VAN,FLA,6.5,105,-127
2023-12-15,2023-12-16T00:00:00.000Z,NYR,ANA,6.0,-115,-105
2023-12-15,2023-12-16T00:30:00.000Z,CAR,NSH,6.0,-119,-101
2023-12-15,2023-12-16T00:30:00.000Z,NYI,BOS,5.5,-120,100
2023-12-15,2023-12-16T01:00:00.000Z,DAL,OTT,6.5,105,-130
2023-12-15,2023-12-16T02:00:00.000Z,UTA,SJ,6.5,105,-127
2023-12-15,2023-12-16T03:00:00.000Z,VGK,BUF,6.5,107,-130
2023-12-16,2023-12-16T19:00:00.000Z,MIN,VAN,6.5,110,-134
2023-12-16,2023-12-17T00:00:00.000Z,BOS,NYR,6.0,-100,-120
2023-12-16,2023-12-17T00:00:00.000Z,CBJ,NJ,7.0,112,-137
2023-12-16,2023-12-17T00:00:00.000Z,TOR,PIT,6.5,-130,105
2023-12-16,2023-12-17T00:00:00.000Z,PHI,DET,6.0,-105,-115
2023-12-16,2023-12-17T00:00:00.000Z,WPG,COL,5.5,-140,112
2023-12-16,2023-12-17T00:00:00.000Z,MTL,NYI,6.0,-115,-105
2023-12-16,2023-12-17T01:00:00.000Z,STL,DAL,6.5,-110,-110
2023-12-16,2023-12-17T01:00:00.000Z,NSH,WSH,6.5,-100,-120
2023-12-16,2023-12-17T02:00:00.000Z,UTA,BUF,6.5,-111,-109
2023-12-16,2023-12-17T03:00:00.000Z,EDM,FLA,6.5,-142,115
2023-12-16,2023-12-17T03:00:00.000Z,CGY,TB,6.5,-120,-100
2023-12-16,2023-12-17T03:00:00.000Z,SEA,LA,5.5,-140,114
2023-12-17,2023-12-17T20:00:00.000Z,CHI,VAN,6.0,-127,105
2023-12-17,2023-12-17T23:00:00.000Z,CAR,WSH,6.0,-120,-100
2023-12-17,2023-12-18T00:00:00.000Z,NJ,ANA,6.5,-115,-105
2023-12-17,2023-12-18T01:00:00.000Z,COL,SJ,6.5,-110,-110
2023-12-17,2023-12-18T01:00:00.000Z,VGK,OTT,6.5,-100,-120
2023-12-18,2023-12-19T00:00:00.000Z,PIT,MIN,5.5,-132,108
2023-12-18,2023-12-19T00:00:00.000Z,DET,ANA,6.5,-110,-110
2023-12-18,2023-12-19T00:30:00.000Z,WPG,MTL,6.5,-106,-114
2023-12-18,2023-12-19T01:00:00.000Z,DAL,SEA,6.5,-105,-115
2023-12-18,2023-12-19T02:30:00.000Z,CGY,FLA,6.5,-115,-105
2023-12-19,2023-12-20T00:00:00.000Z,BOS,MIN,6.0,-100,-120
2023-12-19,2023-12-20T00:00:00.000Z,TOR,NYR,6.5,-105,-115
2023-12-19,2023-12-20T00:00:00.000Z,TB,STL,6.5,-100,-120
2023-12-19,2023-12-20T00:00:00.000Z,NJ,PHI,6.5,105,-127
2023-12-19,2023-12-20T00:00:00.000Z,BUF,CBJ,6.5,-110,-110
2023-12-19,2023-12-20T00:00:00.000Z,CAR,VGK,6.5,-105,-115
2023-12-19,2023-12-20T00:30:00.000Z,NYI,EDM,6.5,-105,-115
2023-12-19,2023-12-20T01:00:00.000Z,NSH,VAN,6.0,-120,-100
2023-12-19,2023-12-20T01:30:00.000Z,CHI,COL,6.5,-110,-110
2023-12-19,2023-12-20T02:00:00.000Z,UTA,OTT,6.0,-127,105
2023-12-19,2023-12-20T03:30:00.000Z,SJ,LA,6.0,-115,-105
2023-12-20,2023-12-21T00:30:00.000Z,WPG,DET,6.5,100,-120
2023-12-20,2023-12-21T00:30:00.000Z,WSH,NYI,5.5,-130,105
2023-12-20,2023-12-21T03:00:00.000Z,LA,SEA,6.0,-130,105
2023-12-21,2023-12-22T00:00:00.000Z,FLA,STL,6.5,-100,-120
2023-12-21,2023-12-22T00:00:00.000Z,PIT,CAR,6.5,-110,-110
2023-12-21,2023-12-22T00:00:00.000Z,CBJ,WSH,6.0,-120,-100
2023-12-21,2023-12-22T00:00:00.000Z,PHI,NSH,5.5,-127,105
2023-12-21,2023-12-22T00:00:00.000Z,BUF,TOR,7.0,117,-143
2023-12-21,2023-12-22T00:00:00.000Z,TB,VGK,6.0,-120,-100
2023-12-21,2023-12-22T00:30:00.000Z,NJ,EDM,7.0,107,-130
2023-12-21,2023-12-22T01:00:00.000Z,DAL,VAN,6.5,-105,-115
2023-12-21,2023-12-22T01:00:00.000Z,MIN,MTL,6.5,105,-127
2023-12-21,2023-12-22T02:00:00.000Z,COL,OTT,6.5,-115,-105
2023-12-21,2023-12-22T03:00:00.000Z,ANA,CGY,6.0,-120,-100
2023-12-21,2023-12-22T03:30:00.000Z,SJ,UTA,6.0,-120,-100
2023-12-22,2023-12-23T00:00:00.000Z,DET,PHI,6.0,-121,101
2023-12-22,2023-12-23T00:30:00.000Z,NYR,EDM,6.5,-115,-105
2023-12-22,2023-12-23T01:00:00.000Z,WPG,BOS,5.5,-120,100
2023-12-22,2023-12-23T01:30:00.000Z,CHI,MTL,6.5,-105,-115
2023-12-23,2023-12-23T19:00:00.000Z,NSH,DAL,6.5,107,-130
2023-12-23,2023-12-23T20:00:00.000Z,FLA,VGK,6.5,-115,-105
2023-12-23,2023-12-24T00:00:00.000Z,MIN,BOS,6.5,-107,-113
2023-12-23,2023-12-24T00:00:00.000Z,OTT,PIT,6.5,-127,105
2023-12-23,2023-12-24T00:00:00.000Z,WSH,TB,6.5,105,-130
2023-12-23,2023-12-24T00:00:00.000Z,CBJ,TOR,7.0,-126,104
2023-12-23,2023-12-24T00:00:00.000Z,NJ,DET,6.5,-126,102
2023-12-23,2023-12-24T00:30:00.000Z,CAR,NYI,6.0,-115,-105
2023-12-23,2023-12-24T00:30:00.000Z,NYR,BUF,6.5,-100,-122
2023-12-23,2023-12-24T01:00:00.000Z,ANA,SEA,6.0,-120,-100
2023-12-23,2023-12-24T01:00:00.000Z,STL,CHI,6.0,-130,105
2023-12-23,2023-12-24T02:00:00.000Z,COL,UTA,6.5,-115,-105
2023-12-23,2023-12-24T03:00:00.000Z,VAN,SJ,6.5,-108,-112
2023-12-23,2023-12-24T03:00:00.000Z,LA,CGY,6.5,114,-140
2023-12-27,2023-12-28T00:00:00.000Z,NYR,WSH,6.0,-105,-115
2023-12-27,2023-12-28T00:00:00.000Z,TB,FLA,6.5,-120,100
2023-12-27,2023-12-28T00:00:00.000Z,TOR,OTT,7.0,-105,-115
2023-12-27,2023-12-28T00:00:00.000Z,NJ,CBJ,7.0,-100,-120
2023-12-27,2023-12-28T00:30:00.000Z,BUF,BOS,6.0,-120,-100
2023-12-27,2023-12-28T00:30:00.000Z,NYI,PIT,6.0,-120,100
2023-12-27,2023-12-28T01:00:00.000Z,NSH,CAR,6.5,-100,-120
2023-12-27,2023-12-28T01:00:00.000Z,MIN,DET,6.5,-110,-110
2023-12-27,2023-12-28T01:00:00.000Z,STL,DAL,6.5,-110,-110
2023-12-27,2023-12-28T02:00:00.000Z,CHI,WPG,6.0,-115,-105
2023-12-27,2023-12-28T02:00:00.000Z,UTA,COL,6.5,-115,-105
2023-12-27,2023-12-28T02:30:00.000Z,CGY,SEA,6.0,-105,-115
2023-12-27,2023-12-28T03:00:00.000Z,LA,SJ,6.5,-105,-115
2023-12-27,2023-12-28T03:00:00.000Z,ANA,VGK,6.0,-120,-100
2023-12-28,2023-12-29T00:00:00.000Z,CAR,MTL,6.5,-101,-119
2023-12-28,2023-12-29T03:00:00.000Z,VGK,LA,6.0,-132,109
2023-12-28,2023-12-29T03:00:00.000Z,VAN,PHI,6.0,-120,100
2023-12-28,2023-12-29T03:30:00.000Z,SJ,EDM,7.0,105,-127
2023-12-29,2023-12-30T00:00:00.000Z,CBJ,TOR,7.0,102,-122
2023-12-29,2023-12-30T00:00:00.000Z,OTT,NJ,7.0,-110,-110
2023-12-29,2023-12-30T00:00:00.000Z,DET,NSH,6.5,-110,-110
2023-12-29,2023-12-30T00:00:00.000Z,FLA,NYR,6.0,-115,-105
2023-12-29,2023-12-30T00:30:00.000Z,NYI,WSH,5.5,-127,105
2023-12-29,2023-12-30T01:00:00.000Z,DAL,CHI,6.0,-127,105
2023-12-29,2023-12-30T01:00:00.000Z,STL,COL,6.5,-110,-110
2023-12-29,2023-12-30T03:00:00.000Z,SEA,PHI,6.0,-115,-105
2023-12-29,2023-12-30T03:00:00.000Z,ANA,UTA,6.5,100,-120
2023-12-30,2023-12-30T19:00:00.000Z,WPG,MIN,6.0,-115,-105
2023-12-30,2023-12-30T22:00:00.000Z,BUF,CBJ,7.0,112,-137
2023-12-30,2023-12-31T00:00:00.000Z,TB,NYR,6.0,-120,-100
2023-12-30,2023-12-31T00:00:00.000Z,FLA,MTL,6.5,-102,-117
2023-12-30,2023-12-31T00:00:00.000Z,BOS,NJ,6.0,-120,-100
2023-12-30,2023-12-31T00:00:00.000Z,PIT,STL,6.0,-127,105
2023-12-30,2023-12-31T00:00:00.000Z,TOR,CAR,6.5,-108,-111
2023-12-30,2023-12-31T00:00:00.000Z,WSH,NSH,6.5,-109,-111
2023-12-30,2023-12-31T03:00:00.000Z,LA,EDM,6.5,-115,-105
2023-12-31,2023-12-31T19:00:00.000Z,MIN,WPG,6.0,-130,105
2023-12-31,2023-12-31T22:00:00.000Z,DET,BOS,6.0,-120,-100
2023-12-31,2023-12-31T23:00:00.000Z,PIT,NYI,6.5,-100,-120
2023-12-31,2023-12-31T23:00:00.000Z,OTT,BUF,7.0,107,-130
2023-12-31,2024-01-01T00:00:00.000Z,TB,MTL,6.5,-100,-120
2023-12-31,2024-01-01T01:00:00.000Z,DAL,CHI,6.0,-120,-100
2023-12-31,2024-01-01T01:00:00.000Z,COL,SJ,6.5,100,-120
2023-12-31,2024-01-01T01:00:00.000Z,ANA,EDM,6.5,-120,-100
2023-12-31,2024-01-01T01:00:00.000Z,CGY,PHI,6.0,-110,-110
2024-01-01,2024-01-01T20:00:00.000Z,SEA,VGK,6.5,104,-128
2024-01-02,2024-01-03T00:00:00.000Z,NYR,CAR,6.0,-115,-105
2024-01-02,2024-01-03T00:00:00.000Z,CBJ,BOS,6.5,105,-127
2024-01-02,2024-01-03T00:30:00.000Z,PIT,WSH,6.0,-120,-100
2024-01-02,2024-01-03T01:00:00.000Z,NSH,CHI,6.5,105,-127
2024-01-02,2024-01-03T01:00:00.000Z,MIN,CGY,6.0,-120,-100
2024-01-02,2024-01-03T01:00:00.000Z,WPG,TB,6.5,105,-127
2024-01-02,2024-01-03T01:00:00.000Z,DAL,MTL,6.5,-100,-120
2024-01-02,2024-01-03T02:00:00.000Z,UTA,FLA,6.5,-105,-115
2024-01-02,2024-01-03T02:00:00.000Z,COL,NYI,6.0,-120,-100
2024-01-02,2024-01-03T02:00:00.000Z,EDM,PHI,6.5,-115,-105
2024-01-02,2024-01-03T03:00:00.000Z,VAN,OTT,7.0,110,-140
2024-01-02,2024-01-03T03:30:00.000Z,LA,TOR,6.5,-127,105
2024-01-02,2024-01-03T03:30:00.000Z,SJ,DET,6.5,-130,105
2024-01-03,2024-01-04T00:30:00.000Z,WSH,NJ,6.0,-120,-100
2024-01-03,2024-01-04T02:00:00.000Z,ANA,TOR,6.5,-120,-100
2024-01-04,2024-01-05T00:00:00.000Z,PHI,CBJ,6.5,105,-130
2024-01-04,2024-01-05T00:00:00.000Z,NYR,CHI,6.5,105,-127
2024-01-04,2024-01-05T00:00:00.000Z,BOS,PIT,6.0,-110,-110
2024-01-04,2024-01-05T00:00:00.000Z,MTL,BUF,6.5,-115,-105
2024-01-04,2024-01-05T01:00:00.000Z,DAL,COL,6.5,100,-120
2024-01-04,2024-01-05T01:00:00.000Z,MIN,TB,6.5,-100,-120
2024-01-04,2024-01-05T01:00:00.000Z,STL,VAN,6.5,-100,-120
2024-01-04,2024-01-05T01:00:00.000Z,NSH,CGY,6.0,-127,105
2024-01-04,2024-01-05T02:00:00.000Z,UTA,NYI,6.0,-110,-110
2024-01-04,2024-01-05T03:00:00.000Z,SEA,OTT,6.5,105,-130
2024-01-04,2024-01-05T03:00:00.000Z,VGK,FLA,6.5,-100,-120
2024-01-04,2024-01-05T03:30:00.000Z,LA,DET,6.0,-120,-100
2024-01-04,2024-01-05T03:30:00.000Z,SJ,WPG,6.0,-115,-105
2024-01-05,2024-01-06T00:00:00.000Z,WSH,CAR,5.5,-120,-102
2024-01-05,2024-01-06T00:00:00.000Z,NJ,CHI,6.5,-115,-105
2024-01-05,2024-01-06T03:00:00.000Z,ANA,WPG,6.5,-102,-120
2024-01-06,2024-01-06T18:00:00.000Z,PHI,CGY,5.5,-122,-100
2024-01-06,2024-01-06T21:00:00.000Z,COL,FLA,6.5,-115,-105
2024-01-06,2024-01-07T00:00:00.000Z,CBJ,MIN,6.5,104,-128
2024-01-06,2024-01-07T00:00:00.000Z,MTL,NYR,6.5,-100,-122
2024-01-06,2024-01-07T00:00:00.000Z,NJ,VAN,6.5,-108,-112
2024-01-06,2024-01-07T00:00:00.000Z,SJ,TOR,6.5,-100,-122
2024-01-06,2024-01-07T00:00:00.000Z,BOS,TB,6.5,108,-132
2024-01-06,2024-01-07T00:00:00.000Z,PIT,BUF,6.5,-122,-100
2024-01-06,2024-01-07T01:00:00.000Z,CAR,STL,6.5,-106,-114
2024-01-06,2024-01-07T01:00:00.000Z,DAL,NSH,6.5,112,-138
2024-01-06,2024-01-07T03:00:00.000Z,VGK,NYI,6.5,114,-140
2024-01-06,2024-01-07T03:00:00.000Z,EDM,OTT,6.5,-132,108
2024-01-07,2024-01-07T20:00:00.000Z,CHI,CGY,6.0,-105,-115
2024-01-07,2024-01-07T20:00:00.000Z,WSH,LA,6.0,-110,-110
2024-01-07,2024-01-08T00:00:00.000Z,UTA,WPG,6.0,-110,-110
2024-01-07,2024-01-08T01:00:00.000Z,ANA,DET,6.5,-115,-105
2024-01-08,2024-01-09T00:00:00.000Z,NYR,VAN,6.5,-105,-115
2024-01-08,2024-01-09T00:00:00.000Z,PHI,PIT,6.5,-105,-115
2024-01-08,2024-01-09T01:00:00.000Z,MIN,DAL,5.5,-134,110
2024-01-08,2024-01-09T02:00:00.000Z,COL,BOS,6.5,-102,-120
2024-01-09,2024-01-10T00:00:00.000Z,BUF,SEA,6.5,105,-127
2024-01-09,2024-01-10T00:00:00.000Z,TOR,SJ,6.5,-105,-115
2024-01-09,2024-01-10T00:00:00.000Z,TB,LA,6.0,-127,105
2024-01-09,2024-01-10T00:30:00.000Z,NYI,VAN,6.0,-120,-100
2024-01-09,2024-01-10T01:00:00.000Z,STL,FLA,6.5,-105,-115
2024-01-09,2024-01-10T01:00:00.000Z,WPG,CBJ,6.0,-120,-100
2024-01-09,2024-01-10T01:00:00.000Z,NSH,ANA,6.5,-100,-120
2024-01-09,2024-01-10T01:30:00.000Z,CHI,EDM,6.5,-130,107
2024-01-09,2024-01-10T02:00:00.000Z,CGY,OTT,6.5,-127,105
2024-01-09,2024-01-10T02:00:00.000Z,UTA,BOS,6.0,-100,-120
2024-01-10,2024-01-11T00:00:00.000Z,PHI,MTL,6.5,112,-140
2024-01-10,2024-01-11T00:30:00.000Z,DAL,MIN,6.5,104,-128
2024-01-10,2024-01-11T03:00:00.000Z,COL,VGK,6.5,116,-142
2024-01-11,2024-01-12T00:00:00.000Z,BUF,OTT,6.5,-120,-100
2024-01-11,2024-01-12T00:00:00.000Z,FLA,LA,6.0,-125,105
2024-01-11,2024-01-12T00:00:00.000Z,DET,EDM,6.5,-110,-110
2024-01-11,2024-01-12T00:00:00.000Z,CAR,ANA,6.0,-120,-100
2024-01-11,2024-01-12T00:00:00.000Z,MTL,SJ,6.5,105,-125
2024-01-11,2024-01-12T00:00:00.000Z,WSH,SEA,5.5,-120,-100
2024-01-11,2024-01-12T00:00:00.000Z,TB,NJ,6.5,-115,-105
2024-01-11,2024-01-12T00:00:00.000Z,PIT,VAN,6.5,-100,-120
2024-01-11,2024-01-12T00:00:00.000Z,NYI,TOR,6.0,-115,-105
2024-01-11,2024-01-12T01:00:00.000Z,WPG,CHI,6.0,-110,-110
2024-01-11,2024-01-12T01:00:00.000Z,STL,NYR,6.0,-125,105
2024-01-11,2024-01-12T02:00:00.000Z,UTA,CGY,6.0,-115,-105
2024-01-11,2024-01-12T03:00:00.000Z,VGK,BOS,6.0,-110,-110
2024-01-12,2024-01-13T01:00:00.000Z,MIN,PHI,6.0,-127,104
2024-01-12,2024-01-13T01:00:00.000Z,DAL,NSH,6.5,-110,-110
2024-01-13,2024-01-13T18:00:00.000Z,WSH,NYR,6.5,110,-134
2024-01-13,2024-01-13T21:00:00.000Z,BUF,VAN,6.5,102,-124
2024-01-13,2024-01-13T21:00:00.000Z,OTT,SJ,6.5,-105,-115
2024-01-13,2024-01-13T23:00:00.000Z,FLA,NJ,6.5,-100,-122
2024-01-13,2024-01-14T00:00:00.000Z,CAR,PIT,6.5,104,-128
2024-01-13,2024-01-14T00:00:00.000Z,DET,LA,6.5,-110,-110
2024-01-13,2024-01-14T00:00:00.000Z,WPG,PHI,6.0,-110,-110
2024-01-13,2024-01-14T00:00:00.000Z,CBJ,SEA,6.5,-100,-122
2024-01-13,2024-01-14T00:00:00.000Z,MTL,EDM,6.5,-130,106
2024-01-13,2024-01-14T00:00:00.000Z,TOR,COL,6.5,-128,104
2024-01-13,2024-01-14T00:00:00.000Z,TB,ANA,6.5,-106,-114
2024-01-13,2024-01-14T01:00:00.000Z,MIN,UTA,6.5,102,-124
2024-01-13,2024-01-14T01:00:00.000Z,STL,BOS,6.5,104,-128
2024-01-13,2024-01-14T01:00:00.000Z,CHI,DAL,6.5,104,-128
2024-01-13,2024-01-14T01:00:00.000Z,NSH,NYI,6.5,-110,-110
2024-01-13,2024-01-14T03:00:00.000Z,VGK,CGY,6.5,102,-124
2024-01-14,2024-01-14T18:00:00.000Z,NYR,WSH,6.0,-110,-110
2024-01-14,2024-01-15T00:30:00.000Z,TOR,DET,7.0,110,-130
2024-01-15,2024-01-15T17:00:00.000Z,BUF,SJ,6.5,-108,-112
2024-01-15,2024-01-15T18:00:00.000Z,FLA,ANA,6.5,100,-120
2024-01-15,2024-01-15T18:00:00.000Z,CBJ,VAN,6.5,-120,100
2024-01-15,2024-01-15T18:00:00.000Z,BOS,NJ,6.0,-122,102
2024-01-15,2024-01-15T18:00:00.000Z,PIT,SEA,6.0,-120,100
2024-01-15,2024-01-15T20:00:00.000Z,CAR,LA,6.5,-102,-118
2024-01-15,2024-01-15T23:00:00.000Z,MIN,NYI,6.5,105,-125
2024-01-15,2024-01-15T23:00:00.000Z,VGK,NSH,6.0,-115,-105
2024-01-15,2024-01-16T00:00:00.000Z,MTL,COL,6.5,-105,-115
2024-01-15,2024-01-16T01:00:00.000Z,STL,PHI,6.0,-125,105
2024-01-16,2024-01-17T00:00:00.000Z,OTT,COL,6.5,-126,105
2024-01-16,2024-01-17T00:00:00.000Z,WSH,ANA,6.5,-107,-116
2024-01-16,2024-01-17T00:00:00.000Z,NYR,SEA,5.5,-120,-102
2024-01-16,2024-01-17T01:00:00.000Z,DAL,LA,6.5,106,-130
2024-01-16,2024-01-17T01:00:00.000Z,WPG,NYI,6.5,108,-132
2024-01-16,2024-01-17T01:30:00.000Z,CHI,SJ,5.5,-140,114
2024-01-16,2024-01-17T02:00:00.000Z,EDM,TOR,7.5,128,-158
2024-01-16,2024-01-17T02:00:00.000Z,CGY,UTA,6.5,-105,-114
2024-01-17,2024-01-18T00:00:00.000Z,NJ,MTL,6.5,-120,100
2024-01-17,2024-01-18T00:00:00.000Z,FLA,DET,6.5,-120,100
2024-01-18,2024-01-19T00:00:00.000Z,TB,MIN,6.5,-102,-117
2024-01-18,2024-01-19T00:00:00.000Z,WSH,STL,6.0,-100,-120
2024-01-18,2024-01-19T00:00:00.000Z,OTT,MTL,6.5,-125,105
2024-01-18,2024-01-19T00:00:00.000Z,BOS,COL,6.0,-130,110
2024-01-18,2024-01-19T00:00:00.000Z,PHI,DAL,6.0,-117,-102
2024-01-18,2024-01-19T00:00:00.000Z,BUF,CHI,6.0,-110,-105
2024-01-18,2024-01-19T02:00:00.000Z,CGY,TOR,6.5,-115,-105
2024-01-18,2024-01-19T02:00:00.000Z,EDM,SEA,6.5,-115,-105
2024-01-18,2024-01-19T03:00:00.000Z,LA,NSH,6.0,-117,-102
2024-01-18,2024-01-19T03:00:00.000Z,VGK,NYR,6.0,-110,-110
2024-01-18,2024-01-19T03:00:00.000Z,VAN,UTA,6.5,105,-125
2024-01-19,2024-01-20T00:00:00.000Z,FLA,MIN,6.0,-120,-100
2024-01-19,2024-01-20T00:00:00.000Z,CBJ,NJ,6.5,-130,110
2024-01-19,2024-01-20T00:00:00.000Z,CAR,DET,6.5,105,-125
2024-01-19,2024-01-20T01:30:00.000Z,CHI,NYI,6.0,-105,-115
2024-01-20,2024-01-20T17:30:00.000Z,BUF,TB,6.5,-100,-120
2024-01-20,2024-01-20T18:00:00.000Z,PHI,COL,6.0,-120,100
2024-01-20,2024-01-20T20:00:00.000Z,OTT,WPG,6.5,-120,-100
2024-01-20,2024-01-20T20:00:00.000Z,UTA,NSH,6.0,-100,-120
2024-01-20,2024-01-21T00:00:00.000Z,NJ,DAL,6.5,-125,105
2024-01-20,2024-01-21T00:00:00.000Z,VAN,TOR,6.5,-120,-101
2024-01-20,2024-01-21T00:00:00.000Z,BOS,MTL,6.0,-125,105
2024-01-20,2024-01-21T01:00:00.000Z,STL,WSH,6.0,-100,-120
2024-01-20,2024-01-21T03:00:00.000Z,CGY,EDM,7.0,105,-125
2024-01-20,2024-01-21T03:00:00.000Z,SJ,ANA,6.5,105,-125
2024-01-20,2024-01-21T03:00:00.000Z,VGK,PIT,6.0,-115,-105
2024-01-20,2024-01-21T03:30:00.000Z,LA,NYR,6.0,-105,-115
2024-01-21,2024-01-21T18:00:00.000Z,PHI,OTT,6.5,-105,-115
2024-01-21,2024-01-21T22:00:00.000Z,CAR,MIN,6.5,-112,-107
2024-01-21,2024-01-22T00:00:00.000Z,DET,TB,6.5,-120,-100
2024-01-21,2024-01-22T00:30:00.000Z,NYI,DAL,6.0,-115,-105
2024-01-21,2024-01-22T01:30:00.000Z,ANA,NYR,6.0,-110,-110
2024-01-21,2024-01-22T02:00:00.000Z,SEA,TOR,6.5,-100,-120
2024-01-22,2024-01-23T00:00:00.000Z,BOS,WPG,6.0,-110,-110
2024-01-22,2024-01-23T00:00:00.000Z,NJ,VGK,6.5,110,-130
2024-01-22,2024-01-23T01:00:00.000Z,NSH,FLA,6.0,-120,100
2024-01-22,2024-01-23T02:00:00.000Z,UTA,PIT,6.5,105,-125
2024-01-22,2024-01-23T03:00:00.000Z,VAN,CHI,6.0,-125,105
2024-01-22,2024-01-23T03:30:00.000Z,LA,SJ,6.0,-120,100
2024-01-23,2024-01-24T00:00:00.000Z,MTL,OTT,6.5,-140,115
2024-01-23,2024-01-24T00:00:00.000Z,PHI,TB,6.0,-120,-100
2024-01-23,2024-01-24T00:00:00.000Z,DET,DAL,6.5,-110,-110
2024-01-23,2024-01-24T00:30:00.000Z,NYI,VGK,6.0,-115,-105
2024-01-23,2024-01-24T01:00:00.000Z,MIN,WSH,6.0,-105,-115
2024-01-23,2024-01-24T02:00:00.000Z,EDM,CBJ,7.0,105,-125
2024-01-23,2024-01-24T02:00:00.000Z,CGY,STL,6.0,-110,-110
2024-01-23,2024-01-24T03:00:00.000Z,ANA,BUF,6.5,-110,-110
2024-01-23,2024-01-24T03:30:00.000Z,SJ,NYR,6.0,-105,-115
2024-01-24,2024-01-25T00:00:00.000Z,FLA,UTA,6.5,-104,-118
2024-01-24,2024-01-25T00:00:00.000Z,TOR,WPG,6.5,-105,-115
2024-01-24,2024-01-25T00:30:00.000Z,BOS,CAR,5.5,-124,102
2024-01-24,2024-01-25T02:30:00.000Z,COL,WSH,5.5,-142,116
2024-01-24,2024-01-25T03:00:00.000Z,VAN,STL,6.5,104,-128
2024-01-24,2024-01-25T03:00:00.000Z,SEA,CHI,5.5,-128,102
2024-01-24,2024-01-25T03:30:00.000Z,LA,BUF,6.5,-100,-122
2024-01-25,2024-01-26T00:00:00.000Z,DET,PHI,6.5,-120,-100
2024-01-25,2024-01-26T00:00:00.000Z,OTT,BOS,6.5,-105,-115
2024-01-25,2024-01-26T00:00:00.000Z,MTL,NYI,6.0,-125,105
2024-01-25,2024-01-26T00:00:00.000Z,TB,UTA,6.5,-102,-119
2024-01-25,2024-01-26T00:30:00.000Z,CAR,NJ,6.5,-130,110
2024-01-25,2024-01-26T01:00:00.000Z,MIN,NSH,6.0,-110,-110
2024-01-25,2024-01-26T01:00:00.000Z,DAL,ANA,6.5,-110,-110
2024-01-25,2024-01-26T02:00:00.000Z,CGY,CBJ,6.5,-110,-110
2024-01-25,2024-01-26T02:00:00.000Z,EDM,CHI,6.5,-115,-105
2024-01-26,2024-01-27T00:00:00.000Z,PIT,FLA,6.5,-100,-122
2024-01-26,2024-01-27T00:00:00.000Z,NYR,VGK,5.5,-132,108
2024-01-26,2024-01-27T02:00:00.000Z,COL,LA,5.5,-140,114
2024-01-26,2024-01-27T03:00:00.000Z,SEA,STL,5.5,-134,110
2024-01-27,2024-01-27T17:30:00.000Z,PHI,BOS,5.5,-130,110
2024-01-27,2024-01-27T19:00:00.000Z,DAL,WSH,6.5,-100,-122
2024-01-27,2024-01-27T21:00:00.000Z,SJ,BUF,6.5,-100,-122
2024-01-27,2024-01-27T21:00:00.000Z,EDM,NSH,6.5,-106,-114
2024-01-27,2024-01-28T00:00:00.000Z,TB,NJ,6.5,-128,104
2024-01-27,2024-01-28T00:00:00.000Z,CAR,UTA,6.5,-100,-122
2024-01-27,2024-01-28T00:00:00.000Z,WPG,TOR,6.5,114,-140
2024-01-27,2024-01-28T00:00:00.000Z,PIT,MTL,6.5,-105,-115
2024-01-27,2024-01-28T00:00:00.000Z,OTT,NYR,6.5,-115,-105
2024-01-27,2024-01-28T00:30:00.000Z,NYI,FLA,5.5,-120,-102
2024-01-27,2024-01-28T01:00:00.000Z,DET,VGK,5.5,-122,-100
2024-01-27,2024-01-28T02:00:00.000Z,MIN,ANA,6.5,108,-132
2024-01-27,2024-01-28T03:00:00.000Z,CGY,CHI,6.5,-102,-120
2024-01-27,2024-01-28T03:00:00.000Z,VAN,CBJ,6.5,-120,-102
2024-01-28,2024-01-28T19:00:00.000Z,STL,LA,6.5,-108,-112
2024-01-28,2024-01-29T02:00:00.000Z,SEA,CBJ,6.5,-101,-119
2024-01-29,2024-01-30T00:00:00.000Z,OTT,NSH,6.5,-125,105
2024-01-30,2024-01-31T01:00:00.000Z,STL,CBJ,6.5,-124,102
2024-01-30,2024-01-31T03:30:00.000Z,SJ,SEA,5.5,-115,-105
2024-01-31,2024-02-01T00:00:00.000Z,DET,OTT,6.5,-142,116
2024-01-31,2024-02-01T00:30:00.000Z,NSH,LA,6.5,102,-124
2024-01-31,2024-02-01T03:30:00.000Z,ANA,SJ,5.5,-142,116
2024-02-05,2024-02-06T00:00:00.000Z,TOR,NYI,6.5,102,-124
2024-02-05,2024-02-06T00:00:00.000Z,NYR,COL,6.5,106,-130
2024-02-06,2024-02-07T00:00:00.000Z,CAR,VAN,5.5,-140,114
2024-02-06,2024-02-07T00:00:00.000Z,FLA,PHI,6.5,114,-140
2024-02-06,2024-02-07T00:00:00.000Z,BUF,DAL,6.5,-110,-110
2024-02-06,2024-02-07T00:00:00.000Z,PIT,WPG,5.5,-142,116
2024-02-06,2024-02-07T00:00:00.000Z,BOS,CGY,6.5,102,-124
2024-02-06,2024-02-07T00:00:00.000Z,WSH,MTL,5.5,-138,112
2024-02-06,2024-02-07T00:30:00.000Z,NJ,COL,6.5,-105,-115
2024-02-06,2024-02-07T03:00:00.000Z,VGK,EDM,6.5,-120,-102
2024-02-07,2024-02-08T00:00:00.000Z,NYR,TB,6.5,116,-142
2024-02-07,2024-02-08T00:00:00.000Z,TOR,DAL,6.5,-108,-112
2024-02-07,2024-02-08T02:30:00.000Z,CHI,MIN,5.5,-118,-104
2024-02-08,2024-02-09T00:00:00.000Z,NJ,CGY,6.5,-100,-120
2024-02-08,2024-02-09T00:00:00.000Z,BOS,VAN,6.0,-110,-110
2024-02-08,2024-02-09T00:00:00.000Z,FLA,WSH,6.0,-100,-120
2024-02-08,2024-02-09T00:00:00.000Z,PHI,WPG,6.0,110,-130
2024-02-08,2024-02-09T00:00:00.000Z,CAR,COL,6.5,105,-125
2024-02-08,2024-02-09T01:00:00.000Z,NYI,TB,6.0,-110,-110
2024-02-08,2024-02-09T02:00:00.000Z,UTA,VGK,6.0,105,-125
2024-02-09,2024-02-10T01:00:00.000Z,MIN,PIT,6.0,-120,-100
2024-02-09,2024-02-10T01:30:00.000Z,CHI,NYR,6.0,-105,-115
2024-02-09,2024-02-10T03:00:00.000Z,ANA,EDM,6.5,-100,-120
2024-02-10,2024-02-10T18:00:00.000Z,DET,VAN,6.5,-120,-100
2024-02-10,2024-02-10T18:00:00.000Z,NYI,CGY,6.0,-120,100
2024-02-10,2024-02-10T18:00:00.000Z,BUF,STL,6.0,-120,-100
2024-02-10,2024-02-10T18:00:00.000Z,MTL,DAL,6.5,-105,-115
2024-02-10,2024-02-10T20:30:00.000Z,BOS,WSH,6.0,-100,-120
2024-02-10,2024-02-10T23:00:00.000Z,FLA,COL,6.5,-115,-105
2024-02-10,2024-02-11T00:00:00.000Z,PHI,SEA,5.5,-115,-105
2024-02-10,2024-02-11T00:00:00.000Z,OTT,TOR,6.5,-135,110
2024-02-10,2024-02-11T00:00:00.000Z,WPG,PIT,6.0,-120,-100
2024-02-10,2024-02-11T00:00:00.000Z,CAR,NJ,6.5,-115,-105
2024-02-10,2024-02-11T00:00:00.000Z,CBJ,TB,6.5,-125,105
2024-02-10,2024-02-11T01:00:00.000Z,NSH,UTA,6.0,-110,-110
2024-02-10,2024-02-11T03:00:00.000Z,LA,EDM,6.0,-125,105
2024-02-11,2024-02-11T18:00:00.000Z,MTL,STL,6.5,106,-130
2024-02-11,2024-02-11T18:30:00.000Z,WSH,VAN,6.0,-105,-115
2024-02-12,2024-02-13T00:00:00.000Z,NJ,SEA,6.5,-105,-115
2024-02-12,2024-02-13T00:00:00.000Z,PHI,UTA,5.5,-120,-100
2024-02-12,2024-02-13T00:00:00.000Z,NYR,CGY,6.0,-115,-105
2024-02-12,2024-02-13T03:00:00.000Z,VGK,MIN,6.0,-105,-115
2024-02-13,2024-02-14T00:00:00.000Z,MTL,ANA,6.0,-120,-100
2024-02-13,2024-02-14T00:00:00.000Z,TOR,STL,6.5,-108,-112
2024-02-13,2024-02-14T00:00:00.000Z,BOS,TB,6.5,102,-124
2024-02-13,2024-02-14T00:00:00.000Z,BUF,LA,6.0,-110,-110
2024-02-13,2024-02-14T00:00:00.000Z,WSH,COL,6.0,-120,-100
2024-02-13,2024-02-14T00:00:00.000Z,OTT,CBJ,6.5,-135,114
2024-02-13,2024-02-14T00:30:00.000Z,NYI,SEA,6.0,-121,-101
2024-02-13,2024-02-14T01:00:00.000Z,NSH,NJ,6.0,-120,100
2024-02-13,2024-02-14T01:00:00.000Z,DAL,CAR,6.5,102,-124
2024-02-13,2024-02-14T01:30:00.000Z,CHI,VAN,6.0,-117,-103
2024-02-13,2024-02-14T02:00:00.000Z,EDM,DET,6.5,-130,110
2024-02-14,2024-02-15T00:30:00.000Z,PIT,FLA,6.5,105,-125
2024-02-14,2024-02-15T00:30:00.000Z,WPG,SJ,6.0,-105,-115
2024-02-14,2024-02-15T02:30:00.000Z,UTA,MIN,6.0,-100,-120
2024-02-15,2024-02-16T00:00:00.000Z,BUF,FLA,6.5,-110,-110
2024-02-15,2024-02-16T00:00:00.000Z,BOS,SEA,5.5,-115,-105
2024-02-15,2024-02-16T00:00:00.000Z,OTT,ANA,6.5,-125,105
2024-02-15,2024-02-16T00:00:00.000Z,NJ,LA,6.0,-110,-110
2024-02-15,2024-02-16T00:00:00.000Z,NYR,MTL,6.0,-100,-120
2024-02-15,2024-02-16T00:00:00.000Z,TOR,PHI,6.5,-100,-120
2024-02-15,2024-02-16T00:00:00.000Z,TB,COL,6.5,-120,-100
2024-02-15,2024-02-16T01:00:00.000Z,STL,EDM,6.5,-105,-115
2024-02-15,2024-02-16T01:00:00.000Z,NSH,DAL,6.5,-100,-120
2024-02-15,2024-02-16T01:30:00.000Z,CHI,PIT,5.5,-125,105
2024-02-15,2024-02-16T02:00:00.000Z,CGY,SJ,5.5,-125,105
2024-02-15,2024-02-16T03:00:00.000Z,VAN,DET,7.0,120,-142
2024-02-16,2024-02-17T02:00:00.000Z,UTA,CAR,6.0,-120,100
2024-02-17,2024-02-17T17:30:00.000Z,BOS,LA,5.5,-112,-107
2024-02-17,2024-02-17T20:00:00.000Z,DAL,EDM,6.5,-125,105
2024-02-17,2024-02-17T20:00:00.000Z,CHI,OTT,6.5,-110,-110
2024-02-17,2024-02-17T21:00:00.000Z,CGY,DET,6.5,-120,100
2024-02-17,2024-02-17T22:00:00.000Z,STL,NSH,6.0,-120,-100
2024-02-17,2024-02-17T22:00:00.000Z,TB,FLA,6.5,-110,-110
2024-02-17,2024-02-17T22:00:00.000Z,MIN,BUF,6.0,-125,105
2024-02-17,2024-02-18T00:00:00.000Z,TOR,ANA,6.5,-100,-120
2024-02-17,2024-02-18T00:00:00.000Z,MTL,WSH,6.0,-110,-110
2024-02-17,2024-02-18T01:00:00.000Z,NJ,PHI,6.0,-110,-111
2024-02-17,2024-02-18T03:00:00.000Z,VAN,WPG,6.0,-100,-120
2024-02-17,2024-02-18T03:30:00.000Z,SJ,CBJ,6.5,100,-120
2024-02-17,2024-02-18T03:30:00.000Z,VGK,CAR,6.0,-120,-100
2024-02-18,2024-02-18T20:00:00.000Z,NYI,NYR,5.5,-106,-114
2024-02-18,2024-02-18T23:00:00.000Z,COL,UTA,6.5,105,-127
2024-02-18,2024-02-18T23:00:00.000Z,PIT,LA,6.5,-110,-110
2024-02-19,2024-02-19T17:30:00.000Z,BUF,ANA,6.5,-115,-105
2024-02-19,2024-02-19T18:00:00.000Z,STL,TOR,6.5,104,-128
2024-02-19,2024-02-19T18:00:00.000Z,BOS,DAL,5.5,-124,102
2024-02-19,2024-02-19T19:00:00.000Z,MIN,VAN,6.5,-100,-122
2024-02-19,2024-02-19T20:30:00.000Z,SEA,DET,6.5,104,-128
2024-02-19,2024-02-19T21:00:00.000Z,CGY,WPG,5.5,-138,112
2024-02-19,2024-02-19T21:00:00.000Z,SJ,VGK,5.5,-128,104
2024-02-19,2024-02-19T21:00:00.000Z,UTA,EDM,6.5,-115,-105
2024-02-19,2024-02-20T00:00:00.000Z,CAR,CHI,5.5,-122,-100
2024-02-19,2024-02-20T00:00:00.000Z,TB,OTT,6.5,-122,-100
2024-02-20,2024-02-21T00:00:00.000Z,NYR,DAL,6.5,-100,-122
2024-02-20,2024-02-21T00:00:00.000Z,PIT,NYI,6.5,116,-142
2024-02-20,2024-02-21T00:00:00.000Z,WSH,NJ,6.5,104,-128
2024-02-20,2024-02-21T00:00:00.000Z,FLA,OTT,6.5,-122,-100
2024-02-20,2024-02-21T01:00:00.000Z,WPG,MIN,5.5,-132,108
2024-02-20,2024-02-21T02:00:00.000Z,COL,VAN,6.5,-102,-120
2024-02-20,2024-02-21T03:00:00.000Z,VGK,NSH,5.5,-124,102
2024-02-20,2024-02-21T03:30:00.000Z,LA,CBJ,6.5,-112,-108
2024-02-21,2024-02-22T00:00:00.000Z,MTL,BUF,6.5,-130,105
2024-02-21,2024-02-22T00:30:00.000Z,CHI,PHI,6.5,110,-130
2024-02-21,2024-02-22T03:00:00.000Z,EDM,BOS,6.0,-130,105
2024-02-21,2024-02-22T03:00:00.000Z,ANA,CBJ,6.5,-110,-110
2024-02-21,2024-02-22T03:00:00.000Z,UTA,TOR,6.5,-125,105
2024-02-22,2024-02-23T00:00:00.000Z,DET,COL,6.5,-130,110
2024-02-22,2024-02-23T00:00:00.000Z,TB,WSH,6.5,-100,-120
2024-02-22,2024-02-23T00:00:00.000Z,PIT,MTL,6.5,-105,-115
2024-02-22,2024-02-23T00:00:00.000Z,CAR,FLA,6.0,-120,-100
2024-02-22,2024-02-23T00:00:00.000Z,NJ,NYR,6.5,-110,-110
2024-02-22,2024-02-23T00:00:00.000Z,OTT,DAL,6.5,-130,110
2024-02-22,2024-02-23T01:00:00.000Z,STL,NYI,6.5,-100,-120
2024-02-22,2024-02-23T02:00:00.000Z,CGY,BOS,6.0,-110,-110
2024-02-22,2024-02-23T03:00:00.000Z,VGK,TOR,6.5,-101,-120
2024-02-22,2024-02-23T03:00:00.000Z,SEA,VAN,6.5,-100,-120
2024-02-22,2024-02-23T03:30:00.000Z,LA,NSH,6.0,-100,-120
2024-02-23,2024-02-24T00:00:00.000Z,CBJ,BUF,6.5,-120,100
2024-02-23,2024-02-24T01:30:00.000Z,CHI,WPG,6.0,-105,-115
2024-02-23,2024-02-24T02:00:00.000Z,EDM,MIN,6.5,-115,-105
2024-02-24,2024-02-24T17:00:00.000Z,DET,STL,6.5,-115,-105
2024-02-24,2024-02-24T19:00:00.000Z,NJ,MTL,6.5,-110,-110
2024-02-24,2024-02-24T19:00:00.000Z,NYI,TB,6.5,-115,-105
2024-02-24,2024-02-24T20:00:00.000Z,PHI,NYR,6.0,-110,-110
2024-02-24,2024-02-24T23:00:00.000Z,FLA,WSH,6.5,100,-120
2024-02-24,2024-02-25T00:00:00.000Z,OTT,VGK,6.5,-110,-110
2024-02-24,2024-02-25T00:00:00.000Z,VAN,BOS,6.5,-105,-115
2024-02-24,2024-02-25T00:00:00.000Z,COL,TOR,6.5,-120,-100
2024-02-24,2024-02-25T01:00:00.000Z,CAR,DAL,6.0,-115,-105
2024-02-24,2024-02-25T03:00:00.000Z,EDM,CGY,6.5,-115,-105
2024-02-24,2024-02-25T03:00:00.000Z,SEA,MIN,6.0,-115,-105
2024-02-24,2024-02-25T03:00:00.000Z,SJ,NSH,6.0,-105,-115
2024-02-24,2024-02-25T03:30:00.000Z,LA,ANA,6.0,-110,-110
2024-02-25,2024-02-25T18:00:00.000Z,NJ,TB,6.5,-135,114
2024-02-25,2024-02-25T20:30:00.000Z,PIT,PHI,6.0,-100,-120
2024-02-25,2024-02-25T23:00:00.000Z,CBJ,NYR,6.5,-110,-110
2024-02-25,2024-02-25T23:00:00.000Z,WPG,UTA,5.5,-125,105
2024-02-25,2024-02-25T23:00:00.000Z,CHI,DET,6.0,-110,-110
2024-02-25,2024-02-25T23:00:00.000Z,BUF,CAR,6.5,-102,-120
2024-02-25,2024-02-26T01:00:00.000Z,ANA,NSH,6.5,-110,-110
2024-02-26,2024-02-27T00:00:00.000Z,WSH,OTT,6.5,-115,-105
2024-02-26,2024-02-27T01:00:00.000Z,DAL,NYI,6.5,106,-130
2024-02-26,2024-02-27T02:30:00.000Z,EDM,LA,6.5,-110,-110
2024-02-26,2024-02-27T03:00:00.000Z,SEA,BOS,5.5,-115,-105
2024-02-27,2024-02-28T00:00:00.000Z,PHI,TB,6.0,-120,-100
2024-02-27,2024-02-28T00:00:00.000Z,TOR,VGK,6.5,-110,-110
2024-02-27,2024-02-28T00:00:00.000Z,DET,WSH,6.5,-100,-120
2024-02-27,2024-02-28T00:00:00.000Z,FLA,BUF,6.5,-100,-120
2024-02-27,2024-02-28T00:00:00.000Z,MTL,UTA,6.0,-120,100
2024-02-27,2024-02-28T01:00:00.000Z,WPG,STL,6.0,-110,-110
2024-02-27,2024-02-28T01:00:00.000Z,MIN,CAR,6.0,-110,-110
2024-02-27,2024-02-28T01:00:00.000Z,NSH,OTT,6.5,-110,-110
2024-02-27,2024-02-28T02:00:00.000Z,CGY,LA,6.0,-110,-110
2024-02-27,2024-02-28T02:30:00.000Z,COL,DAL,6.0,-110,-110
2024-02-27,2024-02-28T03:00:00.000Z,VAN,PIT,6.5,-100,-120
2024-02-27,2024-02-28T03:30:00.000Z,SJ,NJ,6.5,-105,-115
2024-02-28,2024-02-29T00:00:00.000Z,NYR,CBJ,6.0,-120,100
2024-02-28,2024-02-29T01:30:00.000Z,EDM,STL,6.5,-100,-120
2024-02-29,2024-03-01T00:00:00.000Z,CBJ,CAR,6.5,-110,-110
2024-02-29,2024-03-01T00:00:00.000Z,DET,NYI,6.0,-105,-115
2024-02-29,2024-03-01T00:00:00.000Z,TB,BUF,6.5,100,-120
2024-02-29,2024-03-01T00:00:00.000Z,BOS,VGK,6.0,-105,-115
2024-02-29,2024-03-01T00:00:00.000Z,TOR,UTA,6.5,-120,-100
2024-02-29,2024-03-01T00:00:00.000Z,FLA,MTL,6.5,-110,-110
2024-02-29,2024-03-01T01:00:00.000Z,NSH,MIN,6.0,-110,-110
2024-02-29,2024-03-01T01:00:00.000Z,DAL,WPG,6.0,-110,-110
2024-02-29,2024-03-01T02:00:00.000Z,CHI,COL,6.0,-110,-110
2024-02-29,2024-03-01T03:00:00.000Z,SEA,PIT,6.0,-110,-110
2024-02-29,2024-03-01T03:00:00.000Z,VAN,LA,6.5,-100,-120
2024-02-29,2024-03-01T03:30:00.000Z,SJ,ANA,6.0,-110,-110
2024-03-01,2024-03-02T00:00:00.000Z,OTT,UTA,6.5,-102,-120
2024-03-01,2024-03-02T00:00:00.000Z,WSH,PHI,5.5,-130,106
2024-03-01,2024-03-02T03:00:00.000Z,ANA,NJ,6.5,-118,-104
2024-03-02,2024-03-02T17:30:00.000Z,CAR,WPG,6.0,-100,-120
2024-03-02,2024-03-02T20:00:00.000Z,DET,FLA,6.5,-120,-100
2024-03-02,2024-03-02T21:00:00.000Z,SEA,EDM,6.0,-115,-105
2024-03-02,2024-03-02T23:00:00.000Z,STL,MIN,6.0,-120,-100
2024-03-02,2024-03-02T23:00:00.000Z,NSH,COL,6.0,-110,-110
2024-03-02,2024-03-03T00:00:00.000Z,TB,MTL,6.5,-110,-110
2024-03-02,2024-03-03T00:00:00.000Z,PHI,OTT,6.5,-110,-110
2024-03-02,2024-03-03T00:00:00.000Z,TOR,NYR,6.0,-120,-100
2024-03-02,2024-03-03T00:00:00.000Z,BUF,VGK,6.0,-120,-100
2024-03-02,2024-03-03T00:30:00.000Z,NYI,BOS,5.5,-120,100
2024-03-02,2024-03-03T01:00:00.000Z,CHI,CBJ,6.0,-120,-100
2024-03-02,2024-03-03T01:00:00.000Z,DAL,SJ,6.5,-105,-115
2024-03-02,2024-03-03T03:00:00.000Z,CGY,PIT,6.0,-100,-120
2024-03-03,2024-03-03T18:00:00.000Z,WSH,UTA,6.0,105,-125
2024-03-03,2024-03-03T20:30:00.000Z,LA,NJ,6.5,-115,-105
2024-03-03,2024-03-04T00:00:00.000Z,BUF,WPG,6.5,102,-124
2024-03-03,2024-03-04T00:00:00.000Z,MIN,SJ,6.5,102,-124
2024-03-03,2024-03-04T01:00:00.000Z,ANA,VAN,6.5,100,-120
2024-03-03,2024-03-04T02:00:00.000Z,EDM,PIT,6.0,-125,105
2024-03-04,2024-03-05T00:00:00.000Z,NYR,FLA,6.5,110,-134
2024-03-04,2024-03-05T00:00:00.000Z,CBJ,VGK,6.5,102,-124
2024-03-04,2024-03-05T00:00:00.000Z,TOR,BOS,6.5,106,-130
2024-03-04,2024-03-05T00:00:00.000Z,PHI,STL,5.5,-138,112
2024-03-04,2024-03-05T02:00:00.000Z,COL,CHI,6.5,106,-130
2024-03-04,2024-03-05T02:30:00.000Z,CGY,SEA,5.5,-140,114
2024-03-05,2024-03-06T00:00:00.000Z,NJ,FLA,6.5,-110,-110
2024-03-05,2024-03-06T00:00:00.000Z,PIT,CBJ,6.5,-108,-112
2024-03-05,2024-03-06T00:30:00.000Z,NYI,STL,5.5,-140,112
2024-03-05,2024-03-06T00:30:00.000Z,BOS,EDM,6.5,106,-130
2024-03-05,2024-03-06T01:00:00.000Z,NSH,MTL,6.5,-102,-120
2024-03-05,2024-03-06T01:00:00.000Z,WPG,SEA,5.5,-115,-105
2024-03-05,2024-03-06T02:00:00.000Z,UTA,CHI,5.5,-128,104
2024-03-05,2024-03-06T03:30:00.000Z,LA,VAN,6.5,110,-134
2024-03-05,2024-03-06T03:30:00.000Z,SJ,DAL,6.5,-102,-120
2024-03-06,2024-03-07T00:00:00.000Z,TOR,BUF,6.5,-120,-102
2024-03-06,2024-03-07T02:30:00.000Z,COL,DET,6.5,-122,-100
2024-03-06,2024-03-07T03:00:00.000Z,ANA,OTT,6.5,-122,-100
2024-03-07,2024-03-08T00:00:00.000Z,NJ,STL,6.5,-110,-110
2024-03-07,2024-03-08T00:00:00.000Z,FLA,PHI,6.5,-115,-105
2024-03-07,2024-03-08T00:00:00.000Z,BOS,TOR,6.5,-110,-110
2024-03-07,2024-03-08T00:00:00.000Z,TB,CGY,6.5,-110,-110
2024-03-07,2024-03-08T00:00:00.000Z,CBJ,EDM,6.5,-125,105
2024-03-07,2024-03-08T00:00:00.000Z,CAR,MTL,6.5,-110,-110
2024-03-07,2024-03-08T00:00:00.000Z,PIT,WSH,6.5,-115,-105
2024-03-07,2024-03-08T01:00:00.000Z,NSH,BUF,6.5,-120,-100
2024-03-07,2024-03-08T02:00:00.000Z,UTA,MIN,6.0,-120,-100
2024-03-07,2024-03-08T03:00:00.000Z,VGK,VAN,6.0,-120,100
2024-03-07,2024-03-08T03:30:00.000Z,SJ,NYI,6.0,-115,-105
2024-03-07,2024-03-08T03:30:00.000Z,LA,OTT,6.5,-110,-110
2024-03-08,2024-03-09T02:00:00.000Z,UTA,DET,6.5,-105,-115
2024-03-08,2024-03-09T02:00:00.000Z,COL,MIN,6.5,102,-124
2024-03-08,2024-03-09T03:00:00.000Z,ANA,DAL,6.5,-110,-110
2024-03-08,2024-03-09T03:00:00.000Z,SEA,WPG,5.5,-122,-100
2024-03-09,2024-03-09T17:30:00.000Z,NJ,CAR,6.5,-102,-120
2024-03-09,2024-03-09T17:30:00.000Z,BUF,EDM,6.5,-110,-110
2024-03-09,2024-03-09T17:30:00.000Z,CBJ,NSH,6.5,-110,-110
2024-03-09,2024-03-09T20:00:00.000Z,BOS,PIT,5.5,-122,-100
2024-03-09,2024-03-09T21:00:00.000Z,FLA,CGY,6.5,110,-134
2024-03-09,2024-03-10T00:00:00.000Z,WSH,CHI,5.5,-128,104
2024-03-09,2024-03-10T00:00:00.000Z,SJ,OTT,6.5,-124,102
2024-03-09,2024-03-10T00:00:00.000Z,MTL,TOR,6.5,-115,-105
2024-03-09,2024-03-10T00:00:00.000Z,TB,PHI,6.5,110,-134
2024-03-09,2024-03-10T00:30:00.000Z,NYR,STL,5.5,-140,114
2024-03-09,2024-03-10T03:00:00.000Z,VGK,DET,6.5,106,-130
2024-03-09,2024-03-10T03:00:00.000Z,VAN,WPG,5.5,-128,104
2024-03-09,2024-03-10T03:30:00.000Z,LA,DAL,6.5,-100,-122
2024-03-10,2024-03-10T17:00:00.000Z,PIT,EDM,6.5,-110,-110
2024-03-10,2024-03-10T19:30:00.000Z,MIN,NSH,5.5,-134,110
2024-03-10,2024-03-10T21:00:00.000Z,CAR,CGY,6.5,-105,-115
2024-03-10,2024-03-10T22:00:00.000Z,CHI,UTA,5.5,-138,112
2024-03-10,2024-03-11T00:00:00.000Z,ANA,NYI,6.5,-104,-118
2024-03-11,2024-03-11T23:00:00.000Z,BOS,STL,5.5,-140,114
2024-03-11,2024-03-11T23:00:00.000Z,NYR,NJ,6.5,-105,-115
2024-03-11,2024-03-11T23:30:00.000Z,WPG,WSH,5.5,-120,-102
2024-03-11,2024-03-12T02:30:00.000Z,LA,NYI,5.5,-128,104
2024-03-12,2024-03-12T23:00:00.000Z,MTL,CBJ,6.5,-110,-110
2024-03-12,2024-03-12T23:00:00.000Z,CAR,NYR,5.5,-134,110
2024-03-12,2024-03-12T23:00:00.000Z,BUF,DET,6.5,-110,-110
2024-03-12,2024-03-12T23:00:00.000Z,PHI,SJ,6.0,-115,-105
2024-03-12,2024-03-12T23:00:00.000Z,OTT,PIT,6.5,-115,-105
2024-03-12,2024-03-13T00:00:00.000Z,DAL,FLA,6.0,-115,-105
2024-03-12,2024-03-13T00:00:00.000Z,MIN,UTA,6.5,105,-125
2024-03-12,2024-03-13T00:30:00.000Z,CHI,ANA,6.0,-105,-115
2024-03-12,2024-03-13T01:00:00.000Z,CGY,COL,6.5,-107,-112
2024-03-12,2024-03-13T02:00:00.000Z,SEA,VGK,6.0,-100,-120
2024-03-13,2024-03-13T23:30:00.000Z,WPG,NSH,5.5,-140,112
2024-03-13,2024-03-13T23:30:00.000Z,STL,LA,6.5,-100,-122
2024-03-13,2024-03-14T02:00:00.000Z,EDM,WSH,6.5,-100,-122
2024-03-13,2024-03-14T02:30:00.000Z,VAN,COL,6.5,-115,-105
2024-03-14,2024-03-14T23:00:00.000Z,DET,UTA,6.5,110,-134
2024-03-14,2024-03-14T23:00:00.000Z,MTL,BOS,5.5,-130,106
2024-03-14,2024-03-14T23:00:00.000Z,TB,NYR,5.5,-134,110
2024-03-14,2024-03-14T23:00:00.000Z,CAR,FLA,5.5,-134,110
2024-03-14,2024-03-14T23:00:00.000Z,CBJ,OTT,6.5,-130,106
2024-03-14,2024-03-14T23:00:00.000Z,PIT,SJ,6.5,102,-124
2024-03-14,2024-03-14T23:00:00.000Z,BUF,NYI,6.5,108,-132
2024-03-14,2024-03-14T23:30:00.000Z,PHI,TOR,6.5,-100,-122
2024-03-14,2024-03-15T00:00:00.000Z,MIN,ANA,6.5,106,-130
2024-03-14,2024-03-15T00:00:00.000Z,DAL,NJ,6.5,-114,-106
2024-03-14,2024-03-15T01:00:00.000Z,CGY,VGK,6.5,-105,-115
2024-03-14,2024-03-15T02:00:00.000Z,SEA,WSH,5.5,-110,-110
2024-03-15,2024-03-16T00:00:00.000Z,WPG,ANA,5.5,-118,-104
2024-03-15,2024-03-16T00:30:00.000Z,CHI,LA,5.5,-134,110
2024-03-16,2024-03-16T16:30:00.000Z,DET,BUF,6.5,-115,-105
2024-03-16,2024-03-16T16:30:00.000Z,NYI,OTT,6.5,-102,-120
2024-03-16,2024-03-16T19:00:00.000Z,PIT,NYR,5.5,-134,110
2024-03-16,2024-03-16T21:00:00.000Z,UTA,NJ,6.5,-110,-110
2024-03-16,2024-03-16T22:00:00.000Z,FLA,TB,6.5,104,-128
2024-03-16,2024-03-16T23:00:00.000Z,BOS,PHI,5.5,-118,-104
2024-03-16,2024-03-16T23:00:00.000Z,CGY,MTL,6.5,-106,-114
2024-03-16,2024-03-16T23:00:00.000Z,CBJ,SJ,6.5,-120,-102
2024-03-16,2024-03-16T23:00:00.000Z,TOR,CAR,5.5,-132,108
2024-03-16,2024-03-17T00:00:00.000Z,DAL,LA,5.5,-132,108
2024-03-16,2024-03-17T00:00:00.000Z,STL,MIN,6.5,108,-132
2024-03-16,2024-03-17T02:00:00.000Z,SEA,NSH,5.5,-120,-102
2024-03-16,2024-03-17T02:00:00.000Z,VAN,WSH,5.5,-128,104
2024-03-16,2024-03-17T02:00:00.000Z,EDM,COL,6.5,-128,104
2024-03-17,2024-03-17T17:00:00.000Z,NYR,NYI,5.5,-120,-102
2024-03-17,2024-03-17T19:30:00.000Z,VGK,NJ,6.5,-106,-114
2024-03-17,2024-03-17T22:00:00.000Z,CBJ,WPG,5.5,-128,102
2024-03-17,2024-03-17T22:00:00.000Z,OTT,CAR,6.5,104,-128
2024-03-17,2024-03-17T22:00:00.000Z,CHI,SJ,5.5,-128,104
2024-03-17,2024-03-17T22:00:00.000Z,PIT,DET,6.5,112,-138
2024-03-17,2024-03-17T23:00:00.000Z,STL,ANA,6.5,110,-134
2024-03-18,2024-03-19T00:30:00.000Z,CGY,WSH,5.5,-138,112
2024-03-18,2024-03-19T02:00:00.000Z,SEA,BUF,5.5,-138,112
2024-03-19,2024-03-19T23:00:00.000Z,BOS,OTT,6.5,-106,-114
2024-03-19,2024-03-19T23:00:00.000Z,PHI,TOR,6.5,-100,-122
2024-03-19,2024-03-19T23:00:00.000Z,NYR,WPG,5.5,-118,-104
2024-03-19,2024-03-19T23:00:00.000Z,NJ,PIT,6.5,-104,-118
2024-03-19,2024-03-19T23:00:00.000Z,DET,CBJ,6.5,-122,-100
2024-03-19,2024-03-19T23:30:00.000Z,NYI,CAR,6.5,106,-130
2024-03-19,2024-03-20T00:00:00.000Z,NSH,SJ,5.5,-142,116
2024-03-19,2024-03-20T00:00:00.000Z,STL,COL,6.5,106,-130
2024-03-19,2024-03-20T01:00:00.000Z,EDM,MTL,6.5,-105,-115
2024-03-19,2024-03-20T02:00:00.000Z,VGK,TB,6.5,106,-130
2024-03-19,2024-03-20T02:00:00.000Z,ANA,MIN,6.5,-104,-118
2024-03-19,2024-03-20T02:00:00.000Z,LA,CHI,5.5,-122,-100
2024-03-19,2024-03-20T02:00:00.000Z,VAN,BUF,6.5,-110,-110
2024-03-20,2024-03-20T23:30:00.000Z,WSH,TOR,6.5,105,-125
2024-03-20,2024-03-21T00:00:00.000Z,DAL,UTA,6.5,100,-120
2024-03-20,2024-03-21T02:00:00.000Z,LA,MIN,6.0,-110,-110
2024-03-21,2024-03-21T23:00:00.000Z,NJ,WPG,6.0,-110,-110
2024-03-21,2024-03-21T23:00:00.000Z,CAR,PHI,6.0,-125,105
2024-03-21,2024-03-21T23:00:00.000Z,BOS,NYR,5.5,-120,100
2024-03-21,2024-03-21T23:00:00.000Z,DET,NYI,6.0,-125,105
2024-03-21,2024-03-21T23:00:00.000Z,OTT,STL,6.5,-115,-105
2024-03-21,2024-03-21T23:30:00.000Z,FLA,NSH,6.5,-120,100
2024-03-21,2024-03-22T01:00:00.000Z,EDM,BUF,6.5,-100,-120
2024-03-21,2024-03-22T02:00:00.000Z,VAN,MTL,6.5,100,-120
2024-03-21,2024-03-22T02:00:00.000Z,ANA,CHI,6.0,-105,-115
2024-03-21,2024-03-22T02:30:00.000Z,SJ,TB,6.5,-110,-110
2024-03-21,2024-03-22T02:30:00.000Z,VGK,SEA,6.5,-105,-115
2024-03-22,2024-03-22T23:00:00.000Z,WSH,CAR,5.5,-120,-100
2024-03-22,2024-03-23T00:00:00.000Z,DAL,PIT,6.5,100,-120
2024-03-22,2024-03-23T01:00:00.000Z,COL,CBJ,6.5,-115,-105
2024-03-22,2024-03-23T02:00:00.000Z,UTA,SEA,5.5,-120,-102
2024-03-23,2024-03-23T17:00:00.000Z,NYI,WPG,5.5,-122,102
2024-03-23,2024-03-23T17:00:00.000Z,PHI,BOS,6.0,-115,-105
2024-03-23,2024-03-23T18:00:00.000Z,MIN,STL,6.0,100,-120
2024-03-23,2024-03-23T21:00:00.000Z,NSH,DET,6.0,-120,100
2024-03-23,2024-03-23T23:00:00.000Z,NJ,OTT,6.0,-120,100
2024-03-23,2024-03-23T23:00:00.000Z,TOR,EDM,6.5,-110,-110
2024-03-23,2024-03-24T00:00:00.000Z,NYR,FLA,6.0,-120,-100
2024-03-23,2024-03-24T02:00:00.000Z,VAN,CGY,6.0,-125,105
2024-03-23,2024-03-24T02:30:00.000Z,VGK,CBJ,6.0,-125,105
2024-03-23,2024-03-24T02:30:00.000Z,SJ,CHI,6.5,-100,-120
2024-03-23,2024-03-24T02:30:00.000Z,LA,TB,6.0,-115,-105
2024-03-24,2024-03-24T16:30:00.000Z,WSH,WPG,5.5,-120,100
2024-03-24,2024-03-24T18:00:00.000Z,COL,PIT,6.5,-105,-115
2024-03-24,2024-03-24T21:00:00.000Z,NYI,NJ,6.5,-105,-115
2024-03-24,2024-03-24T22:00:00.000Z,PHI,FLA,6.0,100,-120
2024-03-24,2024-03-24T22:00:00.000Z,OTT,EDM,6.5,-120,100
2024-03-24,2024-03-24T22:00:00.000Z,CAR,TOR,6.5,-105,-115
2024-03-24,2024-03-25T00:00:00.000Z,UTA,DAL,6.0,-120,100
2024-03-24,2024-03-25T00:30:00.000Z,ANA,TB,6.5,-110,-110
2024-03-24,2024-03-25T01:00:00.000Z,CGY,BUF,6.5,100,-120
2024-03-24,2024-03-25T01:00:00.000Z,SEA,MTL,6.0,-110,-110
2024-03-25,2024-03-26T00:00:00.000Z,STL,VGK,6.5,108,-132
2024-03-25,2024-03-26T01:00:00.000Z,VAN,LA,6.5,-112,-110
2024-03-26,2024-03-26T23:00:00.000Z,WSH,DET,6.0,-115,-105
2024-03-26,2024-03-26T23:00:00.000Z,PIT,CAR,6.5,100,-120
2024-03-26,2024-03-26T23:00:00.000Z,FLA,BOS,6.0,-120,100
2024-03-26,2024-03-26T23:00:00.000Z,NYR,PHI,6.0,-105,-115
2024-03-26,2024-03-26T23:30:00.000Z,TOR,NJ,6.5,105,-125
2024-03-26,2024-03-27T00:00:00.000Z,WPG,EDM,6.5,-105,-115
2024-03-26,2024-03-27T00:00:00.000Z,NSH,VGK,6.0,-110,-110
2024-03-26,2024-03-27T00:30:00.000Z,CHI,CGY,6.0,-110,-110
2024-03-26,2024-03-27T01:00:00.000Z,COL,MTL,6.5,-115,-105
2024-03-26,2024-03-27T02:00:00.000Z,UTA,CBJ,6.5,-115,-105
2024-03-26,2024-03-27T02:00:00.000Z,SEA,ANA,6.0,-116,-104
2024-03-26,2024-03-27T02:30:00.000Z,SJ,DAL,6.5,104,-128
2024-03-27,2024-03-27T23:00:00.000Z,BUF,OTT,6.5,-122,-100
2024-03-27,2024-03-27T23:30:00.000Z,TB,BOS,5.5,-132,108
2024-03-28,2024-03-28T23:00:00.000Z,TOR,WSH,6.5,105,-125
2024-03-28,2024-03-28T23:00:00.000Z,MTL,PHI,6.0,-110,-110
2024-03-28,2024-03-28T23:00:00.000Z,FLA,NYI,6.5,100,-120
2024-03-28,2024-03-28T23:00:00.000Z,OTT,CHI,6.5,110,-130
2024-03-28,2024-03-28T23:00:00.000Z,PIT,CBJ,6.0,-130,110
2024-03-28,2024-03-28T23:30:00.000Z,CAR,DET,6.0,-115,-105
2024-03-28,2024-03-29T00:00:00.000Z,MIN,SJ,6.0,-120,-100
2024-03-28,2024-03-29T00:00:00.000Z,STL,CGY,6.0,-110,-110
2024-03-28,2024-03-29T00:00:00.000Z,WPG,VGK,6.0,100,-120
2024-03-28,2024-03-29T01:00:00.000Z,COL,NYR,6.5,105,-125
2024-03-28,2024-03-29T01:00:00.000Z,EDM,LA,6.5,-110,-110
2024-03-28,2024-03-29T02:00:00.000Z,UTA,NSH,6.0,-110,-110
2024-03-28,2024-03-29T02:00:00.000Z,SEA,ANA,6.0,-105,-115
2024-03-28,2024-03-29T02:00:00.000Z,VAN,DAL,6.0,-110,-110
2024-03-29,2024-03-29T23:00:00.000Z,BUF,NJ,6.5,-115,-105
2024-03-30,2024-03-30T16:30:00.000Z,FLA,DET,6.0,-110,-110
2024-03-30,2024-03-30T19:30:00.000Z,MIN,VGK,5.5,-120,100
2024-03-30,2024-03-30T20:00:00.000Z,EDM,ANA,6.5,-105,-115
2024-03-30,2024-03-30T22:00:00.000Z,UTA,NYR,6.0,-110,-110
2024-03-30,2024-03-30T22:00:00.000Z,COL,NSH,6.0,-125,105
2024-03-30,2024-03-30T23:00:00.000Z,BUF,TOR,6.5,100,-120
2024-03-30,2024-03-30T23:00:00.000Z,WSH,BOS,5.5,-114,-106
2024-03-30,2024-03-30T23:00:00.000Z,PHI,CHI,5.5,-130,110
2024-03-30,2024-03-30T23:00:00.000Z,TB,NYI,6.5,-100,-122
2024-03-30,2024-03-30T23:00:00.000Z,WPG,OTT,6.0,-110,-110
2024-03-30,2024-03-30T23:00:00.000Z,CBJ,PIT,6.5,-110,-110
2024-03-30,2024-03-30T23:00:00.000Z,MTL,CAR,6.0,-110,-110
2024-03-30,2024-03-31T00:00:00.000Z,STL,SJ,6.0,-110,-110
2024-03-30,2024-03-31T02:00:00.000Z,CGY,LA,5.5,-115,-105
2024-03-30,2024-03-31T02:00:00.000Z,SEA,DAL,6.0,-115,-105
2024-03-31,2024-03-31T19:30:00.000Z,VAN,ANA,6.0,-120,100
2024-04-01,2024-04-01T23:00:00.000Z,NYR,PIT,5.5,-128,104
2024-04-01,2024-04-01T23:00:00.000Z,TB,DET,6.5,-102,-120
2024-04-01,2024-04-01T23:00:00.000Z,TOR,FLA,6.5,104,-128
2024-04-01,2024-04-01T23:00:00.000Z,CBJ,COL,6.5,-132,108
2024-04-01,2024-04-01T23:00:00.000Z,PHI,NYI,5.5,-122,-100
2024-04-01,2024-04-02T01:00:00.000Z,WPG,LA,5.5,-128,104
2024-04-01,2024-04-02T01:00:00.000Z,STL,EDM,6.5,102,-124
2024-04-01,2024-04-02T02:30:00.000Z,SJ,SEA,5.5,-132,108
2024-04-02,2024-04-02T23:00:00.000Z,NJ,PIT,6.5,-100,-122
2024-04-02,2024-04-02T23:00:00.000Z,MTL,FLA,6.0,-115,-105
2024-04-02,2024-04-02T23:00:00.000Z,BUF,WSH,6.5,110,-134
2024-04-02,2024-04-02T23:30:00.000Z,NYI,CHI,5.5,-120,100
2024-04-02,2024-04-03T00:00:00.000Z,MIN,OTT,6.5,-115,-105
2024-04-02,2024-04-03T00:00:00.000Z,NSH,BOS,5.5,-120,-102
2024-04-02,2024-04-03T01:00:00.000Z,CGY,ANA,6.0,-115,-105
2024-04-02,2024-04-03T02:00:00.000Z,VGK,VAN,5.5,-120,-102
2024-04-03,2024-04-03T23:00:00.000Z,NYR,NJ,6.5,-105,-115
2024-04-03,2024-04-03T23:00:00.000Z,TOR,TB,6.5,-104,-118
2024-04-03,2024-04-04T01:30:00.000Z,DAL,EDM,6.5,-106,-114
2024-04-03,2024-04-04T01:30:00.000Z,LA,SEA,5.5,-134,110
2024-04-03,2024-04-04T02:00:00.000Z,UTA,VAN,6.5,-100,-122
2024-04-04,2024-04-04T23:00:00.000Z,OTT,FLA,6.5,116,-142
2024-04-04,2024-04-04T23:00:00.000Z,WSH,PIT,5.5,-134,110
2024-04-04,2024-04-04T23:00:00.000Z,CAR,BOS,5.5,-125,105
2024-04-04,2024-04-04T23:00:00.000Z,MTL,TB,6.5,-100,-122
2024-04-04,2024-04-04T23:00:00.000Z,CBJ,NYI,6.0,-120,-101
2024-04-04,2024-04-05T00:00:00.000Z,MIN,COL,6.5,-100,-122
2024-04-04,2024-04-05T00:00:00.000Z,WPG,CGY,5.5,-118,-104
2024-04-04,2024-04-05T00:00:00.000Z,NSH,STL,5.5,-132,108
2024-04-04,2024-04-05T02:30:00.000Z,SJ,LA,5.5,-122,-100
2024-04-05,2024-04-05T23:00:00.000Z,CAR,WSH,6.0,-110,-110
2024-04-05,2024-04-05T23:00:00.000Z,BUF,PHI,6.5,-105,-115
2024-04-05,2024-04-05T23:00:00.000Z,DET,NYR,6.0,-110,-110
2024-04-05,2024-04-06T01:00:00.000Z,EDM,COL,6.5,100,-120
2024-04-05,2024-04-06T02:00:00.000Z,ANA,SEA,5.5,-120,100
2024-04-05,2024-04-06T02:00:00.000Z,UTA,VGK,6.0,-105,-115
2024-04-06,2024-04-06T17:00:00.000Z,PIT,TB,6.0,-110,-110
2024-04-06,2024-04-06T19:30:00.000Z,BOS,FLA,6.0,100,-120
2024-04-06,2024-04-06T19:30:00.000Z,CHI,DAL,6.0,-100,-120
2024-04-06,2024-04-06T20:00:00.000Z,MIN,WPG,5.5,-115,-105
2024-04-06,2024-04-06T22:00:00.000Z,SJ,STL,6.0,-100,-120
2024-04-06,2024-04-06T23:00:00.000Z,CBJ,PHI,6.0,-110,-110
2024-04-06,2024-04-06T23:00:00.000Z,OTT,NJ,6.5,-105,-115
2024-04-06,2024-04-06T23:00:00.000Z,MTL,TOR,6.5,110,-130
2024-04-06,2024-04-06T23:30:00.000Z,NYI,NSH,5.5,-115,-105
2024-04-06,2024-04-07T02:00:00.000Z,LA,VAN,5.5,-115,-105
2024-04-06,2024-04-07T02:00:00.000Z,CGY,EDM,6.5,-105,-115
2024-04-07,2024-04-07T17:00:00.000Z,DET,BUF,6.0,-125,105
2024-04-07,2024-04-07T19:30:00.000Z,CHI,MIN,5.5,-120,100
2024-04-07,2024-04-07T21:00:00.000Z,CAR,CBJ,6.0,-125,105
2024-04-07,2024-04-07T22:00:00.000Z,SJ,UTA,6.0,100,-120
2024-04-07,2024-04-07T22:00:00.000Z,WSH,OTT,6.0,-110,-110
2024-04-07,2024-04-07T23:00:00.000Z,NYR,MTL,6.0,-110,-110
2024-04-07,2024-04-07T23:00:00.000Z,NJ,NSH,6.5,110,-130
2024-04-07,2024-04-08T00:00:00.000Z,ANA,STL,6.0,100,-120
2024-04-07,2024-04-08T02:00:00.000Z,COL,DAL,6.0,-105,-115
2024-04-08,2024-04-08T23:00:00.000Z,TOR,PIT,6.5,102,-124
2024-04-08,2024-04-09T02:00:00.000Z,VAN,VGK,5.5,-122,-100
2024-04-09,2024-04-09T23:00:00.000Z,NYI,NYR,6.0,-105,-115
2024-04-09,2024-04-09T23:00:00.000Z,FLA,OTT,6.5,100,-120
2024-04-09,2024-04-09T23:00:00.000Z,MTL,PHI,6.0,-110,-110
2024-04-09,2024-04-09T23:00:00.000Z,BOS,CAR,5.5,-120,100
2024-04-09,2024-04-09T23:00:00.000Z,TB,CBJ,6.5,-125,105
2024-04-09,2024-04-09T23:00:00.000Z,NJ,TOR,6.5,-125,105
2024-04-09,2024-04-09T23:00:00.000Z,DET,WSH,6.0,-120,100
2024-04-09,2024-04-10T00:00:00.000Z,NSH,WPG,5.5,-115,-105
2024-04-09,2024-04-10T00:00:00.000Z,DAL,BUF,6.0,-125,105
2024-04-09,2024-04-10T01:30:00.000Z,COL,MIN,6.5,-110,-110
2024-04-09,2024-04-10T02:00:00.000Z,ANA,LA,5.5,-115,-105
2024-04-09,2024-04-10T02:00:00.000Z,SEA,UTA,6.0,-105,-115
2024-04-09,2024-04-10T02:30:00.000Z,SJ,CGY,6.5,-110,-110
2024-04-10,2024-04-11T00:00:00.000Z,STL,CHI,5.5,-140,114
2024-04-10,2024-04-11T00:30:00.000Z,EDM,VGK,6.5,104,-128
2024-04-10,2024-04-11T02:30:00.000Z,VAN,UTA,6.5,104,-128
2024-04-11,2024-04-11T23:00:00.000Z,TB,OTT,6.5,-110,-110
2024-04-11,2024-04-11T23:00:00.000Z,BUF,WSH,6.0,105,-125
2024-04-11,2024-04-11T23:00:00.000Z,NYR,PHI,5.5,-134,110
2024-04-11,2024-04-11T23:00:00.000Z,PIT,DET,6.5,104,-128
2024-04-11,2024-04-11T23:00:00.000Z,TOR,NJ,6.5,-102,-120
2024-04-11,2024-04-11T23:00:00.000Z,FLA,CBJ,6.5,100,-120
2024-04-11,2024-04-11T23:30:00.000Z,NYI,MTL,6.0,-110,-110
2024-04-11,2024-04-12T00:00:00.000Z,DAL,WPG,5.5,-130,106
2024-04-11,2024-04-12T02:00:00.000Z,SEA,SJ,5.5,-108,-112
2024-04-11,2024-04-12T02:30:00.000Z,LA,CGY,5.5,-115,-105
2024-04-12,2024-04-13T00:00:00.000Z,STL,CAR,6.0,-105,-115
2024-04-12,2024-04-13T00:30:00.000Z,CHI,NSH,6.0,100,-120
2024-04-12,2024-04-13T01:00:00.000Z,EDM,UTA,6.5,-110,-110
2024-04-12,2024-04-13T02:00:00.000Z,ANA,CGY,6.0,-110,-110
2024-04-12,2024-04-13T02:00:00.000Z,VGK,MIN,6.0,-105,-115
2024-04-13,2024-04-13T16:30:00.000Z,NYR,NYI,6.0,-105,-115
2024-04-13,2024-04-13T19:00:00.000Z,DAL,SEA,6.0,100,-120
2024-04-13,2024-04-13T20:00:00.000Z,COL,WPG,6.0,-115,-105
2024-04-13,2024-04-13T21:00:00.000Z,FLA,BUF,6.0,100,-120
2024-04-13,2024-04-13T21:00:00.000Z,PHI,NJ,6.0,-125,105
2024-04-13,2024-04-13T21:30:00.000Z,WSH,TB,6.0,-120,100
2024-04-13,2024-04-13T23:00:00.000Z,OTT,MTL,6.5,-110,-110
2024-04-13,2024-04-13T23:00:00.000Z,TOR,DET,6.5,-130,110
2024-04-13,2024-04-14T00:00:00.000Z,NSH,CBJ,6.0,-110,-110
2024-04-13,2024-04-14T00:00:00.000Z,PIT,BOS,6.0,-105,-115
2024-04-13,2024-04-14T02:00:00.000Z,EDM,VAN,6.5,-110,-110
2024-04-13,2024-04-14T02:30:00.000Z,SJ,MIN,6.0,100,-120
2024-04-13,2024-04-14T02:30:00.000Z,LA,ANA,6.0,100,-120
2024-04-14,2024-04-14T17:00:00.000Z,STL,SEA,5.5,-130,110
2024-04-14,2024-04-14T19:30:00.000Z,VGK,COL,6.5,100,-120
2024-04-14,2024-04-14T22:00:00.000Z,CHI,CAR,6.0,-100,-120
2024-04-14,2024-04-15T00:00:00.000Z,CGY,UTA,6.5,110,-130
2024-04-15,2024-04-15T23:00:00.000Z,TB,BUF,6.5,-108,-112
2024-04-15,2024-04-15T23:00:00.000Z,NJ,NYI,5.5,-138,112
2024-04-15,2024-04-15T23:00:00.000Z,WSH,BOS,5.5,-110,-110
2024-04-15,2024-04-15T23:00:00.000Z,DET,MTL,6.5,114,-140
2024-04-15,2024-04-15T23:00:00.000Z,PIT,NSH,5.5,-140,112
2024-04-15,2024-04-15T23:30:00.000Z,NYR,OTT,6.5,106,-130
2024-04-15,2024-04-16T01:30:00.000Z,LA,MIN,5.5,-112,-108
2024-04-15,2024-04-16T01:30:00.000Z,EDM,SJ,5.5,-140,114
2024-04-16,2024-04-16T23:00:00.000Z,PHI,WSH,5.5,-110,-110
2024-04-16,2024-04-16T23:00:00.000Z,MTL,DET,6.5,100,-120
2024-04-16,2024-04-16T23:00:00.000Z,BOS,OTT,6.0,100,-120
2024-04-16,2024-04-16T23:00:00.000Z,CBJ,CAR,6.0,-110,-110
2024-04-16,2024-04-16T23:30:00.000Z,FLA,TOR,6.5,-100,-120
2024-04-16,2024-04-17T00:00:00.000Z,WPG,SEA,5.5,-120,100
2024-04-16,2024-04-17T02:00:00.000Z,VGK,CHI,6.0,-110,-110
2024-04-16,2024-04-17T02:00:00.000Z,VAN,CGY,6.0,-110,-110
2024-04-17,2024-04-17T23:00:00.000Z,NYI,PIT,5.5,-120,100
2024-04-17,2024-04-17T23:00:00.000Z,TB,TOR,6.5,100,-120
2024-04-17,2024-04-18T01:30:00.000Z,DAL,STL,6.0,-110,-110
2024-04-17,2024-04-18T02:00:00.000Z,UTA,EDM,6.5,100,-120
2024-04-18,2024-04-18T23:00:00.000Z,MIN,SEA,6.0,-110,-110
2024-04-18,2024-04-19T00:00:00.000Z,WPG,VAN,5.5,-122,-100
2024-04-18,2024-04-19T01:00:00.000Z,CGY,SJ,6.0,-110,-110
2024-04-18,2024-04-19T01:30:00.000Z,COL,EDM,6.5,-128,104
2024-04-18,2024-04-19T02:00:00.000Z,VGK,ANA,6.0,-110,-110
2024-04-18,2024-04-19T02:30:00.000Z,LA,CHI,6.0,-120,100
2024-04-20,2024-04-20T21:00:00.000Z,CAR,NYI,5.5,-100,-120
2024-04-20,2024-04-21T00:00:00.000Z,BOS,TOR,5.5,-124,102
2024-04-21,2024-04-21T16:30:00.000Z,FLA,TB,6.0,-105,-115
2024-04-21,2024-04-21T19:00:00.000Z,NYR,WSH,5.5,-100,-120
2024-04-21,2024-04-21T23:00:00.000Z,WPG,COL,5.5,-118,-104
2024-04-21,2024-04-22T02:00:00.000Z,VAN,NSH,5.5,-118,-104
2024-04-22,2024-04-22T23:00:00.000Z,BOS,TOR,5.5,-118,-102
2024-04-22,2024-04-22T23:30:00.000Z,CAR,NYI,5.5,105,-127
2024-04-22,2024-04-23T01:30:00.000Z,DAL,VGK,5.5,-115,-105
2024-04-22,2024-04-23T02:00:00.000Z,EDM,LA,6.0,-105,-115
2024-04-23,2024-04-23T23:00:00.000Z,NYR,WSH,5.5,105,-130
2024-04-23,2024-04-23T23:30:00.000Z,FLA,TB,5.5,-125,105
2024-04-23,2024-04-24T01:30:00.000Z,WPG,COL,6.0,-115,-105
2024-04-23,2024-04-24T02:00:00.000Z,VAN,NSH,5.5,-115,-105
2024-04-24,2024-04-24T23:00:00.000Z,TOR,BOS,5.5,-120,100
2024-04-24,2024-04-25T01:30:00.000Z,DAL,VGK,5.5,-122,-100
2024-04-24,2024-04-25T02:00:00.000Z,EDM,LA,6.0,100,-120
2024-04-25,2024-04-25T23:00:00.000Z,TB,FLA,5.5,-124,102
2024-04-25,2024-04-25T23:30:00.000Z,NYI,CAR,5.5,100,-120
2024-10-01,2024-10-01T23:00:00.000Z,MTL,OTT,6.0,-112,-112
2024-10-01,2024-10-01T23:00:00.000Z,PIT,DET,6.0,-112,-112
2024-10-01,2024-10-01T23:00:00.000Z,BOS,PHI,6.0,-112,-112
2024-10-01,2024-10-01T23:00:00.000Z,NYR,NJ,6.5,108,-135
2024-10-01,2024-10-02T00:00:00.000Z,MIN,CHI,6.0,-112,-112
2024-10-01,2024-10-02T00:00:00.000Z,STL,CBJ,6.0,-112,-112
2024-10-01,2024-10-02T01:30:00.000Z,COL,VGK,6.0,-112,-112
2024-10-01,2024-10-02T02:00:00.000Z,SJ,UTA,6.0,-112,-112
2024-10-02,2024-10-02T23:00:00.000Z,TB,FLA,6.0,-106,-118
2024-10-02,2024-10-02T23:00:00.000Z,CAR,NSH,6.0,-112,-112
2024-10-02,2024-10-03T00:00:00.000Z,WPG,CGY,6.0,-106,-118
2024-10-02,2024-10-03T02:00:00.000Z,SEA,EDM,6.5,-102,-122
2024-10-02,2024-10-03T02:00:00.000Z,ANA,UTA,6.0,-112,-112
2024-10-03,2024-10-03T23:00:00.000Z,LA,BOS,6.0,-108,-116
2024-10-03,2024-10-03T23:00:00.000Z,CBJ,PIT,6.0,-118,-106
2024-10-03,2024-10-03T23:00:00.000Z,PHI,NJ,6.0,-110,-110
2024-10-03,2024-10-03T23:00:00.000Z,DET,TOR,6.0,-112,-112
2024-10-03,2024-10-04T00:00:00.000Z,STL,DAL,6.0,-112,-112
2024-10-03,2024-10-04T02:00:00.000Z,VGK,COL,6.0,-112,-112
2024-10-04,2024-10-04T17:00:00.000Z,BUF,NJ,6.5,-109,-111
2024-10-04,2024-10-04T23:00:00.000Z,PIT,CBJ,6.0,-112,-112
2024-10-04,2024-10-04T23:00:00.000Z,DET,OTT,6.0,-112,-112
2024-10-04,2024-10-04T23:00:00.000Z,NYI,NYR,6.0,-112,-112
2024-10-04,2024-10-04T23:00:00.000Z,CAR,TB,6.0,-112,-112
2024-10-04,2024-10-05T00:30:00.000Z,CHI,MIN,6.0,-112,-112
2024-10-04,2024-10-05T01:00:00.000Z,CGY,WPG,6.0,-112,-112
2024-10-04,2024-10-05T02:00:00.000Z,VAN,EDM,6.0,-112,-112
2024-10-04,2024-10-05T02:00:00.000Z,SJ,ANA,6.0,-112,-112
2024-10-05,2024-10-05T14:00:00.000Z,NJ,BUF,6.5,-118,-104
2024-10-05,2024-10-05T21:00:00.000Z,WSH,BOS,6.0,-112,-112
2024-10-05,2024-10-05T21:00:00.000Z,NSH,CAR,6.0,-112,-112
2024-10-05,2024-10-05T23:00:00.000Z,UTA,COL,6.0,-112,-112
2024-10-05,2024-10-05T23:00:00.000Z,TOR,DET,6.0,-112,-112
2024-10-05,2024-10-05T23:00:00.000Z,LA,FLA,6.0,-112,-112
2024-10-05,2024-10-05T23:00:00.000Z,OTT,MTL,6.0,-112,-112
2024-10-05,2024-10-06T00:00:00.000Z,CHI,STL,6.0,-112,-112
2024-10-05,2024-10-06T02:00:00.000Z,VGK,SJ,6.0,-112,-112
2024-10-08,2024-10-08T20:30:00.000Z,SEA,STL,6.0,105,-115
2024-10-08,2024-10-08T23:00:00.000Z,FLA,BOS,5.5,-117,-103
2024-10-08,2024-10-09T02:00:00.000Z,UTA,CHI,6.5,105,-125
2024-10-09,2024-10-09T23:00:00.000Z,MTL,TOR,6.5,-114,-105
2024-10-09,2024-10-09T23:30:00.000Z,PIT,NYR,6.0,-115,-105
2024-10-09,2024-10-10T02:00:00.000Z,VAN,CGY,6.5,-110,-111
2024-10-09,2024-10-10T02:00:00.000Z,EDM,WPG,6.5,-105,-115
2024-10-09,2024-10-10T02:00:00.000Z,VGK,COL,6.5,-110,-111
2024-10-10,2024-10-10T23:00:00.000Z,NJ,TOR,6.5,-115,-105
2024-10-10,2024-10-10T23:00:00.000Z,BUF,LA,6.5,-105,-115
2024-10-10,2024-10-10T23:00:00.000Z,OTT,FLA,6.5,-110,-110
2024-10-10,2024-10-10T23:00:00.000Z,BOS,MTL,6.0,-110,-110
2024-10-10,2024-10-10T23:30:00.000Z,NYI,UTA,5.5,-121,-100
2024-10-10,2024-10-11T00:00:00.000Z,DET,PIT,6.5,-115,-105
2024-10-10,2024-10-11T00:00:00.000Z,MIN,CBJ,6.5,102,-122
2024-10-10,2024-10-11T00:00:00.000Z,NSH,DAL,6.0,-105,-112
2024-10-10,2024-10-11T02:30:00.000Z,SJ,STL,6.0,-105,-115
2024-10-11,2024-10-11T23:00:00.000Z,CAR,TB,6.5,100,-119
2024-10-11,2024-10-12T00:00:00.000Z,WPG,CHI,5.5,-120,-102
2024-10-11,2024-10-12T02:00:00.000Z,VAN,PHI,6.5,-110,-110
2024-10-11,2024-10-12T02:00:00.000Z,VGK,STL,6.0,-105,-115
2024-10-12,2024-10-12T17:00:00.000Z,BOS,LA,5.5,-120,-100
2024-10-12,2024-10-12T23:00:00.000Z,BUF,FLA,6.0,-100,-120
2024-10-12,2024-10-12T23:00:00.000Z,WSH,NJ,6.5,-110,-110
2024-10-12,2024-10-12T23:00:00.000Z,DET,NSH,6.5,-100,-120
2024-10-12,2024-10-12T23:00:00.000Z,TOR,PIT,6.5,-110,-110
2024-10-12,2024-10-12T23:00:00.000Z,NYR,UTA,6.0,-110,-110
2024-10-12,2024-10-12T23:00:00.000Z,MTL,OTT,6.0,-105,-115
2024-10-12,2024-10-13T00:00:00.000Z,DAL,NYI,6.0,-110,-110
2024-10-12,2024-10-13T00:00:00.000Z,MIN,SEA,6.0,-100,-120
2024-10-12,2024-10-13T01:00:00.000Z,COL,CBJ,6.5,-115,-105
2024-10-12,2024-10-13T02:00:00.000Z,EDM,CHI,6.0,-110,-110
2024-10-12,2024-10-13T02:00:00.000Z,SJ,ANA,6.0,-120,100
2024-10-12,2024-10-13T02:00:00.000Z,CGY,PHI,6.0,-110,-110
2024-10-13,2024-10-13T22:00:00.000Z,WPG,MIN,6.0,-105,-115
2024-10-13,2024-10-14T00:00:00.000Z,EDM,CGY,6.5,-110,-110
2024-10-13,2024-10-14T00:00:00.000Z,DAL,SEA,6.0,-105,-115
2024-10-13,2024-10-14T02:00:00.000Z,VGK,ANA,6.0,-115,-105
2024-10-14,2024-10-14T17:00:00.000Z,OTT,LA,6.0,-120,-100
2024-10-14,2024-10-14T17:00:00.000Z,NJ,UTA,6.5,-105,-115
2024-10-14,2024-10-14T17:00:00.000Z,BOS,FLA,5.5,-125,105
2024-10-14,2024-10-14T23:00:00.000Z,NYR,DET,6.0,-115,-105
2024-10-14,2024-10-14T23:30:00.000Z,MTL,PIT,6.0,-110,-110
2024-10-14,2024-10-15T01:00:00.000Z,COL,NYI,6.5,-110,-110
2024-10-15,2024-10-15T23:00:00.000Z,CAR,NJ,6.0,-120,-100
2024-10-15,2024-10-15T23:00:00.000Z,WSH,VGK,6.0,-100,-120
2024-10-15,2024-10-15T23:00:00.000Z,TB,VAN,6.5,105,-125
2024-10-15,2024-10-15T23:00:00.000Z,CBJ,FLA,6.5,-105,-115
2024-10-15,2024-10-15T23:30:00.000Z,STL,MIN,6.0,-110,-110
2024-10-15,2024-10-16T00:00:00.000Z,NSH,SEA,6.0,-100,-120
2024-10-15,2024-10-16T00:00:00.000Z,DAL,SJ,6.0,-110,-110
2024-10-15,2024-10-16T01:00:00.000Z,CGY,CHI,6.0,-115,-105
2024-10-15,2024-10-16T02:00:00.000Z,EDM,PHI,6.0,-120,-100
2024-10-16,2024-10-16T23:00:00.000Z,PIT,BUF,6.0,-120,-100
2024-10-16,2024-10-16T23:30:00.000Z,TOR,LA,6.5,-110,-110
2024-10-16,2024-10-17T01:30:00.000Z,COL,BOS,6.5,-100,-120
2024-10-16,2024-10-17T02:00:00.000Z,ANA,UTA,6.5,-100,-120
2024-10-17,2024-10-17T23:00:00.000Z,MTL,LA,6.0,-120,-100
2024-10-17,2024-10-17T23:00:00.000Z,TB,VGK,6.5,-120,-100
2024-10-17,2024-10-17T23:00:00.000Z,WSH,DAL,6.0,-120,-100
2024-10-17,2024-10-17T23:00:00.000Z,CBJ,BUF,6.5,-115,-105
2024-10-17,2024-10-17T23:00:00.000Z,OTT,NJ,6.5,-110,-110
2024-10-17,2024-10-17T23:00:00.000Z,FLA,VAN,6.0,-115,-105
2024-10-17,2024-10-17T23:30:00.000Z,DET,NYR,6.0,-120,-100
2024-10-17,2024-10-18T00:00:00.000Z,NSH,EDM,6.5,105,-125
2024-10-17,2024-10-18T00:00:00.000Z,STL,NYI,6.0,-110,-110
2024-10-17,2024-10-18T00:30:00.000Z,CHI,SJ,6.0,-115,-105
2024-10-17,2024-10-18T02:00:00.000Z,SEA,PHI,6.0,-110,-110
2024-10-18,2024-10-18T23:00:00.000Z,PIT,CAR,6.5,-105,-115
2024-10-18,2024-10-19T00:00:00.000Z,WPG,SJ,5.5,-118,-104
2024-10-18,2024-10-19T01:00:00.000Z,COL,ANA,6.5,-128,104
2024-10-19,2024-10-19T17:00:00.000Z,OTT,TB,6.5,-110,-110
2024-10-19,2024-10-19T18:00:00.000Z,NSH,DET,6.5,-114,-106
2024-10-19,2024-10-19T20:00:00.000Z,DAL,EDM,6.5,-104,-118
2024-10-19,2024-10-19T22:00:00.000Z,FLA,VGK,5.5,-120,-102
2024-10-19,2024-10-19T23:00:00.000Z,NJ,WSH,5.5,-142,116
2024-10-19,2024-10-19T23:00:00.000Z,CBJ,MIN,6.5,-106,-114
2024-10-19,2024-10-19T23:00:00.000Z,NYI,MTL,6.5,112,-138
2024-10-19,2024-10-19T23:00:00.000Z,PHI,VAN,5.5,-140,114
2024-10-19,2024-10-19T23:00:00.000Z,STL,CAR,5.5,-134,110
2024-10-19,2024-10-19T23:00:00.000Z,TOR,NYR,6.5,-104,-118
2024-10-19,2024-10-20T00:00:00.000Z,CHI,BUF,5.5,-120,-102
2024-10-19,2024-10-20T01:00:00.000Z,UTA,BOS,6.5,116,-142
2024-10-19,2024-10-20T02:00:00.000Z,SEA,CGY,5.5,-138,112
2024-10-20,2024-10-20T19:00:00.000Z,WPG,PIT,6.5,-100,-120
2024-10-20,2024-10-21T00:00:00.000Z,SJ,COL,6.5,-120,-100
2024-10-20,2024-10-21T00:00:00.000Z,ANA,LA,6.5,-100,-120
2024-10-21,2024-10-21T23:30:00.000Z,TOR,TB,6.5,-108,-114
2024-10-22,2024-10-22T22:00:00.000Z,PHI,WSH,5.5,-128,104
2024-10-22,2024-10-22T22:30:00.000Z,FLA,MIN,5.5,-134,110
2024-10-22,2024-10-22T22:45:00.000Z,NJ,TB,6.5,-114,-106
2024-10-22,2024-10-22T23:00:00.000Z,BUF,DAL,6.5,110,-134
2024-10-22,2024-10-22T23:15:00.000Z,MTL,NYR,6.5,112,-138
2024-10-22,2024-10-22T23:30:00.000Z,CBJ,TOR,6.5,-118,-104
2024-10-22,2024-10-22T23:45:00.000Z,NYI,DET,6.5,110,-134
2024-10-22,2024-10-23T00:00:00.000Z,STL,WPG,5.5,-122,-100
2024-10-22,2024-10-23T00:15:00.000Z,CHI,VAN,6.5,116,-142
2024-10-22,2024-10-23T00:30:00.000Z,SEA,COL,6.5,-106,-114
2024-10-22,2024-10-23T00:45:00.000Z,NSH,BOS,5.5,-138,112
2024-10-22,2024-10-23T01:00:00.000Z,EDM,CAR,6.5,102,-124
2024-10-22,2024-10-23T01:15:00.000Z,UTA,OTT,6.5,-110,-110
2024-10-22,2024-10-23T01:30:00.000Z,CGY,PIT,6.5,102,-124
2024-10-22,2024-10-23T02:15:00.000Z,ANA,SJ,6.5,114,-140
2024-10-22,2024-10-23T03:00:00.000Z,VGK,LA,5.5,-122,-100
2024-10-23,2024-10-23T23:30:00.000Z,WSH,PHI,6.5,116,-142
2024-10-24,2024-10-24T23:00:00.000Z,DET,NJ,6.5,-110,-110
2024-10-24,2024-10-24T23:00:00.000Z,BOS,DAL,5.5,-134,110
2024-10-24,2024-10-24T23:00:00.000Z,TB,MIN,6.5,-110,-110
2024-10-24,2024-10-24T23:00:00.000Z,NYR,FLA,6.5,104,-128
2024-10-24,2024-10-24T23:00:00.000Z,TOR,STL,6.5,-102,-120
2024-10-24,2024-10-25T01:00:00.000Z,CGY,CAR,6.5,114,-140
2024-10-24,2024-10-25T01:00:00.000Z,UTA,COL,6.5,-104,-118
2024-10-24,2024-10-25T02:00:00.000Z,SEA,WPG,5.5,-122,-100
2024-10-24,2024-10-25T02:30:00.000Z,LA,SJ,5.5,-140,114
2024-10-25,2024-10-25T22:00:00.000Z,VGK,OTT,6.5,-100,-122
2024-10-25,2024-10-25T23:00:00.000Z,NJ,NYI,5.5,-140,114
2024-10-25,2024-10-26T00:30:00.000Z,CHI,NSH,6.5,102,-124
2024-10-25,2024-10-26T01:00:00.000Z,EDM,PIT,6.5,104,-128
2024-10-26,2024-10-26T17:00:00.000Z,PHI,MIN,5.5,-142,116
2024-10-26,2024-10-26T17:00:00.000Z,BUF,DET,6.5,-114,-106
2024-10-26,2024-10-26T20:00:00.000Z,LA,UTA,6.5,116,-142
2024-10-26,2024-10-26T23:00:00.000Z,TB,WSH,6.5,108,-132
2024-10-26,2024-10-26T23:00:00.000Z,MTL,STL,6.5,114,-140
2024-10-26,2024-10-26T23:00:00.000Z,CGY,WPG,5.5,-134,110
2024-10-26,2024-10-26T23:00:00.000Z,BOS,TOR,6.5,-100,-122
2024-10-26,2024-10-26T23:00:00.000Z,NYR,ANA,6.5,110,-134
2024-10-26,2024-10-26T23:30:00.000Z,NYI,FLA,5.5,-132,108
2024-10-26,2024-10-27T00:00:00.000Z,NSH,CBJ,6.5,-108,-112
2024-10-26,2024-10-27T00:00:00.000Z,DAL,CHI,5.5,-140,114
2024-10-26,2024-10-27T02:00:00.000Z,VAN,PIT,6.5,-122,-100
2024-10-26,2024-10-27T02:00:00.000Z,VGK,SJ,6.5,106,-130
2024-10-26,2024-10-27T02:00:00.000Z,SEA,CAR,5.5,-140,114
2024-10-27,2024-10-27T22:00:00.000Z,DET,EDM,6.5,-105,-115
2024-10-27,2024-10-27T23:00:00.000Z,NJ,ANA,6.5,-110,-110
2024-10-27,2024-10-27T23:00:00.000Z,PHI,MTL,6.0,-110,-110
2024-10-27,2024-10-28T01:00:00.000Z,COL,OTT,6.5,-125,105
2024-10-28,2024-10-28T23:00:00.000Z,BUF,FLA,6.5,104,-128
2024-10-28,2024-10-28T23:00:00.000Z,CBJ,EDM,6.5,-124,102
2024-10-28,2024-10-28T23:30:00.000Z,TB,NSH,6.5,106,-130
2024-10-28,2024-10-28T23:30:00.000Z,WPG,TOR,6.5,116,-142
2024-10-28,2024-10-29T01:00:00.000Z,UTA,SJ,5.5,-134,110
2024-10-28,2024-10-29T01:00:00.000Z,COL,CHI,6.5,-115,-105
2024-10-28,2024-10-29T02:00:00.000Z,VGK,CGY,5.5,-140,114
2024-10-28,2024-10-29T02:00:00.000Z,VAN,CAR,6.5,110,-134
2024-10-29,2024-10-29T23:00:00.000Z,NYI,ANA,6.0,-110,-110
2024-10-29,2024-10-29T23:00:00.000Z,MTL,SEA,6.0,-115,-105
2024-10-29,2024-10-29T23:00:00.000Z,OTT,STL,6.5,-100,-120
2024-10-29,2024-10-29T23:00:00.000Z,BOS,PHI,6.0,-120,-100
2024-10-29,2024-10-29T23:00:00.000Z,PIT,MIN,6.5,-100,-120
2024-10-29,2024-10-29T23:30:00.000Z,WSH,NYR,6.0,-120,-100
2024-10-29,2024-10-30T02:00:00.000Z,SJ,LA,6.0,-120,-100
2024-10-30,2024-10-30T23:00:00.000Z,CBJ,NYI,6.0,-125,105
2024-10-30,2024-10-30T23:30:00.000Z,DET,WPG,6.0,-110,-110
2024-10-30,2024-10-31T01:00:00.000Z,COL,TB,6.5,-120,-100
2024-10-30,2024-10-31T01:30:00.000Z,UTA,CGY,6.0,-115,-105
2024-10-30,2024-10-31T02:00:00.000Z,LA,VGK,6.5,-110,-110
2024-10-30,2024-10-31T02:30:00.000Z,VAN,NJ,6.5,-115,-105
2024-10-31,2024-10-31T23:00:00.000Z,PIT,ANA,6.5,-110,-110
2024-10-31,2024-10-31T23:00:00.000Z,CAR,BOS,5.5,-130,110
2024-10-31,2024-10-31T23:00:00.000Z,TOR,SEA,6.5,-115,-105
2024-10-31,2024-10-31T23:00:00.000Z,WSH,MTL,6.5,105,-125
2024-10-31,2024-10-31T23:00:00.000Z,PHI,STL,6.0,-120,-100
2024-10-31,2024-11-01T00:00:00.000Z,NSH,EDM,6.5,-100,-120
2024-10-31,2024-11-01T02:30:00.000Z,SJ,CHI,6.0,-120,-100
2024-11-01,2024-11-01T18:00:00.000Z,DAL,FLA,5.5,-128,104
2024-11-01,2024-11-01T23:00:00.000Z,BUF,NYI,6.5,108,-132
2024-11-01,2024-11-01T23:00:00.000Z,NYR,OTT,6.5,-100,-122
2024-11-01,2024-11-01T23:00:00.000Z,CBJ,WPG,6.5,104,-128
2024-11-01,2024-11-02T00:00:00.000Z,MIN,TB,6.5,110,-134
2024-11-01,2024-11-02T01:00:00.000Z,CGY,NJ,6.5,-104,-118
2024-11-02,2024-11-02T16:00:00.000Z,FLA,DAL,6.5,108,-132
2024-11-02,2024-11-02T17:00:00.000Z,PHI,BOS,6.0,-120,-100
2024-11-02,2024-11-02T20:00:00.000Z,LA,CHI,6.0,-110,-110
2024-11-02,2024-11-02T21:00:00.000Z,WSH,CBJ,6.5,-102,-120
2024-11-02,2024-11-02T23:00:00.000Z,STL,TOR,6.5,104,-128
2024-11-02,2024-11-02T23:00:00.000Z,PIT,MTL,6.5,-122,-100
2024-11-02,2024-11-02T23:00:00.000Z,DET,BUF,6.5,-115,-105
2024-11-02,2024-11-02T23:00:00.000Z,OTT,SEA,6.5,108,-132
2024-11-02,2024-11-03T00:00:00.000Z,NSH,COL,6.5,-110,-110
2024-11-02,2024-11-03T02:00:00.000Z,SJ,VAN,6.5,114,-140
2024-11-02,2024-11-03T02:00:00.000Z,VGK,UTA,6.5,104,-128
2024-11-03,2024-11-03T18:00:00.000Z,NYR,NYI,6.0,-110,-110
2024-11-03,2024-11-03T20:00:00.000Z,WPG,TB,6.5,105,-125
2024-11-03,2024-11-03T22:00:00.000Z,CAR,WSH,6.0,-120,-100
2024-11-03,2024-11-03T22:00:00.000Z,BOS,SEA,6.0,-100,-120
2024-11-03,2024-11-03T23:00:00.000Z,MIN,TOR,6.5,-105,-115
2024-11-03,2024-11-04T01:00:00.000Z,CGY,EDM,6.0,-120,-100
2024-11-03,2024-11-04T01:00:00.000Z,ANA,CHI,6.0,-110,-110
2024-11-04,2024-11-05T01:00:00.000Z,NSH,LA,6.5,108,-132
2024-11-04,2024-11-05T01:30:00.000Z,EDM,NJ,6.5,106,-130
2024-11-05,2024-11-06T00:00:00.000Z,CAR,PHI,6.5,-100,-122
2024-11-05,2024-11-06T00:00:00.000Z,BUF,OTT,6.5,-105,-115
2024-11-05,2024-11-06T00:00:00.000Z,MTL,CGY,6.5,-112,-108
2024-11-05,2024-11-06T00:00:00.000Z,TOR,BOS,5.5,-138,112
2024-11-05,2024-11-06T00:30:00.000Z,NYI,PIT,6.5,106,-130
2024-11-05,2024-11-06T01:00:00.000Z,MIN,LA,6.5,-105,-115
2024-11-05,2024-11-06T01:00:00.000Z,STL,TB,6.5,-100,-120
2024-11-05,2024-11-06T01:00:00.000Z,WPG,UTA,6.5,-102,-120
2024-11-05,2024-11-06T02:00:00.000Z,COL,SEA,6.5,-106,-114
2024-11-05,2024-11-06T03:00:00.000Z,ANA,VAN,6.5,112,-138
2024-11-05,2024-11-06T03:30:00.000Z,SJ,CBJ,6.5,-104,-117
2024-11-06,2024-11-07T00:00:00.000Z,WSH,NSH,6.0,-110,-110
2024-11-06,2024-11-07T01:00:00.000Z,CHI,DET,6.0,-120,-100
2024-11-06,2024-11-07T01:30:00.000Z,EDM,VGK,6.5,-105,-115
2024-11-07,2024-11-08T00:00:00.000Z,NYR,BUF,6.5,-102,-120
2024-11-07,2024-11-08T00:00:00.000Z,CAR,PIT,6.5,-102,-120
2024-11-07,2024-11-08T00:00:00.000Z,NJ,MTL,6.5,-100,-122
2024-11-07,2024-11-08T00:00:00.000Z,OTT,NYI,5.5,-142,116
2024-11-07,2024-11-08T00:00:00.000Z,BOS,CGY,5.5,-134,110
2024-11-07,2024-11-08T00:00:00.000Z,FLA,NSH,6.5,106,-130
2024-11-07,2024-11-08T00:30:00.000Z,TB,PHI,6.5,106,-130
2024-11-07,2024-11-08T01:00:00.000Z,DAL,CHI,6.5,110,-134
2024-11-07,2024-11-08T01:00:00.000Z,WPG,COL,6.5,110,-134
2024-11-07,2024-11-08T01:00:00.000Z,STL,UTA,6.5,116,-142
2024-11-07,2024-11-08T03:30:00.000Z,LA,VAN,5.5,-140,114
2024-11-07,2024-11-08T03:30:00.000Z,SJ,MIN,5.5,-144,116
2024-11-08,2024-11-09T00:00:00.000Z,TOR,DET,6.5,105,-125
2024-11-08,2024-11-09T00:30:00.000Z,WSH,PIT,5.5,-132,108
2024-11-08,2024-11-09T03:00:00.000Z,ANA,MIN,6.0,-120,-100
2024-11-08,2024-11-09T03:00:00.000Z,SEA,VGK,6.5,-100,-120
2024-11-09,2024-11-09T18:00:00.000Z,BUF,CGY,6.5,-105,-115
2024-11-09,2024-11-09T20:00:00.000Z,WPG,DAL,6.0,-100,-120
2024-11-09,2024-11-09T23:00:00.000Z,FLA,PHI,6.5,-100,-120
2024-11-09,2024-11-10T00:00:00.000Z,STL,WSH,6.0,-120,-100
2024-11-09,2024-11-10T00:00:00.000Z,TOR,MTL,6.5,-110,-110
2024-11-09,2024-11-10T00:00:00.000Z,DET,NYR,6.5,-100,-120
2024-11-09,2024-11-10T00:00:00.000Z,BOS,OTT,6.0,-110,-110
2024-11-09,2024-11-10T00:30:00.000Z,NYI,NJ,6.0,-125,105
2024-11-09,2024-11-10T01:00:00.000Z,NSH,UTA,6.0,-120,-100
2024-11-09,2024-11-10T02:00:00.000Z,COL,CAR,6.5,-110,-110
2024-11-09,2024-11-10T02:00:00.000Z,LA,CBJ,6.0,-125,105
2024-11-09,2024-11-10T03:00:00.000Z,VAN,EDM,6.5,-105,-115
2024-11-10,2024-11-11T00:00:00.000Z,NJ,SJ,6.5,-105,-125
2024-11-10,2024-11-11T00:00:00.000Z,CHI,MIN,6.0,-120,-100
2024-11-10,2024-11-11T01:00:00.000Z,ANA,CBJ,6.0,-120,-100
2024-11-11,2024-11-11T17:30:00.000Z,BUF,MTL,6.5,-105,-116
2024-11-11,2024-11-12T00:00:00.000Z,PIT,DAL,6.5,-110,-110
2024-11-11,2024-11-12T00:00:00.000Z,PHI,SJ,6.0,-115,-105
2024-11-11,2024-11-12T01:30:00.000Z,CGY,LA,5.5,-125,105
2024-11-11,2024-11-12T02:00:00.000Z,COL,NSH,6.5,-115,-105
2024-11-11,2024-11-12T03:00:00.000Z,VGK,CAR,6.5,-110,-110
2024-11-12,2024-11-13T00:00:00.000Z,NYR,WPG,5.5,-134,110
2024-11-12,2024-11-13T00:00:00.000Z,TOR,OTT,6.5,104,-128
2024-11-12,2024-11-13T00:30:00.000Z,FLA,NJ,6.5,110,-134
2024-11-12,2024-11-13T01:00:00.000Z,STL,BOS,5.5,-135,-100
2024-11-12,2024-11-13T02:00:00.000Z,EDM,NYI,6.5,-100,-122
2024-11-12,2024-11-13T03:00:00.000Z,VAN,CGY,6.5,102,-124
2024-11-12,2024-11-13T03:00:00.000Z,SEA,CBJ,6.5,108,-132
2024-11-13,2024-11-14T00:30:00.000Z,WSH,TOR,6.5,110,-134
2024-11-13,2024-11-14T00:30:00.000Z,PIT,DET,6.5,-122,-100
2024-11-13,2024-11-14T02:00:00.000Z,UTA,CAR,6.5,110,-134
2024-11-13,2024-11-14T03:00:00.000Z,ANA,VGK,6.5,110,-134
2024-11-13,2024-11-14T03:00:00.000Z,COL,LA,5.5,-140,114
2024-11-14,2024-11-15T00:00:00.000Z,NYR,SJ,6.5,106,-130
2024-11-14,2024-11-15T00:00:00.000Z,FLA,NJ,5.5,-142,116
2024-11-14,2024-11-15T00:00:00.000Z,TB,WPG,6.5,104,-128
2024-11-14,2024-11-15T00:00:00.000Z,OTT,PHI,6.5,114,-140
2024-11-14,2024-11-15T00:30:00.000Z,BUF,STL,6.5,116,-142
2024-11-14,2024-11-15T01:00:00.000Z,DAL,BOS,5.5,-138,112
2024-11-14,2024-11-15T01:00:00.000Z,MIN,MTL,6.5,104,-128
2024-11-14,2024-11-15T02:00:00.000Z,EDM,NSH,6.5,-100,-122
2024-11-14,2024-11-15T03:00:00.000Z,SEA,CHI,6.5,108,-132
2024-11-14,2024-11-15T03:00:00.000Z,VAN,NYI,6.5,114,-140
2024-11-15,2024-11-16T00:00:00.000Z,CBJ,PIT,6.5,-105,-116
2024-11-15,2024-11-16T02:00:00.000Z,UTA,VGK,6.5,104,-128
2024-11-15,2024-11-16T02:00:00.000Z,COL,WSH,6.5,112,-140
2024-11-15,2024-11-16T02:00:00.000Z,CGY,NSH,6.5,110,-134
2024-11-15,2024-11-16T03:00:00.000Z,ANA,DET,6.5,-118,-104
2024-11-16,2024-11-16T18:00:00.000Z,BOS,STL,5.5,-134,110
2024-11-16,2024-11-16T21:00:00.000Z,SEA,NYI,5.5,-138,112
2024-11-16,2024-11-17T00:00:00.000Z,PHI,BUF,6.5,102,-124
2024-11-16,2024-11-17T00:00:00.000Z,FLA,WPG,5.5,-140,114
2024-11-16,2024-11-17T00:00:00.000Z,PIT,SJ,6.5,104,-128
2024-11-16,2024-11-17T00:00:00.000Z,TOR,EDM,6.5,106,-130
2024-11-16,2024-11-17T00:00:00.000Z,CAR,OTT,6.5,105,-147
2024-11-16,2024-11-17T00:00:00.000Z,MTL,CBJ,6.5,-110,-110
2024-11-16,2024-11-17T00:00:00.000Z,TB,NJ,5.5,-140,114
2024-11-16,2024-11-17T01:00:00.000Z,MIN,DAL,5.5,-142,116
2024-11-16,2024-11-17T01:00:00.000Z,LA,DET,6.5,114,-140
2024-11-16,2024-11-17T03:00:00.000Z,VAN,CHI,5.5,-142,116
2024-11-17,2024-11-17T22:00:00.000Z,CAR,STL,6.0,-120,-100
2024-11-17,2024-11-18T01:00:00.000Z,VGK,WSH,6.0,-120,-100
2024-11-17,2024-11-18T02:00:00.000Z,SEA,NYR,6.0,-100,-120
2024-11-17,2024-11-18T03:00:00.000Z,VAN,NSH,6.0,-110,-110
2024-11-18,2024-11-19T00:00:00.000Z,PHI,COL,6.5,-102,-120
2024-11-18,2024-11-19T00:00:00.000Z,BOS,CBJ,6.5,102,-124
2024-11-18,2024-11-19T00:30:00.000Z,MTL,EDM,6.5,-100,-122
2024-11-18,2024-11-19T01:00:00.000Z,DAL,ANA,6.5,116,-142
2024-11-18,2024-11-19T02:00:00.000Z,UTA,WSH,6.5,112,-138
2024-11-18,2024-11-19T03:30:00.000Z,SJ,DET,6.5,104,-128
2024-11-19,2024-11-20T00:00:00.000Z,PIT,TB,6.5,-108,-112
2024-11-19,2024-11-20T00:00:00.000Z,OTT,EDM,6.5,-102,-120
2024-11-19,2024-11-20T01:00:00.000Z,STL,MIN,6.5,116,-142
2024-11-19,2024-11-20T01:00:00.000Z,WPG,FLA,6.5,116,-142
2024-11-19,2024-11-20T01:30:00.000Z,CHI,ANA,5.5,-140,114
2024-11-19,2024-11-20T02:00:00.000Z,CGY,NYI,5.5,-140,112
2024-11-19,2024-11-20T03:00:00.000Z,VAN,NYR,6.5,-108,-112
2024-11-20,2024-11-21T00:30:00.000Z,PHI,CAR,6.5,-105,-116
2024-11-20,2024-11-21T00:30:00.000Z,TOR,VGK,6.5,105,-147
2024-11-20,2024-11-21T01:00:00.000Z,DAL,SJ,5.5,-147,105
2024-11-20,2024-11-21T03:00:00.000Z,SEA,NSH,6.5,105,-147
2024-11-20,2024-11-21T03:30:00.000Z,LA,BUF,5.5,-147,105
2024-11-21,2024-11-22T00:00:00.000Z,NJ,CAR,6.5,104,-128
2024-11-21,2024-11-22T00:00:00.000Z,CBJ,TB,6.5,-105,-115
2024-11-21,2024-11-22T00:00:00.000Z,BOS,UTA,6.0,-105,-115
2024-11-21,2024-11-22T00:00:00.000Z,OTT,VGK,6.5,-100,-120
2024-11-21,2024-11-22T00:00:00.000Z,DET,NYI,6.0,-110,-110
2024-11-21,2024-11-22T00:00:00.000Z,WSH,COL,6.5,-106,-114
2024-11-21,2024-11-22T01:00:00.000Z,STL,SJ,6.0,-100,-120
2024-11-21,2024-11-22T01:30:00.000Z,CHI,FLA,6.5,105,-125
2024-11-21,2024-11-22T02:00:00.000Z,EDM,MIN,6.0,-120,-100
2024-11-21,2024-11-22T02:00:00.000Z,CGY,NYR,6.0,-120,-100
2024-11-22,2024-11-23T00:00:00.000Z,PIT,WPG,6.5,-100,-141
2024-11-22,2024-11-23T03:00:00.000Z,ANA,BUF,6.5,-100,-135
2024-11-23,2024-11-23T18:00:00.000Z,PHI,CHI,5.5,-140,114
2024-11-23,2024-11-23T21:00:00.000Z,LA,SEA,5.5,-120,-100
2024-11-23,2024-11-23T21:00:00.000Z,CGY,MIN,6.0,-110,-110
2024-11-23,2024-11-23T23:00:00.000Z,FLA,COL,6.5,104,-128
2024-11-23,2024-11-24T00:00:00.000Z,TB,DAL,6.5,104,-128
2024-11-23,2024-11-24T00:00:00.000Z,WSH,NJ,6.5,106,-130
2024-11-23,2024-11-24T00:00:00.000Z,MTL,VGK,6.5,-100,-120
2024-11-23,2024-11-24T00:00:00.000Z,NSH,WPG,5.5,-142,116
2024-11-23,2024-11-24T00:00:00.000Z,OTT,VAN,6.5,-100,-141
2024-11-23,2024-11-24T00:00:00.000Z,DET,BOS,5.5,-134,110
2024-11-23,2024-11-24T00:00:00.000Z,CBJ,CAR,6.5,106,-130
2024-11-23,2024-11-24T00:00:00.000Z,PIT,UTA,6.5,-115,-105
2024-11-23,2024-11-24T00:30:00.000Z,NYI,STL,5.5,-140,112
2024-11-23,2024-11-24T01:00:00.000Z,SJ,BUF,6.5,110,-134
2024-11-23,2024-11-24T03:00:00.000Z,EDM,NYR,6.5,-105,-115
2024-11-24,2024-11-25T00:00:00.000Z,TOR,UTA,6.5,-105,-116
2024-11-25,2024-11-26T00:00:00.000Z,NYR,STL,5.5,-147,113
2024-11-25,2024-11-26T00:00:00.000Z,FLA,WSH,6.5,105,-147
2024-11-25,2024-11-26T00:00:00.000Z,TB,COL,6.5,-111,-111
2024-11-25,2024-11-26T00:00:00.000Z,NJ,NSH,6.5,-100,-141
2024-11-25,2024-11-26T00:00:00.000Z,PHI,VGK,6.0,-115,-113
2024-11-25,2024-11-26T00:00:00.000Z,CAR,DAL,5.5,-147,105
2024-11-25,2024-11-26T00:30:00.000Z,OTT,CGY,6.5,-100,-122
2024-11-25,2024-11-26T00:30:00.000Z,NYI,DET,5.5,-140,114
2024-11-25,2024-11-26T01:00:00.000Z,MIN,WPG,5.5,-122,-103
2024-11-25,2024-11-26T03:00:00.000Z,ANA,SEA,6.5,110,-134
2024-11-25,2024-11-26T03:30:00.000Z,SJ,LA,6.5,104,-136
2024-11-26,2024-11-27T00:00:00.000Z,BOS,VAN,5.5,-132,108
2024-11-26,2024-11-27T00:00:00.000Z,MTL,UTA,6.5,-100,-135
2024-11-27,2024-11-28T00:00:00.000Z,CAR,NYR,6.0,-110,-110
2024-11-27,2024-11-28T00:00:00.000Z,BUF,MIN,6.0,-120,-100
2024-11-27,2024-11-28T00:00:00.000Z,NJ,STL,6.5,105,-125
2024-11-27,2024-11-28T00:30:00.000Z,DET,CGY,6.0,-110,-110
2024-11-27,2024-11-28T00:30:00.000Z,CBJ,MTL,6.5,-110,-110
2024-11-27,2024-11-28T00:30:00.000Z,NYI,BOS,5.5,-120,-100
2024-11-27,2024-11-28T00:30:00.000Z,PIT,VAN,6.5,-100,-120
2024-11-27,2024-11-28T00:30:00.000Z,FLA,TOR,6.5,-100,-120
2024-11-27,2024-11-28T00:30:00.000Z,TB,WSH,6.5,-100,-120
2024-11-27,2024-11-28T01:00:00.000Z,NSH,PHI,5.5,-120,-100
2024-11-27,2024-11-28T01:30:00.000Z,CHI,DAL,6.0,-110,-110
2024-11-27,2024-11-28T03:00:00.000Z,LA,WPG,6.0,-100,-120
2024-11-27,2024-11-28T03:00:00.000Z,COL,VGK,6.5,-100,-120
2024-11-27,2024-11-28T03:00:00.000Z,SEA,ANA,5.5,-125,105
2024-11-27,2024-11-28T03:30:00.000Z,SJ,OTT,6.0,-110,-110
2024-11-29,2024-11-29T18:00:00.000Z,PHI,NYR,6.5,-100,-122
2024-11-29,2024-11-29T19:00:00.000Z,MIN,CHI,5.5,-144,110
2024-11-29,2024-11-29T20:00:00.000Z,WSH,NYI,5.5,-125,-105
2024-11-29,2024-11-29T20:00:00.000Z,CBJ,CGY,6.5,-105,-125
2024-11-29,2024-11-29T20:00:00.000Z,NSH,TB,6.5,-105,-125
2024-11-29,2024-11-29T20:00:00.000Z,DET,NJ,6.5,-100,-135
2024-11-29,2024-11-29T20:00:00.000Z,CAR,FLA,6.5,-100,-141
2024-11-29,2024-11-29T20:00:00.000Z,BUF,VAN,6.5,105,-147
2024-11-29,2024-11-29T20:30:00.000Z,SJ,SEA,5.5,-147,105
2024-11-29,2024-11-29T20:30:00.000Z,ANA,LA,5.5,-141,-100
2024-11-29,2024-11-29T23:30:00.000Z,BOS,PIT,6.5,104,-128
2024-11-29,2024-11-30T01:30:00.000Z,VGK,WPG,6.0,-115,-113
2024-11-29,2024-11-30T02:00:00.000Z,DAL,COL,6.5,-108,-112
2024-11-29,2024-11-30T02:00:00.000Z,UTA,EDM,6.5,104,-136
2024-11-30,2024-11-30T18:00:00.000Z,NYR,MTL,6.5,105,-125
2024-11-30,2024-11-30T21:00:00.000Z,FLA,CAR,6.5,-110,-110
2024-11-30,2024-12-01T00:00:00.000Z,STL,PHI,6.0,-105,-115
2024-11-30,2024-12-01T00:00:00.000Z,LA,OTT,6.0,-115,-105
2024-11-30,2024-12-01T00:00:00.000Z,TB,TOR,6.5,-110,-110
2024-11-30,2024-12-01T00:00:00.000Z,NJ,WSH,6.5,-100,-120
2024-11-30,2024-12-01T00:00:00.000Z,PIT,CGY,6.5,-100,-120
2024-11-30,2024-12-01T00:30:00.000Z,NYI,BUF,5.5,-125,105
2024-11-30,2024-12-01T01:00:00.000Z,MIN,NSH,5.5,-120,-100
2024-11-30,2024-12-01T03:00:00.000Z,VGK,UTA,6.5,110,-130
2024-11-30,2024-12-01T03:00:00.000Z,SEA,SJ,6.0,-110,-110
2024-11-30,2024-12-01T03:00:00.000Z,COL,EDM,6.5,-110,-110
2024-12-01,2024-12-01T17:30:00.000Z,DET,VAN,6.0,-105,-115
2024-12-01,2024-12-01T20:00:00.000Z,CHI,CBJ,6.5,-100,-135
2024-12-01,2024-12-01T20:00:00.000Z,BOS,MTL,5.5,-141,-100
2024-12-01,2024-12-01T21:30:00.000Z,DAL,WPG,5.5,-147,105
2024-12-01,2024-12-02T01:00:00.000Z,ANA,OTT,6.5,105,-147
2024-12-02,2024-12-03T00:00:00.000Z,NYR,NJ,6.0,-120,-100
2024-12-02,2024-12-03T00:30:00.000Z,TOR,CHI,6.0,-120,-100
2024-12-02,2024-12-03T02:00:00.000Z,UTA,DAL,6.0,-110,-110
2024-12-03,2024-12-04T00:00:00.000Z,BOS,DET,5.5,-135,-100
2024-12-03,2024-12-04T00:00:00.000Z,BUF,COL,6.5,-105,-116
2024-12-03,2024-12-04T00:00:00.000Z,CAR,SEA,6.5,-100,-141
2024-12-03,2024-12-04T00:00:00.000Z,WSH,SJ,6.5,-100,-141
2024-12-03,2024-12-04T00:00:00.000Z,PIT,FLA,6.5,-105,-125
2024-12-03,2024-12-04T00:00:00.000Z,MTL,NYI,5.5,-141,-100
2024-12-03,2024-12-04T01:00:00.000Z,WPG,STL,5.5,-135,-100
2024-12-03,2024-12-04T01:00:00.000Z,MIN,VAN,5.5,-141,-100
2024-12-03,2024-12-04T02:00:00.000Z,CGY,CBJ,6.5,-105,-125
2024-12-03,2024-12-04T03:00:00.000Z,VGK,EDM,6.5,-111,-111
2024-12-04,2024-12-05T00:30:00.000Z,CHI,BOS,5.5,-147,105
2024-12-04,2024-12-05T00:30:00.000Z,TOR,NSH,6.5,105,-147
2024-12-04,2024-12-05T03:00:00.000Z,LA,DAL,5.5,-128,104
2024-12-04,2024-12-05T03:00:00.000Z,ANA,VGK,6.5,104,-128
2024-12-05,2024-12-06T00:00:00.000Z,CAR,COL,6.5,-110,-110
2024-12-05,2024-12-06T00:00:00.000Z,BUF,WPG,6.0,-119,-104
2024-12-05,2024-12-06T00:00:00.000Z,TB,SJ,6.5,-102,-120
2024-12-05,2024-12-06T00:00:00.000Z,OTT,DET,6.5,-105,-112
2024-12-05,2024-12-06T00:00:00.000Z,MTL,NSH,6.0,-100,-120
2024-12-05,2024-12-06T00:00:00.000Z,PHI,FLA,5.5,-138,110
2024-12-05,2024-12-06T00:30:00.000Z,NYI,SEA,5.5,-113,-107
2024-12-05,2024-12-06T02:00:00.000Z,CGY,STL,5.5,-125,102
2024-12-05,2024-12-06T02:00:00.000Z,EDM,CBJ,6.5,-115,-105
2024-12-06,2024-12-07T00:00:00.000Z,NJ,SEA,5.5,-147,105
2024-12-06,2024-12-07T00:00:00.000Z,TOR,WSH,6.5,-100,-141
2024-12-06,2024-12-07T00:30:00.000Z,NYR,PIT,6.5,-111,-111
2024-12-06,2024-12-07T03:00:00.000Z,VAN,CBJ,6.5,-105,-125
2024-12-06,2024-12-07T03:00:00.000Z,ANA,MIN,5.5,-147,105
2024-12-06,2024-12-07T03:00:00.000Z,VGK,DAL,6.5,105,-147
2024-12-07,2024-12-07T18:00:00.000Z,BOS,PHI,6.0,-115,-105
2024-12-07,2024-12-07T18:00:00.000Z,BUF,UTA,6.0,-120,-100
2024-12-07,2024-12-07T21:00:00.000Z,CHI,WPG,5.5,-125,-105
2024-12-07,2024-12-07T22:00:00.000Z,NYI,CAR,5.5,-141,-100
2024-12-07,2024-12-07T23:00:00.000Z,FLA,SJ,6.5,105,-147
2024-12-07,2024-12-08T00:00:00.000Z,DET,COL,6.5,-105,-116
2024-12-07,2024-12-08T00:00:00.000Z,MTL,WSH,5.5,-147,105
2024-12-07,2024-12-08T00:00:00.000Z,PIT,TOR,6.5,-105,-125
2024-12-07,2024-12-08T00:00:00.000Z,OTT,NSH,5.5,-138,112
2024-12-07,2024-12-08T01:00:00.000Z,LA,MIN,5.5,-116,-105
2024-12-07,2024-12-08T03:00:00.000Z,EDM,STL,6.5,105,-147
2024-12-08,2024-12-08T18:00:00.000Z,NYR,SEA,5.5,-147,105
2024-12-08,2024-12-08T21:00:00.000Z,VAN,TB,6.5,-100,-141
2024-12-08,2024-12-08T22:00:00.000Z,OTT,NYI,5.5,-147,105
2024-12-08,2024-12-08T23:00:00.000Z,WPG,CBJ,6.5,105,-147
2024-12-08,2024-12-09T00:00:00.000Z,NJ,COL,6.5,-116,-105
2024-12-08,2024-12-09T00:30:00.000Z,PHI,UTA,5.5,-147,105
2024-12-08,2024-12-09T01:00:00.000Z,DAL,CGY,5.5,-141,-100
2024-12-09,2024-12-10T00:00:00.000Z,NYR,CHI,5.5,-141,-100
2024-12-09,2024-12-10T00:00:00.000Z,BUF,DET,6.5,114,-140
2024-12-09,2024-12-10T00:30:00.000Z,MTL,ANA,6.5,105,-147
2024-12-10,2024-12-11T00:00:00.000Z,PIT,COL,6.5,-124,102
2024-12-10,2024-12-11T00:00:00.000Z,NJ,TOR,6.5,-114,-106
2024-12-10,2024-12-11T00:00:00.000Z,CBJ,PHI,6.5,-100,-122
2024-12-10,2024-12-11T00:00:00.000Z,CAR,SJ,5.5,-142,116
2024-12-10,2024-12-11T00:30:00.000Z,NYI,LA,5.5,-128,104
2024-12-10,2024-12-11T01:00:00.000Z,NSH,CGY,5.5,-140,114
2024-12-10,2024-12-11T01:00:00.000Z,WPG,BOS,5.5,-122,-100
2024-12-10,2024-12-11T02:00:00.000Z,EDM,TB,6.5,-108,-112
2024-12-10,2024-12-11T02:30:00.000Z,UTA,MIN,5.5,-132,108
2024-12-10,2024-12-11T03:00:00.000Z,VAN,STL,5.5,-138,112
2024-12-10,2024-12-11T03:00:00.000Z,SEA,FLA,6.5,-100,-141
2024-12-11,2024-12-12T00:00:00.000Z,BUF,NYR,6.5,-100,-135
2024-12-11,2024-12-12T00:30:00.000Z,OTT,ANA,5.5,-147,105
2024-12-12,2024-12-13T00:00:00.000Z,NJ,LA,6.5,114,-140
2024-12-12,2024-12-13T00:00:00.000Z,TOR,ANA,6.5,116,-144
2024-12-12,2024-12-13T00:00:00.000Z,PHI,DET,6.5,-100,-122
2024-12-12,2024-12-13T00:00:00.000Z,CBJ,WSH,6.5,110,-134
2024-12-12,2024-12-13T00:00:00.000Z,MTL,PIT,6.5,-100,-122
2024-12-12,2024-12-13T00:30:00.000Z,NYI,CHI,5.5,-122,-100
2024-12-12,2024-12-13T01:00:00.000Z,STL,SJ,5.5,-132,108
2024-12-12,2024-12-13T01:00:00.000Z,WPG,VGK,5.5,-138,112
2024-12-12,2024-12-13T01:00:00.000Z,DAL,NSH,6.5,110,-134
2024-12-12,2024-12-13T01:30:00.000Z,MIN,EDM,6.5,116,-142
2024-12-12,2024-12-13T02:00:00.000Z,CGY,TB,6.5,108,-132
2024-12-12,2024-12-13T02:00:00.000Z,COL,UTA,6.5,-102,-120
2024-12-12,2024-12-13T03:00:00.000Z,VAN,FLA,5.5,-134,110
2024-12-12,2024-12-13T03:00:00.000Z,SEA,BOS,5.5,-120,-102
2024-12-13,2024-12-14T00:00:00.000Z,CAR,OTT,6.5,-105,-125
2024-12-14,2024-12-14T18:00:00.000Z,NYR,LA,5.5,-125,105
2024-12-14,2024-12-14T18:00:00.000Z,NJ,CHI,6.0,-120,-100
2024-12-14,2024-12-14T19:00:00.000Z,MIN,PHI,6.0,-120,-100
2024-12-14,2024-12-14T21:00:00.000Z,EDM,VGK,6.0,-120,-100
2024-12-14,2024-12-15T00:00:00.000Z,WPG,MTL,6.0,-105,-115
2024-12-14,2024-12-15T00:00:00.000Z,DET,TOR,6.0,-120,-100
2024-12-14,2024-12-15T00:00:00.000Z,CBJ,ANA,6.5,-100,-120
2024-12-14,2024-12-15T00:00:00.000Z,OTT,PIT,6.5,-110,-110
2024-12-14,2024-12-15T00:00:00.000Z,WSH,BUF,6.5,-100,-120
2024-12-14,2024-12-15T01:00:00.000Z,DAL,STL,6.0,-115,-105
2024-12-14,2024-12-15T02:00:00.000Z,COL,NSH,6.0,-120,-100
2024-12-14,2024-12-15T03:00:00.000Z,VAN,BOS,6.0,-100,-120
2024-12-14,2024-12-15T03:00:00.000Z,CGY,FLA,6.0,-100,-120
2024-12-14,2024-12-15T03:00:00.000Z,SEA,TB,6.0,-110,-110
2024-12-14,2024-12-15T03:00:00.000Z,SJ,UTA,6.5,105,-125
2024-12-15,2024-12-15T20:00:00.000Z,CHI,NYI,5.5,-135,-100
2024-12-15,2024-12-15T22:00:00.000Z,TOR,BUF,6.5,105,-147
2024-12-15,2024-12-15T22:00:00.000Z,CAR,CBJ,6.5,-105,-125
2024-12-15,2024-12-15T23:00:00.000Z,STL,NYR,5.5,-147,105
2024-12-15,2024-12-15T23:00:00.000Z,MIN,VGK,5.5,-141,-100
2024-12-16,2024-12-17T01:00:00.000Z,DAL,WSH,5.5,-147,105
2024-12-16,2024-12-17T01:30:00.000Z,EDM,FLA,6.0,-116,-113
2024-12-16,2024-12-17T03:30:00.000Z,VAN,COL,5.5,-147,105
2024-12-17,2024-12-18T00:00:00.000Z,MTL,BUF,6.5,104,-128
2024-12-17,2024-12-18T00:00:00.000Z,PIT,LA,5.5,-140,112
2024-12-17,2024-12-18T00:00:00.000Z,TB,CBJ,6.5,104,-128
2024-12-17,2024-12-18T00:30:00.000Z,CAR,NYI,5.5,-138,112
2024-12-17,2024-12-18T01:00:00.000Z,NSH,NYR,5.5,-134,110
2024-12-17,2024-12-18T01:00:00.000Z,STL,NJ,5.5,-138,112
2024-12-17,2024-12-18T01:30:00.000Z,CHI,WSH,6.5,116,-142
2024-12-17,2024-12-18T02:00:00.000Z,CGY,BOS,5.5,-124,102
2024-12-17,2024-12-18T03:00:00.000Z,SEA,OTT,6.5,114,-140
2024-12-17,2024-12-18T03:30:00.000Z,SJ,WPG,5.5,-142,116
2024-12-18,2024-12-19T00:00:00.000Z,DET,PHI,6.5,105,-147
2024-12-18,2024-12-19T00:30:00.000Z,DAL,TOR,5.5,-141,-100
2024-12-18,2024-12-19T02:30:00.000Z,MIN,FLA,5.5,-135,-100
2024-12-18,2024-12-19T03:00:00.000Z,UTA,VAN,5.5,-141,-100
2024-12-18,2024-12-19T03:00:00.000Z,ANA,WPG,5.5,-147,105
2024-12-19,2024-12-20T00:00:00.000Z,CBJ,NJ,6.5,-105,-115
2024-12-19,2024-12-20T00:00:00.000Z,TB,STL,6.0,-110,-110
2024-12-19,2024-12-20T00:30:00.000Z,PHI,LA,5.5,-120,-100
2024-12-19,2024-12-20T01:00:00.000Z,NSH,PIT,5.5,-125,105
2024-12-19,2024-12-20T01:30:00.000Z,CHI,SEA,5.5,-110,-110
2024-12-19,2024-12-20T02:00:00.000Z,EDM,BOS,6.0,-105,-115
2024-12-19,2024-12-20T02:00:00.000Z,CGY,OTT,5.5,-125,105
2024-12-19,2024-12-20T03:00:00.000Z,VGK,VAN,6.0,-105,-115
2024-12-19,2024-12-20T03:30:00.000Z,SJ,COL,6.5,105,-125
2024-12-20,2024-12-21T00:00:00.000Z,DET,MTL,6.5,-105,-116
2024-12-20,2024-12-21T00:00:00.000Z,FLA,STL,6.5,110,-152
2024-12-20,2024-12-21T00:00:00.000Z,WSH,CAR,6.5,105,-147
2024-12-20,2024-12-21T00:00:00.000Z,BUF,TOR,6.5,-100,-135
2024-12-20,2024-12-21T01:00:00.000Z,DAL,NYR,5.5,-141,-100
2024-12-20,2024-12-21T01:00:00.000Z,MIN,UTA,5.5,-152,110
2024-12-20,2024-12-21T03:00:00.000Z,ANA,COL,6.5,-105,-116
2024-12-21,2024-12-21T18:30:00.000Z,NSH,LA,5.5,-116,-105
2024-12-21,2024-12-21T21:00:00.000Z,EDM,SJ,6.5,-100,-135
2024-12-21,2024-12-21T21:00:00.000Z,CGY,CHI,5.5,-125,-105
2024-12-21,2024-12-22T00:00:00.000Z,PHI,CBJ,6.5,-105,-116
2024-12-21,2024-12-22T00:00:00.000Z,BOS,BUF,5.5,-141,-100
2024-12-21,2024-12-22T00:00:00.000Z,TOR,NYI,5.5,-147,105
2024-12-21,2024-12-22T00:00:00.000Z,WPG,MIN,5.5,-135,-100
2024-12-21,2024-12-22T00:00:00.000Z,MTL,DET,6.5,105,-147
2024-12-21,2024-12-22T00:00:00.000Z,NJ,PIT,6.5,-105,-125
2024-12-21,2024-12-22T03:00:00.000Z,VGK,SEA,5.5,-141,-100
2024-12-21,2024-12-22T03:00:00.000Z,VAN,OTT,5.5,-147,105
2024-12-22,2024-12-22T17:30:00.000Z,NYR,CAR,6.0,-112,-116
2024-12-22,2024-12-22T22:00:00.000Z,WSH,LA,5.5,-128,104
2024-12-22,2024-12-22T22:00:00.000Z,TB,FLA,6.5,104,-128
2024-12-22,2024-12-22T22:00:00.000Z,UTA,ANA,6.5,102,-124
2024-12-22,2024-12-23T01:00:00.000Z,EDM,OTT,6.5,104,-128
2024-12-22,2024-12-23T01:00:00.000Z,COL,SEA,5.5,-138,112
2024-12-23,2024-12-23T18:00:00.000Z,NJ,NYR,6.5,-105,-125
2024-12-23,2024-12-23T19:00:00.000Z,TOR,WPG,6.0,-110,-110
2024-12-23,2024-12-24T00:00:00.000Z,BOS,WSH,6.0,-112,-108
2024-12-23,2024-12-24T00:00:00.000Z,CBJ,MTL,6.5,-112,-108
2024-12-23,2024-12-24T00:00:00.000Z,FLA,TB,6.0,-110,-110
2024-12-23,2024-12-24T00:00:00.000Z,DET,STL,5.5,-115,-105
2024-12-23,2024-12-24T00:00:00.000Z,PIT,PHI,6.0,-115,-105
2024-12-23,2024-12-24T00:30:00.000Z,NYI,BUF,6.0,-115,-105
2024-12-23,2024-12-24T01:00:00.000Z,NSH,CAR,6.5,105,-147
2024-12-23,2024-12-24T01:00:00.000Z,MIN,CHI,5.5,-130,110
2024-12-23,2024-12-24T02:00:00.000Z,VAN,SJ,6.5,-100,-141
2024-12-23,2024-12-24T02:00:00.000Z,UTA,DAL,6.5,105,-147
2024-12-23,2024-12-24T03:00:00.000Z,VGK,ANA,6.5,-100,-135
2024-12-27,2024-12-28T00:00:00.000Z,NJ,CAR,6.5,110,-144
2024-12-27,2024-12-28T00:00:00.000Z,DET,TOR,5.5,-134,110
2024-12-27,2024-12-28T00:00:00.000Z,CBJ,BOS,6.5,104,-136
2024-12-27,2024-12-28T00:00:00.000Z,BUF,CHI,6.0,-115,-113
2024-12-27,2024-12-28T01:00:00.000Z,DAL,MIN,5.5,-143,109
2024-12-27,2024-12-28T01:00:00.000Z,STL,NSH,5.5,-131,102
2024-12-27,2024-12-28T02:30:00.000Z,UTA,COL,6.5,112,-138
2024-12-27,2024-12-28T03:30:00.000Z,SJ,VGK,6.5,110,-134
2024-12-28,2024-12-28T18:00:00.000Z,FLA,MTL,6.5,-100,-141
2024-12-28,2024-12-28T21:00:00.000Z,LA,EDM,6.0,-113,-115
2024-12-28,2024-12-28T21:00:00.000Z,VAN,SEA,5.5,-147,105
2024-12-28,2024-12-28T21:00:00.000Z,ANA,PHI,6.5,105,-147
2024-12-28,2024-12-29T00:00:00.000Z,TOR,WSH,6.0,-115,-113
2024-12-28,2024-12-29T00:00:00.000Z,BOS,CBJ,6.0,-117,-110
2024-12-28,2024-12-29T00:00:00.000Z,WPG,OTT,5.5,-132,103
2024-12-28,2024-12-29T00:00:00.000Z,TB,NYR,6.0,-115,-113
2024-12-28,2024-12-29T00:00:00.000Z,CAR,NJ,6.5,104,-137
2024-12-28,2024-12-29T00:30:00.000Z,NYI,PIT,6.0,-115,-113
2024-12-28,2024-12-29T03:00:00.000Z,SJ,CGY,6.5,-101,-124
2024-12-29,2024-12-29T20:00:00.000Z,STL,BUF,5.5,-147,105
2024-12-29,2024-12-29T21:00:00.000Z,ANA,EDM,6.5,110,-130
2024-12-29,2024-12-29T22:00:00.000Z,TB,MTL,6.5,100,-120
2024-12-29,2024-12-29T22:00:00.000Z,DET,WSH,6.0,-105,-115
2024-12-29,2024-12-29T22:30:00.000Z,PIT,NYI,6.0,-120,-100
2024-12-29,2024-12-30T01:00:00.000Z,MIN,OTT,5.5,-130,110
2024-12-29,2024-12-30T01:00:00.000Z,VGK,CGY,6.0,-115,-105
2024-12-29,2024-12-30T01:30:00.000Z,CHI,DAL,6.0,-110,-110
2024-12-29,2024-12-30T02:00:00.000Z,LA,PHI,5.5,-125,105
2024-12-30,2024-12-31T00:00:00.000Z,FLA,NYR,6.5,110,-152
2024-12-30,2024-12-31T00:30:00.000Z,WPG,NSH,6.5,-105,-116
2024-12-30,2024-12-31T01:00:00.000Z,SEA,UTA,5.5,-147,105
2024-12-31,2024-12-31T17:30:00.000Z,WSH,BOS,6.5,116,-142
2024-12-31,2024-12-31T18:00:00.000Z,TOR,NYI,5.5,-138,112
2024-12-31,2024-12-31T20:00:00.000Z,VGK,MTL,6.5,-105,-116
2024-12-31,2024-12-31T22:00:00.000Z,CHI,STL,5.5,-130,106
2024-12-31,2025-01-01T01:00:00.000Z,CBJ,CAR,6.5,-100,-141
2024-12-31,2025-01-01T01:00:00.000Z,DET,PIT,6.5,105,-137
2024-12-31,2025-01-01T01:00:00.000Z,ANA,NJ,6.5,105,-147
2024-12-31,2025-01-01T01:00:00.000Z,COL,WPG,5.5,-147,105
2024-12-31,2025-01-01T01:00:00.000Z,MIN,NSH,5.5,-131,102
2024-12-31,2025-01-01T01:00:00.000Z,DAL,BUF,6.5,105,-147
2024-12-31,2025-01-01T01:00:00.000Z,SJ,PHI,6.5,114,-140
2024-12-31,2025-01-01T02:00:00.000Z,CGY,VAN,5.5,-141,-100
2024-12-31,2025-01-01T02:00:00.000Z,EDM,UTA,6.5,-100,-141
2025-01-01,2025-01-01T23:00:00.000Z,LA,NJ,5.5,-130,110
2025-01-02,2025-01-03T00:00:00.000Z,CBJ,DET,6.5,114,-135
2025-01-02,2025-01-03T00:00:00.000Z,NYR,BOS,5.5,-125,105
2025-01-02,2025-01-03T00:00:00.000Z,WSH,MIN,5.5,-125,105
2025-01-02,2025-01-03T00:00:00.000Z,FLA,CAR,6.5,105,-125
2025-01-02,2025-01-03T00:30:00.000Z,NYI,TOR,5.5,-125,105
2025-01-02,2025-01-03T01:00:00.000Z,WPG,ANA,5.5,-130,110
2025-01-02,2025-01-03T01:00:00.000Z,DAL,OTT,6.5,110,-130
2025-01-02,2025-01-03T02:00:00.000Z,COL,BUF,6.5,-120,-100
2025-01-02,2025-01-03T02:00:00.000Z,CGY,UTA,5.5,-130,110
2025-01-02,2025-01-03T03:00:00.000Z,SEA,VAN,5.5,-110,-110
2025-01-02,2025-01-03T03:00:00.000Z,VGK,PHI,6.5,105,-125
2025-01-02,2025-01-03T03:30:00.000Z,SJ,TB,6.5,-105,-115
2025-01-03,2025-01-04T00:00:00.000Z,FLA,PIT,6.5,114,-140
2025-01-03,2025-01-04T01:00:00.000Z,STL,OTT,5.5,-134,110
2025-01-03,2025-01-04T01:00:00.000Z,CHI,MTL,6.5,114,-140
2025-01-03,2025-01-04T02:00:00.000Z,EDM,ANA,6.5,-130,106
2025-01-03,2025-01-04T03:00:00.000Z,VAN,NSH,5.5,-132,108
2025-01-04,2025-01-04T17:00:00.000Z,WSH,NYR,6.5,106,-130
2025-01-04,2025-01-04T21:00:00.000Z,SJ,NJ,6.5,108,-132
2025-01-04,2025-01-05T00:00:00.000Z,WPG,DET,5.5,-152,110
2025-01-04,2025-01-05T00:00:00.000Z,CBJ,STL,6.5,-100,-141
2025-01-04,2025-01-05T00:00:00.000Z,CAR,MIN,5.5,-147,105
2025-01-04,2025-01-05T00:00:00.000Z,COL,MTL,6.5,-105,-116
2025-01-04,2025-01-05T00:00:00.000Z,TOR,BOS,5.5,-141,-100
2025-01-04,2025-01-05T01:00:00.000Z,DAL,UTA,5.5,-147,105
2025-01-04,2025-01-05T02:00:00.000Z,LA,TB,5.5,-147,105
2025-01-04,2025-01-05T03:00:00.000Z,CGY,NSH,5.5,-147,105
2025-01-04,2025-01-05T03:00:00.000Z,SEA,EDM,6.5,-105,-125
2025-01-04,2025-01-05T03:00:00.000Z,VGK,BUF,6.5,-111,-111
2025-01-05,2025-01-05T20:00:00.000Z,CHI,NYR,6.5,108,-132
2025-01-05,2025-01-05T23:00:00.000Z,CAR,PIT,6.5,110,-134
2025-01-05,2025-01-05T23:00:00.000Z,BOS,NYI,5.5,-130,106
2025-01-05,2025-01-06T00:00:00.000Z,TOR,PHI,6.5,-104,-118
2025-01-05,2025-01-06T01:00:00.000Z,ANA,TB,6.5,-132,108
2025-01-06,2025-01-07T00:00:00.000Z,BUF,WSH,6.5,-115,-105
2025-01-06,2025-01-07T00:30:00.000Z,MTL,VAN,5.5,-125,105
2025-01-06,2025-01-07T02:00:00.000Z,COL,FLA,6.5,-100,-120
2025-01-06,2025-01-07T03:00:00.000Z,SEA,NJ,6.5,105,-125
2025-01-07,2025-01-08T00:00:00.000Z,DET,OTT,6.5,105,-125
2025-01-07,2025-01-08T00:00:00.000Z,BOS,EDM,6.5,105,-125
2025-01-07,2025-01-08T00:00:00.000Z,PIT,CBJ,6.5,-120,-100
2025-01-07,2025-01-08T00:00:00.000Z,NYR,DAL,5.5,-120,-100
2025-01-07,2025-01-08T00:00:00.000Z,TB,CAR,6.5,105,-125
2025-01-07,2025-01-08T00:30:00.000Z,PHI,TOR,6.5,110,-130
2025-01-07,2025-01-08T01:00:00.000Z,WPG,NSH,5.5,-125,-105
2025-01-07,2025-01-08T01:00:00.000Z,MIN,STL,6.5,-105,-115
2025-01-07,2025-01-08T03:00:00.000Z,ANA,CGY,5.5,-147,105
2025-01-07,2025-01-08T03:30:00.000Z,SJ,VGK,6.5,-100,-141
2025-01-08,2025-01-09T00:30:00.000Z,WSH,VAN,5.5,-135,114
2025-01-08,2025-01-09T00:30:00.000Z,CHI,COL,6.5,110,-130
2025-01-08,2025-01-09T03:00:00.000Z,UTA,FLA,5.5,-135,114
2025-01-09,2025-01-10T00:00:00.000Z,PHI,DAL,6.5,-100,-120
2025-01-09,2025-01-10T00:00:00.000Z,TB,BOS,5.5,-125,105
2025-01-09,2025-01-10T00:00:00.000Z,NYR,NJ,6.5,-110,-110
2025-01-09,2025-01-10T00:00:00.000Z,OTT,BUF,6.5,-100,-120
2025-01-09,2025-01-10T00:00:00.000Z,PIT,EDM,6.5,-105,-115
2025-01-09,2025-01-10T00:00:00.000Z,CBJ,SEA,6.5,114,-135
2025-01-09,2025-01-10T00:30:00.000Z,CAR,TOR,6.5,-100,-120
2025-01-09,2025-01-10T01:00:00.000Z,STL,ANA,5.5,-130,110
2025-01-09,2025-01-10T01:00:00.000Z,MIN,COL,5.5,-130,110
2025-01-09,2025-01-10T03:00:00.000Z,VGK,NYI,5.5,-130,110
2025-01-10,2025-01-11T00:00:00.000Z,WSH,MTL,6.5,105,-147
2025-01-10,2025-01-11T00:00:00.000Z,DET,CHI,5.5,-147,105
2025-01-10,2025-01-11T00:00:00.000Z,CAR,VAN,6.5,-100,-135
2025-01-10,2025-01-11T01:00:00.000Z,WPG,LA,5.5,-120,-102
2025-01-10,2025-01-11T02:00:00.000Z,UTA,SJ,6.5,104,-128
2025-01-11,2025-01-11T18:00:00.000Z,FLA,BOS,5.5,-132,108
2025-01-11,2025-01-11T21:00:00.000Z,PIT,OTT,6.5,114,-140
2025-01-11,2025-01-11T21:00:00.000Z,BUF,SEA,5.5,-138,112
2025-01-11,2025-01-12T00:00:00.000Z,TOR,VAN,5.5,-134,110
2025-01-11,2025-01-12T00:00:00.000Z,PHI,ANA,6.5,116,-142
2025-01-11,2025-01-12T00:00:00.000Z,CHI,EDM,6.5,-122,-100
2025-01-11,2025-01-12T00:00:00.000Z,NJ,TB,6.5,114,-140
2025-01-11,2025-01-12T00:00:00.000Z,STL,CBJ,5.5,-138,112
2025-01-11,2025-01-12T00:00:00.000Z,MTL,DAL,5.5,-142,116
2025-01-11,2025-01-12T00:00:00.000Z,WPG,COL,6.5,110,-134
2025-01-11,2025-01-12T01:00:00.000Z,NSH,WSH,5.5,-128,104
2025-01-11,2025-01-12T02:00:00.000Z,UTA,NYI,5.5,-130,106
2025-01-11,2025-01-12T03:00:00.000Z,SJ,MIN,5.5,-120,-102
2025-01-11,2025-01-12T03:00:00.000Z,VGK,NYR,6.5,110,-134
2025-01-11,2025-01-12T03:00:00.000Z,CGY,LA,5.5,-118,-104
2025-01-12,2025-01-12T20:00:00.000Z,DET,SEA,5.5,-125,105
2025-01-12,2025-01-12T22:00:00.000Z,CAR,ANA,6.5,-105,-115
2025-01-12,2025-01-12T22:00:00.000Z,OTT,DAL,5.5,-135,114
2025-01-12,2025-01-12T22:00:00.000Z,PIT,TB,6.5,-115,-105
2025-01-12,2025-01-13T01:00:00.000Z,VGK,MIN,5.5,-130,110
2025-01-13,2025-01-14T00:00:00.000Z,PHI,FLA,6.5,110,-130
2025-01-13,2025-01-14T00:30:00.000Z,CHI,CGY,5.5,-120,-100
2025-01-13,2025-01-14T02:30:00.000Z,EDM,LA,5.5,-130,110
2025-01-14,2025-01-15T00:00:00.000Z,PIT,SEA,6.5,105,-125
2025-01-14,2025-01-15T00:00:00.000Z,DET,SJ,6.5,110,-130
2025-01-14,2025-01-15T00:00:00.000Z,TOR,DAL,5.5,-130,110
2025-01-14,2025-01-15T00:00:00.000Z,CBJ,PHI,6.5,-110,-110
2025-01-14,2025-01-15T00:00:00.000Z,BOS,TB,5.5,-135,114
2025-01-14,2025-01-15T00:00:00.000Z,WSH,ANA,5.5,-125,105
2025-01-14,2025-01-15T00:30:00.000Z,NJ,FLA,6.5,110,-130
2025-01-14,2025-01-15T00:30:00.000Z,NYI,OTT,5.5,-130,110
2025-01-14,2025-01-15T01:00:00.000Z,STL,CGY,5.5,-110,-110
2025-01-14,2025-01-15T01:00:00.000Z,NSH,VGK,5.5,-120,-100
2025-01-14,2025-01-15T01:00:00.000Z,WPG,VAN,5.5,-100,-120
2025-01-14,2025-01-15T02:00:00.000Z,COL,NYR,5.5,-130,110
2025-01-14,2025-01-15T02:00:00.000Z,UTA,MTL,5.5,-130,110
2025-01-15,2025-01-15T23:00:00.000Z,BUF,CAR,6.5,105,-147
2025-01-15,2025-01-16T01:30:00.000Z,MIN,EDM,6.5,105,-147
2025-01-16,2025-01-17T00:00:00.000Z,CBJ,SJ,6.5,-100,-120
2025-01-16,2025-01-17T00:00:00.000Z,TB,ANA,5.5,-135,114
2025-01-16,2025-01-17T00:00:00.000Z,OTT,WSH,5.5,-120,-100
2025-01-16,2025-01-17T00:00:00.000Z,TOR,NJ,5.5,-130,110
2025-01-16,2025-01-17T00:00:00.000Z,FLA,DET,5.5,-135,114
2025-01-16,2025-01-17T00:30:00.000Z,NYI,PHI,5.5,-135,114
2025-01-16,2025-01-17T01:00:00.000Z,WPG,SEA,5.5,-110,-110
2025-01-16,2025-01-17T01:00:00.000Z,DAL,MTL,5.5,-130,110
2025-01-16,2025-01-17T01:00:00.000Z,STL,CGY,5.5,-110,-110
2025-01-16,2025-01-17T01:00:00.000Z,NSH,CHI,5.5,-120,-100
2025-01-16,2025-01-17T02:00:00.000Z,UTA,NYR,5.5,-130,110
2025-01-16,2025-01-17T02:30:00.000Z,COL,EDM,6.5,114,-135
2025-01-16,2025-01-17T03:00:00.000Z,VAN,LA,5.5,-135,114
2025-01-17,2025-01-18T00:00:00.000Z,BUF,PIT,6.5,-110,-110
2025-01-17,2025-01-18T00:00:00.000Z,CAR,VGK,5.5,-135,114
2025-01-18,2025-01-18T17:30:00.000Z,NJ,PHI,6.5,110,-130
2025-01-18,2025-01-18T20:00:00.000Z,OTT,BOS,6.5,114,-135
2025-01-18,2025-01-18T21:00:00.000Z,COL,DAL,6.5,105,-125
2025-01-18,2025-01-18T23:00:00.000Z,FLA,ANA,6.5,110,-130
2025-01-18,2025-01-19T00:00:00.000Z,MTL,TOR,5.5,-135,114
2025-01-18,2025-01-19T00:00:00.000Z,TB,DET,6.5,105,-125
2025-01-18,2025-01-19T00:00:00.000Z,WSH,PIT,6.5,105,-125
2025-01-18,2025-01-19T00:00:00.000Z,WPG,CGY,5.5,-130,110
2025-01-18,2025-01-19T00:00:00.000Z,NYR,CBJ,6.5,110,-130
2025-01-18,2025-01-19T00:30:00.000Z,NYI,SJ,6.5,105,-125
2025-01-18,2025-01-19T01:00:00.000Z,CHI,VGK,6.5,105,-125
2025-01-18,2025-01-19T01:00:00.000Z,NSH,MIN,5.5,-135,114
2025-01-18,2025-01-19T02:00:00.000Z,UTA,STL,6.5,110,-130
2025-01-18,2025-01-19T03:00:00.000Z,VAN,EDM,6.5,105,-125
2025-01-18,2025-01-19T03:00:00.000Z,SEA,LA,5.5,-135,114
2025-01-19,2025-01-19T18:00:00.000Z,NJ,OTT,5.5,-130,110
2025-01-19,2025-01-20T00:00:00.000Z,MTL,NYR,5.5,-130,110
2025-01-19,2025-01-20T01:00:00.000Z,DAL,DET,5.5,-125,105
2025-01-20,2025-01-20T18:00:00.000Z,BOS,SJ,5.5,-130,106
2025-01-20,2025-01-20T20:00:00.000Z,COL,MIN,5.5,-140,114
2025-01-20,2025-01-20T21:00:00.000Z,SEA,BUF,6.5,114,-140
2025-01-20,2025-01-20T23:00:00.000Z,VGK,STL,5.5,-140,114
2025-01-20,2025-01-21T00:30:00.000Z,NYI,CBJ,6.5,116,-142
2025-01-20,2025-01-21T00:30:00.000Z,TOR,TB,6.5,114,-140
2025-01-20,2025-01-21T01:30:00.000Z,CHI,CAR,6.5,110,-134
2025-01-20,2025-01-21T02:30:00.000Z,UTA,WPG,5.5,-147,105
2025-01-20,2025-01-21T03:30:00.000Z,LA,PIT,5.5,-147,105
2025-01-21,2025-01-22T00:00:00.000Z,MTL,TB,6.5,105,-125
2025-01-21,2025-01-22T00:00:00.000Z,NYR,OTT,5.5,-135,114
2025-01-21,2025-01-22T00:00:00.000Z,PHI,DET,6.5,110,-130
2025-01-21,2025-01-22T01:00:00.000Z,NSH,SJ,6.5,114,-135
2025-01-21,2025-01-22T01:00:00.000Z,DAL,CAR,5.5,-125,105
2025-01-21,2025-01-22T02:00:00.000Z,EDM,WSH,5.5,-142,120
2025-01-21,2025-01-22T03:00:00.000Z,VAN,BUF,6.5,110,-130
2025-01-21,2025-01-22T03:00:00.000Z,ANA,FLA,5.5,-130,110
2025-01-22,2025-01-23T00:00:00.000Z,NJ,BOS,6.5,114,-135
2025-01-22,2025-01-23T00:30:00.000Z,TOR,CBJ,6.5,105,-125
2025-01-22,2025-01-23T02:30:00.000Z,COL,WPG,5.5,-130,110
2025-01-22,2025-01-23T03:00:00.000Z,LA,FLA,5.5,-130,110
2025-01-23,2025-01-24T00:00:00.000Z,NYR,PHI,6.5,110,-130
2025-01-23,2025-01-24T00:00:00.000Z,BOS,OTT,5.5,-115,-105
2025-01-23,2025-01-24T00:00:00.000Z,DET,MTL,5.5,-120,-100
2025-01-23,2025-01-24T00:00:00.000Z,CAR,CBJ,6.5,105,-125
2025-01-23,2025-01-24T01:00:00.000Z,MIN,UTA,5.5,-115,-105
2025-01-23,2025-01-24T01:00:00.000Z,STL,VGK,5.5,-130,110
2025-01-23,2025-01-24T02:00:00.000Z,CGY,BUF,5.5,-120,-100
2025-01-23,2025-01-24T02:00:00.000Z,EDM,VAN,5.5,-120,-100
2025-01-23,2025-01-24T03:00:00.000Z,ANA,PIT,6.5,105,-125
2025-01-23,2025-01-24T03:00:00.000Z,SEA,WSH,5.5,-120,-100
2025-01-23,2025-01-24T03:30:00.000Z,SJ,NSH,6.5,110,-130
2025-01-24,2025-01-25T00:30:00.000Z,NYI,PHI,5.5,-125,-105
2025-01-24,2025-01-25T00:30:00.000Z,DAL,VGK,5.5,-147,105
2025-01-24,2025-01-25T01:00:00.000Z,CHI,TB,6.5,102,-131
2025-01-24,2025-01-25T01:00:00.000Z,WPG,UTA,5.5,-125,-105
2025-01-25,2025-01-25T18:00:00.000Z,BOS,COL,5.5,-135,114
2025-01-25,2025-01-25T21:00:00.000Z,EDM,BUF,6.5,110,-130
2025-01-25,2025-01-25T21:00:00.000Z,SEA,PIT,6.5,110,-130
2025-01-25,2025-01-26T00:00:00.000Z,MIN,CGY,5.5,-135,114
2025-01-25,2025-01-26T00:00:00.000Z,CBJ,LA,6.5,110,-130
2025-01-25,2025-01-26T00:00:00.000Z,DET,TB,6.5,110,-130
2025-01-25,2025-01-26T00:00:00.000Z,STL,DAL,5.5,-130,110
2025-01-25,2025-01-26T00:00:00.000Z,MTL,NJ,5.5,-135,114
2025-01-25,2025-01-26T00:00:00.000Z,OTT,TOR,5.5,-135,114
2025-01-25,2025-01-26T00:30:00.000Z,NYI,CAR,5.5,-135,114
2025-01-25,2025-01-26T03:00:00.000Z,SJ,FLA,6.5,110,-130
2025-01-25,2025-01-26T03:00:00.000Z,VAN,WSH,5.5,-135,114
2025-01-25,2025-01-26T03:00:00.000Z,ANA,NSH,6.5,114,-135
2025-01-26,2025-01-26T18:00:00.000Z,NYR,COL,6.5,114,-135
2025-01-26,2025-01-26T22:00:00.000Z,OTT,UTA,5.5,-110,-110
2025-01-26,2025-01-26T23:00:00.000Z,WPG,CGY,5.5,-115,-105
2025-01-26,2025-01-27T00:00:00.000Z,CHI,MIN,5.5,-130,110
2025-01-26,2025-01-27T01:00:00.000Z,VGK,FLA,5.5,-130,110
2025-01-27,2025-01-28T00:00:00.000Z,PHI,NJ,5.5,-130,110
2025-01-27,2025-01-28T00:00:00.000Z,DET,LA,5.5,-100,-120
2025-01-27,2025-01-28T00:30:00.000Z,STL,VAN,5.5,-110,-110
2025-01-27,2025-01-28T02:30:00.000Z,EDM,SEA,5.5,-125,105
2025-01-27,2025-01-28T03:30:00.000Z,SJ,PIT,6.5,-110,-110
2025-01-28,2025-01-29T00:00:00.000Z,MTL,WPG,5.5,-142,120
2025-01-28,2025-01-29T00:00:00.000Z,TB,CHI,6.5,105,-125
2025-01-28,2025-01-29T00:00:00.000Z,NYR,CAR,5.5,-125,105
2025-01-28,2025-01-29T00:00:00.000Z,BUF,BOS,5.5,-135,114
2025-01-28,2025-01-29T00:30:00.000Z,NYI,COL,5.5,-130,110
2025-01-28,2025-01-29T02:00:00.000Z,CGY,WSH,5.5,-135,114
2025-01-28,2025-01-29T03:00:00.000Z,VGK,DAL,5.5,-130,110
2025-01-28,2025-01-29T03:00:00.000Z,SEA,ANA,5.5,-135,114
2025-01-29,2025-01-30T00:00:00.000Z,FLA,LA,5.5,-110,-110
2025-01-29,2025-01-30T00:00:00.000Z,NJ,PHI,5.5,-122,-103
2025-01-29,2025-01-30T00:00:00.000Z,TOR,MIN,5.5,-122,-100
2025-01-29,2025-01-30T02:00:00.000Z,NSH,VAN,5.5,-114,-106
2025-01-29,2025-01-30T02:30:00.000Z,UTA,PIT,6.5,110,-134
2025-01-30,2025-01-31T00:00:00.000Z,CAR,CHI,5.5,-130,110
2025-01-30,2025-01-31T00:00:00.000Z,OTT,WSH,5.5,-110,-110
2025-01-30,2025-01-31T00:00:00.000Z,TB,LA,5.5,-120,100
2025-01-30,2025-01-31T00:00:00.000Z,BOS,WPG,5.5,-110,-110
2025-01-30,2025-01-31T00:00:00.000Z,MTL,MIN,5.5,-120,100
2025-01-30,2025-01-31T00:30:00.000Z,PHI,NYI,5.5,-110,-110
2025-01-30,2025-01-31T02:00:00.000Z,CGY,ANA,5.5,-110,-110
2025-01-30,2025-01-31T02:00:00.000Z,EDM,DET,5.5,-130,110
2025-01-30,2025-01-31T03:00:00.000Z,VGK,CBJ,6.5,100,-120
2025-01-30,2025-01-31T03:30:00.000Z,SEA,SJ,6.5,110,-130
2025-01-31,2025-02-01T00:00:00.000Z,BUF,NSH,5.5,-131,109
2025-01-31,2025-02-01T01:00:00.000Z,DAL,VAN,5.5,-115,-105
2025-01-31,2025-02-01T02:00:00.000Z,COL,STL,5.5,-125,103
2025-01-31,2025-02-01T02:00:00.000Z,UTA,CBJ,6.5,-105,-116
2025-02-01,2025-02-01T18:00:00.000Z,FLA,CHI,6.0,-120,100
2025-02-01,2025-02-01T20:30:00.000Z,BOS,NYR,5.5,-118,-104
2025-02-01,2025-02-02T00:00:00.000Z,CAR,LA,5.5,-112,-108
2025-02-01,2025-02-02T00:00:00.000Z,WSH,WPG,5.5,-106,-114
2025-02-01,2025-02-02T00:00:00.000Z,TB,NYI,6.5,114,-140
2025-02-01,2025-02-02T00:00:00.000Z,OTT,MIN,5.5,-115,-105
2025-02-01,2025-02-02T00:00:00.000Z,PIT,NSH,5.5,-140,114
2025-02-01,2025-02-02T00:00:00.000Z,EDM,TOR,6.5,110,-134
2025-02-01,2025-02-02T03:00:00.000Z,CGY,DET,5.5,-134,110
2025-02-02,2025-02-02T18:00:00.000Z,BUF,NJ,6.5,105,-125
2025-02-02,2025-02-02T20:00:00.000Z,COL,PHI,5.5,-125,105
2025-02-02,2025-02-02T21:00:00.000Z,ANA,MTL,5.5,-125,105
2025-02-02,2025-02-02T23:00:00.000Z,DAL,CBJ,5.5,-130,110
2025-02-02,2025-02-02T23:00:00.000Z,FLA,NYI,5.5,-125,105
2025-02-02,2025-02-02T23:00:00.000Z,NYR,VGK,6.5,110,-130
2025-02-02,2025-02-03T00:00:00.000Z,UTA,STL,5.5,-110,-110
2025-02-02,2025-02-03T01:00:00.000Z,VAN,DET,5.5,-115,-105
2025-02-02,2025-02-03T02:00:00.000Z,SEA,CGY,5.5,-115,-105
2025-02-03,2025-02-04T00:30:00.000Z,NSH,OTT,5.5,-115,-105
2025-02-04,2025-02-05T00:00:00.000Z,WSH,FLA,5.5,-125,-105
2025-02-04,2025-02-05T00:00:00.000Z,TB,OTT,5.5,-115,-105
2025-02-04,2025-02-05T00:00:00.000Z,BOS,MIN,5.5,-120,-100
2025-02-04,2025-02-05T00:00:00.000Z,PIT,NJ,5.5,-135,114
2025-02-04,2025-02-05T00:00:00.000Z,BUF,CBJ,6.5,110,-130
2025-02-04,2025-02-05T00:30:00.000Z,NYI,VGK,5.5,-125,105
2025-02-04,2025-02-05T01:00:00.000Z,WPG,CAR,5.5,-115,-105
2025-02-04,2025-02-05T01:00:00.000Z,STL,EDM,5.5,-130,110
2025-02-04,2025-02-05T02:00:00.000Z,CGY,TOR,5.5,-115,-105
2025-02-04,2025-02-05T02:00:00.000Z,UTA,PHI,5.5,-120,-100
2025-02-04,2025-02-05T03:00:00.000Z,SEA,DET,6.5,110,-130
2025-02-04,2025-02-05T03:00:00.000Z,VAN,COL,6.5,114,-135
2025-02-04,2025-02-05T03:30:00.000Z,ANA,DAL,5.5,-115,-105
2025-02-04,2025-02-05T03:30:00.000Z,SJ,MTL,6.5,114,-135
2025-02-05,2025-02-06T00:00:00.000Z,NYR,BOS,5.5,-120,-100
2025-02-05,2025-02-06T02:30:00.000Z,CHI,EDM,6.5,114,-135
2025-02-05,2025-02-06T03:30:00.000Z,LA,MTL,5.5,-120,-100
2025-02-06,2025-02-07T00:00:00.000Z,PHI,WSH,5.5,-120,-100
2025-02-06,2025-02-07T00:00:00.000Z,CBJ,UTA,6.5,114,-135
2025-02-06,2025-02-07T00:00:00.000Z,NJ,VGK,5.5,-130,110
2025-02-06,2025-02-07T00:00:00.000Z,TB,OTT,5.5,-120,-100
2025-02-06,2025-02-07T00:30:00.000Z,MIN,CAR,5.5,-120,-100
2025-02-06,2025-02-07T01:00:00.000Z,STL,FLA,5.5,-125,105
2025-02-06,2025-02-07T02:00:00.000Z,CGY,COL,5.5,-130,110
2025-02-06,2025-02-07T03:00:00.000Z,SEA,TOR,6.5,105,-125
2025-02-06,2025-02-07T03:30:00.000Z,SJ,VAN,6.5,114,-135
2025-02-07,2025-02-08T00:00:00.000Z,NYR,PIT,6.5,105,-125
2025-02-07,2025-02-08T01:00:00.000Z,WPG,NYI,5.5,-120,-100
2025-02-07,2025-02-08T01:30:00.000Z,CHI,NSH,5.5,-130,110
2025-02-07,2025-02-08T02:00:00.000Z,EDM,COL,6.5,105,-125
2025-02-07,2025-02-08T03:30:00.000Z,LA,DAL,5.5,-115,-105
2025-02-08,2025-02-08T18:00:00.000Z,CAR,UTA,5.5,-141,-100
2025-02-08,2025-02-08T18:00:00.000Z,MTL,NJ,5.5,-141,-100
2025-02-08,2025-02-08T18:00:00.000Z,DET,TB,6.5,-105,-125
2025-02-08,2025-02-08T20:30:00.000Z,BOS,VGK,5.5,-116,-105
2025-02-08,2025-02-09T00:00:00.000Z,PHI,PIT,5.5,-135,-100
2025-02-08,2025-02-09T00:00:00.000Z,FLA,OTT,5.5,-125,-105
2025-02-08,2025-02-09T00:00:00.000Z,CBJ,NYR,5.5,-138,112
2025-02-08,2025-02-09T00:00:00.000Z,STL,CHI,5.5,-124,102
2025-02-08,2025-02-09T00:00:00.000Z,VAN,TOR,5.5,-141,-100
2025-02-08,2025-02-09T01:00:00.000Z,NSH,BUF,5.5,-140,114
2025-02-08,2025-02-09T01:00:00.000Z,MIN,NYI,5.5,-100,-122
2025-02-08,2025-02-09T03:00:00.000Z,CGY,SEA,5.5,-125,-105
2025-02-08,2025-02-09T03:00:00.000Z,SJ,DAL,6.5,-100,-135
2025-02-08,2025-02-09T03:30:00.000Z,LA,ANA,5.5,-147,105
2025-02-09,2025-02-09T17:30:00.000Z,WSH,UTA,5.5,-115,-105
2025-02-09,2025-02-09T18:00:00.000Z,MTL,TB,6.5,-100,-120
2025-02-22,2025-02-22T17:30:00.000Z,DET,MIN,5.5,-115,-105
2025-02-22,2025-02-22T18:00:00.000Z,PHI,EDM,6.5,110,-130
2025-02-22,2025-02-22T20:00:00.000Z,PIT,WSH,5.5,-135,114
2025-02-22,2025-02-22T22:30:00.000Z,BUF,NYR,5.5,-125,105
2025-02-22,2025-02-22T23:00:00.000Z,NJ,DAL,5.5,-120,-100
2025-02-22,2025-02-22T23:00:00.000Z,FLA,SEA,5.5,-130,110
2025-02-22,2025-02-22T23:00:00.000Z,NSH,COL,5.5,-115,-105
2025-02-22,2025-02-23T00:00:00.000Z,OTT,MTL,5.5,-125,105
2025-02-22,2025-02-23T00:00:00.000Z,STL,WPG,5.5,-115,-105
2025-02-22,2025-02-23T00:00:00.000Z,BOS,ANA,5.5,-105,-115
2025-02-22,2025-02-23T00:00:00.000Z,TOR,CAR,5.5,-130,110
2025-02-22,2025-02-23T00:00:00.000Z,CBJ,CHI,6.5,-100,-120
2025-02-22,2025-02-23T02:00:00.000Z,LA,UTA,5.5,-110,-110
2025-02-22,2025-02-23T03:00:00.000Z,VGK,VAN,5.5,-125,105
2025-02-23,2025-02-23T18:00:00.000Z,WSH,EDM,5.5,-115,-105
2025-02-23,2025-02-23T20:30:00.000Z,PIT,NYR,5.5,-125,105
2025-02-23,2025-02-23T23:00:00.000Z,TB,SEA,6.5,110,-130
2025-02-23,2025-02-23T23:00:00.000Z,NSH,NJ,5.5,-120,100
2025-02-23,2025-02-23T23:00:00.000Z,STL,COL,6.5,105,-125
2025-02-23,2025-02-23T23:00:00.000Z,DET,ANA,5.5,-120,100
2025-02-23,2025-02-24T00:00:00.000Z,CHI,TOR,6.5,110,-130
2025-02-23,2025-02-24T00:30:00.000Z,NYI,DAL,5.5,-115,-105
2025-02-23,2025-02-24T01:00:00.000Z,CGY,SJ,6.5,105,-125
2025-02-23,2025-02-24T01:00:00.000Z,UTA,VAN,5.5,-110,-110
2025-02-24,2025-02-25T00:30:00.000Z,WPG,SJ,5.5,-125,105
2025-02-24,2025-02-25T03:30:00.000Z,LA,VGK,5.5,-115,-105
2025-02-25,2025-02-26T00:00:00.000Z,WSH,CGY,5.5,-140,114
2025-02-25,2025-02-26T00:00:00.000Z,PHI,PIT,5.5,-147,105
2025-02-25,2025-02-26T00:00:00.000Z,BUF,ANA,6.5,116,-142
2025-02-25,2025-02-26T00:00:00.000Z,BOS,TOR,5.5,-120,-102
2025-02-25,2025-02-26T00:00:00.000Z,MTL,CAR,6.5,116,-142
2025-02-25,2025-02-26T00:00:00.000Z,CBJ,DAL,6.5,114,-140
2025-02-25,2025-02-26T00:30:00.000Z,TB,EDM,6.5,104,-128
2025-02-25,2025-02-26T00:30:00.000Z,NYI,NYR,5.5,-124,102
2025-02-25,2025-02-26T01:00:00.000Z,STL,SEA,5.5,-118,-104
2025-02-25,2025-02-26T01:00:00.000Z,NSH,FLA,5.5,-134,110
2025-02-25,2025-02-26T01:00:00.000Z,MIN,DET,5.5,-122,-100
2025-02-25,2025-02-26T02:00:00.000Z,UTA,CHI,6.5,105,-147
2025-02-26,2025-02-27T00:00:00.000Z,OTT,WPG,5.5,-120,-100
2025-02-26,2025-02-27T02:30:00.000Z,COL,NJ,5.5,-130,110
2025-02-26,2025-02-27T03:00:00.000Z,LA,VAN,5.5,-110,-110
2025-02-27,2025-02-28T00:00:00.000Z,DET,CBJ,6.5,-110,-110
2025-02-27,2025-02-28T00:00:00.000Z,TB,CGY,5.5,-115,-105
2025-02-27,2025-02-28T00:00:00.000Z,BOS,NYI,5.5,-120,-100
2025-02-27,2025-02-28T00:00:00.000Z,MTL,SJ,6.5,110,-130
2025-02-27,2025-02-28T00:00:00.000Z,WSH,STL,5.5,-130,110
2025-02-27,2025-02-28T00:00:00.000Z,FLA,EDM,6.5,110,-130
2025-02-27,2025-02-28T00:00:00.000Z,CAR,BUF,6.0,-110,-110
2025-02-27,2025-02-28T00:30:00.000Z,PIT,PHI,6.5,110,-130
2025-02-27,2025-02-28T01:00:00.000Z,NSH,WPG,5.5,-115,-105
2025-02-27,2025-02-28T02:00:00.000Z,UTA,MIN,5.5,-120,-100
2025-02-27,2025-02-28T03:00:00.000Z,ANA,VAN,5.5,-135,114
2025-02-27,2025-02-28T03:00:00.000Z,VGK,CHI,6.5,105,-125
2025-02-28,2025-03-01T00:00:00.000Z,NYR,TOR,6.5,105,-125
2025-02-28,2025-03-01T01:00:00.000Z,DAL,LA,5.5,-115,-105
2025-02-28,2025-03-01T02:00:00.000Z,COL,MIN,5.5,-135,114
2025-03-01,2025-03-01T17:30:00.000Z,WSH,TB,5.5,-125,105
2025-03-01,2025-03-01T17:30:00.000Z,NYI,NSH,5.5,-115,-105
2025-03-01,2025-03-01T20:00:00.000Z,PIT,BOS,6.5,110,-130
2025-03-01,2025-03-01T20:00:00.000Z,FLA,CGY,5.5,-120,-100
2025-03-01,2025-03-01T23:00:00.000Z,CBJ,DET,5.5,-124,102
2025-03-01,2025-03-02T00:00:00.000Z,OTT,SJ,5.5,-130,110
2025-03-01,2025-03-02T00:00:00.000Z,CAR,EDM,6.5,105,-125
2025-03-01,2025-03-02T00:00:00.000Z,BUF,MTL,6.5,114,-135
2025-03-01,2025-03-02T00:00:00.000Z,WPG,PHI,5.5,-115,-105
2025-03-01,2025-03-02T01:00:00.000Z,STL,LA,5.5,-120,-100
2025-03-01,2025-03-02T02:00:00.000Z,UTA,NJ,5.5,-135,114
2025-03-01,2025-03-02T03:00:00.000Z,ANA,CHI,5.5,-135,114
2025-03-01,2025-03-02T03:00:00.000Z,SEA,VAN,5.5,-110,-110
2025-03-02,2025-03-02T18:00:00.000Z,PIT,TOR,6.5,-105,-115
2025-03-02,2025-03-02T20:30:00.000Z,MIN,BOS,5.5,-120,100
2025-03-02,2025-03-02T22:00:00.000Z,CAR,CGY,5.5,-120,100
2025-03-02,2025-03-02T23:00:00.000Z,DAL,STL,5.5,-125,105
2025-03-02,2025-03-03T00:00:00.000Z,NYR,NSH,5.5,-125,105
2025-03-02,2025-03-03T01:00:00.000Z,VGK,NJ,5.5,-130,110
2025-03-03,2025-03-03T23:30:00.000Z,WSH,OTT,5.5,-120,-100
2025-03-03,2025-03-04T00:00:00.000Z,NYR,NYI,5.5,-120,-100
2025-03-03,2025-03-04T00:00:00.000Z,FLA,TB,5.5,-120,-100
2025-03-03,2025-03-04T00:00:00.000Z,MTL,BUF,5.5,-120,-100
2025-03-03,2025-03-04T00:30:00.000Z,TOR,SJ,6.5,110,-130
2025-03-03,2025-03-04T01:30:00.000Z,CHI,LA,5.5,-125,105
2025-03-04,2025-03-05T00:00:00.000Z,TB,CBJ,6.5,-110,-110
2025-03-04,2025-03-05T00:00:00.000Z,DET,CAR,5.5,-130,110
2025-03-04,2025-03-05T00:00:00.000Z,BUF,SJ,6.5,-100,-120
2025-03-04,2025-03-05T00:00:00.000Z,BOS,NSH,5.5,-105,-115
2025-03-04,2025-03-05T00:00:00.000Z,PHI,CGY,5.5,-115,-105
2025-03-04,2025-03-05T00:30:00.000Z,NYI,WPG,5.5,-110,-110
2025-03-04,2025-03-05T01:00:00.000Z,DAL,NJ,5.5,-130,110
2025-03-04,2025-03-05T02:00:00.000Z,EDM,ANA,5.5,-141,-100
2025-03-04,2025-03-05T02:00:00.000Z,COL,PIT,6.5,110,-134
2025-03-04,2025-03-05T03:00:00.000Z,SEA,MIN,5.5,-125,-105
2025-03-05,2025-03-06T00:30:00.000Z,CHI,OTT,5.5,-125,105
2025-03-05,2025-03-06T00:30:00.000Z,NYR,WSH,5.5,-120,100
2025-03-05,2025-03-06T03:00:00.000Z,VGK,TOR,6.5,110,-130
2025-03-05,2025-03-06T03:30:00.000Z,VAN,ANA,5.5,-105,-115
2025-03-05,2025-03-06T03:30:00.000Z,LA,STL,5.5,-115,-105
2025-03-06,2025-03-07T00:00:00.000Z,TB,BUF,6.5,110,-152
2025-03-06,2025-03-07T00:00:00.000Z,FLA,CBJ,6.5,105,-147
2025-03-06,2025-03-07T00:00:00.000Z,PHI,WPG,5.5,-147,105
2025-03-06,2025-03-07T00:00:00.000Z,CAR,BOS,5.5,-125,-105
2025-03-06,2025-03-07T00:00:00.000Z,DET,UTA,6.5,105,-147
2025-03-06,2025-03-07T01:00:00.000Z,DAL,CGY,5.5,-152,110
2025-03-06,2025-03-07T01:00:00.000Z,NSH,SEA,5.5,-125,-105
2025-03-06,2025-03-07T02:00:00.000Z,EDM,MTL,6.5,-100,-135
2025-03-06,2025-03-07T02:30:00.000Z,COL,SJ,6.5,110,-152
2025-03-07,2025-03-08T00:00:00.000Z,NJ,WPG,5.5,-125,-105
2025-03-07,2025-03-08T00:00:00.000Z,WSH,DET,5.5,-147,105
2025-03-07,2025-03-08T01:30:00.000Z,CHI,UTA,6.5,-105,-125
2025-03-07,2025-03-08T03:00:00.000Z,ANA,STL,5.5,-116,-105
2025-03-07,2025-03-08T03:00:00.000Z,VAN,MIN,5.5,-100,-122
2025-03-07,2025-03-08T03:00:00.000Z,VGK,PIT,6.5,-105,-125
2025-03-08,2025-03-08T17:30:00.000Z,PHI,SEA,5.5,-120,-100
2025-03-08,2025-03-08T17:30:00.000Z,OTT,NYR,5.5,-125,105
2025-03-08,2025-03-08T20:00:00.000Z,TB,BOS,5.5,-110,-110
2025-03-08,2025-03-08T23:00:00.000Z,FLA,BUF,6.5,114,-135
2025-03-08,2025-03-09T00:00:00.000Z,COL,TOR,6.5,114,-135
2025-03-08,2025-03-09T00:00:00.000Z,CGY,MTL,5.5,-120,-100
2025-03-08,2025-03-09T01:00:00.000Z,LA,STL,5.5,-115,-105
2025-03-08,2025-03-09T01:00:00.000Z,NSH,CHI,6.5,114,-135
2025-03-08,2025-03-09T03:00:00.000Z,EDM,DAL,5.5,-130,110
2025-03-08,2025-03-09T03:00:00.000Z,SJ,NYI,5.5,-130,110
2025-03-09,2025-03-09T17:00:00.000Z,PHI,NJ,5.5,-120,-100
2025-03-09,2025-03-09T19:30:00.000Z,WSH,SEA,5.5,-125,105
2025-03-09,2025-03-09T19:30:00.000Z,MIN,PIT,6.5,110,-130
2025-03-09,2025-03-09T21:00:00.000Z,CAR,WPG,5.5,-120,-100
2025-03-09,2025-03-09T22:00:00.000Z,NYR,CBJ,6.5,105,-125
2025-03-09,2025-03-10T00:00:00.000Z,VGK,LA,5.5,-120,-100
2025-03-09,2025-03-10T01:00:00.000Z,ANA,NYI,5.5,-115,-105
2025-03-09,2025-03-10T01:00:00.000Z,VAN,DAL,5.5,-120,-100
2025-03-10,2025-03-10T23:00:00.000Z,BUF,EDM,6.5,105,-125
2025-03-10,2025-03-10T23:30:00.000Z,OTT,DET,5.5,-125,105
2025-03-10,2025-03-11T01:00:00.000Z,COL,CHI,6.5,110,-130
2025-03-10,2025-03-11T02:00:00.000Z,UTA,TOR,5.5,-125,105
2025-03-11,2025-03-11T23:00:00.000Z,NJ,CBJ,6.5,-105,-115
2025-03-11,2025-03-11T23:00:00.000Z,PIT,VGK,6.5,-100,-120
2025-03-11,2025-03-11T23:00:00.000Z,BOS,FLA,5.5,-115,-105
2025-03-11,2025-03-11T23:00:00.000Z,PHI,OTT,5.5,-110,-110
2025-03-11,2025-03-11T23:30:00.000Z,CAR,TB,5.5,-125,105
2025-03-11,2025-03-12T00:00:00.000Z,MIN,COL,5.5,-125,105
2025-03-11,2025-03-12T00:00:00.000Z,WPG,NYR,5.5,-120,-100
2025-03-11,2025-03-12T02:00:00.000Z,VAN,MTL,5.5,-110,-110
2025-03-11,2025-03-12T02:00:00.000Z,ANA,WSH,5.5,-115,-105
2025-03-11,2025-03-12T02:30:00.000Z,SJ,NSH,5.5,-120,-100
2025-03-11,2025-03-12T02:30:00.000Z,LA,NYI,5.5,-110,-110
2025-03-12,2025-03-12T23:30:00.000Z,DET,BUF,5.5,-130,110
2025-03-12,2025-03-13T01:00:00.000Z,CGY,VAN,5.5,-105,-115
2025-03-12,2025-03-13T02:00:00.000Z,UTA,ANA,5.5,-120,-100
2025-03-12,2025-03-13T02:30:00.000Z,SEA,MTL,5.5,-115,-105
2025-03-13,2025-03-13T23:00:00.000Z,TOR,FLA,5.5,-130,110
2025-03-13,2025-03-13T23:00:00.000Z,OTT,BOS,5.5,-105,-115
2025-03-13,2025-03-13T23:00:00.000Z,PHI,TB,5.5,-130,110
2025-03-13,2025-03-13T23:00:00.000Z,CBJ,VGK,6.5,105,-125
2025-03-13,2025-03-13T23:00:00.000Z,PIT,STL,6.5,110,-130
2025-03-13,2025-03-13T23:30:00.000Z,NJ,EDM,6.5,-100,-120
2025-03-13,2025-03-14T00:00:00.000Z,MIN,NYR,5.5,-120,-100
2025-03-13,2025-03-14T02:30:00.000Z,LA,WSH,5.5,-125,105
2025-03-13,2025-03-14T02:30:00.000Z,SJ,CHI,6.5,114,-135
2025-03-14,2025-03-14T23:00:00.000Z,CAR,DET,5.5,-130,106
2025-03-14,2025-03-14T23:30:00.000Z,NYI,EDM,6.5,110,-134
2025-03-14,2025-03-15T00:00:00.000Z,WPG,DAL,5.5,-110,-110
2025-03-14,2025-03-15T01:00:00.000Z,CGY,COL,5.5,-134,110
2025-03-14,2025-03-15T02:00:00.000Z,ANA,NSH,6.5,112,-138
2025-03-14,2025-03-15T02:00:00.000Z,SEA,UTA,5.5,-134,110
2025-03-15,2025-03-15T16:30:00.000Z,BUF,VGK,6.5,110,-130
2025-03-15,2025-03-15T19:00:00.000Z,PIT,NJ,5.5,-130,110
2025-03-15,2025-03-15T21:00:00.000Z,SJ,WSH,5.5,-130,110
2025-03-15,2025-03-15T23:00:00.000Z,BOS,TB,5.5,-120,-100
2025-03-15,2025-03-15T23:00:00.000Z,CBJ,NYR,6.5,114,-135
2025-03-15,2025-03-15T23:00:00.000Z,PHI,CAR,5.5,-130,110
2025-03-15,2025-03-15T23:00:00.000Z,TOR,OTT,6.5,110,-130
2025-03-15,2025-03-15T23:00:00.000Z,MTL,FLA,5.5,-130,110
2025-03-15,2025-03-16T00:00:00.000Z,LA,NSH,5.5,-115,-105
2025-03-15,2025-03-16T00:00:00.000Z,MIN,STL,5.5,-110,-110
2025-03-15,2025-03-16T02:00:00.000Z,VAN,CHI,5.5,-130,110
2025-03-16,2025-03-16T17:00:00.000Z,DET,VGK,6.5,114,-140
2025-03-16,2025-03-16T19:30:00.000Z,COL,DAL,5.5,-140,114
2025-03-16,2025-03-16T23:00:00.000Z,NYR,EDM,6.5,-105,-115
2025-03-16,2025-03-16T23:30:00.000Z,NYI,FLA,5.5,-128,104
2025-03-16,2025-03-17T00:00:00.000Z,STL,ANA,5.5,-122,-100
2025-03-16,2025-03-17T00:00:00.000Z,VAN,UTA,5.5,-134,110
2025-03-16,2025-03-17T01:00:00.000Z,SEA,WPG,5.5,-100,-122
2025-03-17,2025-03-17T23:00:00.000Z,CBJ,NJ,6.5,116,-142
2025-03-17,2025-03-17T23:00:00.000Z,TB,PHI,5.5,-152,110
2025-03-17,2025-03-17T23:00:00.000Z,BOS,BUF,5.5,-125,-105
2025-03-17,2025-03-17T23:30:00.000Z,TOR,CGY,6.5,105,-147
2025-03-17,2025-03-18T00:00:00.000Z,MIN,LA,5.5,-105,-125
2025-03-18,2025-03-18T23:00:00.000Z,PIT,NYI,5.5,-130,110
2025-03-18,2025-03-18T23:00:00.000Z,MTL,OTT,5.5,-120,-100
2025-03-18,2025-03-18T23:00:00.000Z,WSH,DET,6.5,110,-130
2025-03-18,2025-03-18T23:00:00.000Z,NYR,CGY,5.5,-120,-100
2025-03-18,2025-03-19T00:00:00.000Z,DAL,ANA,5.5,-120,-100
2025-03-18,2025-03-19T00:00:00.000Z,NSH,STL,5.5,-110,-110
2025-03-18,2025-03-19T00:30:00.000Z,CHI,SEA,5.5,-125,105
2025-03-18,2025-03-19T01:00:00.000Z,EDM,UTA,5.5,-135,114
2025-03-18,2025-03-19T02:00:00.000Z,VAN,WPG,5.5,-120,-100
2025-03-19,2025-03-19T23:00:00.000Z,TOR,COL,6.5,112,-138
2025-03-19,2025-03-20T01:30:00.000Z,MIN,SEA,5.5,-128,104
2025-03-20,2025-03-20T23:00:00.000Z,OTT,COL,6.5,105,-125
2025-03-20,2025-03-20T23:00:00.000Z,NJ,CGY,5.5,-125,105
2025-03-20,2025-03-20T23:00:00.000Z,NYR,TOR,5.5,-120,-100
2025-03-20,2025-03-20T23:00:00.000Z,WSH,PHI,5.5,-120,-100
2025-03-20,2025-03-20T23:00:00.000Z,CBJ,FLA,5.5,-125,105
2025-03-20,2025-03-20T23:30:00.000Z,STL,VAN,5.5,-125,105
2025-03-20,2025-03-20T23:30:00.000Z,NYI,MTL,5.5,-110,-110
2025-03-20,2025-03-21T00:00:00.000Z,NSH,ANA,5.5,-110,-110
2025-03-20,2025-03-21T00:00:00.000Z,DAL,TB,5.5,-120,-100
2025-03-20,2025-03-21T00:30:00.000Z,CHI,LA,5.5,-120,-100
2025-03-20,2025-03-21T01:00:00.000Z,EDM,WPG,6.5,114,-135
2025-03-20,2025-03-21T01:00:00.000Z,UTA,BUF,6.5,110,-130
2025-03-20,2025-03-21T02:00:00.000Z,VGK,BOS,5.5,-135,114
2025-03-20,2025-03-21T02:30:00.000Z,SJ,CAR,6.5,114,-135
2025-03-21,2025-03-21T23:00:00.000Z,PIT,CBJ,5.5,-135,114
2025-03-22,2025-03-22T17:00:00.000Z,NYR,VAN,5.5,-125,105
2025-03-22,2025-03-22T18:00:00.000Z,DAL,PHI,5.5,-120,-100
2025-03-22,2025-03-22T18:00:00.000Z,MIN,BUF,5.5,-125,105
2025-03-22,2025-03-22T19:00:00.000Z,STL,CHI,5.5,-135,114
2025-03-22,2025-03-22T20:00:00.000Z,LA,CAR,5.5,-110,-110
2025-03-22,2025-03-22T20:00:00.000Z,NYI,CGY,5.5,-110,-110
2025-03-22,2025-03-22T21:00:00.000Z,UTA,TB,5.5,-130,110
2025-03-22,2025-03-22T21:00:00.000Z,WSH,FLA,5.5,-135,114
2025-03-22,2025-03-22T23:00:00.000Z,NSH,TOR,5.5,-120,-100
2025-03-22,2025-03-22T23:00:00.000Z,MTL,COL,5.5,-135,114
2025-03-22,2025-03-22T23:00:00.000Z,NJ,OTT,5.5,-130,110
2025-03-22,2025-03-23T00:00:00.000Z,VGK,DET,5.5,-130,110
2025-03-22,2025-03-23T02:00:00.000Z,EDM,SEA,6.5,110,-130
2025-03-22,2025-03-23T02:30:00.000Z,SJ,BOS,5.5,-120,-100
2025-03-23,2025-03-23T19:00:00.000Z,WPG,BUF,5.5,-130,110
2025-03-23,2025-03-23T19:00:00.000Z,CHI,PHI,5.5,-130,110
2025-03-23,2025-03-23T22:00:00.000Z,STL,NSH,5.5,-125,105
2025-03-23,2025-03-23T22:00:00.000Z,FLA,PIT,6.5,110,-130
2025-03-23,2025-03-24T00:00:00.000Z,VGK,TB,6.5,114,-135
2025-03-23,2025-03-24T00:00:00.000Z,ANA,CAR,5.5,-130,110
2025-03-23,2025-03-24T01:00:00.000Z,LA,BOS,5.5,-105,-115
2025-03-24,2025-03-24T23:30:00.000Z,NYI,CBJ,5.5,-147,105
2025-03-24,2025-03-24T23:30:00.000Z,NJ,VAN,5.5,-105,-125
2025-03-24,2025-03-25T00:00:00.000Z,DAL,MIN,5.5,-116,-105
2025-03-24,2025-03-25T01:00:00.000Z,UTA,DET,5.5,-147,105
2025-03-25,2025-03-25T23:00:00.000Z,TOR,PHI,5.5,-130,110
2025-03-25,2025-03-25T23:00:00.000Z,BUF,OTT,6.5,110,-130
2025-03-25,2025-03-25T23:00:00.000Z,TB,PIT,6.5,-105,-115
2025-03-25,2025-03-25T23:00:00.000Z,CAR,NSH,5.5,-125,105
2025-03-25,2025-03-26T00:00:00.000Z,STL,MTL,5.5,-120,-100
2025-03-25,2025-03-26T00:00:00.000Z,MIN,VGK,5.5,-125,105
2025-03-25,2025-03-26T00:00:00.000Z,WPG,WSH,5.5,-115,-105
2025-03-25,2025-03-26T01:00:00.000Z,CGY,SEA,5.5,-110,-110
2025-03-25,2025-03-26T01:00:00.000Z,COL,DET,6.5,110,-130
2025-03-25,2025-03-26T02:30:00.000Z,LA,NYR,5.5,-115,-105
2025-03-26,2025-03-26T23:30:00.000Z,NYI,VAN,5.5,105,-125
2025-03-26,2025-03-26T23:30:00.000Z,CHI,NJ,5.5,-100,-120
2025-03-26,2025-03-27T02:00:00.000Z,ANA,BOS,5.5,-110,-110
2025-03-26,2025-03-27T02:00:00.000Z,EDM,DAL,5.5,-125,105
2025-03-27,2025-03-27T23:00:00.000Z,TB,UTA,6.5,114,-135
2025-03-27,2025-03-27T23:00:00.000Z,BUF,PIT,6.5,114,-135
2025-03-27,2025-03-27T23:00:00.000Z,PHI,MTL,5.5,-130,110
2025-03-27,2025-03-27T23:00:00.000Z,DET,OTT,5.5,-125,105
2025-03-27,2025-03-27T23:30:00.000Z,MIN,WSH,5.5,-110,-110
2025-03-27,2025-03-28T00:00:00.000Z,NSH,STL,5.5,-110,-110
2025-03-27,2025-03-28T01:00:00.000Z,CGY,DAL,5.5,-125,-105
2025-03-27,2025-03-28T02:00:00.000Z,SEA,EDM,5.5,-141,-100
2025-03-27,2025-03-28T02:00:00.000Z,COL,LA,5.5,-135,114
2025-03-27,2025-03-28T02:30:00.000Z,SJ,TOR,6.5,110,-152
2025-03-28,2025-03-28T23:00:00.000Z,CAR,MTL,5.5,-134,110
2025-03-28,2025-03-28T23:00:00.000Z,FLA,UTA,5.5,-122,-100
2025-03-28,2025-03-28T23:00:00.000Z,CBJ,VAN,5.5,-132,108
2025-03-28,2025-03-29T00:00:00.000Z,WPG,NJ,5.5,-108,-112
2025-03-28,2025-03-29T00:30:00.000Z,CHI,VGK,5.5,-140,114
2025-03-28,2025-03-29T02:00:00.000Z,ANA,NYR,5.5,-140,114
2025-03-29,2025-03-29T17:00:00.000Z,PHI,BUF,5.5,-130,110
2025-03-29,2025-03-29T18:00:00.000Z,TB,NYI,5.5,-125,105
2025-03-29,2025-03-29T20:30:00.000Z,COL,STL,5.5,-125,105
2025-03-29,2025-03-29T22:00:00.000Z,MIN,NJ,5.5,-120,-100
2025-03-29,2025-03-29T22:30:00.000Z,NSH,VGK,5.5,-142,120
2025-03-29,2025-03-29T23:00:00.000Z,OTT,CBJ,5.5,-142,120
2025-03-29,2025-03-29T23:00:00.000Z,LA,TOR,5.5,-110,-110
2025-03-29,2025-03-30T00:00:00.000Z,DET,BOS,5.5,-125,105
2025-03-29,2025-03-30T02:00:00.000Z,EDM,CGY,5.5,-142,120
2025-03-29,2025-03-30T02:30:00.000Z,SJ,NYR,6.5,105,-125
2025-03-29,2025-03-30T02:30:00.000Z,SEA,DAL,5.5,-120,-100
2025-03-30,2025-03-30T17:00:00.000Z,FLA,MTL,5.5,-125,105
2025-03-30,2025-03-30T19:00:00.000Z,WSH,BUF,5.5,-120,-100
2025-03-30,2025-03-30T19:00:00.000Z,WPG,VAN,5.5,-110,-110
2025-03-30,2025-03-30T20:00:00.000Z,CHI,UTA,5.5,-125,105
2025-03-30,2025-03-30T21:00:00.000Z,PIT,OTT,6.5,105,-125
2025-03-30,2025-03-30T21:00:00.000Z,CAR,NYI,5.5,-130,110
2025-03-30,2025-03-31T00:00:00.000Z,ANA,TOR,5.5,-125,105
2025-03-30,2025-03-31T02:00:00.000Z,LA,SJ,5.5,-120,-100
2025-03-31,2025-03-31T23:00:00.000Z,NJ,MIN,5.5,110,-130
2025-03-31,2025-03-31T23:00:00.000Z,PHI,NSH,5.5,-115,-105
2025-03-31,2025-04-01T00:30:00.000Z,COL,CGY,5.5,-125,105
2025-03-31,2025-04-01T02:00:00.000Z,SEA,DAL,5.5,-125,105
2025-04-01,2025-04-01T23:00:00.000Z,MTL,FLA,5.5,-147,105
2025-04-01,2025-04-01T23:00:00.000Z,CBJ,NSH,6.5,102,-124
2025-04-01,2025-04-01T23:00:00.000Z,OTT,BUF,5.5,-134,110
2025-04-01,2025-04-01T23:00:00.000Z,BOS,WSH,5.5,-114,-106
2025-04-01,2025-04-01T23:30:00.000Z,NYI,TB,5.5,-130,106
2025-04-01,2025-04-02T00:00:00.000Z,STL,DET,5.5,-115,-105
2025-04-01,2025-04-02T01:00:00.000Z,UTA,CGY,6.5,105,-147
2025-04-01,2025-04-02T02:00:00.000Z,ANA,SJ,5.5,-147,105
2025-04-01,2025-04-02T02:00:00.000Z,VGK,EDM,5.5,-138,112
2025-04-01,2025-04-02T02:30:00.000Z,LA,WPG,5.5,105,-147
2025-04-02,2025-04-02T23:00:00.000Z,CAR,WSH,5.5,-105,-116
2025-04-02,2025-04-02T23:00:00.000Z,NYR,MIN,5.5,-105,-116
2025-04-02,2025-04-02T23:30:00.000Z,TOR,FLA,5.5,-135,-100
2025-04-02,2025-04-03T01:30:00.000Z,CHI,COL,6.5,110,-152
2025-04-02,2025-04-03T02:30:00.000Z,VAN,SEA,5.5,-100,-135
2025-04-03,2025-04-03T23:00:00.000Z,MTL,BOS,5.5,-110,-110
2025-04-03,2025-04-03T23:00:00.000Z,OTT,TB,5.5,-130,110
2025-04-03,2025-04-03T23:30:00.000Z,CBJ,COL,6.5,-105,-115
2025-04-03,2025-04-04T00:00:00.000Z,STL,PIT,5.5,-120,-100
2025-04-03,2025-04-04T00:00:00.000Z,DAL,NSH,5.5,-115,-105
2025-04-03,2025-04-04T01:00:00.000Z,UTA,LA,5.5,-110,-110
2025-04-03,2025-04-04T01:30:00.000Z,CGY,ANA,5.5,-110,-110
2025-04-03,2025-04-04T02:00:00.000Z,VGK,WPG,5.5,-125,105
2025-04-03,2025-04-04T02:30:00.000Z,SJ,EDM,6.5,110,-130
2025-04-04,2025-04-04T23:00:00.000Z,WSH,CHI,6.5,110,-130
2025-04-04,2025-04-04T23:00:00.000Z,DET,CAR,5.5,-135,114
2025-04-04,2025-04-04T23:30:00.000Z,NYI,MIN,5.5,-110,-110
2025-04-05,2025-04-05T16:30:00.000Z,NJ,NYR,5.5,-110,-110
2025-04-05,2025-04-05T18:00:00.000Z,OTT,FLA,5.5,-110,-110
2025-04-05,2025-04-05T19:00:00.000Z,DAL,PIT,5.5,-125,105
2025-04-05,2025-04-05T20:00:00.000Z,LA,EDM,5.5,-110,-110
2025-04-05,2025-04-05T20:00:00.000Z,VAN,ANA,5.5,-120,-100
2025-04-05,2025-04-05T23:00:00.000Z,UTA,WPG,5.5,-110,-110
2025-04-05,2025-04-05T23:00:00.000Z,BOS,CAR,5.5,-135,114
2025-04-05,2025-04-05T23:00:00.000Z,MTL,PHI,5.5,-130,110
2025-04-05,2025-04-05T23:00:00.000Z,BUF,TB,6.5,110,-130
2025-04-05,2025-04-05T23:00:00.000Z,TOR,CBJ,6.5,110,-130
2025-04-05,2025-04-05T23:00:00.000Z,STL,COL,5.5,-120,-100
2025-04-05,2025-04-06T02:00:00.000Z,CGY,VGK,5.5,-120,-100
2025-04-05,2025-04-06T02:00:00.000Z,SJ,SEA,5.5,-135,114
2025-04-06,2025-04-06T16:30:00.000Z,NYI,WSH,5.5,-125,105
2025-04-06,2025-04-06T19:00:00.000Z,MIN,DAL,5.5,-105,-115
2025-04-06,2025-04-06T21:00:00.000Z,OTT,CBJ,5.5,-135,114
2025-04-06,2025-04-06T21:30:00.000Z,DET,FLA,5.5,-125,105
2025-04-06,2025-04-06T22:00:00.000Z,CHI,PIT,5.5,-120,-100
2025-04-06,2025-04-06T22:00:00.000Z,BUF,BOS,5.5,-130,110
2025-04-06,2025-04-06T23:00:00.000Z,NSH,MTL,5.5,-142,120
2025-04-06,2025-04-07T02:00:00.000Z,VAN,VGK,5.5,-125,105
2025-04-07,2025-04-07T23:00:00.000Z,NYR,TB,5.5,-134,110
2025-04-07,2025-04-07T23:30:00.000Z,WPG,STL,5.5,104,-128
2025-04-07,2025-04-08T02:30:00.000Z,ANA,EDM,6.5,-104,-118
2025-04-07,2025-04-08T02:30:00.000Z,LA,SEA,5.5,-112,-108
2025-04-07,2025-04-08T02:30:00.000Z,SJ,CGY,6.5,110,-134
2025-04-08,2025-04-08T23:00:00.000Z,CBJ,OTT,6.5,114,-135
2025-04-08,2025-04-08T23:00:00.000Z,FLA,TOR,5.5,-120,-100
2025-04-08,2025-04-08T23:00:00.000Z,MTL,DET,5.5,-120,-100
2025-04-08,2025-04-08T23:00:00.000Z,NJ,BOS,5.5,-120,-100
2025-04-08,2025-04-08T23:00:00.000Z,PIT,CHI,5.5,-120,-100
2025-04-08,2025-04-08T23:00:00.000Z,BUF,CAR,6.5,110,-130
2025-04-08,2025-04-09T00:00:00.000Z,NSH,NYI,5.5,-110,-110
2025-04-08,2025-04-09T00:00:00.000Z,DAL,VAN,5.5,-120,-100
2025-04-08,2025-04-09T01:00:00.000Z,UTA,SEA,5.5,-110,-110
2025-04-08,2025-04-09T01:30:00.000Z,COL,VGK,6.5,114,-135
2025-04-09,2025-04-09T23:00:00.000Z,TB,TOR,5.5,-130,110
2025-04-09,2025-04-09T23:30:00.000Z,NYR,PHI,5.5,-115,-105
2025-04-09,2025-04-10T00:00:00.000Z,MIN,SJ,5.5,-120,-100
2025-04-09,2025-04-10T02:00:00.000Z,EDM,STL,5.5,-125,105
2025-04-09,2025-04-10T02:00:00.000Z,ANA,CGY,5.5,-115,-105
2025-04-10,2025-04-10T23:00:00.000Z,FLA,DET,5.5,-130,110
2025-04-10,2025-04-10T23:00:00.000Z,CBJ,BUF,6.5,-100,-120
2025-04-10,2025-04-10T23:00:00.000Z,BOS,CHI,5.5,-130,110
2025-04-10,2025-04-10T23:30:00.000Z,NYI,NYR,5.5,-110,-110
2025-04-10,2025-04-10T23:30:00.000Z,WSH,CAR,5.5,-125,105
2025-04-10,2025-04-11T00:00:00.000Z,DAL,WPG,5.5,-110,-110
2025-04-10,2025-04-11T01:00:00.000Z,UTA,NSH,5.5,-120,-100
2025-04-10,2025-04-11T01:00:00.000Z,COL,VAN,5.5,-125,105
2025-04-10,2025-04-11T02:00:00.000Z,LA,ANA,5.5,-115,-105
2025-04-10,2025-04-11T02:00:00.000Z,VGK,SEA,5.5,-120,-100
2025-04-11,2025-04-11T23:00:00.000Z,NJ,PIT,5.5,-120,-100
2025-04-11,2025-04-11T23:00:00.000Z,TB,DET,6.5,110,-130
2025-04-11,2025-04-11T23:00:00.000Z,OTT,MTL,5.5,-120,-100
2025-04-11,2025-04-12T01:30:00.000Z,EDM,SJ,6.5,-115,-105
2025-04-11,2025-04-12T02:00:00.000Z,CGY,MIN,5.5,-125,105
2025-04-12,2025-04-12T16:30:00.000Z,PHI,NYI,5.5,-110,-110
2025-04-12,2025-04-12T16:30:00.000Z,CBJ,WSH,5.5,-135,114
2025-04-12,2025-04-12T19:00:00.000Z,CAR,NYR,5.5,-115,-105
2025-04-12,2025-04-12T20:00:00.000Z,LA,COL,5.5,-110,-110
2025-04-12,2025-04-12T22:00:00.000Z,FLA,BUF,6.5,120,-142
2025-04-12,2025-04-12T23:00:00.000Z,CHI,WPG,5.5,-120,-100
2025-04-12,2025-04-12T23:00:00.000Z,TOR,MTL,5.5,-130,110
2025-04-12,2025-04-13T00:00:00.000Z,DAL,UTA,5.5,-120,-100
2025-04-12,2025-04-13T02:00:00.000Z,VGK,NSH,5.5,-125,105
2025-04-12,2025-04-13T02:00:00.000Z,SEA,STL,5.5,-110,-110
2025-04-12,2025-04-13T02:00:00.000Z,VAN,MIN,5.5,-110,-110
2025-04-13,2025-04-13T17:00:00.000Z,OTT,PHI,5.5,-115,-105
2025-04-13,2025-04-13T17:00:00.000Z,NJ,NYI,5.5,-120,-100
2025-04-13,2025-04-13T19:30:00.000Z,PIT,BOS,5.5,-125,105
2025-04-13,2025-04-13T21:00:00.000Z,CAR,TOR,5.5,-115,-105
2025-04-13,2025-04-13T22:00:00.000Z,TB,BUF,6.5,105,-125
2025-04-13,2025-04-13T22:00:00.000Z,WSH,CBJ,6.5,-100,-120
2025-04-13,2025-04-13T23:00:00.000Z,WPG,EDM,5.5,-120,-100
2025-04-13,2025-04-14T00:00:00.000Z,CGY,SJ,5.5,-120,-100
2025-04-13,2025-04-14T02:00:00.000Z,ANA,COL,5.5,-110,-110
2025-04-14,2025-04-14T23:00:00.000Z,MTL,CHI,5.5,-125,105
2025-04-14,2025-04-14T23:00:00.000Z,FLA,NYR,5.5,-125,105
2025-04-14,2025-04-14T23:00:00.000Z,DET,DAL,6.5,110,-130
2025-04-14,2025-04-15T00:00:00.000Z,NSH,UTA,5.5,-125,105
2025-04-14,2025-04-15T02:00:00.000Z,EDM,LA,5.5,-110,-110
2025-04-14,2025-04-15T02:00:00.000Z,VAN,SJ,5.5,-120,-100
2025-04-15,2025-04-15T23:00:00.000Z,PHI,CBJ,6.5,105,-125
2025-04-15,2025-04-15T23:00:00.000Z,OTT,CHI,5.5,-120,-100
2025-04-15,2025-04-15T23:00:00.000Z,BOS,NJ,5.5,-115,-105
2025-04-15,2025-04-15T23:00:00.000Z,BUF,TOR,6.5,110,-130
2025-04-15,2025-04-15T23:30:00.000Z,TB,FLA,5.5,-125,105
2025-04-15,2025-04-15T23:30:00.000Z,NYI,WSH,5.5,-125,105
2025-04-15,2025-04-16T00:00:00.000Z,MIN,ANA,5.5,-120,-100
2025-04-15,2025-04-16T00:00:00.000Z,STL,UTA,5.5,-125,105
2025-04-15,2025-04-16T01:00:00.000Z,CGY,VGK,5.5,-120,-100
2025-04-15,2025-04-16T02:30:00.000Z,SEA,LA,5.5,-115,-105
2025-04-16,2025-04-16T23:00:00.000Z,WPG,ANA,5.5,-130,108
2025-04-16,2025-04-16T23:00:00.000Z,MTL,CAR,5.5,-130,106
2025-04-16,2025-04-16T23:30:00.000Z,NJ,DET,5.5,-104,-118
2025-04-16,2025-04-17T00:00:00.000Z,NSH,DAL,6.5,112,-138
2025-04-16,2025-04-17T02:00:00.000Z,VAN,VGK,5.5,-106,-114
2025-04-16,2025-04-17T02:30:00.000Z,SJ,EDM,6.5,-106,-114
2025-04-17,2025-04-17T23:00:00.000Z,NYR,TB,5.5,-125,105
2025-04-17,2025-04-17T23:00:00.000Z,PIT,WSH,5.5,-130,110
2025-04-17,2025-04-17T23:00:00.000Z,TOR,DET,5.5,-120,-100
2025-04-17,2025-04-17T23:00:00.000Z,CBJ,NYI,5.5,-130,110
2025-04-17,2025-04-17T23:00:00.000Z,BUF,PHI,6.5,-100,-120
2025-04-17,2025-04-17T23:00:00.000Z,OTT,CAR,5.5,-125,105
2025-04-17,2025-04-18T01:30:00.000Z,LA,CGY,5.5,-120,-100
2025-04-19,2025-04-19T22:00:00.000Z,WPG,STL,5.5,110,-130
2025-04-19,2025-04-20T00:30:00.000Z,DAL,COL,5.5,-120,-100
2025-04-20,2025-04-20T19:00:00.000Z,CAR,NJ,5.5,110,-130
2025-04-20,2025-04-20T23:00:00.000Z,TOR,OTT,5.5,-110,-110
2025-04-20,2025-04-21T02:00:00.000Z,VGK,MIN,5.5,-115,-105
2025-04-21,2025-04-21T23:00:00.000Z,WSH,MTL,5.5,-115,-105
2025-04-21,2025-04-21T23:30:00.000Z,WPG,STL,5.5,124,-148
2025-04-21,2025-04-22T01:30:00.000Z,DAL,COL,6.5,105,-125
2025-04-21,2025-04-22T02:00:00.000Z,LA,EDM,5.5,100,-120
2025-04-22,2025-04-22T22:00:00.000Z,CAR,NJ,5.5,110,-130
2025-04-22,2025-04-22T23:30:00.000Z,TOR,OTT,5.5,-125,105
2025-04-22,2025-04-23T00:30:00.000Z,TB,FLA,5.5,-105,-115
2025-04-22,2025-04-23T03:00:00.000Z,VGK,MIN,5.5,-100,-120
2025-04-23,2025-04-23T23:00:00.000Z,WSH,MTL,5.5,-130,110
2025-04-23,2025-04-24T01:30:00.000Z,COL,DAL,6.5,-105,-115
2025-04-23,2025-04-24T02:00:00.000Z,LA,EDM,5.5,-110,-110
2025-04-24,2025-04-24T22:30:00.000Z,TB,FLA,5.5,-116,-105
2025-04-24,2025-04-24T23:00:00.000Z,OTT,TOR,5.5,-120,-100
2025-04-24,2025-04-25T01:00:00.000Z,MIN,VGK,5.5,-125,105
2025-04-24,2025-04-25T01:30:00.000Z,STL,WPG,5.5,120,-142
2025-04-25,2025-04-25T23:00:00.000Z,MTL,WSH,5.5,-115,-105
2025-04-25,2025-04-26T00:00:00.000Z,NJ,CAR,5.5,120,-142
2025-04-25,2025-04-26T02:00:00.000Z,EDM,LA,6.5,105,-125
2025-10-01,2025-10-01T23:00:00.000Z,BUF,PIT,5.5,-141,110
2025-10-01,2025-10-02T01:00:00.000Z,VGK,COL,6.5,112,-138
2025-10-01,2025-10-02T01:00:00.000Z,CGY,VAN,5.5,-140,114
2025-10-01,2025-10-02T02:00:00.000Z,SJ,ANA,5.5,-141,110
2025-10-01,2025-10-02T02:00:00.000Z,SEA,EDM,5.5,-140,112
2025-10-02,2025-10-02T23:00:00.000Z,NYR,NJ,6.5,-111,-111
2025-10-02,2025-10-02T23:00:00.000Z,TB,FLA,5.5,-130,110
2025-10-02,2025-10-02T23:00:00.000Z,TOR,DET,5.5,-141,110
2025-10-02,2025-10-02T23:00:00.000Z,WSH,BOS,5.5,-130,106
2025-10-02,2025-10-02T23:00:00.000Z,PHI,NYI,5.5,-132,108
2025-10-02,2025-10-03T00:00:00.000Z,STL,OTT,5.5,-135,115
2025-10-02,2025-10-03T01:00:00.000Z,UTA,LA,5.5,-125,105
2025-10-03,2025-10-03T23:00:00.000Z,PIT,BUF,5.5,-140,114
2025-10-03,2025-10-04T00:00:00.000Z,CHI,MIN,5.5,-134,110
2025-10-03,2025-10-04T01:00:00.000Z,CGY,WPG,5.5,-122,-100
2025-10-03,2025-10-04T02:00:00.000Z,VAN,EDM,5.5,-142,116
2025-10-03,2025-10-04T02:00:00.000Z,VGK,SJ,6.5,116,-142
2025-10-04,2025-10-04T16:30:00.000Z,PHI,NJ,5.5,-111,-111
2025-10-04,2025-10-04T18:00:00.000Z,BOS,NYR,5.5,-111,-111
2025-10-04,2025-10-04T20:00:00.000Z,LA,ANA,5.5,-132,-100
2025-10-04,2025-10-04T20:00:00.000Z,NSH,CAR,5.5,-132,108
2025-10-04,2025-10-04T22:00:00.000Z,DAL,COL,5.5,-132,-100
2025-10-04,2025-10-04T23:00:00.000Z,MTL,OTT,5.5,-130,110
2025-10-04,2025-10-04T23:00:00.000Z,DET,TOR,5.5,-140,114
2025-10-04,2025-10-04T23:00:00.000Z,CHI,STL,5.5,-130,110
2025-10-04,2025-10-04T23:00:00.000Z,FLA,TB,5.5,-130,110
2025-10-04,2025-10-04T23:00:00.000Z,WSH,CBJ,5.5,-140,112
2025-10-04,2025-10-05T00:00:00.000Z,UTA,SJ,5.5,-135,114
2025-10-07,2025-10-07T21:00:00.000Z,FLA,CHI,5.5,-122,-100
2025-10-07,2025-10-08T00:00:00.000Z,NYR,PIT,6.0,100,-120
2025-10-07,2025-10-08T02:30:00.000Z,LA,COL,5.5,-115,-105
2025-10-08,2025-10-08T23:00:00.000Z,TOR,MTL,5.5,-125,105
2025-10-08,2025-10-08T23:30:00.000Z,WSH,BOS,5.5,-110,-110
2025-10-08,2025-10-09T02:00:00.000Z,VGK,LA,5.5,-120,100
2025-10-08,2025-10-09T02:00:00.000Z,EDM,CGY,6.5,100,-120
2025-10-09,2025-10-09T23:00:00.000Z,TB,OTT,6.5,110,-130
2025-10-09,2025-10-09T23:00:00.000Z,PIT,NYI,5.5,-125,105
2025-10-09,2025-10-09T23:00:00.000Z,BOS,CHI,5.5,-115,-105
2025-10-09,2025-10-09T23:00:00.000Z,FLA,PHI,5.5,-110,-110
2025-10-09,2025-10-09T23:00:00.000Z,BUF,NYR,6.5,110,-130
2025-10-09,2025-10-09T23:00:00.000Z,DET,MTL,6.5,110,-130
2025-10-09,2025-10-09T23:30:00.000Z,CAR,NJ,5.5,-115,-105
2025-10-09,2025-10-10T00:00:00.000Z,NSH,CBJ,6.5,110,-130
2025-10-09,2025-10-10T00:00:00.000Z,STL,MIN,5.5,-115,-105
2025-10-09,2025-10-10T00:00:00.000Z,WPG,DAL,5.5,-110,-110
2025-10-09,2025-10-10T01:00:00.000Z,COL,UTA,6.5,100,-120
2025-10-09,2025-10-10T02:00:00.000Z,SEA,ANA,5.5,-120,100
2025-10-09,2025-10-10T02:00:00.000Z,VAN,CGY,5.5,-120,100
2025-10-09,2025-10-10T02:00:00.000Z,SJ,VGK,5.5,-130,110
2025-10-11,2025-10-11T17:30:00.000Z,WPG,LA,5.5,-125,105
2025-10-11,2025-10-11T20:00:00.000Z,CGY,STL,5.5,-125,105
2025-10-11,2025-10-11T23:00:00.000Z,PIT,NYR,5.5,-125,105
2025-10-11,2025-10-11T23:00:00.000Z,NYI,WSH,5.5,-111,-111
2025-10-11,2025-10-11T23:00:00.000Z,TB,NJ,6.5,105,-125
2025-10-11,2025-10-11T23:00:00.000Z,DET,TOR,6.5,105,-125
2025-10-11,2025-10-11T23:00:00.000Z,CAR,PHI,5.5,-132,110
2025-10-11,2025-10-11T23:00:00.000Z,CHI,MTL,5.5,-111,-111
2025-10-11,2025-10-11T23:00:00.000Z,BOS,BUF,6.5,105,-125
2025-10-11,2025-10-11T23:00:00.000Z,FLA,OTT,5.5,-111,-111
2025-10-11,2025-10-12T00:00:00.000Z,NSH,UTA,6.5,105,-125
2025-10-11,2025-10-12T00:00:00.000Z,MIN,CBJ,5.5,-125,105
2025-10-11,2025-10-12T01:00:00.000Z,COL,DAL,5.5,-132,110
2025-10-11,2025-10-12T02:00:00.000Z,SJ,ANA,6.5,105,-125
2025-10-11,2025-10-12T02:00:00.000Z,SEA,VGK,5.5,-132,110
2025-10-11,2025-10-12T02:00:00.000Z,EDM,VAN,6.5,-105,-116
2025-10-12,2025-10-12T23:00:00.000Z,NYR,WSH,5.5,-125,105
2025-10-13,2025-10-13T16:30:00.000Z,BUF,COL,6.5,-116,-105
2025-10-13,2025-10-13T17:00:00.000Z,BOS,TB,6.5,-100,-120
2025-10-13,2025-10-13T17:00:00.000Z,OTT,NSH,6.5,105,-125
2025-10-13,2025-10-13T17:00:00.000Z,NYI,WPG,5.5,-132,110
2025-10-13,2025-10-13T18:00:00.000Z,TOR,DET,6.5,-100,-120
2025-10-13,2025-10-13T23:00:00.000Z,CBJ,NJ,5.5,-125,105
2025-10-13,2025-10-13T23:00:00.000Z,PHI,FLA,5.5,-111,-111
2025-10-13,2025-10-13T23:30:00.000Z,VAN,STL,5.5,-132,110
2025-10-13,2025-10-14T00:00:00.000Z,MIN,LA,5.5,-100,-120
2025-10-13,2025-10-14T00:30:00.000Z,CHI,UTA,6.5,-100,-120
2025-10-14,2025-10-14T23:00:00.000Z,TOR,NSH,6.5,-105,-115
2025-10-14,2025-10-14T23:00:00.000Z,WSH,TB,6.5,105,-125
2025-10-14,2025-10-14T23:00:00.000Z,NYR,EDM,5.5,-125,105
2025-10-14,2025-10-14T23:00:00.000Z,MTL,SEA,5.5,-130,110
2025-10-14,2025-10-15T01:00:00.000Z,CGY,VGK,5.5,-115,-105
2025-10-14,2025-10-15T01:30:00.000Z,DAL,MIN,5.5,-130,110
2025-10-14,2025-10-15T02:00:00.000Z,SJ,CAR,6.5,-105,-115
2025-10-14,2025-10-15T02:30:00.000Z,ANA,PIT,6.5,-100,-120
2025-10-15,2025-10-15T23:00:00.000Z,BUF,OTT,6.5,110,-130
2025-10-15,2025-10-15T23:00:00.000Z,DET,FLA,5.5,-132,110
2025-10-15,2025-10-16T01:30:00.000Z,UTA,CGY,5.5,-120,100
2025-10-15,2025-10-16T01:30:00.000Z,STL,CHI,5.5,-125,105
2025-10-16,2025-10-16T23:00:00.000Z,TOR,NYR,6.5,110,-130
2025-10-16,2025-10-16T23:00:00.000Z,CBJ,COL,6.5,105,-125
2025-10-16,2025-10-16T23:00:00.000Z,MTL,NSH,5.5,-120,-100
2025-10-16,2025-10-16T23:00:00.000Z,PHI,WPG,5.5,-120,-100
2025-10-16,2025-10-16T23:00:00.000Z,OTT,SEA,5.5,-120,-100
2025-10-16,2025-10-16T23:00:00.000Z,NJ,FLA,6.5,105,-125
2025-10-16,2025-10-16T23:30:00.000Z,NYI,EDM,5.5,-125,105
2025-10-16,2025-10-17T00:00:00.000Z,DAL,VAN,5.5,-115,-105
2025-10-16,2025-10-17T02:00:00.000Z,LA,PIT,5.5,-115,-105
2025-10-16,2025-10-17T02:00:00.000Z,ANA,CAR,5.5,-120,-100
2025-10-16,2025-10-17T02:00:00.000Z,VGK,BOS,6.5,110,-130
2025-10-17,2025-10-17T23:00:00.000Z,DET,TB,6.5,105,-125
2025-10-17,2025-10-17T23:00:00.000Z,WSH,MIN,5.5,-125,105
2025-10-17,2025-10-18T00:30:00.000Z,CHI,VAN,6.5,105,-125
2025-10-17,2025-10-18T01:00:00.000Z,UTA,SJ,6.5,105,-125
2025-10-18,2025-10-18T17:00:00.000Z,BUF,FLA,6.5,105,-125
2025-10-18,2025-10-18T19:00:00.000Z,OTT,NYI,6.5,105,-125
2025-10-18,2025-10-18T19:30:00.000Z,NJ,EDM,6.5,110,-130
2025-10-18,2025-10-18T23:00:00.000Z,TOR,SEA,5.5,-147,120
2025-10-18,2025-10-18T23:00:00.000Z,MTL,NYR,5.5,-130,110
2025-10-18,2025-10-18T23:00:00.000Z,WPG,NSH,5.5,-125,105
2025-10-18,2025-10-18T23:00:00.000Z,PHI,MIN,6.5,110,-130
2025-10-18,2025-10-18T23:00:00.000Z,STL,DAL,5.5,-132,110
2025-10-18,2025-10-18T23:00:00.000Z,CBJ,TB,6.5,-110,-110
2025-10-18,2025-10-19T01:00:00.000Z,LA,CAR,5.5,-120,-100
2025-10-18,2025-10-19T01:00:00.000Z,COL,BOS,5.5,-130,110
2025-10-18,2025-10-19T02:00:00.000Z,VGK,CGY,5.5,-147,120
2025-10-18,2025-10-19T02:00:00.000Z,SJ,PIT,6.5,-105,-116
2025-10-19,2025-10-19T16:30:00.000Z,WSH,VAN,5.5,-125,105
2025-10-19,2025-10-19T19:00:00.000Z,DET,EDM,6.5,105,-125
2025-10-19,2025-10-19T23:00:00.000Z,UTA,BOS,5.5,-130,110
2025-10-19,2025-10-19T23:00:00.000Z,CHI,ANA,5.5,-125,105
2025-10-20,2025-10-20T23:00:00.000Z,PHI,SEA,5.5,-125,105
2025-10-20,2025-10-20T23:00:00.000Z,NYR,MIN,5.5,-120,-100
2025-10-20,2025-10-20T23:30:00.000Z,MTL,BUF,6.5,105,-125
2025-10-20,2025-10-21T01:30:00.000Z,CGY,WPG,5.5,-125,105
2025-10-20,2025-10-21T02:00:00.000Z,VGK,CAR,6.5,-105,-116
2025-10-21,2025-10-21T23:00:00.000Z,PIT,VAN,5.5,-132,110
2025-10-21,2025-10-21T23:00:00.000Z,WSH,SEA,5.5,-130,110
2025-10-21,2025-10-21T23:00:00.000Z,OTT,EDM,5.5,-130,110
2025-10-21,2025-10-21T23:00:00.000Z,TOR,NJ,6.5,114,-135
2025-10-21,2025-10-21T23:00:00.000Z,NYI,SJ,5.5,-125,105
2025-10-21,2025-10-21T23:30:00.000Z,BOS,FLA,5.5,-122,102
2025-10-21,2025-10-22T00:00:00.000Z,DAL,CBJ,6.5,105,-125
2025-10-21,2025-10-22T00:00:00.000Z,NSH,ANA,5.5,-120,100
2025-10-21,2025-10-22T00:00:00.000Z,STL,LA,5.5,-115,-105
2025-10-21,2025-10-22T02:00:00.000Z,UTA,COL,6.5,110,-130
2025-10-22,2025-10-22T23:00:00.000Z,NJ,MIN,5.5,-132,110
2025-10-22,2025-10-22T23:30:00.000Z,BUF,DET,6.5,115,-141
2025-10-22,2025-10-23T00:30:00.000Z,CGY,MTL,5.5,-132,110
2025-10-23,2025-10-23T22:45:00.000Z,TB,CHI,6.5,110,-130
2025-10-23,2025-10-23T23:00:00.000Z,FLA,PIT,6.5,105,-125
2025-10-23,2025-10-23T23:00:00.000Z,NYI,DET,5.5,-120,100
2025-10-23,2025-10-23T23:00:00.000Z,BOS,ANA,5.5,-120,-100
2025-10-23,2025-10-23T23:00:00.000Z,OTT,PHI,5.5,-125,105
2025-10-23,2025-10-23T23:00:00.000Z,NYR,SJ,5.5,-130,110
2025-10-23,2025-10-24T00:00:00.000Z,WPG,SEA,5.5,-120,-100
2025-10-23,2025-10-24T00:00:00.000Z,NSH,VAN,5.5,-115,-105
2025-10-23,2025-10-24T00:00:00.000Z,STL,UTA,6.5,110,-130
2025-10-23,2025-10-24T01:00:00.000Z,DAL,LA,5.5,-125,105
2025-10-23,2025-10-24T01:00:00.000Z,EDM,MTL,6.5,-100,-120
2025-10-23,2025-10-24T01:00:00.000Z,COL,CAR,5.5,-130,110
2025-10-24,2025-10-24T23:00:00.000Z,BUF,TOR,6.5,110,-132
2025-10-24,2025-10-24T23:00:00.000Z,CBJ,WSH,6.5,105,-125
2025-10-24,2025-10-24T23:00:00.000Z,NJ,SJ,6.5,120,-147
2025-10-24,2025-10-25T00:00:00.000Z,WPG,CGY,5.5,-120,-100
2025-10-25,2025-10-25T16:30:00.000Z,PHI,NYI,5.5,-130,110
2025-10-25,2025-10-25T19:00:00.000Z,BOS,COL,5.5,-125,105
2025-10-25,2025-10-25T21:00:00.000Z,TB,ANA,5.5,-125,105
2025-10-25,2025-10-25T21:00:00.000Z,TOR,BUF,6.5,105,-125
2025-10-25,2025-10-25T22:00:00.000Z,FLA,VGK,6.5,105,-125
2025-10-25,2025-10-25T22:00:00.000Z,MIN,UTA,5.5,-120,100
2025-10-25,2025-10-25T23:00:00.000Z,DET,STL,5.5,-130,110
2025-10-25,2025-10-25T23:00:00.000Z,PIT,CBJ,6.5,-120,100
2025-10-25,2025-10-25T23:00:00.000Z,VAN,MTL,6.5,105,-125
2025-10-25,2025-10-25T23:00:00.000Z,WSH,OTT,5.5,-130,110
2025-10-25,2025-10-26T00:00:00.000Z,NSH,LA,5.5,-130,110
2025-10-25,2025-10-26T00:00:00.000Z,DAL,CAR,5.5,-142,120
2025-10-25,2025-10-26T02:00:00.000Z,SEA,EDM,6.5,110,-130
2025-10-26,2025-10-26T17:00:00.000Z,NJ,COL,5.5,-135,114
2025-10-26,2025-10-26T21:00:00.000Z,TB,VGK,6.5,110,-130
2025-10-26,2025-10-26T22:00:00.000Z,MIN,SJ,6.5,105,-125
2025-10-26,2025-10-26T22:00:00.000Z,WPG,UTA,5.5,-120,-100
2025-10-26,2025-10-26T23:00:00.000Z,NSH,DAL,5.5,-130,110
2025-10-26,2025-10-26T23:00:00.000Z,CHI,LA,5.5,-120,-100
2025-10-26,2025-10-27T00:00:00.000Z,CGY,NYR,5.5,-120,-100
2025-10-26,2025-10-27T02:00:00.000Z,VAN,EDM,5.5,-135,114
2025-10-27,2025-10-27T23:00:00.000Z,PIT,STL,6.5,105,-125
2025-10-27,2025-10-27T23:30:00.000Z,OTT,BOS,5.5,-125,105
2025-10-28,2025-10-28T22:00:00.000Z,PHI,PIT,5.5,-125,105
2025-10-28,2025-10-28T22:00:00.000Z,TOR,CGY,5.5,-130,110
2025-10-28,2025-10-28T22:30:00.000Z,CAR,VGK,6.5,110,-130
2025-10-28,2025-10-28T22:45:00.000Z,BUF,CBJ,6.5,-110,-110
2025-10-28,2025-10-28T23:00:00.000Z,FLA,ANA,5.5,-130,110
2025-10-28,2025-10-28T23:15:00.000Z,BOS,NYI,5.5,-120,-100
2025-10-28,2025-10-28T23:45:00.000Z,NSH,TB,5.5,-130,110
2025-10-28,2025-10-29T00:00:00.000Z,MIN,WPG,5.5,-130,110
2025-10-28,2025-10-29T00:15:00.000Z,STL,DET,6.5,110,-130
2025-10-28,2025-10-29T00:30:00.000Z,DAL,WSH,5.5,-130,110
2025-10-28,2025-10-29T00:45:00.000Z,CHI,OTT,5.5,-130,110
2025-10-28,2025-10-29T01:00:00.000Z,COL,NJ,6.5,105,-125
2025-10-28,2025-10-29T01:30:00.000Z,EDM,UTA,6.5,-105,-115
2025-10-28,2025-10-29T02:00:00.000Z,VAN,NYR,5.5,-125,105
2025-10-28,2025-10-29T02:30:00.000Z,SEA,MTL,6.5,110,-130
2025-10-28,2025-10-29T03:00:00.000Z,SJ,LA,6.5,110,-130
2025-10-29,2025-10-29T23:30:00.000Z,CBJ,TOR,6.5,105,-125
2025-10-30,2025-10-30T23:00:00.000Z,OTT,CGY,5.5,-130,110
2025-10-30,2025-10-30T23:00:00.000Z,BOS,BUF,6.5,105,-125
2025-10-30,2025-10-30T23:00:00.000Z,PHI,NSH,5.5,-130,110
2025-10-30,2025-10-30T23:00:00.000Z,TB,DAL,6.5,110,-130
2025-10-30,2025-10-30T23:30:00.000Z,CAR,NYI,5.5,-130,110
2025-10-30,2025-10-31T00:00:00.000Z,WPG,CHI,5.5,-130,110
2025-10-30,2025-10-31T00:00:00.000Z,STL,VAN,6.5,110,-130
2025-10-30,2025-10-31T00:00:00.000Z,MIN,PIT,6.5,-100,-120
2025-10-30,2025-10-31T01:00:00.000Z,EDM,NYR,5.5,-130,110
2025-10-30,2025-10-31T02:00:00.000Z,SJ,NJ,6.5,110,-130
2025-10-30,2025-10-31T02:30:00.000Z,LA,DET,5.5,-130,110
2025-10-31,2025-10-31T20:00:00.000Z,VGK,COL,6.5,105,-125
2025-10-31,2025-10-31T23:00:00.000Z,WSH,NYI,5.5,-125,105
2025-10-31,2025-11-01T02:00:00.000Z,ANA,DET,6.5,110,-132
2025-11-01,2025-11-01T17:00:00.000Z,BOS,CAR,6.5,120,-147
2025-11-01,2025-11-01T19:00:00.000Z,WPG,PIT,6.5,115,-141
2025-11-01,2025-11-01T19:30:00.000Z,NSH,CGY,5.5,-132,110
2025-11-01,2025-11-01T20:00:00.000Z,SJ,COL,6.5,110,-132
2025-11-01,2025-11-01T22:00:00.000Z,FLA,DAL,5.5,-125,105
2025-11-01,2025-11-01T23:00:00.000Z,MTL,OTT,5.5,-147,120
2025-11-01,2025-11-01T23:00:00.000Z,PHI,TOR,6.5,115,-141
2025-11-01,2025-11-01T23:00:00.000Z,MIN,VAN,5.5,-132,110
2025-11-01,2025-11-01T23:00:00.000Z,BUF,WSH,6.5,120,-147
2025-11-01,2025-11-01T23:00:00.000Z,CBJ,STL,6.5,115,-141
2025-11-01,2025-11-02T01:00:00.000Z,LA,NJ,5.5,-141,115
2025-11-01,2025-11-02T02:00:00.000Z,SEA,NYR,5.5,-125,105
2025-11-01,2025-11-02T02:00:00.000Z,EDM,CHI,6.5,115,-141
2025-11-02,2025-11-02T20:30:00.000Z,UTA,TB,6.5,105,-125
2025-11-02,2025-11-02T22:00:00.000Z,NYI,CBJ,6.5,-105,-115
2025-11-02,2025-11-03T00:00:00.000Z,PHI,CGY,5.5,-120,-100
2025-11-02,2025-11-03T01:00:00.000Z,SJ,DET,6.5,-115,-105
2025-11-02,2025-11-03T01:00:00.000Z,ANA,NJ,6.5,-100,-120
2025-11-03,2025-11-04T00:30:00.000Z,TOR,PIT,6.5,-105,-115
2025-11-03,2025-11-04T01:30:00.000Z,STL,EDM,5.5,-139,113
2025-11-03,2025-11-04T01:30:00.000Z,NSH,VAN,5.5,-120,-100
2025-11-03,2025-11-04T03:00:00.000Z,SEA,CHI,6.5,115,-141
2025-11-04,2025-11-05T00:00:00.000Z,NYI,BOS,5.5,-130,110
2025-11-04,2025-11-05T00:00:00.000Z,MTL,PHI,5.5,-135,114
2025-11-04,2025-11-05T00:00:00.000Z,BUF,UTA,6.5,105,-125
2025-11-04,2025-11-05T00:00:00.000Z,NYR,CAR,5.5,-130,110
2025-11-04,2025-11-05T01:00:00.000Z,MIN,NSH,6.5,110,-130
2025-11-04,2025-11-05T01:00:00.000Z,DAL,EDM,6.5,110,-130
2025-11-04,2025-11-05T02:30:00.000Z,COL,TB,5.5,-135,114
2025-11-04,2025-11-05T03:00:00.000Z,ANA,FLA,5.5,-130,110
2025-11-04,2025-11-05T03:00:00.000Z,VGK,DET,5.5,-130,110
2025-11-04,2025-11-05T03:30:00.000Z,LA,WPG,5.5,-120,-100
2025-11-05,2025-11-06T00:00:00.000Z,TOR,UTA,6.5,105,-125
2025-11-05,2025-11-06T00:30:00.000Z,WSH,STL,5.5,-141,115
2025-11-05,2025-11-06T02:30:00.000Z,CGY,CBJ,6.5,110,-132
2025-11-05,2025-11-06T03:00:00.000Z,SEA,SJ,6.5,105,-125
2025-11-05,2025-11-06T03:00:00.000Z,VAN,CHI,5.5,-141,115
2025-11-06,2025-11-07T00:00:00.000Z,NJ,MTL,6.5,115,-141
2025-11-06,2025-11-07T00:00:00.000Z,CAR,MIN,6.5,115,-141
2025-11-06,2025-11-07T00:00:00.000Z,BUF,STL,6.5,105,-125
2025-11-06,2025-11-07T00:00:00.000Z,BOS,OTT,6.5,110,-132
2025-11-06,2025-11-07T00:30:00.000Z,PIT,WSH,6.5,105,-125
2025-11-06,2025-11-07T01:00:00.000Z,DAL,ANA,6.5,115,-141
2025-11-06,2025-11-07T01:00:00.000Z,NSH,PHI,5.5,-125,105
2025-11-06,2025-11-07T03:00:00.000Z,VGK,TB,6.5,110,-132
2025-11-06,2025-11-07T03:00:00.000Z,LA,FLA,5.5,-111,-111
2025-11-07,2025-11-08T00:00:00.000Z,NYI,MIN,5.5,-135,114
2025-11-07,2025-11-08T00:00:00.000Z,DET,NYR,5.5,-135,114
2025-11-07,2025-11-08T02:00:00.000Z,CGY,CHI,5.5,-135,114
2025-11-07,2025-11-08T03:00:00.000Z,SJ,WPG,6.5,105,-125
2025-11-08,2025-11-08T17:30:00.000Z,NJ,PIT,6.5,-110,-110
2025-11-08,2025-11-08T18:00:00.000Z,PHI,OTT,5.5,-142,116
2025-11-08,2025-11-08T20:30:00.000Z,NSH,DAL,5.5,-120,-100
2025-11-08,2025-11-09T00:00:00.000Z,TOR,BOS,6.5,-100,-120
2025-11-08,2025-11-09T00:00:00.000Z,STL,SEA,5.5,-125,105
2025-11-08,2025-11-09T00:00:00.000Z,TB,WSH,5.5,-141,115
2025-11-08,2025-11-09T00:00:00.000Z,CAR,BUF,6.5,-100,-120
2025-11-08,2025-11-09T00:00:00.000Z,MTL,UTA,6.5,110,-132
2025-11-08,2025-11-09T00:00:00.000Z,NYR,NYI,5.5,-147,120
2025-11-08,2025-11-09T03:00:00.000Z,EDM,COL,6.5,105,-125
2025-11-08,2025-11-09T03:00:00.000Z,SJ,FLA,5.5,-147,120
2025-11-08,2025-11-09T03:00:00.000Z,VGK,ANA,6.5,-105,-116
2025-11-08,2025-11-09T03:00:00.000Z,VAN,CBJ,6.5,110,-132
2025-11-09,2025-11-09T18:00:00.000Z,DET,CHI,6.5,110,-130
2025-11-09,2025-11-09T19:00:00.000Z,PIT,LA,5.5,-135,114
2025-11-09,2025-11-10T00:00:00.000Z,DAL,SEA,6.5,105,-125
2025-11-09,2025-11-10T00:00:00.000Z,TOR,CAR,6.5,-110,-110
2025-11-09,2025-11-10T00:00:00.000Z,OTT,UTA,6.5,105,-125
2025-11-09,2025-11-10T01:00:00.000Z,MIN,CGY,5.5,-125,105
2025-11-09,2025-11-10T03:00:00.000Z,ANA,WPG,5.5,-130,110
2025-11-09,2025-11-10T03:00:00.000Z,VAN,COL,6.5,105,-125
2025-11-10,2025-11-11T00:00:00.000Z,NJ,NYI,6.5,110,-132
2025-11-10,2025-11-11T00:00:00.000Z,NYR,NSH,5.5,-125,105
2025-11-10,2025-11-11T01:30:00.000Z,EDM,CBJ,6.5,-111,-111
2025-11-10,2025-11-11T03:00:00.000Z,VGK,FLA,6.5,120,-147
2025-11-11,2025-11-12T00:00:00.000Z,BOS,TOR,6.5,-105,-115
2025-11-11,2025-11-12T00:00:00.000Z,CAR,WSH,5.5,-130,110
2025-11-11,2025-11-12T00:00:00.000Z,MTL,LA,6.5,110,-130
2025-11-11,2025-11-12T00:00:00.000Z,OTT,DAL,5.5,-130,110
2025-11-11,2025-11-12T01:00:00.000Z,MIN,SJ,6.5,-100,-120
2025-11-11,2025-11-12T01:00:00.000Z,STL,CGY,5.5,-125,105
2025-11-11,2025-11-12T02:30:00.000Z,COL,ANA,6.5,-105,-115
2025-11-11,2025-11-12T03:00:00.000Z,SEA,CBJ,6.5,105,-125
2025-11-11,2025-11-12T03:00:00.000Z,VAN,WPG,5.5,-125,105
2025-11-12,2025-11-13T00:00:00.000Z,TB,NYR,5.5,-147,120
2025-11-12,2025-11-13T00:30:00.000Z,PHI,EDM,6.5,115,-141
2025-11-12,2025-11-13T02:00:00.000Z,UTA,BUF,6.5,-105,-116
2025-11-12,2025-11-13T02:30:00.000Z,CHI,NJ,6.5,110,-132
2025-11-13,2025-11-14T00:00:00.000Z,TOR,LA,6.5,105,-125
2025-11-13,2025-11-14T00:00:00.000Z,MTL,DAL,6.5,110,-130
2025-11-13,2025-11-14T00:00:00.000Z,DET,ANA,5.5,-130,110
2025-11-13,2025-11-14T00:00:00.000Z,OTT,BOS,5.5,-135,114
2025-11-13,2025-11-14T00:00:00.000Z,FLA,WSH,5.5,-130,110
2025-11-13,2025-11-14T00:30:00.000Z,CBJ,EDM,6.5,-120,-100
2025-11-13,2025-11-14T02:00:00.000Z,COL,BUF,6.5,-120,-100
2025-11-13,2025-11-14T02:00:00.000Z,CGY,SJ,5.5,-130,110
2025-11-13,2025-11-14T03:00:00.000Z,SEA,WPG,5.5,-125,105
2025-11-13,2025-11-14T03:00:00.000Z,VGK,NYI,6.5,105,-125
2025-11-14,2025-11-14T19:00:00.000Z,NSH,PIT,6.5,-105,-116
2025-11-14,2025-11-15T00:00:00.000Z,CAR,VAN,6.5,105,-125
2025-11-14,2025-11-15T01:00:00.000Z,STL,PHI,5.5,-125,105
2025-11-14,2025-11-15T02:00:00.000Z,UTA,NYI,6.5,-105,-116
2025-11-15,2025-11-15T22:00:00.000Z,FLA,TB,5.5,-111,-111
2025-11-15,2025-11-15T23:00:00.000Z,MIN,ANA,6.5,-105,-116
2025-11-15,2025-11-16T00:00:00.000Z,WSH,NJ,5.5,-125,105
2025-11-15,2025-11-16T00:00:00.000Z,OTT,LA,5.5,-120,-100
2025-11-15,2025-11-16T00:00:00.000Z,CBJ,NYR,6.5,105,-125
2025-11-15,2025-11-16T00:00:00.000Z,CHI,TOR,6.5,105,-125
2025-11-15,2025-11-16T00:00:00.000Z,DET,BUF,6.5,-100,-120
2025-11-15,2025-11-16T00:00:00.000Z,CAR,EDM,6.5,-105,-116
2025-11-15,2025-11-16T00:00:00.000Z,MTL,BOS,6.5,120,-147
2025-11-15,2025-11-16T01:00:00.000Z,DAL,PHI,5.5,-120,-100
2025-11-15,2025-11-16T01:00:00.000Z,STL,VGK,6.5,115,-141
2025-11-15,2025-11-16T03:00:00.000Z,CGY,WPG,5.5,-120,-100
2025-11-15,2025-11-16T03:00:00.000Z,SEA,SJ,6.5,-100,-120
2025-11-16,2025-11-16T14:00:00.000Z,PIT,NSH,5.5,-120,-100
2025-11-16,2025-11-16T22:00:00.000Z,TB,VAN,6.5,105,-125
2025-11-16,2025-11-16T23:00:00.000Z,MIN,VGK,6.5,110,-132
2025-11-16,2025-11-17T00:00:00.000Z,NYR,DET,5.5,-141,115
2025-11-16,2025-11-17T02:00:00.000Z,COL,NYI,6.5,105,-125
2025-11-17,2025-11-18T00:00:00.000Z,FLA,VAN,5.5,-116,-105
2025-11-17,2025-11-18T00:00:00.000Z,WSH,LA,5.5,-132,110
2025-11-17,2025-11-18T00:00:00.000Z,BOS,CAR,6.5,115,-141
2025-11-17,2025-11-18T00:00:00.000Z,BUF,EDM,6.5,105,-125
2025-11-17,2025-11-18T00:30:00.000Z,CBJ,MTL,6.5,105,-125
2025-11-17,2025-11-18T03:00:00.000Z,ANA,UTA,6.5,-100,-120
2025-11-18,2025-11-19T00:00:00.000Z,DET,SEA,5.5,-132,110
2025-11-18,2025-11-19T00:00:00.000Z,TOR,STL,5.5,-120,-100
2025-11-18,2025-11-19T00:00:00.000Z,TB,NJ,5.5,-116,-105
2025-11-18,2025-11-19T01:00:00.000Z,WPG,CBJ,6.5,115,-141
2025-11-18,2025-11-19T01:00:00.000Z,DAL,NYI,5.5,-132,110
2025-11-18,2025-11-19T01:30:00.000Z,CHI,CGY,5.5,-147,120
2025-11-18,2025-11-19T03:00:00.000Z,VGK,NYR,5.5,-141,115
2025-11-18,2025-11-19T03:00:00.000Z,SJ,UTA,6.5,-100,-120
2025-11-19,2025-11-20T00:00:00.000Z,WSH,EDM,6.5,110,-147
2025-11-19,2025-11-20T00:30:00.000Z,BUF,CGY,6.5,105,-141
2025-11-19,2025-11-20T02:30:00.000Z,MIN,CAR,5.5,-141,105
2025-11-19,2025-11-20T03:00:00.000Z,ANA,BOS,6.5,-111,-120
2025-11-20,2025-11-21T00:00:00.000Z,DET,NYI,5.5,-135,114
2025-11-20,2025-11-21T00:00:00.000Z,MTL,WSH,6.5,110,-130
2025-11-20,2025-11-21T00:00:00.000Z,PHI,STL,5.5,-120,-100
2025-11-20,2025-11-21T00:00:00.000Z,FLA,NJ,6.5,110,-130
2025-11-20,2025-11-21T00:00:00.000Z,TOR,CBJ,6.5,-125,105
2025-11-20,2025-11-21T00:30:00.000Z,TB,EDM,6.5,-105,-115
2025-11-20,2025-11-21T01:00:00.000Z,CHI,SEA,5.5,-130,110
2025-11-20,2025-11-21T02:00:00.000Z,UTA,VGK,6.5,115,-141
2025-11-20,2025-11-21T02:00:00.000Z,COL,NYR,6.5,105,-125
2025-11-20,2025-11-21T03:00:00.000Z,SJ,LA,5.5,-141,115
2025-11-20,2025-11-21T03:00:00.000Z,ANA,OTT,6.5,115,-141
2025-11-20,2025-11-21T03:00:00.000Z,VAN,DAL,5.5,-141,115
2025-11-21,2025-11-22T00:00:00.000Z,BUF,CHI,6.5,110,-132
2025-11-21,2025-11-22T00:00:00.000Z,PIT,MIN,6.5,102,-124
2025-11-21,2025-11-22T01:00:00.000Z,WPG,CAR,5.5,-134,110
2025-11-21,2025-11-22T03:30:00.000Z,LA,BOS,5.5,-116,-105
2025-11-22,2025-11-22T18:00:00.000Z,DET,CBJ,6.5,-122,102
2025-11-22,2025-11-22T20:30:00.000Z,NYI,STL,6.5,-100,-120
2025-11-22,2025-11-23T00:00:00.000Z,WSH,TB,6.5,105,-125
2025-11-22,2025-11-23T00:00:00.000Z,MTL,TOR,6.5,-118,-102
2025-11-22,2025-11-23T00:00:00.000Z,FLA,EDM,5.5,-141,115
2025-11-22,2025-11-23T00:00:00.000Z,PIT,SEA,5.5,-125,105
2025-11-22,2025-11-23T00:00:00.000Z,SJ,OTT,6.5,102,-122
2025-11-22,2025-11-23T00:00:00.000Z,PHI,NJ,5.5,-130,110
2025-11-22,2025-11-23T01:00:00.000Z,NSH,COL,6.5,110,-130
2025-11-22,2025-11-23T02:00:00.000Z,UTA,NYR,5.5,-125,105
2025-11-22,2025-11-23T03:00:00.000Z,ANA,VGK,6.5,-115,-105
2025-11-22,2025-11-23T03:00:00.000Z,CGY,DAL,5.5,-130,110
2025-11-23,2025-11-23T18:00:00.000Z,BUF,CAR,6.5,-105,-115
2025-11-23,2025-11-23T21:00:00.000Z,WPG,MIN,5.5,-135,114
2025-11-23,2025-11-23T22:00:00.000Z,NYI,SEA,5.5,-135,114
2025-11-23,2025-11-24T00:00:00.000Z,CHI,COL,6.5,-110,-110
2025-11-23,2025-11-24T01:00:00.000Z,SJ,BOS,6.5,105,-125
2025-11-23,2025-11-24T02:00:00.000Z,VAN,CGY,5.5,-125,105
2025-11-24,2025-11-25T00:00:00.000Z,NJ,DET,5.5,-125,105
2025-11-24,2025-11-25T00:00:00.000Z,TB,PHI,5.5,-105,-116
2025-11-24,2025-11-25T00:00:00.000Z,NYR,STL,5.5,-116,-105
2025-11-24,2025-11-25T00:00:00.000Z,WSH,CBJ,6.5,110,-132
2025-11-24,2025-11-25T01:00:00.000Z,NSH,FLA,5.5,-125,105
2025-11-24,2025-11-25T02:00:00.000Z,UTA,VGK,6.5,115,-141
2025-11-24,2025-11-25T02:00:00.000Z,LA,OTT,5.5,-111,-111
2025-11-25,2025-11-26T02:00:00.000Z,EDM,DAL,5.5,-141,115
2025-11-26,2025-11-27T00:00:00.000Z,PIT,BUF,6.5,-111,-111
2025-11-26,2025-11-27T00:00:00.000Z,CAR,NYR,5.5,-141,115
2025-11-26,2025-11-27T00:00:00.000Z,NJ,STL,5.5,-105,-116
2025-11-26,2025-11-27T00:00:00.000Z,DET,NSH,6.5,120,-147
2025-11-26,2025-11-27T00:00:00.000Z,TB,CGY,5.5,-125,105
2025-11-26,2025-11-27T00:00:00.000Z,FLA,PHI,5.5,-116,-105
2025-11-26,2025-11-27T00:00:00.000Z,CBJ,TOR,5.5,-147,120
2025-11-26,2025-11-27T00:00:00.000Z,NYI,BOS,6.5,120,-147
2025-11-26,2025-11-27T00:00:00.000Z,WSH,WPG,6.5,110,-132
2025-11-26,2025-11-27T01:30:00.000Z,CHI,MIN,6.5,115,-141
2025-11-26,2025-11-27T02:00:00.000Z,COL,SJ,6.5,115,-141
2025-11-26,2025-11-27T02:30:00.000Z,UTA,MTL,5.5,-147,120
2025-11-26,2025-11-27T03:00:00.000Z,SEA,DAL,5.5,-132,110
2025-11-26,2025-11-27T03:00:00.000Z,ANA,VAN,6.5,-100,-120
2025-11-26,2025-11-27T03:00:00.000Z,VGK,OTT,5.5,-132,110
2025-11-28,2025-11-28T17:00:00.000Z,DET,TB,6.5,105,-125
2025-11-28,2025-11-28T18:00:00.000Z,BOS,NYR,5.5,-125,105
2025-11-28,2025-11-28T20:30:00.000Z,MIN,COL,6.5,105,-125
2025-11-28,2025-11-28T21:00:00.000Z,SJ,VAN,6.5,-105,-116
2025-11-28,2025-11-28T21:00:00.000Z,ANA,LA,6.5,110,-132
2025-11-28,2025-11-28T21:00:00.000Z,VGK,MTL,6.5,115,-141
2025-11-28,2025-11-28T21:00:00.000Z,NYI,PHI,6.5,120,-147
2025-11-28,2025-11-28T21:00:00.000Z,BUF,NJ,6.5,120,-147
2025-11-28,2025-11-28T21:00:00.000Z,STL,OTT,6.5,115,-141
2025-11-28,2025-11-28T21:00:00.000Z,FLA,CGY,5.5,-116,-105
2025-11-28,2025-11-28T22:00:00.000Z,WSH,TOR,5.5,-141,115
2025-11-28,2025-11-28T22:00:00.000Z,CAR,WPG,6.5,-105,-116
2025-11-28,2025-11-29T00:00:00.000Z,CBJ,PIT,6.5,-125,105
2025-11-28,2025-11-29T01:00:00.000Z,CHI,NSH,6.5,110,-132
2025-11-28,2025-11-29T01:00:00.000Z,DAL,UTA,6.5,120,-147
2025-11-29,2025-11-29T19:00:00.000Z,NYR,TB,6.5,105,-125
2025-11-29,2025-11-29T20:00:00.000Z,COL,MTL,6.5,110,-130
2025-11-29,2025-11-29T21:00:00.000Z,SEA,EDM,6.5,110,-130
2025-11-29,2025-11-30T00:00:00.000Z,NJ,PHI,5.5,-135,114
2025-11-29,2025-11-30T00:00:00.000Z,NSH,WPG,5.5,-130,110
2025-11-29,2025-11-30T00:00:00.000Z,PIT,TOR,6.5,110,-130
2025-11-29,2025-11-30T00:00:00.000Z,BOS,DET,5.5,-135,114
2025-11-29,2025-11-30T01:00:00.000Z,STL,UTA,5.5,-130,110
2025-11-29,2025-11-30T01:00:00.000Z,MIN,BUF,6.5,110,-130
2025-11-29,2025-11-30T03:00:00.000Z,VGK,SJ,6.5,110,-130
2025-11-29,2025-11-30T03:00:00.000Z,LA,VAN,6.5,100,-120
2025-11-30,2025-11-30T18:00:00.000Z,NYI,WSH,6.5,116,-142
2025-11-30,2025-11-30T20:30:00.000Z,CHI,ANA,6.5,-115,-105
2025-11-30,2025-11-30T22:00:00.000Z,CAR,CGY,6.5,116,-142
2025-11-30,2025-11-30T23:00:00.000Z,DAL,OTT,5.5,-130,106
2025-12-01,2025-12-02T00:00:00.000Z,NJ,CBJ,6.5,116,-142
2025-12-01,2025-12-02T00:00:00.000Z,PHI,PIT,5.5,-118,-104
2025-12-01,2025-12-02T00:30:00.000Z,BUF,WPG,6.5,106,-130
2025-12-01,2025-12-02T01:00:00.000Z,STL,ANA,5.5,-135,114
2025-12-01,2025-12-02T03:00:00.000Z,SJ,UTA,6.5,114,-140
2025-12-02,2025-12-03T00:00:00.000Z,NYR,DAL,5.5,-120,-102
2025-12-02,2025-12-03T00:00:00.000Z,MTL,OTT,5.5,-138,112
2025-12-02,2025-12-03T00:00:00.000Z,NYI,TB,6.5,112,-138
2025-12-02,2025-12-03T00:00:00.000Z,DET,BOS,5.5,-128,104
2025-12-02,2025-12-03T00:30:00.000Z,FLA,TOR,5.5,-134,110
2025-12-02,2025-12-03T01:00:00.000Z,NSH,CGY,5.5,-132,108
2025-12-02,2025-12-03T02:00:00.000Z,EDM,MIN,5.5,-140,114
2025-12-02,2025-12-03T02:00:00.000Z,COL,VAN,6.5,-110,-110
2025-12-02,2025-12-03T03:00:00.000Z,VGK,CHI,6.5,114,-140
2025-12-02,2025-12-03T03:30:00.000Z,LA,WSH,5.5,-120,-102
2025-12-03,2025-12-04T00:00:00.000Z,NJ,DAL,5.5,-115,-105
2025-12-03,2025-12-04T00:30:00.000Z,MTL,WPG,6.5,-100,-120
2025-12-03,2025-12-04T00:30:00.000Z,PHI,BUF,5.5,-134,110
2025-12-03,2025-12-04T03:00:00.000Z,ANA,UTA,6.5,-105,-115
2025-12-03,2025-12-04T03:00:00.000Z,SJ,WSH,5.5,-130,110
2025-12-04,2025-12-05T00:00:00.000Z,TB,PIT,5.5,-141,115
2025-12-04,2025-12-05T00:00:00.000Z,OTT,NYR,5.5,-116,-105
2025-12-04,2025-12-05T00:00:00.000Z,CAR,TOR,6.5,-105,-116
2025-12-04,2025-12-05T00:00:00.000Z,FLA,NSH,5.5,-132,110
2025-12-04,2025-12-05T00:00:00.000Z,BOS,STL,5.5,-105,-116
2025-12-04,2025-12-05T00:00:00.000Z,NYI,COL,6.5,120,-147
2025-12-04,2025-12-05T00:30:00.000Z,CBJ,DET,6.5,110,-132
2025-12-04,2025-12-05T02:00:00.000Z,EDM,SEA,5.5,-141,115
2025-12-04,2025-12-05T02:00:00.000Z,CGY,MIN,5.5,-132,110
2025-12-04,2025-12-05T03:00:00.000Z,LA,CHI,5.5,-141,115
2025-12-05,2025-12-06T00:00:00.000Z,NJ,VGK,6.5,110,-130
2025-12-05,2025-12-06T00:00:00.000Z,WPG,BUF,5.5,-135,114
2025-12-05,2025-12-06T01:00:00.000Z,DAL,SJ,5.5,-125,105
2025-12-05,2025-12-06T02:00:00.000Z,VAN,UTA,6.5,-110,-110
2025-12-05,2025-12-06T03:00:00.000Z,ANA,WSH,6.5,105,-125
2025-12-06,2025-12-06T17:30:00.000Z,NYR,COL,6.5,105,-125
2025-12-06,2025-12-06T20:30:00.000Z,FLA,CBJ,6.5,105,-125
2025-12-06,2025-12-07T00:00:00.000Z,BOS,NJ,5.5,-132,110
2025-12-06,2025-12-07T00:00:00.000Z,TB,NYI,5.5,-125,105
2025-12-06,2025-12-07T00:00:00.000Z,OTT,STL,5.5,-125,105
2025-12-06,2025-12-07T00:00:00.000Z,CGY,UTA,6.5,-111,-111
2025-12-06,2025-12-07T00:00:00.000Z,TOR,MTL,6.5,-110,-110
2025-12-06,2025-12-07T00:00:00.000Z,CAR,NSH,5.5,-147,120
2025-12-06,2025-12-07T02:00:00.000Z,LA,CHI,6.5,-105,-115
2025-12-06,2025-12-07T03:00:00.000Z,SEA,DET,5.5,-130,110
2025-12-06,2025-12-07T03:00:00.000Z,VAN,MIN,5.5,-110,-110
2025-12-06,2025-12-07T03:00:00.000Z,EDM,WPG,6.5,-110,-110
2025-12-07,2025-12-07T18:00:00.000Z,PHI,COL,6.5,115,-141
2025-12-07,2025-12-07T22:00:00.000Z,CAR,SJ,6.5,105,-125
2025-12-07,2025-12-07T22:00:00.000Z,FLA,NYI,6.5,110,-132
2025-12-07,2025-12-07T23:00:00.000Z,DAL,PIT,6.5,110,-132
2025-12-07,2025-12-08T00:00:00.000Z,WSH,CBJ,6.5,110,-132
2025-12-07,2025-12-08T00:00:00.000Z,MTL,STL,5.5,-132,110
2025-12-07,2025-12-08T00:00:00.000Z,NYR,VGK,6.5,115,-141
2025-12-07,2025-12-08T01:00:00.000Z,ANA,CHI,6.5,-105,-116
2025-12-08,2025-12-09T00:30:00.000Z,TOR,TB,5.5,-141,115
2025-12-08,2025-12-09T02:00:00.000Z,CGY,BUF,5.5,-141,115
2025-12-08,2025-12-09T02:00:00.000Z,UTA,LA,5.5,-132,110
2025-12-08,2025-12-09T03:00:00.000Z,SEA,MIN,5.5,-111,-111
2025-12-08,2025-12-09T03:00:00.000Z,VAN,DET,5.5,-141,115
2025-12-09,2025-12-10T00:00:00.000Z,PIT,ANA,6.5,-100,-120
2025-12-09,2025-12-10T00:00:00.000Z,OTT,NJ,5.5,-116,-105
2025-12-09,2025-12-10T00:00:00.000Z,MTL,TB,6.5,110,-132
2025-12-09,2025-12-10T00:00:00.000Z,NYI,VGK,5.5,-141,115
2025-12-09,2025-12-10T00:00:00.000Z,PHI,SJ,5.5,-141,115
2025-12-09,2025-12-10T00:30:00.000Z,CAR,CBJ,6.5,-105,-116
2025-12-09,2025-12-10T01:00:00.000Z,STL,BOS,5.5,-111,-111
2025-12-09,2025-12-10T01:00:00.000Z,WPG,DAL,6.5,120,-147
2025-12-09,2025-12-10T02:00:00.000Z,EDM,BUF,6.5,-105,-116
2025-12-09,2025-12-10T02:30:00.000Z,NSH,COL,6.5,105,-125
2025-12-10,2025-12-11T00:30:00.000Z,CHI,NYR,5.5,-141,115
2025-12-10,2025-12-11T01:30:00.000Z,CGY,DET,5.5,-141,115
2025-12-10,2025-12-11T02:00:00.000Z,UTA,FLA,5.5,-132,110
2025-12-10,2025-12-11T03:00:00.000Z,SEA,LA,5.5,-115,-105
2025-12-11,2025-12-12T00:00:00.000Z,PHI,VGK,5.5,-125,105
2025-12-11,2025-12-12T00:00:00.000Z,NJ,TB,5.5,-125,105
2025-12-11,2025-12-12T00:00:00.000Z,TOR,SJ,6.5,105,-125
2025-12-11,2025-12-12T00:00:00.000Z,NYI,ANA,6.5,-105,-116
2025-12-11,2025-12-12T00:00:00.000Z,WSH,CAR,6.5,105,-125
2025-12-11,2025-12-12T00:00:00.000Z,CBJ,OTT,6.5,115,-141
2025-12-11,2025-12-12T00:30:00.000Z,PIT,MTL,5.5,-147,120
2025-12-11,2025-12-12T01:00:00.000Z,WPG,BOS,6.5,120,-147
2025-12-11,2025-12-12T01:00:00.000Z,NSH,STL,5.5,-125,105
2025-12-11,2025-12-12T01:00:00.000Z,MIN,DAL,5.5,-125,105
2025-12-11,2025-12-12T02:00:00.000Z,EDM,DET,6.5,110,-132
2025-12-11,2025-12-12T02:30:00.000Z,COL,FLA,5.5,-147,120
2025-12-11,2025-12-12T03:00:00.000Z,VAN,BUF,5.5,-125,105
2025-12-12,2025-12-13T01:00:00.000Z,STL,CHI,5.5,-141,115
2025-12-12,2025-12-13T02:00:00.000Z,UTA,SEA,6.5,-111,-111
2025-12-13,2025-12-13T17:30:00.000Z,NJ,ANA,6.5,105,-125
2025-12-13,2025-12-13T19:00:00.000Z,MIN,OTT,5.5,-130,110
2025-12-13,2025-12-13T20:00:00.000Z,PIT,SJ,6.5,110,-130
2025-12-13,2025-12-13T20:30:00.000Z,NYI,TB,5.5,-125,105
2025-12-13,2025-12-14T00:00:00.000Z,TOR,EDM,6.5,-105,-116
2025-12-13,2025-12-14T00:00:00.000Z,PHI,CAR,5.5,-132,110
2025-12-13,2025-12-14T00:00:00.000Z,NYR,MTL,5.5,-141,115
2025-12-13,2025-12-14T00:00:00.000Z,CBJ,VGK,6.5,-100,-120
2025-12-13,2025-12-14T00:00:00.000Z,WPG,WSH,6.5,120,-147
2025-12-13,2025-12-14T01:00:00.000Z,CHI,DET,6.5,105,-125
2025-12-13,2025-12-14T01:00:00.000Z,DAL,FLA,5.5,-116,-105
2025-12-13,2025-12-14T02:00:00.000Z,COL,NSH,6.5,105,-125
2025-12-13,2025-12-14T03:00:00.000Z,LA,CGY,5.5,-116,-105
2025-12-14,2025-12-14T17:30:00.000Z,NJ,VAN,5.5,-110,-110
2025-12-14,2025-12-14T20:00:00.000Z,PIT,UTA,6.5,114,-135
2025-12-14,2025-12-14T22:00:00.000Z,CAR,PHI,5.5,-130,110
2025-12-14,2025-12-14T23:00:00.000Z,MIN,BOS,5.5,-125,105
2025-12-14,2025-12-15T00:00:00.000Z,MTL,EDM,6.5,-100,-120
2025-12-14,2025-12-15T01:00:00.000Z,SEA,BUF,5.5,-130,110
2025-12-15,2025-12-16T00:00:00.000Z,NYR,ANA,6.5,105,-125
2025-12-15,2025-12-16T00:00:00.000Z,TB,FLA,5.5,-141,115
2025-12-15,2025-12-16T00:30:00.000Z,WPG,OTT,5.5,-116,-105
2025-12-15,2025-12-16T01:00:00.000Z,STL,NSH,5.5,-120,-100
2025-12-15,2025-12-16T01:00:00.000Z,DAL,LA,5.5,-120,-100
2025-12-16,2025-12-17T00:00:00.000Z,BOS,UTA,5.5,-132,110
2025-12-16,2025-12-17T00:00:00.000Z,TOR,CHI,6.5,115,-141
2025-12-16,2025-12-17T00:00:00.000Z,CBJ,ANA,6.5,-116,-105
2025-12-16,2025-12-17T00:00:00.000Z,MTL,PHI,6.5,115,-141
2025-12-16,2025-12-17T00:00:00.000Z,NYR,VAN,5.5,-125,105
2025-12-16,2025-12-17T00:00:00.000Z,DET,NYI,6.5,115,-141
2025-12-16,2025-12-17T00:30:00.000Z,PIT,EDM,6.5,105,-125
2025-12-16,2025-12-17T01:00:00.000Z,MIN,WSH,5.5,-141,115
2025-12-16,2025-12-17T03:00:00.000Z,SEA,COL,5.5,-147,120
2025-12-16,2025-12-17T03:00:00.000Z,SJ,CGY,5.5,-132,110
2025-12-17,2025-12-18T00:00:00.000Z,FLA,LA,5.5,-120,-100
2025-12-17,2025-12-18T00:30:00.000Z,DET,UTA,6.5,110,-132
2025-12-17,2025-12-18T01:00:00.000Z,NSH,CAR,5.5,-141,115
2025-12-17,2025-12-18T01:00:00.000Z,STL,WPG,5.5,-100,-120
2025-12-17,2025-12-18T03:00:00.000Z,VGK,NJ,5.5,-141,115
2025-12-18,2025-12-19T00:00:00.000Z,MTL,CHI,5.5,-125,105
2025-12-18,2025-12-19T00:00:00.000Z,WSH,TOR,5.5,-141,115
2025-12-18,2025-12-19T00:00:00.000Z,CBJ,MIN,6.5,110,-132
2025-12-18,2025-12-19T00:00:00.000Z,TB,LA,5.5,-125,105
2025-12-18,2025-12-19T00:00:00.000Z,OTT,PIT,5.5,-147,120
2025-12-18,2025-12-19T00:00:00.000Z,BOS,EDM,6.5,115,-141
2025-12-18,2025-12-19T00:30:00.000Z,BUF,PHI,5.5,-141,115
2025-12-18,2025-12-19T01:00:00.000Z,STL,NYR,5.5,105,-125
2025-12-18,2025-12-19T02:00:00.000Z,CGY,SEA,5.5,-116,-105
2025-12-18,2025-12-19T03:00:00.000Z,SJ,DAL,5.5,-140,114
2025-12-19,2025-12-20T00:00:00.000Z,NYI,VAN,5.5,-132,110
2025-12-19,2025-12-20T00:00:00.000Z,FLA,CAR,5.5,-125,105
2025-12-19,2025-12-20T02:00:00.000Z,UTA,NJ,5.5,-120,-100
2025-12-19,2025-12-20T02:00:00.000Z,COL,WPG,5.5,-141,115
2025-12-19,2025-12-20T03:00:00.000Z,ANA,DAL,6.5,110,-132
2025-12-20,2025-12-20T17:30:00.000Z,NYR,PHI,5.5,-111,-111
2025-12-20,2025-12-20T17:30:00.000Z,WSH,DET,6.5,115,-141
2025-12-20,2025-12-20T20:00:00.000Z,MIN,EDM,6.5,-100,-120
2025-12-20,2025-12-20T20:00:00.000Z,OTT,CHI,5.5,-111,-111
2025-12-20,2025-12-20T22:00:00.000Z,BUF,NYI,6.5,110,-132
2025-12-20,2025-12-20T23:00:00.000Z,FLA,STL,5.5,-105,-116
2025-12-20,2025-12-21T00:00:00.000Z,TB,CAR,5.5,-105,-116
2025-12-20,2025-12-21T00:00:00.000Z,NSH,TOR,5.5,-147,120
2025-12-20,2025-12-21T00:00:00.000Z,MTL,PIT,6.5,105,-125
2025-12-20,2025-12-21T00:00:00.000Z,BOS,VAN,5.5,-120,-100
2025-12-20,2025-12-21T03:00:00.000Z,CGY,VGK,5.5,-111,-111
2025-12-20,2025-12-21T03:00:00.000Z,ANA,CBJ,6.5,-125,105
2025-12-20,2025-12-21T03:00:00.000Z,SJ,SEA,5.5,-147,120
2025-12-21,2025-12-21T18:00:00.000Z,DET,WSH,6.5,115,-141
2025-12-21,2025-12-21T23:00:00.000Z,MIN,COL,5.5,-111,-111
2025-12-21,2025-12-22T00:00:00.000Z,UTA,WPG,5.5,-111,-111
2025-12-21,2025-12-22T00:00:00.000Z,PIT,MTL,5.5,-111,-111
2025-12-21,2025-12-22T00:00:00.000Z,BOS,OTT,5.5,-111,-111
2025-12-21,2025-12-22T00:00:00.000Z,NSH,NYR,5.5,-111,-111
2025-12-21,2025-12-22T00:00:00.000Z,NJ,BUF,5.5,-111,-111
2025-12-21,2025-12-22T00:00:00.000Z,DAL,TOR,5.5,-111,-111
2025-12-21,2025-12-22T01:00:00.000Z,EDM,VGK,5.5,-111,-111
2025-12-22,2025-12-23T00:00:00.000Z,TB,STL,5.5,-111,-111
2025-12-22,2025-12-23T00:30:00.000Z,PHI,VAN,5.5,-120,-100
2025-12-22,2025-12-23T03:00:00.000Z,LA,CBJ,5.5,-125,105
2025-12-22,2025-12-23T03:00:00.000Z,ANA,SEA,6.5,105,-125
2025-12-23,2025-12-23T21:00:00.000Z,TOR,PIT,5.5,-141,115
2025-12-23,2025-12-23T23:30:00.000Z,DET,DAL,5.5,-147,120
2025-12-23,2025-12-24T00:00:00.000Z,WSH,NYR,5.5,-120,-100
2025-12-23,2025-12-24T00:00:00.000Z,OTT,BUF,6.5,115,-141
2025-12-23,2025-12-24T00:00:00.000Z,NYI,NJ,6.5,115,-141
2025-12-23,2025-12-24T00:00:00.000Z,BOS,MTL,5.5,-125,105
2025-12-23,2025-12-24T00:00:00.000Z,CAR,FLA,5.5,-125,105
2025-12-23,2025-12-24T01:00:00.000Z,MIN,NSH,6.5,115,-141
2025-12-23,2025-12-24T02:00:00.000Z,CHI,PHI,5.5,-125,105
2025-12-23,2025-12-24T02:00:00.000Z,COL,UTA,6.5,110,-132
2025-12-23,2025-12-24T02:00:00.000Z,EDM,CGY,5.5,-141,115
2025-12-23,2025-12-24T03:00:00.000Z,VGK,SJ,5.5,-141,115
2025-12-23,2025-12-24T03:00:00.000Z,LA,SEA,5.5,-125,105
2025-12-27,2025-12-27T23:00:00.000Z,NYI,NYR,5.5,-120,-100
2025-12-27,2025-12-28T00:00:00.000Z,FLA,TB,5.5,-125,105
2025-12-27,2025-12-28T00:00:00.000Z,WPG,MIN,5.5,-132,110
2025-12-27,2025-12-28T00:00:00.000Z,BUF,BOS,6.5,115,-141
2025-12-27,2025-12-28T00:00:00.000Z,CAR,DET,5.5,-147,120
2025-12-27,2025-12-28T00:00:00.000Z,TOR,OTT,6.5,115,-141
2025-12-27,2025-12-28T00:00:00.000Z,NJ,WSH,5.5,-147,120
2025-12-27,2025-12-28T01:00:00.000Z,DAL,CHI,5.5,-120,-100
2025-12-27,2025-12-28T01:00:00.000Z,STL,NSH,5.5,-120,-100
2025-12-27,2025-12-28T02:00:00.000Z,LA,ANA,6.5,120,-147
2025-12-27,2025-12-28T03:00:00.000Z,VGK,COL,5.5,-147,120
2025-12-27,2025-12-28T03:00:00.000Z,CGY,EDM,6.5,-100,-120
2025-12-27,2025-12-28T03:00:00.000Z,VAN,SJ,5.5,-147,120
2025-12-28,2025-12-28T22:00:00.000Z,CBJ,NYI,5.5,-125,105
2025-12-28,2025-12-28T22:00:00.000Z,TB,MTL,5.5,-141,115
2025-12-28,2025-12-29T00:00:00.000Z,DET,TOR,6.5,110,-132
2025-12-28,2025-12-29T00:00:00.000Z,CHI,PIT,6.5,115,-141
2025-12-28,2025-12-29T01:00:00.000Z,SEA,PHI,5.5,-120,-100
2025-12-29,2025-12-30T00:00:00.000Z,CAR,NYR,5.5,-125,105
2025-12-29,2025-12-30T00:00:00.000Z,FLA,WSH,5.5,-125,105
2025-12-29,2025-12-30T00:30:00.000Z,OTT,CBJ,6.5,-100,-120
2025-12-29,2025-12-30T00:30:00.000Z,WPG,EDM,6.5,115,-141
2025-12-29,2025-12-30T01:00:00.000Z,STL,BUF,6.5,115,-141
2025-12-29,2025-12-30T02:00:00.000Z,UTA,NSH,5.5,-141,115
2025-12-29,2025-12-30T02:00:00.000Z,COL,LA,5.5,-141,115
2025-12-29,2025-12-30T02:00:00.000Z,CGY,BOS,5.5,-141,115
2025-12-29,2025-12-30T03:00:00.000Z,SEA,VAN,5.5,-125,105
2025-12-29,2025-12-30T03:00:00.000Z,ANA,SJ,6.5,-105,-116
2025-12-29,2025-12-30T03:00:00.000Z,VGK,MIN,5.5,-138,112
2025-12-30,2025-12-31T00:00:00.000Z,PIT,CAR,6.5,105,-125
2025-12-30,2025-12-31T00:00:00.000Z,FLA,MTL,5.5,-141,115
2025-12-30,2025-12-31T00:00:00.000Z,TOR,NJ,5.5,-141,115
2025-12-30,2025-12-31T01:30:00.000Z,CHI,NYI,5.5,-125,105
2025-12-30,2025-12-31T03:00:00.000Z,VAN,PHI,5.5,-124,102
2025-12-31,2025-12-31T17:30:00.000Z,WSH,NYR,5.5,-110,-110
2025-12-31,2025-12-31T20:00:00.000Z,VGK,NSH,6.5,105,-125
2025-12-31,2025-12-31T21:00:00.000Z,ANA,TB,5.5,-130,110
2025-12-31,2025-12-31T21:00:00.000Z,SJ,MIN,5.5,-135,114
2025-12-31,2025-12-31T23:30:00.000Z,DET,WPG,5.5,-135,114
2025-12-31,2026-01-01T00:00:00.000Z,CBJ,NJ,6.5,110,-130
2025-12-31,2026-01-01T01:00:00.000Z,DAL,BUF,5.5,-135,114
2025-12-31,2026-01-01T02:00:00.000Z,COL,STL,5.5,-140,112
2025-12-31,2026-01-01T02:30:00.000Z,EDM,BOS,6.5,106,-130
2025-12-31,2026-01-01T02:30:00.000Z,CGY,PHI,5.5,-120,-100
2026-01-01,2026-01-01T18:00:00.000Z,OTT,WSH,5.5,-120,100
2026-01-01,2026-01-01T20:00:00.000Z,NYI,UTA,5.5,-135,114
2026-01-01,2026-01-02T00:00:00.000Z,TOR,WPG,5.5,-135,114
2026-01-01,2026-01-02T00:00:00.000Z,CAR,MTL,5.5,-130,110
2026-01-01,2026-01-02T00:00:00.000Z,PIT,DET,6.5,110,-130
2026-01-01,2026-01-02T00:00:00.000Z,LA,TB,5.5,-125,105
2026-01-01,2026-01-02T01:30:00.000Z,CHI,DAL,5.5,-120,100
2026-01-01,2026-01-02T03:00:00.000Z,SEA,NSH,5.5,-120,100
2026-01-02,2026-01-02T20:00:00.000Z,STL,VGK,5.5,-125,105
2026-01-02,2026-01-03T01:00:00.000Z,FLA,NYR,5.5,-111,-111
2026-01-02,2026-01-03T03:30:00.000Z,VAN,SEA,5.5,-125,105
2026-01-02,2026-01-03T03:30:00.000Z,ANA,MIN,6.5,-105,-116
2026-01-03,2026-01-03T17:00:00.000Z,DET,PIT,6.5,110,-130
2026-01-03,2026-01-03T20:00:00.000Z,CBJ,BUF,6.5,-100,-120
2026-01-03,2026-01-03T20:00:00.000Z,NJ,UTA,5.5,-141,115
2026-01-03,2026-01-03T20:30:00.000Z,EDM,PHI,6.5,110,-132
2026-01-03,2026-01-03T21:00:00.000Z,STL,MTL,5.5,-125,105
2026-01-03,2026-01-03T21:00:00.000Z,SJ,TB,6.5,105,-125
2026-01-03,2026-01-04T00:00:00.000Z,CGY,NSH,5.5,-125,105
2026-01-03,2026-01-04T00:00:00.000Z,NYI,TOR,5.5,-125,105
2026-01-03,2026-01-04T00:00:00.000Z,OTT,WPG,5.5,-122,-100
2026-01-03,2026-01-04T00:00:00.000Z,WSH,CHI,5.5,-120,-100
2026-01-03,2026-01-04T00:00:00.000Z,CAR,COL,6.5,105,-125
2026-01-03,2026-01-04T02:00:00.000Z,LA,MIN,5.5,-132,110
2026-01-03,2026-01-04T03:00:00.000Z,VAN,BOS,5.5,-130,106
2026-01-04,2026-01-04T19:00:00.000Z,DAL,MTL,6.5,114,-135
2026-01-04,2026-01-04T20:00:00.000Z,CBJ,PIT,6.5,-105,-115
2026-01-04,2026-01-04T22:00:00.000Z,FLA,COL,6.5,100,-120
2026-01-04,2026-01-05T00:00:00.000Z,CHI,VGK,5.5,-135,114
2026-01-04,2026-01-05T00:00:00.000Z,NJ,CAR,6.5,-100,-120
2026-01-05,2026-01-06T00:00:00.000Z,WSH,ANA,6.5,-105,-116
2026-01-05,2026-01-06T00:00:00.000Z,NYR,UTA,5.5,-125,105
2026-01-05,2026-01-06T00:30:00.000Z,OTT,DET,6.5,115,-141
2026-01-05,2026-01-06T02:30:00.000Z,CGY,SEA,6.5,115,-141
2026-01-05,2026-01-06T03:30:00.000Z,LA,MIN,5.5,-125,105
2026-01-06,2026-01-07T00:00:00.000Z,TB,COL,6.5,105,-125
2026-01-06,2026-01-07T00:00:00.000Z,BUF,VAN,6.5,110,-132
2026-01-06,2026-01-07T00:00:00.000Z,PHI,ANA,6.5,105,-125
2026-01-06,2026-01-07T00:00:00.000Z,CAR,DAL,5.5,-147,120
2026-01-06,2026-01-07T00:30:00.000Z,NYI,NJ,5.5,-125,105
2026-01-06,2026-01-07T00:30:00.000Z,TOR,FLA,5.5,-147,120
2026-01-06,2026-01-07T01:00:00.000Z,WPG,VGK,5.5,-141,115
2026-01-06,2026-01-07T02:00:00.000Z,EDM,NSH,6.5,-105,-116
2026-01-06,2026-01-07T03:00:00.000Z,SJ,CBJ,6.5,-116,-105
2026-01-06,2026-01-07T03:00:00.000Z,SEA,BOS,5.5,-125,105
2026-01-07,2026-01-08T00:00:00.000Z,WSH,DAL,6.5,-105,-115
2026-01-07,2026-01-08T00:30:00.000Z,MTL,CGY,6.5,110,-130
2026-01-07,2026-01-08T02:30:00.000Z,UTA,OTT,5.5,-141,115
2026-01-07,2026-01-08T02:30:00.000Z,CHI,STL,5.5,-130,110
2026-01-07,2026-01-08T03:30:00.000Z,LA,SJ,6.5,105,-125
2026-01-08,2026-01-09T00:00:00.000Z,BOS,CGY,6.5,120,-147
2026-01-08,2026-01-09T00:00:00.000Z,PIT,NJ,6.5,115,-141
2026-01-08,2026-01-09T00:00:00.000Z,NYR,BUF,6.5,115,-141
2026-01-08,2026-01-09T00:00:00.000Z,MTL,FLA,5.5,-141,115
2026-01-08,2026-01-09T00:00:00.000Z,DET,VAN,5.5,-125,105
2026-01-08,2026-01-09T00:00:00.000Z,CAR,ANA,6.5,-105,-116
2026-01-08,2026-01-09T00:00:00.000Z,PHI,TOR,5.5,-147,120
2026-01-08,2026-01-09T01:00:00.000Z,WPG,EDM,5.5,-141,115
2026-01-08,2026-01-09T01:00:00.000Z,NSH,NYI,5.5,-141,115
2026-01-08,2026-01-09T02:00:00.000Z,COL,OTT,6.5,105,-125
2026-01-08,2026-01-09T03:00:00.000Z,VGK,CBJ,6.5,-105,-115
2026-01-08,2026-01-09T03:00:00.000Z,SEA,MIN,5.5,-125,105
2026-01-09,2026-01-10T01:00:00.000Z,WPG,LA,5.5,-116,-105
2026-01-09,2026-01-10T01:00:00.000Z,CHI,WSH,5.5,-132,110
2026-01-09,2026-01-10T02:00:00.000Z,UTA,STL,5.5,-116,-105
2026-01-10,2026-01-10T18:00:00.000Z,BOS,NYR,5.5,-125,105
2026-01-10,2026-01-10T20:30:00.000Z,PIT,CGY,6.5,110,-132
2026-01-10,2026-01-10T21:00:00.000Z,SJ,DAL,6.5,-100,-120
2026-01-10,2026-01-10T21:00:00.000Z,COL,CBJ,6.5,-115,-105
2026-01-10,2026-01-11T00:00:00.000Z,PHI,TB,5.5,-141,115
2026-01-10,2026-01-11T00:00:00.000Z,MTL,DET,6.5,105,-125
2026-01-10,2026-01-11T00:00:00.000Z,TOR,VAN,5.5,-142,116
2026-01-10,2026-01-11T00:00:00.000Z,CAR,SEA,5.5,-125,105
2026-01-10,2026-01-11T00:00:00.000Z,BUF,ANA,6.5,-116,-105
2026-01-10,2026-01-11T00:00:00.000Z,OTT,FLA,6.5,110,-134
2026-01-10,2026-01-11T01:00:00.000Z,MIN,NYI,5.5,-125,105
2026-01-10,2026-01-11T01:00:00.000Z,NSH,CHI,5.5,-132,110
2026-01-10,2026-01-11T03:00:00.000Z,VGK,STL,5.5,-125,105
2026-01-10,2026-01-11T03:00:00.000Z,EDM,LA,6.5,105,-125
2026-01-11,2026-01-11T19:00:00.000Z,WPG,NJ,5.5,-130,110
2026-01-11,2026-01-11T22:00:00.000Z,BOS,PIT,6.5,110,-130
2026-01-11,2026-01-12T00:00:00.000Z,NSH,WSH,5.5,-135,114
2026-01-11,2026-01-12T00:00:00.000Z,UTA,CBJ,6.5,110,-130
2026-01-11,2026-01-12T01:00:00.000Z,SJ,VGK,6.5,-120,100
2026-01-12,2026-01-13T00:00:00.000Z,PHI,TB,6.5,115,-141
2026-01-12,2026-01-13T00:00:00.000Z,NYR,SEA,5.5,-120,-100
2026-01-12,2026-01-13T00:00:00.000Z,DET,CAR,6.5,110,-132
2026-01-12,2026-01-13T00:00:00.000Z,BUF,FLA,5.5,-141,115
2026-01-12,2026-01-13T00:30:00.000Z,MTL,VAN,6.5,120,-147
2026-01-12,2026-01-13T01:00:00.000Z,MIN,NJ,5.5,-125,105
2026-01-12,2026-01-13T01:30:00.000Z,CHI,EDM,6.5,105,-125
2026-01-12,2026-01-13T03:00:00.000Z,COL,TOR,6.5,105,-125
2026-01-12,2026-01-13T03:00:00.000Z,LA,DAL,5.5,-120,-100
2026-01-13,2026-01-14T00:00:00.000Z,OTT,VAN,6.5,115,-141
2026-01-13,2026-01-14T00:00:00.000Z,WSH,MTL,5.5,-147,120
2026-01-13,2026-01-14T00:00:00.000Z,PIT,TB,6.5,105,-125
2026-01-13,2026-01-14T00:00:00.000Z,CBJ,CGY,6.5,-100,-120
2026-01-13,2026-01-14T00:30:00.000Z,BOS,DET,6.5,120,-147
2026-01-13,2026-01-14T00:30:00.000Z,STL,CAR,6.5,120,-147
2026-01-13,2026-01-14T01:00:00.000Z,NSH,EDM,6.5,105,-125
2026-01-13,2026-01-14T01:00:00.000Z,WPG,NYI,5.5,-116,-105
2026-01-13,2026-01-14T03:00:00.000Z,UTA,TOR,6.5,110,-132
2026-01-13,2026-01-14T03:00:00.000Z,ANA,DAL,6.5,-105,-116
2026-01-14,2026-01-15T00:00:00.000Z,NJ,SEA,5.5,-130,110
2026-01-14,2026-01-15T00:30:00.000Z,BUF,PHI,5.5,-125,105
2026-01-14,2026-01-15T00:30:00.000Z,NYR,OTT,5.5,-125,105
2026-01-14,2026-01-15T03:00:00.000Z,LA,VGK,5.5,-125,105
2026-01-15,2026-01-16T00:00:00.000Z,CBJ,VAN,6.5,-100,-120
2026-01-15,2026-01-16T00:00:00.000Z,PIT,PHI,5.5,-141,115
2026-01-15,2026-01-16T00:00:00.000Z,WSH,SJ,6.5,-100,-120
2026-01-15,2026-01-16T00:00:00.000Z,BUF,MTL,6.5,-100,-120
2026-01-15,2026-01-16T01:00:00.000Z,BOS,SEA,6.5,110,-132
2026-01-15,2026-01-16T01:00:00.000Z,MIN,WPG,5.5,-120,-100
2026-01-15,2026-01-16T01:30:00.000Z,CHI,CGY,5.5,-125,105
2026-01-15,2026-01-16T02:00:00.000Z,UTA,DAL,5.5,-132,110
2026-01-15,2026-01-16T02:00:00.000Z,EDM,NYI,6.5,110,-132
2026-01-15,2026-01-16T02:30:00.000Z,VGK,TOR,6.5,115,-141
2026-01-16,2026-01-17T00:00:00.000Z,CAR,FLA,6.5,105,-125
2026-01-16,2026-01-17T00:00:00.000Z,DET,SJ,6.5,-100,-120
2026-01-16,2026-01-17T01:00:00.000Z,STL,TB,5.5,-120,-102
2026-01-16,2026-01-17T02:00:00.000Z,COL,NSH,6.5,-110,-110
2026-01-16,2026-01-17T03:30:00.000Z,LA,ANA,6.5,106,-130
2026-01-17,2026-01-17T17:30:00.000Z,BUF,MIN,6.5,114,-140
2026-01-17,2026-01-17T18:00:00.000Z,PHI,NYR,5.5,-134,110
2026-01-17,2026-01-17T20:00:00.000Z,CGY,NYI,5.5,-132,108
2026-01-17,2026-01-17T22:00:00.000Z,UTA,SEA,5.5,-124,102
2026-01-17,2026-01-18T00:00:00.000Z,NJ,CAR,5.5,-140,114
2026-01-17,2026-01-18T00:00:00.000Z,WPG,TOR,5.5,-122,-100
2026-01-17,2026-01-18T00:00:00.000Z,WSH,FLA,5.5,-122,-100
2026-01-17,2026-01-18T00:00:00.000Z,PIT,CBJ,6.5,-115,-105
2026-01-17,2026-01-18T00:00:00.000Z,OTT,MTL,6.5,-102,-120
2026-01-17,2026-01-18T01:00:00.000Z,CHI,BOS,5.5,-140,114
2026-01-17,2026-01-18T03:00:00.000Z,ANA,LA,6.5,106,-130
2026-01-17,2026-01-18T03:00:00.000Z,VAN,EDM,6.5,-110,-110
2026-01-17,2026-01-18T03:00:00.000Z,VGK,NSH,5.5,-140,114
2026-01-18,2026-01-18T19:00:00.000Z,DAL,TB,6.5,105,-125
2026-01-18,2026-01-18T22:00:00.000Z,DET,OTT,6.5,-105,-116
2026-01-18,2026-01-19T01:00:00.000Z,EDM,STL,6.5,-100,-120
2026-01-19,2026-01-19T18:30:00.000Z,CAR,BUF,6.5,-105,-116
2026-01-19,2026-01-19T21:00:00.000Z,COL,WSH,6.5,105,-125
2026-01-19,2026-01-19T22:00:00.000Z,SEA,PIT,6.5,110,-132
2026-01-19,2026-01-19T23:00:00.000Z,FLA,SJ,6.5,-100,-120
2026-01-19,2026-01-20T00:30:00.000Z,TOR,MIN,5.5,-132,110
2026-01-19,2026-01-20T01:00:00.000Z,VGK,PHI,6.5,105,-125
2026-01-19,2026-01-20T01:30:00.000Z,CHI,WPG,6.5,105,-125
2026-01-19,2026-01-20T02:00:00.000Z,CGY,NJ,5.5,-132,110
2026-01-19,2026-01-20T03:00:00.000Z,ANA,NYR,6.5,-100,-120
2026-01-19,2026-01-20T03:00:00.000Z,VAN,NYI,6.5,105,-125
2026-01-20,2026-01-21T00:00:00.000Z,CBJ,OTT,6.5,-125,105
2026-01-20,2026-01-21T00:00:00.000Z,MTL,MIN,6.5,115,-141
2026-01-20,2026-01-21T00:00:00.000Z,TB,SJ,6.5,-105,-116
2026-01-20,2026-01-21T00:30:00.000Z,DAL,BOS,6.5,115,-141
2026-01-20,2026-01-21T01:00:00.000Z,NSH,BUF,6.5,105,-125
2026-01-20,2026-01-21T01:00:00.000Z,WPG,STL,5.5,-125,105
2026-01-20,2026-01-21T03:00:00.000Z,EDM,NJ,5.5,-141,115
2026-01-20,2026-01-21T03:00:00.000Z,LA,NYR,5.5,-125,105
2026-01-21,2026-01-22T00:00:00.000Z,TOR,DET,5.5,-111,-111
2026-01-21,2026-01-22T02:00:00.000Z,COL,ANA,6.5,-116,-105
2026-01-21,2026-01-22T02:00:00.000Z,UTA,PHI,5.5,-147,120
2026-01-21,2026-01-22T02:30:00.000Z,CGY,PIT,5.5,-141,115
2026-01-21,2026-01-22T02:30:00.000Z,SEA,NYI,5.5,-125,105
2026-01-21,2026-01-22T03:00:00.000Z,VAN,WSH,6.5,105,-125
2026-01-22,2026-01-23T00:00:00.000Z,MTL,BUF,6.5,-100,-120
2026-01-22,2026-01-23T00:00:00.000Z,BOS,VGK,6.5,115,-141
2026-01-22,2026-01-23T00:00:00.000Z,CAR,CHI,6.5,110,-132
2026-01-22,2026-01-23T00:00:00.000Z,CBJ,DAL,6.5,-111,-111
2026-01-22,2026-01-23T01:00:00.000Z,WPG,FLA,5.5,-122,102
2026-01-22,2026-01-23T01:00:00.000Z,NSH,OTT,6.5,110,-130
2026-01-22,2026-01-23T02:00:00.000Z,EDM,PIT,6.5,105,-125
2026-01-22,2026-01-23T02:30:00.000Z,MIN,DET,5.5,-127,107
2026-01-23,2026-01-24T00:00:00.000Z,CHI,TB,6.5,120,-147
2026-01-23,2026-01-24T00:00:00.000Z,TOR,VGK,5.5,-141,115
2026-01-23,2026-01-24T01:00:00.000Z,DAL,STL,5.5,-132,110
2026-01-23,2026-01-24T02:00:00.000Z,CGY,WSH,5.5,-141,115
2026-01-23,2026-01-24T02:00:00.000Z,COL,PHI,6.5,-100,-120
2026-01-23,2026-01-24T03:00:00.000Z,SJ,NYR,6.5,-100,-120
2026-01-23,2026-01-24T03:00:00.000Z,VAN,NJ,6.5,115,-141
2026-01-23,2026-01-24T03:00:00.000Z,SEA,ANA,6.5,110,-132
2026-01-24,2026-01-24T18:00:00.000Z,NYI,BUF,6.5,115,-141
2026-01-24,2026-01-24T18:30:00.000Z,NSH,UTA,5.5,-141,115
2026-01-24,2026-01-25T00:00:00.000Z,OTT,CAR,6.5,110,-132
2026-01-24,2026-01-25T00:00:00.000Z,BOS,MTL,6.5,-100,-120
2026-01-24,2026-01-25T00:00:00.000Z,CBJ,TB,6.5,-100,-120
2026-01-24,2026-01-25T00:00:00.000Z,WPG,DET,5.5,-141,115
2026-01-24,2026-01-25T01:00:00.000Z,STL,LA,5.5,-105,-116
2026-01-24,2026-01-25T02:00:00.000Z,MIN,FLA,5.5,-125,105
2026-01-24,2026-01-25T03:00:00.000Z,EDM,WSH,6.5,-100,-120
2026-01-25,2026-01-25T18:30:00.000Z,TOR,COL,6.5,-120,100
2026-01-25,2026-01-25T20:00:00.000Z,SEA,NJ,5.5,-130,110
2026-01-25,2026-01-25T22:00:00.000Z,OTT,VGK,6.5,-115,-105
2026-01-25,2026-01-25T23:00:00.000Z,VAN,PIT,6.5,-105,-115
2026-01-25,2026-01-26T00:00:00.000Z,CHI,FLA,6.5,105,-125
2026-01-25,2026-01-26T01:00:00.000Z,CGY,ANA,6.5,-110,-110
2026-01-26,2026-01-27T00:00:00.000Z,TB,UTA,6.5,110,-132
2026-01-26,2026-01-27T00:00:00.000Z,PHI,NYI,5.5,-125,105
2026-01-26,2026-01-27T00:00:00.000Z,NYR,BOS,6.5,105,-125
2026-01-26,2026-01-27T01:30:00.000Z,EDM,ANA,6.5,-125,105
2026-01-27,2026-01-28T00:00:00.000Z,DET,LA,5.5,-125,105
2026-01-27,2026-01-28T00:00:00.000Z,BOS,NSH,6.5,105,-125
2026-01-27,2026-01-28T00:00:00.000Z,FLA,UTA,6.5,110,-132
2026-01-27,2026-01-28T00:00:00.000Z,MTL,VGK,6.5,-105,-116
2026-01-27,2026-01-28T00:00:00.000Z,TOR,BUF,6.5,-100,-120
2026-01-27,2026-01-28T00:00:00.000Z,NJ,WPG,5.5,-132,110
2026-01-27,2026-01-28T01:00:00.000Z,MIN,CHI,6.5,110,-132
2026-01-27,2026-01-28T01:00:00.000Z,STL,DAL,6.5,115,-141
2026-01-27,2026-01-28T03:00:00.000Z,SEA,WSH,6.5,115,-141
2026-01-27,2026-01-28T03:00:00.000Z,VAN,SJ,6.5,-100,-120
2026-01-28,2026-01-29T00:00:00.000Z,NYI,NYR,5.5,-130,110
2026-01-28,2026-01-29T00:30:00.000Z,CBJ,PHI,6.5,100,-120
2026-01-28,2026-01-29T00:30:00.000Z,OTT,COL,6.5,100,-120
2026-01-29,2026-01-30T00:00:00.000Z,BOS,PHI,6.5,-115,-105
2026-01-29,2026-01-30T00:00:00.000Z,BUF,LA,6.5,100,-120
2026-01-29,2026-01-30T00:00:00.000Z,TB,WPG,6.5,110,-132
2026-01-29,2026-01-30T00:00:00.000Z,NJ,NSH,5.5,-132,110
2026-01-29,2026-01-30T00:00:00.000Z,CAR,UTA,5.5,-116,-105
2026-01-29,2026-01-30T00:00:00.000Z,PIT,CHI,5.5,-125,105
2026-01-29,2026-01-30T00:00:00.000Z,MTL,COL,6.5,-120,100
2026-01-29,2026-01-30T00:00:00.000Z,NYR,NYI,6.5,-105,-116
2026-01-29,2026-01-30T00:30:00.000Z,DET,WSH,5.5,-132,110
2026-01-29,2026-01-30T01:00:00.000Z,MIN,CGY,5.5,-132,110
2026-01-29,2026-01-30T01:00:00.000Z,STL,FLA,5.5,-110,-110
2026-01-29,2026-01-30T02:00:00.000Z,EDM,SJ,6.5,-115,-105
2026-01-29,2026-01-30T03:00:00.000Z,VGK,DAL,6.5,-105,-116
2026-01-29,2026-01-30T03:00:00.000Z,SEA,TOR,6.5,120,-147
2026-01-29,2026-01-30T03:00:00.000Z,VAN,ANA,6.5,110,-132
2026-01-30,2026-01-31T01:30:00.000Z,CHI,CBJ,6.5,-100,-120
2026-01-31,2026-01-31T17:30:00.000Z,PHI,LA,5.5,-142,120
2026-01-31,2026-01-31T18:00:00.000Z,DET,COL,6.5,-115,-105
2026-01-31,2026-01-31T20:30:00.000Z,PIT,NYR,6.5,114,-135
2026-01-31,2026-01-31T21:00:00.000Z,CGY,SJ,6.5,110,-130
2026-01-31,2026-01-31T21:00:00.000Z,FLA,WPG,6.5,-115,-105
2026-01-31,2026-01-31T22:00:00.000Z,WSH,CAR,5.5,-142,120
2026-01-31,2026-02-01T00:00:00.000Z,STL,CBJ,6.5,100,-120
2026-01-31,2026-02-01T00:00:00.000Z,VAN,TOR,6.5,-112,-108
2026-01-31,2026-02-01T00:00:00.000Z,OTT,NJ,5.5,-130,110
2026-01-31,2026-02-01T00:00:00.000Z,BUF,MTL,6.5,-130,110
2026-01-31,2026-02-01T00:00:00.000Z,NYI,NSH,5.5,-130,110
2026-01-31,2026-02-01T02:00:00.000Z,UTA,DAL,5.5,-120,100
2026-01-31,2026-02-01T03:00:00.000Z,EDM,MIN,6.5,-125,105
2026-01-31,2026-02-01T03:00:00.000Z,VGK,SEA,6.5,110,-130
2026-02-01,2026-02-01T20:00:00.000Z,CAR,LA,5.5,-120,-100
2026-02-01,2026-02-01T23:30:00.000Z,TB,BOS,6.5,110,-130
2026-02-01,2026-02-02T02:30:00.000Z,ANA,VGK,6.5,-116,-105
2026-02-02,2026-02-03T00:00:00.000Z,PIT,OTT,5.5,-141,115
2026-02-02,2026-02-03T00:00:00.000Z,FLA,BUF,5.5,-141,115
2026-02-02,2026-02-03T00:00:00.000Z,WSH,NYI,6.5,110,-132
2026-02-02,2026-02-03T00:30:00.000Z,MIN,MTL,6.5,-105,-116
2026-02-02,2026-02-03T01:00:00.000Z,NSH,STL,5.5,-125,105
2026-02-02,2026-02-03T01:30:00.000Z,DAL,WPG,6.5,115,-141
2026-02-02,2026-02-03T01:30:00.000Z,CHI,SJ,6.5,-111,-111
2026-02-02,2026-02-03T02:00:00.000Z,COL,DET,6.5,-100,-120
2026-02-02,2026-02-03T02:30:00.000Z,UTA,VAN,6.5,110,-132
2026-02-02,2026-02-03T03:00:00.000Z,CGY,TOR,5.5,-132,110
2026-02-03,2026-02-04T00:00:00.000Z,NJ,CBJ,6.5,110,-132
2026-02-03,2026-02-04T00:00:00.000Z,PHI,WSH,6.5,115,-141
2026-02-03,2026-02-04T00:00:00.000Z,CAR,OTT,6.5,105,-125
2026-02-03,2026-02-04T00:30:00.000Z,TB,BUF,6.5,105,-125
2026-02-03,2026-02-04T00:30:00.000Z,NYI,PIT,5.5,-141,115
2026-02-03,2026-02-04T01:30:00.000Z,EDM,TOR,6.5,-120,-100
2026-02-03,2026-02-04T03:00:00.000Z,ANA,SEA,6.5,105,-125
2026-02-04,2026-02-05T00:00:00.000Z,CBJ,CHI,6.5,105,-125
2026-02-04,2026-02-05T00:00:00.000Z,WPG,MTL,6.5,115,-141
2026-02-04,2026-02-05T00:00:00.000Z,FLA,BOS,5.5,-147,120
2026-02-04,2026-02-05T01:00:00.000Z,NSH,MIN,6.5,115,-141
2026-02-04,2026-02-05T02:00:00.000Z,COL,SJ,6.5,-116,-105
2026-02-04,2026-02-05T02:00:00.000Z,UTA,DET,6.5,115,-141
2026-02-04,2026-02-05T02:30:00.000Z,DAL,STL,5.5,-125,105
2026-02-04,2026-02-05T03:00:00.000Z,VGK,VAN,6.5,105,-125
2026-02-04,2026-02-05T03:00:00.000Z,CGY,EDM,6.5,-111,-111
2026-02-04,2026-02-05T03:00:00.000Z,LA,SEA,5.5,-111,-111
2026-02-05,2026-02-06T00:00:00.000Z,BUF,PIT,6.5,-111,-111
2026-02-05,2026-02-06T00:00:00.000Z,NJ,NYI,5.5,-111,-111
2026-02-05,2026-02-06T00:00:00.000Z,WSH,NSH,6.5,115,-141
2026-02-05,2026-02-06T00:00:00.000Z,PHI,OTT,6.5,105,-125
2026-02-05,2026-02-06T00:00:00.000Z,NYR,CAR,5.5,-141,115
2026-02-05,2026-02-06T00:30:00.000Z,TB,FLA,5.5,-132,110
2026-02-05,2026-02-06T03:00:00.000Z,VGK,LA,5.5,-141,115
2026-02-25,2026-02-26T00:00:00.000Z,NJ,BUF,6.5,120,-147
2026-02-25,2026-02-26T00:00:00.000Z,WSH,PHI,5.5,-147,120
2026-02-25,2026-02-26T00:30:00.000Z,TB,TOR,6.5,120,-147
2026-02-25,2026-02-26T01:00:00.000Z,DAL,SEA,5.5,-116,-105
2026-02-25,2026-02-26T02:00:00.000Z,UTA,COL,6.5,105,-125
2026-02-25,2026-02-26T03:00:00.000Z,VAN,WPG,6.5,115,-141
2026-02-25,2026-02-26T03:00:00.000Z,LA,VGK,5.5,-116,-105
2026-02-25,2026-02-26T03:30:00.000Z,ANA,EDM,6.5,-120,-100
2026-02-26,2026-02-27T00:00:00.000Z,OTT,DET,5.5,-130,110
2026-02-26,2026-02-27T00:00:00.000Z,MTL,NYI,6.5,105,-125
2026-02-26,2026-02-27T00:00:00.000Z,PIT,NJ,5.5,-125,105
2026-02-26,2026-02-27T00:00:00.000Z,BOS,CBJ,6.5,100,-120
2026-02-26,2026-02-27T00:00:00.000Z,CAR,TB,6.5,105,-125
2026-02-26,2026-02-27T00:00:00.000Z,FLA,TOR,6.5,105,-125
2026-02-26,2026-02-27T01:00:00.000Z,NSH,CHI,5.5,-130,110
2026-02-26,2026-02-27T01:00:00.000Z,STL,SEA,5.5,-130,110
2026-02-26,2026-02-27T01:00:00.000Z,NYR,PHI,5.5,-120,100
2026-02-26,2026-02-27T02:00:00.000Z,COL,MIN,6.5,100,-120
2026-02-26,2026-02-27T03:00:00.000Z,SJ,CGY,6.5,-105,-115
2026-02-26,2026-02-27T03:30:00.000Z,LA,EDM,6.5,110,-130
2026-02-27,2026-02-28T00:00:00.000Z,WSH,VGK,5.5,-141,115
2026-02-27,2026-02-28T00:00:00.000Z,FLA,BUF,6.5,105,-125
2026-02-27,2026-02-28T02:00:00.000Z,UTA,MIN,5.5,-141,115
2026-02-27,2026-02-28T03:00:00.000Z,ANA,WPG,6.5,105,-125
2026-02-28,2026-02-28T17:30:00.000Z,NYR,PIT,5.5,-125,105
2026-02-28,2026-02-28T20:00:00.000Z,PHI,BOS,5.5,-147,120
2026-02-28,2026-02-28T21:00:00.000Z,SJ,EDM,6.5,-125,105
2026-02-28,2026-02-28T22:00:00.000Z,STL,NJ,5.5,-116,-105
2026-02-28,2026-02-28T23:00:00.000Z,CBJ,NYI,6.5,115,-141
2026-02-28,2026-02-28T23:00:00.000Z,COL,CHI,6.5,-105,-116
2026-02-28,2026-03-01T00:00:00.000Z,CAR,DET,6.5,110,-132
2026-02-28,2026-03-01T00:00:00.000Z,MTL,WSH,6.5,105,-125
2026-02-28,2026-03-01T00:00:00.000Z,LA,CGY,5.5,-111,-111
2026-02-28,2026-03-01T00:00:00.000Z,TB,BUF,6.5,105,-125
2026-02-28,2026-03-01T00:00:00.000Z,TOR,OTT,5.5,-141,115
2026-02-28,2026-03-01T01:00:00.000Z,DAL,NSH,5.5,-141,115
2026-02-28,2026-03-01T03:00:00.000Z,SEA,VAN,5.5,-125,105
2026-03-01,2026-03-01T18:00:00.000Z,PIT,VGK,6.5,105,-125
2026-03-01,2026-03-01T21:00:00.000Z,UTA,CHI,6.5,105,-125
2026-03-01,2026-03-01T21:00:00.000Z,SJ,WPG,6.5,-105,-116
2026-03-01,2026-03-01T22:00:00.000Z,MIN,STL,6.5,-120,-100
2026-03-01,2026-03-01T23:30:00.000Z,NYI,FLA,5.5,-132,110
2026-03-01,2026-03-02T01:00:00.000Z,ANA,CGY,6.5,-116,-105
2026-03-02,2026-03-02T19:00:00.000Z,NSH,DET,6.5,105,-125
2026-03-02,2026-03-03T00:00:00.000Z,NYR,CBJ,6.5,105,-125
2026-03-02,2026-03-03T00:30:00.000Z,TOR,PHI,6.5,105,-125
2026-03-02,2026-03-03T03:00:00.000Z,SEA,CAR,5.5,-132,110
2026-03-02,2026-03-03T03:00:00.000Z,VAN,DAL,5.5,-132,110
2026-03-02,2026-03-03T03:30:00.000Z,LA,COL,6.5,-116,-105
2026-03-03,2026-03-04T00:00:00.000Z,BUF,VGK,6.5,105,-125
2026-03-03,2026-03-04T00:00:00.000Z,CBJ,NSH,6.5,-100,-120
2026-03-03,2026-03-04T00:00:00.000Z,WSH,UTA,6.5,120,-147
2026-03-03,2026-03-04T00:00:00.000Z,NJ,FLA,5.5,-116,-105
2026-03-03,2026-03-04T00:00:00.000Z,BOS,PIT,6.5,105,-125
2026-03-03,2026-03-04T01:00:00.000Z,WPG,CHI,5.5,-125,105
2026-03-03,2026-03-04T02:00:00.000Z,EDM,OTT,6.5,-105,-116
2026-03-03,2026-03-04T02:00:00.000Z,CGY,DAL,5.5,-116,-105
2026-03-03,2026-03-04T02:30:00.000Z,MIN,TB,5.5,-141,115
2026-03-03,2026-03-04T03:00:00.000Z,ANA,COL,6.5,-120,-100
2026-03-03,2026-03-04T03:00:00.000Z,SJ,MTL,6.5,-116,-105
2026-03-04,2026-03-05T00:00:00.000Z,NJ,TOR,5.5,-125,105
2026-03-04,2026-03-05T00:00:00.000Z,DET,VGK,5.5,-135,114
2026-03-04,2026-03-05T03:00:00.000Z,ANA,NYI,6.5,-105,-115
2026-03-04,2026-03-05T03:00:00.000Z,VAN,CAR,6.5,105,-125
2026-03-04,2026-03-05T03:00:00.000Z,SEA,STL,5.5,-130,110
2026-03-05,2026-03-06T00:00:00.000Z,PIT,BUF,6.5,-102,-120
2026-03-05,2026-03-06T00:00:00.000Z,PHI,UTA,5.5,-138,112
2026-03-05,2026-03-06T00:00:00.000Z,NYR,TOR,5.5,-134,110
2026-03-05,2026-03-06T00:00:00.000Z,CBJ,FLA,6.5,114,-140
2026-03-05,2026-03-06T01:00:00.000Z,NSH,BOS,6.5,102,-124
2026-03-05,2026-03-06T01:00:00.000Z,WPG,TB,5.5,-124,102
2026-03-05,2026-03-06T02:00:00.000Z,CGY,OTT,6.5,112,-138
2026-03-05,2026-03-06T02:30:00.000Z,LA,NYI,5.5,-100,-122
2026-03-06,2026-03-07T00:00:00.000Z,DET,FLA,5.5,-140,114
2026-03-06,2026-03-07T01:00:00.000Z,DAL,COL,6.5,110,-134
2026-03-06,2026-03-07T01:30:00.000Z,CHI,VAN,6.5,104,-128
2026-03-06,2026-03-07T02:00:00.000Z,EDM,CAR,6.5,-110,-110
2026-03-06,2026-03-07T02:00:00.000Z,ANA,MTL,6.5,-118,-104
2026-03-06,2026-03-07T03:00:00.000Z,SJ,STL,5.5,-138,112
2026-03-06,2026-03-07T03:00:00.000Z,VGK,MIN,6.5,116,-142
2026-03-07,2026-03-07T17:30:00.000Z,BOS,WSH,6.5,105,-125
2026-03-07,2026-03-07T20:00:00.000Z,NJ,NYR,5.5,-120,-100
2026-03-07,2026-03-07T22:30:00.000Z,BUF,NSH,6.5,-120,-100
2026-03-07,2026-03-07T22:30:00.000Z,PIT,PHI,6.5,-100,-120
2026-03-07,2026-03-08T00:00:00.000Z,WPG,VAN,6.5,105,-125
2026-03-07,2026-03-08T00:00:00.000Z,LA,MTL,6.5,105,-125
2026-03-07,2026-03-08T00:00:00.000Z,CBJ,UTA,6.5,-116,-105
2026-03-07,2026-03-08T00:00:00.000Z,TOR,TB,6.5,-120,-100
2026-03-07,2026-03-08T03:00:00.000Z,SEA,OTT,5.5,-125,105
2026-03-07,2026-03-08T03:00:00.000Z,SJ,NYI,6.5,-116,-105
2026-03-07,2026-03-08T03:00:00.000Z,CGY,CAR,5.5,-132,110
2026-03-08,2026-03-08T18:00:00.000Z,COL,MIN,6.5,-120,-100
2026-03-08,2026-03-08T20:30:00.000Z,PIT,BOS,6.5,-120,-100
2026-03-08,2026-03-08T22:00:00.000Z,BUF,TB,6.5,-120,-100
2026-03-08,2026-03-08T22:00:00.000Z,DAL,CHI,5.5,-120,-100
2026-03-08,2026-03-08T23:00:00.000Z,NJ,DET,5.5,-111,-111
2026-03-08,2026-03-09T01:00:00.000Z,ANA,STL,6.5,-120,-100
2026-03-08,2026-03-09T01:30:00.000Z,VGK,EDM,6.5,-147,120
2026-03-09,2026-03-09T20:00:00.000Z,CBJ,LA,6.5,105,-125
2026-03-09,2026-03-09T23:00:00.000Z,WSH,CGY,5.5,-130,110
2026-03-09,2026-03-09T23:00:00.000Z,PHI,NYR,5.5,-120,100
2026-03-09,2026-03-10T00:30:00.000Z,CHI,UTA,5.5,-135,114
2026-03-09,2026-03-10T01:00:00.000Z,VAN,OTT,6.5,110,-130
2026-03-10,2026-03-10T23:00:00.000Z,FLA,DET,5.5,-134,110
2026-03-10,2026-03-10T23:00:00.000Z,NYR,CGY,5.5,-142,116
2026-03-10,2026-03-10T23:00:00.000Z,CAR,PIT,6.5,108,-132
2026-03-10,2026-03-10T23:00:00.000Z,MTL,TOR,6.5,-106,-114
2026-03-10,2026-03-10T23:00:00.000Z,BOS,LA,5.5,-142,116
2026-03-10,2026-03-10T23:00:00.000Z,TB,CBJ,6.5,-110,-110
2026-03-10,2026-03-10T23:00:00.000Z,BUF,SJ,6.5,-124,102
2026-03-10,2026-03-10T23:30:00.000Z,STL,NYI,5.5,-110,-110
2026-03-10,2026-03-11T00:00:00.000Z,MIN,UTA,6.5,112,-138
2026-03-10,2026-03-11T00:00:00.000Z,DAL,VGK,5.5,-130,106
2026-03-10,2026-03-11T00:30:00.000Z,WPG,ANA,6.5,-104,-118
2026-03-10,2026-03-11T02:00:00.000Z,SEA,NSH,5.5,-134,110
2026-03-10,2026-03-11T02:00:00.000Z,COL,EDM,6.5,-140,114
2026-03-11,2026-03-11T23:30:00.000Z,OTT,MTL,6.5,-120,-100
2026-03-11,2026-03-11T23:30:00.000Z,PHI,WSH,5.5,-132,110
2026-03-12,2026-03-12T23:00:00.000Z,BOS,SJ,6.5,-111,-111
2026-03-12,2026-03-12T23:00:00.000Z,FLA,CBJ,6.5,-105,-116
2026-03-12,2026-03-12T23:00:00.000Z,NJ,CGY,5.5,-100,-120
2026-03-12,2026-03-12T23:00:00.000Z,TOR,ANA,6.5,-125,105
2026-03-12,2026-03-12T23:00:00.000Z,BUF,WSH,6.5,-100,-120
2026-03-12,2026-03-12T23:00:00.000Z,CAR,STL,6.5,-105,-116
2026-03-12,2026-03-12T23:00:00.000Z,TB,DET,6.5,105,-125
2026-03-12,2026-03-13T00:00:00.000Z,MIN,PHI,6.5,-105,-116
2026-03-12,2026-03-13T00:00:00.000Z,DAL,EDM,6.5,-105,-116
2026-03-12,2026-03-13T00:00:00.000Z,WPG,NYR,5.5,-132,110
2026-03-12,2026-03-13T01:00:00.000Z,UTA,CHI,6.5,105,-125
2026-03-12,2026-03-13T02:00:00.000Z,VAN,NSH,6.5,-120,-100
2026-03-12,2026-03-13T02:00:00.000Z,VGK,PIT,6.5,105,-125
2026-03-12,2026-03-13T02:00:00.000Z,SEA,COL,6.5,-100,-120
2026-03-13,2026-03-13T23:00:00.000Z,NYI,LA,5.5,-125,105
2026-03-13,2026-03-14T00:00:00.000Z,STL,EDM,6.5,-125,105
2026-03-14,2026-03-14T17:00:00.000Z,OTT,ANA,6.5,-118,-104
2026-03-14,2026-03-14T19:00:00.000Z,WSH,BOS,6.5,104,-128
2026-03-14,2026-03-14T20:00:00.000Z,WPG,COL,6.5,-102,-120
2026-03-14,2026-03-14T22:00:00.000Z,MIN,NYR,6.5,110,-134
2026-03-14,2026-03-14T23:00:00.000Z,NJ,LA,5.5,-110,-110
2026-03-14,2026-03-14T23:00:00.000Z,MTL,SJ,6.5,-128,104
2026-03-14,2026-03-14T23:00:00.000Z,TB,CAR,6.5,-104,-118
2026-03-14,2026-03-14T23:00:00.000Z,BUF,TOR,6.5,-106,-114
2026-03-14,2026-03-14T23:00:00.000Z,NYI,CGY,5.5,-115,-105
2026-03-14,2026-03-14T23:30:00.000Z,PHI,CBJ,6.5,104,-128
2026-03-14,2026-03-15T00:00:00.000Z,DAL,DET,5.5,-115,-105
2026-03-14,2026-03-15T01:00:00.000Z,UTA,PIT,5.5,-142,116
2026-03-14,2026-03-15T02:00:00.000Z,VGK,CHI,6.5,112,-140
2026-03-14,2026-03-15T02:00:00.000Z,VAN,SEA,6.5,114,-140
2026-03-15,2026-03-15T19:00:00.000Z,WPG,STL,6.5,105,-125
2026-03-15,2026-03-15T21:00:00.000Z,OTT,SJ,6.5,-120,-100
2026-03-15,2026-03-15T23:00:00.000Z,MTL,ANA,6.5,-105,-116
2026-03-15,2026-03-15T23:30:00.000Z,MIN,TOR,6.5,-100,-120
2026-03-15,2026-03-16T00:00:00.000Z,SEA,FLA,6.5,105,-125
2026-03-15,2026-03-16T00:00:00.000Z,EDM,NSH,6.5,-125,105
2026-03-16,2026-03-16T23:00:00.000Z,NJ,BOS,6.5,105,-125
2026-03-16,2026-03-16T23:00:00.000Z,NYR,LA,5.5,-125,105
2026-03-16,2026-03-16T23:00:00.000Z,DET,CGY,6.5,105,-125
2026-03-16,2026-03-17T00:00:00.000Z,DAL,UTA,5.5,-125,105
2026-03-16,2026-03-17T01:30:00.000Z,COL,PIT,6.5,-125,105
2026-03-17,2026-03-17T23:00:00.000Z,TOR,NYI,6.5,-116,-105
2026-03-17,2026-03-17T23:00:00.000Z,CBJ,CAR,6.5,-132,110
2026-03-17,2026-03-17T23:00:00.000Z,MTL,BOS,6.5,-120,-100
2026-03-17,2026-03-17T23:30:00.000Z,CHI,MIN,6.5,105,-125
2026-03-17,2026-03-18T00:00:00.000Z,WPG,NSH,6.5,105,-125
2026-03-17,2026-03-18T01:00:00.000Z,EDM,SJ,6.5,-156,130
2026-03-17,2026-03-18T02:00:00.000Z,SEA,TB,6.5,-120,-100
2026-03-17,2026-03-18T02:00:00.000Z,VGK,BUF,6.5,-116,-105
2026-03-17,2026-03-18T02:00:00.000Z,VAN,FLA,6.5,-120,-100
2026-03-18,2026-03-18T23:00:00.000Z,CAR,PIT,6.5,-120,-100
2026-03-18,2026-03-18T23:00:00.000Z,NYR,NJ,6.5,110,-134
2026-03-18,2026-03-18T23:30:00.000Z,WSH,OTT,6.5,-110,-110
2026-03-18,2026-03-19T01:30:00.000Z,CGY,STL,5.5,-112,-108
2026-03-18,2026-03-19T01:30:00.000Z,COL,DAL,6.5,114,-140
2026-03-18,2026-03-19T02:00:00.000Z,ANA,PHI,6.5,104,-128
2026-03-19,2026-03-19T23:00:00.000Z,OTT,NYI,5.5,-120,100
2026-03-19,2026-03-19T23:00:00.000Z,BOS,WPG,5.5,-130,110
2026-03-19,2026-03-19T23:00:00.000Z,DET,MTL,6.5,105,-125
2026-03-19,2026-03-19T23:00:00.000Z,CBJ,NYR,6.5,105,-125
2026-03-19,2026-03-19T23:30:00.000Z,MIN,CHI,6.5,114,-135
2026-03-19,2026-03-20T00:00:00.000Z,NSH,SEA,5.5,-120,100
2026-03-19,2026-03-20T01:00:00.000Z,EDM,FLA,6.5,110,-130
2026-03-19,2026-03-20T02:00:00.000Z,VGK,UTA,6.5,112,-140
2026-03-19,2026-03-20T02:00:00.000Z,VAN,TB,6.5,110,-134
2026-03-19,2026-03-20T02:00:00.000Z,SJ,BUF,6.5,-112,-108
2026-03-19,2026-03-20T02:30:00.000Z,LA,PHI,5.5,-130,110
2026-03-20,2026-03-20T23:00:00.000Z,WSH,NJ,5.5,-120,-100
2026-03-20,2026-03-20T23:00:00.000Z,TOR,CAR,6.5,-116,-105
2026-03-20,2026-03-21T00:30:00.000Z,CHI,COL,6.5,-100,-120
2026-03-20,2026-03-21T01:00:00.000Z,CGY,FLA,6.5,105,-125
2026-03-20,2026-03-21T02:00:00.000Z,UTA,ANA,6.5,-116,-105
2026-03-21,2026-03-21T17:00:00.000Z,PIT,WPG,5.5,-130,110
2026-03-21,2026-03-21T18:00:00.000Z,NSH,VGK,5.5,-132,110
2026-03-21,2026-03-21T20:00:00.000Z,SJ,PHI,6.5,105,-125
2026-03-21,2026-03-21T20:00:00.000Z,MIN,DAL,5.5,-132,110
2026-03-21,2026-03-21T20:00:00.000Z,LA,BUF,5.5,-125,105
2026-03-21,2026-03-21T21:00:00.000Z,CBJ,SEA,6.5,105,-125
2026-03-21,2026-03-21T23:00:00.000Z,MTL,NYI,6.5,105,-125
2026-03-21,2026-03-21T23:00:00.000Z,OTT,TOR,6.5,105,-125
2026-03-21,2026-03-21T23:00:00.000Z,VAN,STL,6.5,-100,-120
2026-03-21,2026-03-22T00:00:00.000Z,DET,BOS,5.5,-125,105
2026-03-21,2026-03-22T02:00:00.000Z,EDM,TB,6.5,-125,105
2026-03-22,2026-03-22T16:00:00.000Z,NYR,WPG,5.5,-125,105
2026-03-22,2026-03-22T16:30:00.000Z,WSH,COL,6.5,-100,-120
2026-03-22,2026-03-22T19:00:00.000Z,CHI,NSH,6.5,105,-125
2026-03-22,2026-03-22T19:00:00.000Z,PIT,CAR,6.5,-125,105
2026-03-22,2026-03-22T23:00:00.000Z,NYI,CBJ,6.5,105,-125
2026-03-22,2026-03-22T23:00:00.000Z,DAL,VGK,5.5,-125,105
2026-03-22,2026-03-23T00:00:00.000Z,CGY,TB,6.5,105,-125
2026-03-22,2026-03-23T00:00:00.000Z,ANA,BUF,6.5,-120,-100
2026-03-22,2026-03-23T01:00:00.000Z,UTA,LA,5.5,-125,105
2026-03-23,2026-03-23T23:30:00.000Z,NYR,OTT,6.5,-100,-120
2026-03-24,2026-03-24T23:00:00.000Z,MTL,CAR,6.5,-125,105
2026-03-24,2026-03-24T23:00:00.000Z,PHI,CBJ,5.5,-125,105
2026-03-24,2026-03-24T23:00:00.000Z,FLA,SEA,6.5,105,-125
2026-03-24,2026-03-24T23:00:00.000Z,PIT,COL,6.5,-141,115
2026-03-24,2026-03-24T23:00:00.000Z,NYI,CHI,5.5,-132,110
2026-03-24,2026-03-24T23:00:00.000Z,BOS,TOR,6.5,105,-125
2026-03-24,2026-03-24T23:00:00.000Z,DET,OTT,5.5,-132,110
2026-03-24,2026-03-24T23:30:00.000Z,TB,MIN,6.5,105,-125
2026-03-24,2026-03-25T00:00:00.000Z,NSH,SJ,5.5,-132,110
2026-03-24,2026-03-25T00:00:00.000Z,WPG,VGK,6.5,-116,-105
2026-03-24,2026-03-25T00:00:00.000Z,DAL,NJ,6.5,105,-125
2026-03-24,2026-03-25T00:00:00.000Z,STL,WSH,5.5,-120,-100
2026-03-24,2026-03-25T01:00:00.000Z,CGY,LA,5.5,-125,105
2026-03-24,2026-03-25T01:30:00.000Z,UTA,EDM,6.5,-125,105
2026-03-24,2026-03-25T02:00:00.000Z,VAN,ANA,6.5,-120,-100
2026-03-25,2026-03-25T23:30:00.000Z,BUF,BOS,6.5,-105,-116
2026-03-25,2026-03-25T23:30:00.000Z,TOR,NYR,6.5,105,-125
2026-03-26,2026-03-26T23:00:00.000Z,OTT,PIT,6.5,-116,-105
2026-03-26,2026-03-26T23:00:00.000Z,MTL,CBJ,6.5,-120,-100
2026-03-26,2026-03-26T23:00:00.000Z,NYI,DAL,5.5,-125,105
2026-03-26,2026-03-26T23:00:00.000Z,TB,SEA,6.5,-120,-100
2026-03-26,2026-03-26T23:00:00.000Z,FLA,MIN,6.5,-105,-116
2026-03-26,2026-03-26T23:00:00.000Z,PHI,CHI,5.5,-125,105
2026-03-26,2026-03-27T00:00:00.000Z,WPG,COL,6.5,105,-125
2026-03-26,2026-03-27T00:00:00.000Z,NSH,NJ,5.5,-125,105
2026-03-26,2026-03-27T00:00:00.000Z,STL,SJ,6.5,-116,-105
2026-03-26,2026-03-27T01:00:00.000Z,CGY,ANA,5.5,-125,105
2026-03-26,2026-03-27T01:00:00.000Z,UTA,WSH,5.5,-132,110
2026-03-26,2026-03-27T01:30:00.000Z,VGK,EDM,6.5,-132,110
2026-03-26,2026-03-27T02:00:00.000Z,VAN,LA,6.5,105,-125
2026-03-27,2026-03-27T23:00:00.000Z,BUF,DET,6.5,105,-125
2026-03-27,2026-03-27T23:00:00.000Z,NYR,CHI,5.5,-125,105
2026-03-28,2026-03-28T17:00:00.000Z,TB,OTT,6.5,-116,-105
2026-03-28,2026-03-28T17:00:00.000Z,NYI,FLA,6.5,105,-125
2026-03-28,2026-03-28T19:30:00.000Z,EDM,ANA,6.5,-156,130
2026-03-28,2026-03-28T21:00:00.000Z,CAR,NJ,6.5,-111,-111
2026-03-28,2026-03-28T21:00:00.000Z,CBJ,SJ,6.5,-120,-100
2026-03-28,2026-03-28T21:00:00.000Z,PIT,DAL,6.5,-125,105
2026-03-28,2026-03-28T21:00:00.000Z,BOS,MIN,6.5,-105,-116
2026-03-28,2026-03-28T21:30:00.000Z,BUF,SEA,6.5,-111,-111
2026-03-28,2026-03-28T23:00:00.000Z,NSH,MTL,5.5,-125,105
2026-03-28,2026-03-28T23:00:00.000Z,STL,TOR,6.5,105,-125
2026-03-28,2026-03-28T23:00:00.000Z,COL,WPG,6.5,105,-125
2026-03-28,2026-03-29T00:00:00.000Z,DET,PHI,5.5,-125,105
2026-03-28,2026-03-29T01:00:00.000Z,LA,UTA,5.5,-111,-111
2026-03-28,2026-03-29T02:00:00.000Z,CGY,VAN,5.5,-125,105
2026-03-28,2026-03-29T02:30:00.000Z,VGK,WSH,5.5,-125,105
2026-03-29,2026-03-29T17:00:00.000Z,NYR,FLA,5.5,-132,110
2026-03-29,2026-03-29T21:00:00.000Z,CAR,MTL,6.5,-125,105
2026-03-29,2026-03-29T21:00:00.000Z,CBJ,BOS,6.5,-100,-120
2026-03-29,2026-03-29T21:00:00.000Z,TB,NSH,6.5,-100,-120
2026-03-29,2026-03-29T23:00:00.000Z,PHI,DAL,5.5,-120,-100
2026-03-29,2026-03-29T23:00:00.000Z,NJ,CHI,5.5,-132,110
2026-03-30,2026-03-30T23:00:00.000Z,NYI,PIT,6.5,105,-125
2026-03-30,2026-03-31T00:30:00.000Z,COL,CGY,6.5,105,-125
2026-03-30,2026-03-31T02:00:00.000Z,VGK,VAN,6.5,-105,-116
2026-03-30,2026-03-31T02:00:00.000Z,SJ,STL,5.5,-132,110
2026-03-30,2026-03-31T02:00:00.000Z,ANA,TOR,6.5,-125,105
2026-03-31,2026-03-31T23:00:00.000Z,FLA,OTT,6.5,-116,-105
2026-03-31,2026-03-31T23:00:00.000Z,WSH,PHI,6.5,105,-125
2026-03-31,2026-03-31T23:00:00.000Z,PIT,DET,6.5,-105,-116
2026-03-31,2026-03-31T23:00:00.000Z,TB,MTL,6.5,-120,-100
2026-03-31,2026-03-31T23:00:00.000Z,BOS,DAL,5.5,-132,110
2026-03-31,2026-03-31T23:00:00.000Z,BUF,NYI,5.5,-132,110
2026-03-31,2026-03-31T23:00:00.000Z,NYR,NJ,5.5,-132,110
2026-03-31,2026-03-31T23:30:00.000Z,CBJ,CAR,6.5,-120,-100
2026-03-31,2026-04-01T00:30:00.000Z,CHI,WPG,5.5,-132,110
2026-03-31,2026-04-01T01:00:00.000Z,EDM,SEA,6.5,-120,-100
2026-04-01,2026-04-02T00:30:00.000Z,COL,VAN,6.5,-120,-100
2026-04-01,2026-04-02T01:00:00.000Z,LA,STL,5.5,105,-125
2026-04-01,2026-04-02T01:00:00.000Z,SJ,ANA,6.5,-132,110
2026-04-02,2026-04-02T23:00:00.000Z,OTT,BUF,5.5,-125,105
2026-04-02,2026-04-02T23:00:00.000Z,PHI,DET,5.5,-125,105
2026-04-02,2026-04-02T23:00:00.000Z,CAR,CBJ,6.5,-120,-100
2026-04-02,2026-04-02T23:00:00.000Z,TB,PIT,6.5,-147,120
2026-04-02,2026-04-02T23:00:00.000Z,FLA,BOS,6.5,105,-125
2026-04-02,2026-04-02T23:00:00.000Z,NYR,MTL,6.5,105,-125
2026-04-02,2026-04-02T23:30:00.000Z,NJ,WSH,6.5,105,-125
2026-04-02,2026-04-03T00:00:00.000Z,DAL,WPG,5.5,-120,-100
2026-04-02,2026-04-03T00:00:00.000Z,MIN,VAN,6.5,105,-125
2026-04-02,2026-04-03T01:00:00.000Z,EDM,CHI,6.5,-111,-111
2026-04-02,2026-04-03T02:00:00.000Z,SEA,UTA,6.5,-120,-100
2026-04-02,2026-04-03T02:00:00.000Z,VGK,CGY,5.5,-125,105
2026-04-02,2026-04-03T02:00:00.000Z,SJ,TOR,6.5,-116,-105
2026-04-02,2026-04-03T02:30:00.000Z,LA,NSH,5.5,-111,-111
2026-04-03,2026-04-03T23:00:00.000Z,NYI,PHI,6.5,-100,-120
2026-04-03,2026-04-04T02:00:00.000Z,ANA,STL,6.5,105,-125
2026-04-04,2026-04-04T16:30:00.000Z,NYR,DET,5.5,-125,105
2026-04-04,2026-04-04T17:00:00.000Z,OTT,MIN,6.5,105,-125
2026-04-04,2026-04-04T19:00:00.000Z,DAL,COL,5.5,-132,110
2026-04-04,2026-04-04T21:00:00.000Z,TB,BOS,6.5,-111,-111
2026-04-04,2026-04-04T21:00:00.000Z,PIT,FLA,6.5,-120,-100
2026-04-04,2026-04-04T23:00:00.000Z,VAN,UTA,6.5,105,-125
2026-04-04,2026-04-04T23:00:00.000Z,CAR,NYI,6.5,-120,-100
2026-04-04,2026-04-04T23:00:00.000Z,NJ,MTL,6.5,-116,-105
2026-04-04,2026-04-04T23:00:00.000Z,WSH,BUF,6.5,105,-125
2026-04-04,2026-04-04T23:00:00.000Z,LA,TOR,6.5,105,-125
2026-04-04,2026-04-04T23:00:00.000Z,CBJ,WPG,6.5,105,-125
2026-04-04,2026-04-05T02:00:00.000Z,ANA,CGY,6.5,-120,-100
2026-04-04,2026-04-05T02:00:00.000Z,EDM,VGK,6.5,-116,-105
2026-04-04,2026-04-05T02:00:00.000Z,SJ,NSH,6.5,-116,-105
2026-04-04,2026-04-05T02:00:00.000Z,SEA,CHI,6.5,-100,-120
2026-04-05,2026-04-05T17:00:00.000Z,DET,MIN,6.5,-105,-116
2026-04-05,2026-04-05T19:00:00.000Z,PIT,FLA,6.5,-120,-100
2026-04-05,2026-04-05T19:30:00.000Z,PHI,BOS,6.5,105,-125
2026-04-05,2026-04-05T21:00:00.000Z,OTT,CAR,6.5,-105,-116
2026-04-05,2026-04-05T23:00:00.000Z,MTL,NJ,6.5,105,-125
2026-04-05,2026-04-05T23:00:00.000Z,NYR,WSH,5.5,-132,110
2026-04-05,2026-04-06T01:30:00.000Z,COL,STL,6.5,-125,105
2026-04-06,2026-04-06T23:00:00.000Z,BUF,TB,6.5,-125,105
2026-04-06,2026-04-06T23:30:00.000Z,WPG,SEA,6.5,105,-125
2026-04-06,2026-04-07T02:00:00.000Z,SJ,CHI,6.5,-116,-105
2026-04-06,2026-04-07T02:30:00.000Z,LA,NSH,5.5,-111,-111
2026-04-07,2026-04-07T23:00:00.000Z,OTT,TB,6.5,-100,-120
2026-04-07,2026-04-07T23:00:00.000Z,NJ,PHI,5.5,-132,110
2026-04-07,2026-04-07T23:00:00.000Z,MTL,FLA,6.5,105,-125
2026-04-07,2026-04-07T23:00:00.000Z,CAR,BOS,6.5,-120,-100
2026-04-07,2026-04-07T23:00:00.000Z,DET,CBJ,6.5,105,-125
2026-04-07,2026-04-08T00:00:00.000Z,STL,COL,6.5,105,-125
2026-04-07,2026-04-08T00:00:00.000Z,MIN,SEA,6.5,105,-125
2026-04-07,2026-04-08T00:00:00.000Z,DAL,CGY,5.5,-111,-111
2026-04-07,2026-04-08T01:30:00.000Z,UTA,EDM,6.5,-120,-100
2026-04-07,2026-04-08T02:00:00.000Z,VAN,VGK,6.5,105,-125
2026-04-07,2026-04-08T02:00:00.000Z,ANA,NSH,6.5,-120,-100
2026-04-08,2026-04-08T23:00:00.000Z,NYR,BUF,6.5,105,-125
2026-04-08,2026-04-08T23:30:00.000Z,TOR,WSH,6.5,105,-125
2026-04-08,2026-04-09T02:00:00.000Z,SJ,EDM,6.5,-156,130
2026-04-09,2026-04-09T22:45:00.000Z,NYI,TOR,6.5,-116,-105
2026-04-09,2026-04-09T23:00:00.000Z,DET,PHI,5.5,-132,110
2026-04-09,2026-04-09T23:00:00.000Z,OTT,FLA,5.5,-132,110
2026-04-09,2026-04-09T23:00:00.000Z,MTL,TB,6.5,-105,-116
2026-04-09,2026-04-09T23:00:00.000Z,NJ,PIT,6.5,-116,-105
2026-04-09,2026-04-09T23:00:00.000Z,BUF,CBJ,6.5,105,-125
2026-04-09,2026-04-10T00:00:00.000Z,STL,WPG,5.5,-120,-100
2026-04-09,2026-04-10T00:30:00.000Z,CHI,CAR,6.5,-111,-111
2026-04-09,2026-04-10T01:00:00.000Z,DAL,MIN,5.5,-111,-111
2026-04-09,2026-04-10T01:00:00.000Z,COL,CGY,6.5,-125,105
2026-04-09,2026-04-10T01:00:00.000Z,UTA,NSH,6.5,-105,-116
2026-04-09,2026-04-10T02:00:00.000Z,SEA,VGK,6.5,105,-125
2026-04-09,2026-04-10T02:00:00.000Z,ANA,SJ,6.5,-141,115
2026-04-09,2026-04-10T02:30:00.000Z,LA,VAN,5.5,-125,105
2026-04-11,2026-04-11T16:30:00.000Z,BOS,TB,6.5,-105,-116
2026-04-11,2026-04-11T17:00:00.000Z,NYI,OTT,5.5,-125,105
2026-04-11,2026-04-11T19:00:00.000Z,PIT,WSH,6.5,-141,115
2026-04-11,2026-04-11T20:00:00.000Z,LA,EDM,6.5,-120,-100
2026-04-11,2026-04-11T21:00:00.000Z,DET,NJ,5.5,-132,110
2026-04-11,2026-04-11T21:00:00.000Z,DAL,NYR,5.5,-125,105
2026-04-11,2026-04-11T21:00:00.000Z,UTA,CAR,6.5,-120,-100
2026-04-11,2026-04-11T21:00:00.000Z,NSH,MIN,5.5,-125,105
2026-04-11,2026-04-11T21:00:00.000Z,CHI,STL,6.5,105,-125
2026-04-11,2026-04-11T23:00:00.000Z,TOR,FLA,6.5,-116,-105
2026-04-11,2026-04-11T23:00:00.000Z,MTL,CBJ,6.5,105,-125
2026-04-11,2026-04-11T23:00:00.000Z,SEA,CGY,5.5,-132,110
2026-04-11,2026-04-11T23:00:00.000Z,WPG,PHI,5.5,-125,105
2026-04-11,2026-04-12T00:00:00.000Z,COL,VGK,6.5,105,-125
2026-04-11,2026-04-12T02:00:00.000Z,SJ,VAN,6.5,-141,115
2026-04-12,2026-04-12T19:00:00.000Z,WSH,PIT,6.5,-125,105
2026-04-12,2026-04-12T22:00:00.000Z,NYI,MTL,6.5,-105,-116
2026-04-12,2026-04-12T22:00:00.000Z,CBJ,BOS,5.5,-132,110
2026-04-12,2026-04-12T23:00:00.000Z,NJ,OTT,6.5,-116,-105
2026-04-12,2026-04-13T00:00:00.000Z,ANA,VAN,6.5,-125,105
2026-04-12,2026-04-13T01:00:00.000Z,CGY,UTA,5.5,-132,110
2026-04-13,2026-04-13T23:00:00.000Z,FLA,NYR,6.5,-120,-100
2026-04-13,2026-04-13T23:00:00.000Z,TB,DET,6.5,-116,-105
2026-04-13,2026-04-13T23:00:00.000Z,PHI,CAR,6.5,-105,-116
2026-04-13,2026-04-13T23:30:00.000Z,TOR,DAL,5.5,-132,110
2026-04-13,2026-04-14T00:00:00.000Z,NSH,SJ,6.5,-105,-116
2026-04-13,2026-04-14T00:00:00.000Z,STL,MIN,5.5,-132,110
2026-04-13,2026-04-14T00:30:00.000Z,CHI,BUF,6.5,-120,-100
2026-04-13,2026-04-14T01:30:00.000Z,SEA,LA,5.5,-125,105
2026-04-13,2026-04-14T01:30:00.000Z,EDM,COL,6.5,-147,120
2026-04-13,2026-04-14T02:00:00.000Z,VGK,WPG,5.5,-132,110
2026-04-14,2026-04-14T23:00:00.000Z,CBJ,WSH,6.5,110,-130
2026-04-14,2026-04-14T23:00:00.000Z,PHI,MTL,5.5,-132,110
2026-04-14,2026-04-14T23:00:00.000Z,NYI,CAR,6.5,100,-120
2026-04-14,2026-04-14T23:00:00.000Z,BOS,NJ,5.5,-142,120
2026-04-14,2026-04-15T00:00:00.000Z,MIN,ANA,6.5,-120,-100
2026-04-14,2026-04-15T01:00:00.000Z,UTA,WPG,5.5,-125,105
2026-04-14,2026-04-15T01:00:00.000Z,CGY,COL,6.5,105,-125
2026-04-14,2026-04-15T01:30:00.000Z,STL,PIT,6.5,-116,-105
2026-04-14,2026-04-15T02:00:00.000Z,VAN,LA,5.5,-125,105
2026-04-15,2026-04-15T23:00:00.000Z,TB,NYR,6.5,105,-125
2026-04-15,2026-04-15T23:00:00.000Z,BUF,DAL,5.5,-132,110
2026-04-15,2026-04-15T23:00:00.000Z,FLA,DET,6.5,-120,-100
2026-04-15,2026-04-15T23:30:00.000Z,OTT,TOR,6.5,-116,-105
2026-04-15,2026-04-16T00:30:00.000Z,CHI,SJ,6.5,-105,-116
2026-04-15,2026-04-16T02:00:00.000Z,VGK,SEA,6.5,105,-125
2026-04-16,2026-04-16T23:30:00.000Z,UTA,STL,6.5,105,-125
2026-04-16,2026-04-17T00:00:00.000Z,NSH,ANA,6.5,-116,-105
2026-04-16,2026-04-17T00:00:00.000Z,WPG,SJ,6.5,105,-125
2026-04-16,2026-04-17T01:00:00.000Z,EDM,VAN,6.5,-125,105
2026-04-16,2026-04-17T01:00:00.000Z,CGY,LA,5.5,-125,105
2026-04-16,2026-04-17T02:00:00.000Z,COL,SEA,6.5,-100,-120
2026-04-18,2026-04-18T19:00:00.000Z,CAR,OTT,6.0,-110,-110
2026-04-18,2026-04-18T21:30:00.000Z,DAL,MIN,5.5,-125,105
2026-04-18,2026-04-19T00:00:00.000Z,PIT,PHI,6.5,-106,-115
2026-04-19,2026-04-19T19:00:00.000Z,COL,LA,5.5,-126,105
2026-04-19,2026-04-19T21:45:00.000Z,TB,MTL,6.5,111,-135
2026-04-19,2026-04-19T23:30:00.000Z,BUF,BOS,6.5,115,-135
2026-04-19,2026-04-20T02:00:00.000Z,VGK,UTA,6.0,-115,-104
2026-04-20,2026-04-20T23:00:00.000Z,PIT,PHI,6.5,-105,-115
2026-04-20,2026-04-20T23:30:00.000Z,CAR,OTT,5.5,-115,-105
2026-04-20,2026-04-21T01:30:00.000Z,DAL,MIN,6.0,-114,-102
2026-04-20,2026-04-21T02:00:00.000Z,EDM,ANA,6.5,-110,-110
2026-04-21,2026-04-21T23:00:00.000Z,TB,MTL,6.0,-117,-102
2026-04-21,2026-04-21T23:30:00.000Z,BUF,BOS,6.0,-105,-115
2026-04-21,2026-04-22T01:30:00.000Z,VGK,UTA,6.0,-115,-107
2026-04-21,2026-04-22T02:00:00.000Z,COL,LA,5.5,-125,105
2026-04-22,2026-04-22T23:00:00.000Z,PHI,PIT,5.5,-120,-100
2026-04-22,2026-04-23T01:30:00.000Z,MIN,DAL,6.0,-118,-102
2026-04-22,2026-04-23T02:00:00.000Z,EDM,ANA,6.5,-152,127
2026-04-23,2026-04-23T23:00:00.000Z,BOS,BUF,6.5,-105,-117
2026-04-23,2026-04-23T23:30:00.000Z,OTT,CAR,5.5,-126,105
2026-04-23,2026-04-24T02:00:00.000Z,LA,COL,5.5,-115,-105
2026-04-24,2026-04-24T23:00:00.000Z,MTL,TB,6.0,-119,102
2026-04-24,2026-04-25T01:30:00.000Z,UTA,VGK,6.0,-115,-104
2026-04-24,2026-04-25T02:00:00.000Z,ANA,EDM,6.5,-161,133
2026-04-25,2026-04-25T19:00:00.000Z,OTT,CAR,5.5,-132,110
2026-04-25,2026-04-25T21:30:00.000Z,MIN,DAL,6.0,-120,-100
2026-04-25,2026-04-26T00:00:00.000Z,PHI,PIT,5.5,-120,101
