gameId,ref1,ref2
2020020001,Kelly Sutherland,Wes McCauley
2020020002,Francis Charron,Jean Hebert
2020020003,Brad Meier,Kendrick Nicholson
2020020004,Eric Furlatt,Kevin Pollock
2020020005,Kyle Rehman,Trevor Hanson
2020020006,Chris Lee,Justin St. Pierre
2020020007,Brian Pochmara,Jon McIsaac
2020020008,Dan O'Rourke,Ghislain Hebert
2020020009,Kyle Rehman,Tim Peel
2020020010,Dean Morton,Peter MacDougall
2020020011,Francois St-Laurent,Pierre Lambert
2020020012,Graham Skilliter,Marc Joannette
2020020013,Eric Furlatt,Kevin Pollock
2020020014,Frederick L'Ecuyer,Tim Peel
2020020015,Gord Dwyer,Ian Walsh
2020020016,Jake Brenk,Steve Kozari
2020020017,Chris Lee,Justin St. Pierre
2020020018,Kelly Sutherland,Wes McCauley
2020020019,Francis Charron,Jean Hebert
2020020020,Dan O'Rourke,Tom Chmielewski
2020020021,Brad Meier,Corey Syvret
2020020022,Kyle Rehman,Trevor Hanson
2020020023,Brian Pochmara,Jon McIsaac
2020020024,Dan O'Rourke,Ghislain Hebert
2020020025,Dean Morton,Peter MacDougall
2020020026,Francois St-Laurent,Pierre Lambert
2020020027,Brad Meier,Corey Syvret
2020020028,Chris Schlenker,Kendrick Nicholson
2020020029,Graham Skilliter,Marc Joannette
2020020030,Frederick L'Ecuyer,Tim Peel
2020020031,Gord Dwyer,Ian Walsh
2020020032,Jake Brenk,Steve Kozari
2020020033,Dan O'Rourke,Tom Chmielewski
2020020034,Chris Lee,Tom Chmielewski
2020020035,Chris Rooney,Kyle Rehman
2020020036,Brian Pochmara,Dan O'Rourke
2020020037,Dean Morton,Peter MacDougall
2020020038,Garrett Rank,Justin St. Pierre
2020020039,Ghislain Hebert,Jon McIsaac
2020020040,Furman South,Wes McCauley
2020020041,Eric Furlatt,Kevin Pollock
2020020042,Brad Meier,Kendrick Nicholson
2020020043,Chris Schlenker,Graham Skilliter
2020020044,Pierre Lambert,Steve Kozari
2020020045,Frederick L'Ecuyer,Tim Peel
2020020046,Dan O'Rourke,Gord Dwyer
2020020047,Dean Morton,Peter MacDougall
2020020048,Frederick L'Ecuyer,Thomas John Luxmore
2020020049,Chris Lee,Tom Chmielewski
2020020050,Chris Rooney,Kyle Rehman
2020020051,Garrett Rank,Justin St. Pierre
2020020052,Furman South,Gord Dwyer
2020020053,Kevin Pollock,Marc Joannette
2020020054,Frederick L'Ecuyer,Tim Peel
2020020055,Ghislain Hebert,Jon McIsaac
2020020056,Corey Syvret,Eric Furlatt
2020020057,Brad Meier,Chris Schlenker
2020020058,Jake Brenk,Pierre Lambert
2020020059,Francois St-Laurent,Frederick L'Ecuyer
2020020060,Garrett Rank,Thomas John Luxmore
2020020061,Furman South,Gord Dwyer
2020020062,Jake Brenk,Thomas John Luxmore
2020020063,Dean Morton,Kyle Rehman
2020020064,Eric Furlatt,Michael Markovic
2020020065,Kevin Pollock,Reid Anderson
2020020066,Francois St-Laurent,Tim Peel
2020020067,Dan O'Rourke,Ghislain Hebert
2020020068,Gord Dwyer,Justin St. Pierre
2020020069,Pierre Lambert,Wes McCauley
2020020070,Kendrick Nicholson,Marc Joannette
2020020071,Brian Pochmara,Chris Lee
2020020072,Jake Brenk,Jon McIsaac
2020020073,Francis Charron,Francois St-Laurent
2020020074,Peter MacDougall,Steve Kozari
2020020075,Garrett Rank,Thomas John Luxmore
2020020076,Chris Rooney,Tom Chmielewski
2020020077,Dean Morton,Kyle Rehman
2020020078,Jean Hebert,Tom Chmielewski
2020020079,Brad Meier,Corey Syvret
2020020080,Graham Skilliter,Kevin Pollock
2020020081,Garrett Rank,Thomas John Luxmore
2020020082,Dan O'Rourke,Ghislain Hebert
2020020083,Gord Dwyer,Justin St. Pierre
2020020084,Pierre Lambert,Wes McCauley
2020020085,Jean Hebert,Tom Chmielewski
2020020086,Brad Meier,Kendrick Nicholson
2020020087,Eric Furlatt,Reid Anderson
2020020088,Brian Pochmara,Chris Rooney
2020020089,Jake Brenk,Jon McIsaac
2020020090,Francis Charron,Francois St-Laurent
2020020091,Peter MacDougall,Steve Kozari
2020020092,Chris Schlenker,Graham Skilliter
2020020093,Ghislain Hebert,Tim Peel
2020020094,Garrett Rank,Thomas John Luxmore
2020020095,Frederick L'Ecuyer,Pierre Lambert
2020020096,Ian Walsh,Kelly Sutherland
2020020097,Brian Pochmara,Thomas John Luxmore
2020020098,Dan O'Rourke,Wes McCauley
2020020099,Brian Pochmara,Francis Charron
2020020100,Kendrick Nicholson,Michael Markovic
2020020101,Chris Schlenker,Eric Furlatt
2020020102,Chris Rooney,Furman South
2020020103,Chris Lee,Steve Kozari
2020020104,Jake Brenk,Jean Hebert
2020020105,Kyle Rehman,Tom Chmielewski
2020020106,Peter MacDougall,Trevor Hanson
2020020107,Brian Pochmara,Francis Charron
2020020108,Brad Meier,Marc Joannette
2020020109,Ghislain Hebert,Tim Peel
2020020110,Garrett Rank,Thomas John Luxmore
2020020111,Frederick L'Ecuyer,Pierre Lambert
2020020112,Francois St-Laurent,Ian Walsh
2020020113,Gord Dwyer,Jon McIsaac
2020020114,Dan O'Rourke,Wes McCauley
2020020115,Eric Furlatt,Michael Markovic
2020020116,Chris Schlenker,Graham Skilliter
2020020117,Brad Meier,Marc Joannette
2020020118,Furman South,Justin St. Pierre
2020020119,Chris Lee,Steve Kozari
2020020120,Jake Brenk,Jean Hebert
2020020121,Kyle Rehman,Tom Chmielewski
2020020122,Ian Walsh,Wes McCauley
2020020123,Garrett Rank,Kelly Sutherland
2020020124,Chris Rooney,Furman South
2020020125,Frederick L'Ecuyer,Pierre Lambert
2020020126,Francis Charron,Tim Peel
2020020127,Francois St-Laurent,Jon McIsaac
2020020128,Brian Pochmara,Ian Walsh
2020020129,Steve Kozari,Thomas John Luxmore
2020020130,Ghislain Hebert,Jean Hebert
2020020131,Kendrick Nicholson,Kevin Pollock
2020020132,Chris Schlenker,Mitch Dunning
2020020133,Graham Skilliter,Marc Joannette
2020020134,Justin St. Pierre,Tom Chmielewski
2020020135,Dean Morton,Jake Brenk
2020020136,Chris Rooney,Furman South
2020020137,Francis Charron,Tim Peel
2020020138,Brian Pochmara,Ian Walsh
2020020139,Ghislain Hebert,Jean Hebert
2020020140,Garrett Rank,Kelly Sutherland
2020020141,Marc Joannette,Reid Anderson
2020020142,Chris Lee,Tom Chmielewski
2020020143,Dean Morton,Jake Brenk
2020020144,Francois St-Laurent,Jon McIsaac
2020020145,Frederick L'Ecuyer,Pierre Lambert
2020020146,Dan O'Rourke,Steve Kozari
2020020147,Corey Syvret,Eric Furlatt
2020020148,Chris Schlenker,Kevin Pollock
2020020149,Francis Charron,Ian Walsh
2020020150,Dan O'Rourke,Furman South
2020020151,Chris Lee,Trevor Hanson
2020020152,Brandon Blandina,Francis Charron
2020020153,Tim Peel,Tom Chmielewski
2020020154,Garrett Rank,Gord Dwyer
2020020155,Brad Meier,Corey Syvret
2020020156,Chris Schlenker,Kevin Pollock
2020020157,Marc Joannette,Reid Anderson
2020020158,Kelly Sutherland,Thomas John Luxmore
2020020159,Brandon Schrader,Steve Kozari
2020020160,Chris Rooney,Dan O'Rourke
2020020161,Dean Morton,Trevor Hanson
2020020162,Justin St. Pierre,Trevor Hanson
2020020163,Chris Rooney,Steve Kozari
2020020164,Peter MacDougall,Wes McCauley
2020020165,Dan O'Rourke,Dean Morton
2020020166,Dan O'Rourke,Ghislain Hebert
2020020167,Brandon Blandina,Francis Charron
2020020168,Tim Peel,Tom Chmielewski
2020020169,Garrett Rank,Gord Dwyer
2020020170,Brad Meier,Graham Skilliter
2020020171,Chris Schlenker,Kevin Pollock
2020020172,Eric Furlatt,Mitch Dunning
2020020173,Jean Hebert,Tom Chmielewski
2020020174,Brandon Schrader,Steve Kozari
2020020175,Chris Rooney,Dean Morton
2020020176,Dan O'Rourke,Trevor Hanson
2020020177,Brian Pochmara,Jake Brenk
2020020178,Justin St. Pierre,Kyle Rehman
2020020179,Jon McIsaac,Pierre Lambert
2020020180,Chris Lee,Ian Walsh
2020020181,Tom Chmielewski,Wes McCauley
2020020182,Francis Charron,Gord Dwyer
2020020183,Brad Meier,Graham Skilliter
2020020184,Chris Schlenker,Kendrick Nicholson
2020020185,Eric Furlatt,Mitch Dunning
2020020186,Garrett Rank,Peter MacDougall
2020020187,Justin St. Pierre,Kyle Rehman
2020020188,Jon McIsaac,Kelly Sutherland
2020020189,Dean Morton,Frederick L'Ecuyer
2020020190,Chris Rooney,Ghislain Hebert
2020020191,Brian Pochmara,Dan O'Rourke
2020020192,Francois St-Laurent,Justin St. Pierre
2020020193,Jake Brenk,Trevor Hanson
2020020194,Brian Pochmara,Tim Peel
2020020195,Frederick L'Ecuyer,Furman South
2020020196,Tom Chmielewski,Wes McCauley
2020020197,Chris Rooney,Ghislain Hebert
2020020198,Chris Lee,Peter MacDougall
2020020199,Eric Furlatt,Graham Skilliter
2020020200,Brad Meier,Kendrick Nicholson
2020020201,Francois St-Laurent,Trevor Hanson
2020020202,Kyle Rehman,Trevor Hanson
2020020203,Dean Morton,Frederick L'Ecuyer
2020020204,Chris Lee,Peter MacDougall
2020020205,Eric Furlatt,Kendrick Nicholson
2020020206,Chris Schlenker,Kevin Pollock
2020020207,Steve Kozari,Wes McCauley
2020020208,Jake Brenk,Trevor Hanson
2020020209,Chris Lee,Pierre Lambert
2020020210,Francois St-Laurent,Thomas John Luxmore
2020020211,Ian Walsh,Steve Kozari
2020020212,Ghislain Hebert,Kelly Sutherland
2020020213,Marc Joannette,Michael Markovic
2020020214,Brian Pochmara,Mitch Dunning
2020020215,Dean Morton,Garrett Rank
2020020216,Chris Lee,Furman South
2020020217,Furman South,Jean Hebert
2020020218,Frederick L'Ecuyer,Peter MacDougall
2020020219,Jake Brenk,Trevor Hanson
2020020220,Marc Joannette,Michael Markovic
2020020221,Eric Furlatt,Kendrick Nicholson
2020020222,Graham Skilliter,Kevin Pollock
2020020223,Chris Lee,Frederick L'Ecuyer
2020020224,Dan O'Rourke,Gord Dwyer
2020020225,Garrett Rank,Thomas John Luxmore
2020020226,Francois St-Laurent,Thomas John Luxmore
2020020227,Ian Walsh,Steve Kozari
2020020228,Ghislain Hebert,Kelly Sutherland
2020020229,Francis Charron,Peter MacDougall
2020020230,Dean Morton,Garrett Rank
2020020231,Corey Syvret,Dean Morton
2020020232,Furman South,Jean Hebert
2020020233,Frederick L'Ecuyer,Peter MacDougall
2020020234,Jake Brenk,Trevor Hanson
2020020235,Chris Schlenker,Marc Joannette
2020020236,Eric Furlatt,Kendrick Nicholson
2020020237,Graham Skilliter,Kevin Pollock
2020020238,Dan O'Rourke,Gord Dwyer
2020020239,Francois St-Laurent,Steve Kozari
2020020240,Dean Morton,Ian Walsh
2020020241,Chris Lee,Jake Brenk
2020020242,Ghislain Hebert,Jon McIsaac
2020020243,Kelly Sutherland,Tom Chmielewski
2020020244,Chris Lee,Peter MacDougall
2020020245,Justin St. Pierre,Trevor Hanson
2020020246,Brian Pochmara,Dan O'Rourke
2020020247,Chris Schlenker,Marc Joannette
2020020248,Graham Skilliter,Kevin Pollock
2020020249,Brad Meier,Michael Markovic
2020020250,Gord Dwyer,Jake Brenk
2020020251,Francois St-Laurent,Steve Kozari
2020020252,Francis Charron,Furman South
2020020253,Justin St. Pierre,Trevor Hanson
2020020254,Jean Hebert,Kelly Sutherland
2020020255,Frederick L'Ecuyer,Jake Brenk
2020020256,Jean Hebert,Thomas John Luxmore
2020020257,Ghislain Hebert,Jon McIsaac
2020020258,Dean Morton,Kyle Rehman
2020020259,Kelly Sutherland,Tom Chmielewski
2020020260,Francis Charron,Gord Dwyer
2020020261,Dan O'Rourke,Furman South
2020020262,Eric Furlatt,Graham Skilliter
2020020263,Kendrick Nicholson,Marc Joannette
2020020264,Brad Meier,Michael Markovic
2020020265,Jean Hebert,Peter MacDougall
2020020266,Brandon Blandina,Jon McIsaac
2020020267,Brian Pochmara,Furman South
2020020268,Garrett Rank,Justin St. Pierre
2020020269,Chris Lee,Tim Peel
2020020270,Graham Skilliter,Kevin Pollock
2020020271,Dan O'Rourke,Frederick L'Ecuyer
2020020272,Francis Charron,Tom Chmielewski
2020020273,Gord Dwyer,Trevor Hanson
2020020274,Francois St-Laurent,Jake Brenk
2020020275,Chris Rooney,Thomas John Luxmore
2020020276,Kendrick Nicholson,Marc Joannette
2020020277,Brad Meier,Michael Markovic
2020020278,Brandon Blandina,Jon McIsaac
2020020279,Jean Hebert,Peter MacDougall
2020020280,Jean Hebert,Trevor Hanson
2020020281,Brian Pochmara,Furman South
2020020282,Garrett Rank,Mitch Dunning
2020020283,Dean Morton,Tim Peel
2020020284,Eric Furlatt,Graham Skilliter
2020020285,Chris Schlenker,Kendrick Nicholson
2020020286,Corey Syvret,Jon McIsaac
2020020287,Kelly Sutherland,Wes McCauley
2020020288,Corey Syvret,Francis Charron
2020020289,Gord Dwyer,Trevor Hanson
2020020290,Kelly Sutherland,Wes McCauley
2020020291,Dan O'Rourke,Peter MacDougall
2020020292,Chris Rooney,Thomas John Luxmore
2020020293,Graham Skilliter,Kevin Pollock
2020020294,Chris Schlenker,Marc Joannette
2020020295,Dan O'Rourke,Furman South
2020020296,Brian Pochmara,Wes McCauley
2020020297,Garrett Rank,Ghislain Hebert
2020020298,Brad Meier,Michael Markovic
2020020299,Francis Charron,Tom Chmielewski
2020020300,Brandon Schrader,Trevor Hanson
2020020301,Chris Rooney,Tim Peel
2020020302,Frederick L'Ecuyer,Jon McIsaac
2020020303,Kyle Rehman,Tim Peel
2020020304,Chris Lee,Steve Kozari
2020020305,Francois St-Laurent,Ian Walsh
2020020306,Kendrick Nicholson,Kevin Pollock
2020020307,Chris Schlenker,Eric Furlatt
2020020308,Francis Charron,Kelly Sutherland
2020020309,Garrett Rank,Ghislain Hebert
2020020310,Brad Meier,Michael Markovic
2020020311,Brandon Schrader,Trevor Hanson
2020020312,Conor O'Donnell,Dan O'Rourke
2020020313,Frederick L'Ecuyer,Thomas John Luxmore
2020020314,Furman South,Justin St. Pierre
2020020315,Kyle Rehman,Wes McCauley
2020020316,Chris Lee,Steve Kozari
2020020317,Francois St-Laurent,Ian Walsh
2020020318,Kendrick Nicholson,Marc Joannette
2020020319,Chris Schlenker,Kevin Pollock
2020020320,Eric Furlatt,Graham Skilliter
2020020321,Jean Hebert,Peter MacDougall
2020020322,Brian Pochmara,Tom Chmielewski
2020020323,Conor O'Donnell,Tim Peel
2020020324,Jon McIsaac,Mitch Dunning
2020020325,Brandon Blandina,Tom Chmielewski
2020020326,Jon McIsaac,Kyle Rehman
2020020327,Steve Kozari,Thomas John Luxmore
2020020328,Chris Lee,Ian Walsh
2020020329,Justin St. Pierre,Pierre Lambert
2020020330,Francis Charron,Wes McCauley
2020020331,Corey Syvret,Gord Dwyer
2020020332,Frederick L'Ecuyer,Kyle Rehman
2020020333,Marc Joannette,Michael Markovic
2020020334,Chris Schlenker,Eric Furlatt
2020020335,Kendrick Nicholson,Kevin Pollock
2020020336,Jon McIsaac,Mitch Dunning
2020020337,Jean Hebert,Peter MacDougall
2020020338,Garrett Rank,Jake Brenk
2020020339,Brandon Blandina,Trevor Hanson
2020020340,Brian Pochmara,Tom Chmielewski
2020020341,Chris Lee,Ian Walsh
2020020342,Kelly Sutherland,Tim Peel
2020020343,Corey Syvret,Gord Dwyer
2020020344,Frederick L'Ecuyer,Kyle Rehman
2020020345,Kendrick Nicholson,Marc Joannette
2020020346,Chris Rooney,Steve Kozari
2020020347,Francis Charron,Jon McIsaac
2020020348,Justin St. Pierre,Pierre Lambert
2020020349,Chris Schlenker,Eric Furlatt
2020020350,Graham Skilliter,Kevin Pollock
2020020351,Peter MacDougall,Trevor Hanson
2020020352,Jake Brenk,Jean Hebert
2020020353,Brandon Blandina,Garrett Rank
2020020354,Chris Lee,Steve Kozari
2020020355,Francois St-Laurent,Kyle Rehman
2020020356,Ian Walsh,Tom Chmielewski
2020020357,Chris Schlenker,Eric Furlatt
2020020358,Kendrick Nicholson,Marc Joannette
2020020359,Dean Morton,Pierre Lambert
2020020360,Brad Meier,Graham Skilliter
2020020361,Peter MacDougall,Trevor Hanson
2020020362,Jean Hebert,Justin St. Pierre
2020020363,Garrett Rank,Ghislain Hebert
2020020364,Dean Morton,Garrett Rank
2020020365,Frederick L'Ecuyer,Thomas John Luxmore
2020020366,Kelly Sutherland,Tim Peel
2020020367,Brian Pochmara,Tom Chmielewski
2020020368,Furman South,Gord Dwyer
2020020369,Eric Furlatt,Kevin Pollock
2020020370,Chris Schlenker,Kendrick Nicholson
2020020371,Brad Meier,Marc Joannette
2020020372,Brandon Schrader,Dan O'Rourke
2020020373,Dean Morton,Pierre Lambert
2020020374,Chris Lee,Wes McCauley
2020020375,Thomas John Luxmore,Tim Peel
2020020376,Brian Pochmara,Tom Chmielewski
2020020377,Francois St-Laurent,Peter MacDougall
2020020378,Garrett Rank,Kyle Rehman
2020020379,Jon McIsaac,Trevor Hanson
2020020380,Ghislain Hebert,Justin St. Pierre
2020020381,Ian Walsh,Kelly Sutherland
2020020382,Kevin Pollock,Marc Joannette
2020020383,Brad Meier,Kendrick Nicholson
2020020384,Chris Schlenker,Graham Skilliter
2020020385,Brandon Schrader,Dan O'Rourke
2020020386,Francois St-Laurent,Furman South
2020020387,Garrett Rank,Kyle Rehman
2020020388,Ghislain Hebert,Trevor Hanson
2020020389,Jon McIsaac,Justin St. Pierre
2020020390,Frederick L'Ecuyer,Jean Hebert
2020020391,Thomas John Luxmore,Tim Peel
2020020392,Jean Hebert,Peter MacDougall
2020020393,Dean Morton,Frederick L'Ecuyer
2020020394,Brian Pochmara,Francis Charron
2020020395,Eric Furlatt,Kendrick Nicholson
2020020396,Chris Schlenker,Graham Skilliter
2020020397,Eric Furlatt,Michael Markovic
2020020398,Francis Charron,Ian Walsh
2020020399,Francois St-Laurent,Furman South
2020020400,Ghislain Hebert,Trevor Hanson
2020020401,Brandon Blandina,Wes McCauley
2020020402,Corey Syvret,Frederick L'Ecuyer
2020020403,Chris Rooney,Kelly Sutherland
2020020404,Pierre Lambert,Tom Chmielewski
2020020405,Dean Morton,Thomas John Luxmore
2020020406,Jake Brenk,Justin St. Pierre
2020020407,Brian Pochmara,Peter MacDougall
2020020408,Kevin Pollock,Marc Joannette
2020020409,Gord Dwyer,Jean Hebert
2020020410,Brad Meier,Graham Skilliter
2020020411,Eric Furlatt,Michael Markovic
2020020412,Francis Charron,Ian Walsh
2020020413,Gord Dwyer,Jon McIsaac
2020020414,Ghislain Hebert,Kyle Rehman
2020020415,Chris Rooney,Thomas John Luxmore
2020020416,Kelly Sutherland,Peter MacDougall
2020020417,Brandon Blandina,Wes McCauley
2020020418,Corey Syvret,Frederick L'Ecuyer
2020020419,Francois St-Laurent,Pierre Lambert
2020020420,Dean Morton,Jake Brenk
2020020421,Garrett Rank,Tom Chmielewski
2020020422,Kendrick Nicholson,Kevin Pollock
2020020423,Brad Meier,Graham Skilliter
2020020424,Jean Hebert,Justin St. Pierre
2020020425,Brian Pochmara,Dan O'Rourke
2020020426,Marc Joannette,Michael Markovic
2020020427,Chris Lee,Ghislain Hebert
2020020428,Tim Peel,Tom Chmielewski
2020020429,Ian Walsh,Kyle Rehman
2020020430,Chris Rooney,Wes McCauley
2020020431,Jake Brenk,Kelly Sutherland
2020020432,Justin St. Pierre,Pierre Lambert
2020020433,Francis Charron,Trevor Hanson
2020020434,Gord Dwyer,Thomas John Luxmore
2020020435,Frederick L'Ecuyer,Jean Hebert
2020020436,Dean Morton,Garrett Rank
2020020437,Brian Pochmara,Dan O'Rourke
2020020438,Graham Skilliter,Kendrick Nicholson
2020020439,Kevin Pollock,Marc Joannette
2020020440,Brad Meier,Chris Schlenker
2020020441,Ian Walsh,Kyle Rehman
2020020442,Chris Lee,Jon McIsaac
2020020443,Graham Skilliter,Michael Markovic
2020020444,Ghislain Hebert,Peter MacDougall
2020020445,Tim Peel,Tom Chmielewski
2020020446,Dan O'Rourke,Wes McCauley
2020020447,Jon McIsaac,Kelly Sutherland
2020020448,Gord Dwyer,Jean Hebert
2020020449,Frederick L'Ecuyer,Thomas John Luxmore
2020020450,Furman South,Trevor Hanson
2020020451,Francois St-Laurent,Garrett Rank
2020020452,Eric Furlatt,Michael Markovic
2020020453,Kendrick Nicholson,Kevin Pollock
2020020454,Brad Meier,Marc Joannette
2020020455,Dean Morton,Jake Brenk
2020020456,Justin St. Pierre,Trevor Hanson
2020020457,Brandon Blandina,Trevor Hanson
2020020458,Kelly Sutherland,Mitch Dunning
2020020459,Francois St-Laurent,Pierre Lambert
2020020460,Chris Lee,Ghislain Hebert
2020020461,Francis Charron,Thomas John Luxmore
2020020462,Dan O'Rourke,Gord Dwyer
2020020463,Eric Furlatt,Marc Joannette
2020020464,Brad Meier,Kevin Pollock
2020020465,Chris Schlenker,Kendrick Nicholson
2020020466,Dean Morton,Wes McCauley
2020020467,Francis Charron,Kyle Rehman
2020020468,Brandon Blandina,Chris Lee
2020020469,Gord Dwyer,Peter MacDougall
2020020470,Frederick L'Ecuyer,Jon McIsaac
2020020471,Kelly Sutherland,Pierre Lambert
2020020472,Jean Hebert,Tom Chmielewski
2020020473,Garrett Rank,Ghislain Hebert
2020020474,Chris Schlenker,Kendrick Nicholson
2020020475,Corey Syvret,Ian Walsh
2020020476,Francis Charron,Thomas John Luxmore
2020020477,Ghislain Hebert,Gord Dwyer
2020020478,Dan O'Rourke,Peter MacDougall
2020020479,Kevin Pollock,Marc Joannette
2020020480,Brad Meier,Eric Furlatt
2020020481,Corey Syvret,Dean Morton
2020020482,Jake Brenk,Wes McCauley
2020020483,Brandon Schrader,Steve Kozari
2020020484,Brandon Blandina,Francois St-Laurent
2020020485,Brian Pochmara,Jon McIsaac
2020020486,Kelly Sutherland,Pierre Lambert
2020020487,Tim Peel,Tom Chmielewski
2020020488,Frederick L'Ecuyer,Garrett Rank
2020020489,Kevin Pollock,Marc Joannette
2020020490,Brad Meier,Eric Furlatt
2020020491,Graham Skilliter,Kendrick Nicholson
2020020492,Ian Walsh,Jean Hebert
2020020493,Jake Brenk,Wes McCauley
2020020494,Dean Morton,Frederick L'Ecuyer
2020020495,Corey Syvret,Thomas John Luxmore
2020020496,Francois St-Laurent,Mitch Dunning
2020020497,Brian Pochmara,Peter MacDougall
2020020498,Chris Schlenker,Kevin Pollock
2020020499,Kevin Pollock,Marc Joannette
2020020500,Chris Schlenker,Graham Skilliter
2020020501,Frederick L'Ecuyer,Garrett Rank
2020020502,Jake Brenk,Jean Hebert
2020020503,Francis Charron,Thomas John Luxmore
2020020504,Francois St-Laurent,Kyle Rehman
2020020505,Brandon Blandina,Trevor Hanson
2020020506,Kelly Sutherland,Tim Peel
2020020507,Dean Morton,Gord Dwyer
2020020508,Corey Syvret,Jake Brenk
2020020509,Brian Pochmara,Mitch Dunning
2020020510,Graham Skilliter,Marc Joannette
2020020511,Brad Meier,Kevin Pollock
2020020512,Chris Schlenker,Graham Skilliter
2020020513,Frederick L'Ecuyer,Garrett Rank
2020020514,Ian Walsh,Thomas John Luxmore
2020020515,Tom Chmielewski,Wes McCauley
2020020516,Furman South,Kyle Rehman
2020020517,Brandon Blandina,Jon McIsaac
2020020518,Justin St. Pierre,Mitch Dunning
2020020519,Garrett Rank,Jake Brenk
2020020520,Dan O'Rourke,Peter MacDougall
2020020521,Brad Meier,Eric Furlatt
2020020522,Dean Morton,Jean Hebert
2020020523,Kelly Sutherland,Trevor Hanson
2020020524,Francis Charron,Kyle Rehman
2020020525,Jean Hebert,Thomas John Luxmore
2020020526,Eric Furlatt,Graham Skilliter
2020020527,Chris Schlenker,Marc Joannette
2020020528,Gord Dwyer,Ian Walsh
2020020529,Brian Pochmara,Jon McIsaac
2020020530,Dan O'Rourke,Furman South
2020020531,Garrett Rank,Jake Brenk
2020020532,Brian Pochmara,Ghislain Hebert
2020020533,Brian Pochmara,Chris Lee
2020020534,Justin St. Pierre,Wes McCauley
2020020535,Jean Hebert,Thomas John Luxmore
2020020536,Kevin Pollock,Michael Markovic
2020020537,Brad Meier,Marc Joannette
2020020538,Peter MacDougall,Tom Chmielewski
2020020539,Kelly Sutherland,Trevor Hanson
2020020540,Gord Dwyer,Ian Walsh
2020020541,Furman South,Jon McIsaac
2020020542,Francis Charron,Kyle Rehman
2020020543,Francois St-Laurent,Jake Brenk
2020020544,Corey Syvret,Dean Morton
2020020545,Justin St. Pierre,Wes McCauley
2020020546,Brad Meier,Kevin Pollock
2020020547,Kelly Sutherland,Peter MacDougall
2020020548,Dean Morton,Ghislain Hebert
2020020549,Frederick L'Ecuyer,Jake Brenk
2020020550,Furman South,Jean Hebert
2020020551,Kevin Pollock,Marc Joannette
2020020552,Eric Furlatt,Michael Markovic
2020020553,Pierre Lambert,Tom Chmielewski
2020020554,Gord Dwyer,Steve Kozari
2020020555,Chris Lee,Reid Anderson
2020020556,Dan O'Rourke,Garrett Rank
2020020557,Dean Morton,Ghislain Hebert
2020020558,Brian Pochmara,Jean Hebert
2020020559,Thomas John Luxmore,Wes McCauley
2020020560,Francis Charron,Jon McIsaac
2020020561,Frederick L'Ecuyer,Ghislain Hebert
2020020562,Justin St. Pierre,Peter MacDougall
2020020563,Corey Syvret,Kelly Sutherland
2020020564,Brad Meier,Kendrick Nicholson
2020020565,Furman South,Jean Hebert
2020020566,Eric Furlatt,Michael Markovic
2020020567,Chris Schlenker,Kendrick Nicholson
2020020568,Tim Peel,Tom Chmielewski
2020020569,Gord Dwyer,Steve Kozari
2020020570,Reid Anderson,Trevor Hanson
2020020571,Dan O'Rourke,Garrett Rank
2020020572,Conor O'Donnell,Justin St. Pierre
2020020573,Brian Pochmara,Jean Hebert
2020020574,Jon McIsaac,Wes McCauley
2020020575,Francis Charron,Thomas John Luxmore
2020020576,Ian Walsh,Peter MacDougall
2020020577,Corey Syvret,Kelly Sutherland
2020020578,Brad Meier,Marc Joannette
2020020579,Jake Brenk,Tom Chmielewski
2020020580,Dean Morton,Ghislain Hebert
2020020581,Eric Furlatt,Kendrick Nicholson
2020020582,Kevin Pollock,Michael Markovic
2020020583,Chris Lee,Trevor Hanson
2020020584,Kyle Rehman,Pierre Lambert
2020020585,Brian Pochmara,Jean Hebert
2020020586,Brandon Blandina,Justin St. Pierre
2020020587,Garrett Rank,Ghislain Hebert
2020020588,Frederick L'Ecuyer,Wes McCauley
2020020589,Francis Charron,Ian Walsh
2020020590,Brandon Schrader,Dan O'Rourke
2020020591,Jon McIsaac,Thomas John Luxmore
2020020592,Brad Meier,Marc Joannette
2020020593,Eric Furlatt,Graham Skilliter
2020020594,Gord Dwyer,Steve Kozari
2020020595,Jake Brenk,Tom Chmielewski
2020020596,Chris Lee,Kyle Rehman
2020020597,Kelly Sutherland,Peter MacDougall
2020020598,Dean Morton,Wes McCauley
2020020599,Francis Charron,Ian Walsh
2020020600,Brandon Schrader,Dan O'Rourke
2020020601,Chris Lee,Francois St-Laurent
2020020602,Eric Furlatt,Kendrick Nicholson
2020020603,Eric Furlatt,Graham Skilliter
2020020604,Chris Lee,Trevor Hanson
2020020605,Jon McIsaac,Kelly Sutherland
2020020606,Garrett Rank,Ghislain Hebert
2020020607,Brad Meier,Marc Joannette
2020020608,Eric Furlatt,Graham Skilliter
2020020609,Mitch Dunning,Steve Kozari
2020020610,Furman South,Kyle Rehman
2020020611,Frederick L'Ecuyer,Kelly Sutherland
2020020612,Jon McIsaac,Reid Anderson
2020020613,Jean Hebert,Peter MacDougall
2020020614,Francis Charron,Ian Walsh
2020020615,Dean Morton,Wes McCauley
2020020616,Dan O'Rourke,Justin St. Pierre
2020020617,Brian Pochmara,Thomas John Luxmore
2020020618,Tom Chmielewski,Trevor Hanson
2020020619,Chris Schlenker,Kevin Pollock
2020020620,Garrett Rank,Ghislain Hebert
2020020621,Brad Meier,Marc Joannette
2020020622,Graham Skilliter,Kevin Pollock
2020020623,Mitch Dunning,Steve Kozari
2020020624,Furman South,Jake Brenk
2020020625,Francis Charron,Reid Anderson
2020020626,Dean Morton,Frederick L'Ecuyer
2020020627,Jon McIsaac,Wes McCauley
2020020628,Brandon Blandina,Kelly Sutherland
2020020629,Justin St. Pierre,Trevor Hanson
2020020630,Gord Dwyer,Ian Walsh
2020020631,Brian Pochmara,Thomas John Luxmore
2020020632,Mitch Dunning,Tom Chmielewski
2020020633,Brad Meier,Eric Furlatt
2020020634,Chris Schlenker,Kendrick Nicholson
2020020635,Gord Dwyer,Kelly Sutherland
2020020636,Brandon Blandina,Wes McCauley
2020020637,Kyle Rehman,Tom Chmielewski
2020020638,Graham Skilliter,Kevin Pollock
2020020639,Corey Syvret,Jean Hebert
2020020640,Ghislain Hebert,Jake Brenk
2020020641,Garrett Rank,Steve Kozari
2020020642,Justin St. Pierre,Trevor Hanson
2020020643,Gord Dwyer,Mitch Dunning
2020020644,Brian Pochmara,Dan O'Rourke
2020020645,Graham Skilliter,Kevin Pollock
2020020646,Chris Schlenker,Kendrick Nicholson
2020020647,Brad Meier,Kendrick Nicholson
2020020648,Chris Lee,Thomas John Luxmore
2020020649,Garrett Rank,Steve Kozari
2020020650,Dean Morton,Trevor Hanson
2020020651,Frederick L'Ecuyer,Peter MacDougall
2020020652,Brandon Blandina,Francis Charron
2020020653,Francis Charron,Wes McCauley
2020020654,Kyle Rehman,Tom Chmielewski
2020020655,Corey Syvret,Jean Hebert
2020020656,Ghislain Hebert,Jake Brenk
2020020657,Kyle Rehman,Tom Chmielewski
2020020658,Gord Dwyer,Kelly Sutherland
2020020659,Dan O'Rourke,Wes McCauley
2020020660,Chris Schlenker,Kevin Pollock
2020020661,Eric Furlatt,Graham Skilliter
2020020662,Brad Meier,Chris Schlenker
2020020663,Chris Lee,Ian Walsh
2020020664,Mitch Dunning,Steve Kozari
2020020665,Frederick L'Ecuyer,Ghislain Hebert
2020020666,Dean Morton,Jon McIsaac
2020020667,Dean Morton,Francois St-Laurent
2020020668,Frederick L'Ecuyer,Steve Kozari
2020020669,Kendrick Nicholson,Marc Joannette
2020020670,Jake Brenk,Jean Hebert
2020020671,Brad Meier,Eric Furlatt
2020020672,Chris Schlenker,Kendrick Nicholson
2020020673,Brad Meier,Kendrick Nicholson
2020020674,Chris Lee,Ian Walsh
2020020675,Mitch Dunning,Thomas John Luxmore
2020020676,Brian Pochmara,Kyle Rehman
2020020677,Furman South,Trevor Hanson
2020020678,Conor O'Donnell,Kelly Sutherland
2020020679,Dan O'Rourke,Jake Brenk
2020020680,Jon McIsaac,Peter MacDougall
2020020681,Dean Morton,Garrett Rank
2020020682,Kevin Pollock,Michael Markovic
2020020683,Jean Hebert,Wes McCauley
2020020684,Justin St. Pierre,Kyle Rehman
2020020685,Ghislain Hebert,Trevor Hanson
2020020686,Brad Meier,Marc Joannette
2020020687,Francois St-Laurent,Gord Dwyer
2020020688,Furman South,Ian Walsh
2020020689,Ian Walsh,Thomas John Luxmore
2020020690,Brian Pochmara,Frederick L'Ecuyer
2020020691,Jon McIsaac,Tom Chmielewski
2020020692,Dan O'Rourke,Steve Kozari
2020020693,Conor O'Donnell,Kelly Sutherland
2020020694,Furman South,Peter MacDougall
2020020695,Francois St-Laurent,Garrett Rank
2020020696,Chris Schlenker,Kendrick Nicholson
2020020697,Eric Furlatt,Graham Skilliter
2020020698,Chris Lee,Gord Dwyer
2020020699,Jake Brenk,Wes McCauley
2020020700,Dean Morton,Kyle Rehman
2020020701,Ghislain Hebert,Trevor Hanson
2020020702,Jon McIsaac,Tom Chmielewski
2020020703,Dan O'Rourke,Steve Kozari
2020020704,Furman South,Ian Walsh
2020020705,Ian Walsh,Thomas John Luxmore
2020020706,Peter MacDougall,Wes McCauley
2020020707,Furman South,Kelly Sutherland
2020020708,Brad Meier,Chris Schlenker
2020020709,Kendrick Nicholson,Marc Joannette
2020020710,Eric Furlatt,Graham Skilliter
2020020711,Kyle Rehman,Mitch Dunning
2020020712,Corey Syvret,Ian Walsh
2020020713,Dean Morton,Jake Brenk
2020020714,Reid Anderson,Wes McCauley
2020020715,Brian Pochmara,Frederick L'Ecuyer
2020020716,Garrett Rank,Pierre Lambert
2020020717,Brian Pochmara,Tom Chmielewski
2020020718,Thomas John Luxmore,Wes McCauley
2020020719,Jean Hebert,Peter MacDougall
2020020720,Chris Schlenker,Kevin Pollock
2020020721,Eric Furlatt,Kendrick Nicholson
2020020722,Gord Dwyer,Kyle Rehman
2020020723,Gord Dwyer,Steve Kozari
2020020724,Jake Brenk,Trevor Hanson
2020020725,Chris Lee,Francois St-Laurent
2020020726,Graham Skilliter,Marc Joannette
2020020727,Corey Syvret,Ian Walsh
2020020728,Dean Morton,Reid Anderson
2020020729,Garrett Rank,Peter MacDougall
2020020730,Brian Pochmara,Tom Chmielewski
2020020731,Kyle Rehman,Pierre Lambert
2020020732,Brandon Schrader,Francis Charron
2020020733,Furman South,Steve Kozari
2020020734,Ghislain Hebert,Justin St. Pierre
2020020735,Francois St-Laurent,Jon McIsaac
2020020736,Graham Skilliter,Kendrick Nicholson
2020020737,Chris Schlenker,Michael Markovic
2020020738,Garrett Rank,Peter MacDougall
2020020739,Brian Pochmara,Jean Hebert
2020020740,Chris Lee,Ghislain Hebert
2020020741,Chris Schlenker,Graham Skilliter
2020020742,Jake Brenk,Jon McIsaac
2020020743,Corey Syvret,Gord Dwyer
2020020744,Kyle Rehman,Wes McCauley
2020020745,Frederick L'Ecuyer,Pierre Lambert
2020020746,Francis Charron,Steve Kozari
2020020747,Jon McIsaac,Justin St. Pierre
2020020748,Dan O'Rourke,Gord Dwyer
2020020749,Brad Meier,Kevin Pollock
2020020750,Graham Skilliter,Kendrick Nicholson
2020020751,Chris Schlenker,Michael Markovic
2020020752,Dean Morton,Jake Brenk
2020020753,Ian Walsh,Trevor Hanson
2020020754,Kyle Rehman,Mitch Dunning
2020020755,Jon McIsaac,Pierre Lambert
2020020756,Frederick L'Ecuyer,Pierre Lambert
2020020757,Francis Charron,Steve Kozari
2020020758,Gord Dwyer,Justin St. Pierre
2020020759,Kendrick Nicholson,Marc Joannette
2020020760,Brad Meier,Graham Skilliter
2020020761,Kevin Pollock,Michael Markovic
2020020762,Chris Lee,Wes McCauley
2020020763,Francois St-Laurent,Peter MacDougall
2020020764,Kyle Rehman,Pierre Lambert
2020020765,Corey Syvret,Jake Brenk
2020020766,Ian Walsh,Tom Chmielewski
2020020767,Furman South,Pierre Lambert
2020020768,Frederick L'Ecuyer,Ghislain Hebert
2020020769,Pierre Lambert,Wes McCauley
2020020770,Jean Hebert,Kyle Rehman
2020020771,Chris Lee,Furman South
2020020772,Conor O'Donnell,Steve Kozari
2020020773,Gord Dwyer,Justin St. Pierre
2020020774,Francis Charron,Francois St-Laurent
2020020775,Chris Schlenker,Marc Joannette
2020020776,Eric Furlatt,Kendrick Nicholson
2020020777,Kevin Pollock,Michael Markovic
2020020778,Brian Pochmara,Wes McCauley
2020020779,Dan O'Rourke,Trevor Hanson
2020020780,Corey Syvret,Tom Chmielewski
2020020781,Jake Brenk,Peter MacDougall
2020020782,Ghislain Hebert,Kelly Sutherland
2020020783,Jean Hebert,Mitch Dunning
2020020784,Garrett Rank,Kyle Rehman
2020020785,Francois St-Laurent,Pierre Lambert
2020020786,Dean Morton,Furman South
2020020787,Steve Kozari,Thomas John Luxmore
2020020788,Brian Pochmara,Dan O'Rourke
2020020789,Brad Meier,Graham Skilliter
2020020790,Dean Morton,Peter MacDougall
2020020791,Eric Furlatt,Michael Markovic
2020020792,Chris Schlenker,Marc Joannette
2020020793,Jake Brenk,Peter MacDougall
2020020794,Dan O'Rourke,Gord Dwyer
2020020795,Reid Anderson,Trevor Hanson
2020020796,Jean Hebert,Pierre Lambert
2020020797,Frederick L'Ecuyer,Ghislain Hebert
2020020798,Mitch Dunning,Thomas John Luxmore
2020020799,Dean Morton,Francois St-Laurent
2020020800,Francis Charron,Garrett Rank
2020020801,Brian Pochmara,Conor O'Donnell
2020020802,Ian Walsh,Justin St. Pierre
2020020803,Dean Morton,Peter MacDougall
2020020804,Jon McIsaac,Kelly Sutherland
2020020805,Chris Schlenker,Kevin Pollock
2020020806,Eric Furlatt,Kendrick Nicholson
2020020807,Brad Meier,Graham Skilliter
2020020808,Jake Brenk,Peter MacDougall
2020020809,Dan O'Rourke,Gord Dwyer
2020020810,Chris Lee,Reid Anderson
2020020811,Conor O'Donnell,Trevor Hanson
2020020812,Conor O'Donnell,Dean Morton
2020020813,Frederick L'Ecuyer,Pierre Lambert
2020020814,Francis Charron,Wes McCauley
2020020815,Jean Hebert,Thomas John Luxmore
2020020816,Garrett Rank,Gord Dwyer
2020020817,Francois St-Laurent,Justin St. Pierre
2020020818,Furman South,Ian Walsh
2020020819,Brad Meier,Kevin Pollock
2020020820,Chris Schlenker,Kendrick Nicholson
2020020821,Corey Syvret,Kelly Sutherland
2020020822,Kyle Rehman,Steve Kozari
2020020823,Chris Lee,Ghislain Hebert
2020020824,Brandon Schrader,Dean Morton
2020020825,Beau Halkidis,Frederick L'Ecuyer
2020020826,Jean Hebert,Jon McIsaac
2020020827,Garrett Rank,Trevor Hanson
2020020828,Tim Peel,Tom Chmielewski
2020020829,Graham Skilliter,Marc Joannette
2020020830,Ian Walsh,Thomas John Luxmore
2020020831,Francis Charron,Francois St-Laurent
2020020832,Kyle Rehman,Pierre Lambert
2020020833,Marc Joannette,Michael Markovic
2020020834,Chris Schlenker,Graham Skilliter
2020020835,Corey Syvret,Kelly Sutherland
2020020836,Justin St. Pierre,Steve Kozari
2020020837,Chris Lee,Ghislain Hebert
2020020838,Brian Pochmara,Jon McIsaac
2020020839,Garrett Rank,Ian Walsh
2020020840,Jean Hebert,Peter MacDougall
2020020841,Jean Hebert,Kelly Sutherland
2020020842,Dean Morton,Furman South
2020020843,Dan O'Rourke,Francois St-Laurent
2020020844,Eric Furlatt,Marc Joannette
2020020845,Corey Syvret,Dean Morton
2020020846,Gord Dwyer,Thomas John Luxmore
2020020847,Kendrick Nicholson,Kevin Pollock
2020020848,Chris Schlenker,Kendrick Nicholson
2020020849,Brad Meier,Marc Joannette
2020020850,Chris Lee,Ghislain Hebert
2020020851,Jake Brenk,Steve Kozari
2020020852,Pierre Lambert,Tom Chmielewski
2020020853,Justin St. Pierre,Kyle Rehman
2020020854,Francis Charron,Wes McCauley
2020020855,Brian Pochmara,Ian Walsh
2020020856,Jon McIsaac,Peter MacDougall
2020020857,Frederick L'Ecuyer,Kelly Sutherland
2020020858,Corey Syvret,Garrett Rank
2020020859,Brandon Blandina,Dean Morton
2020020860,Chris Lee,Ian Walsh
2020020861,Francois St-Laurent,Trevor Hanson
2020020862,Graham Skilliter,Marc Joannette
2020020863,Eric Furlatt,Kendrick Nicholson
2020020864,Chris Schlenker,Kendrick Nicholson
2020020865,Chris Lee,Ghislain Hebert
2020020866,Jake Brenk,Steve Kozari
2020020867,Pierre Lambert,Tom Chmielewski
2020020868,Justin St. Pierre,Kyle Rehman
2021020001,Kelly Sutherland,Steve Kozari
2021020002,Francois St-Laurent,Graham Skilliter
2021020003,Garrett Rank,Gord Dwyer
2021020004,Chris Rooney,Wes McCauley
2021020005,Chris Schlenker,Graham Skilliter
2021020006,Kyle Rehman,Tom Chmielewski
2021020007,Dan O'Rourke,Frederick L'Ecuyer
2021020008,Francis Charron,Mitch Dunning
2021020009,Eric Furlatt,Gord Dwyer
2021020010,Kelly Sutherland,Steve Kozari
2021020011,Furman South,Kevin Pollock
2021020012,Brian Pochmara,Michael Markovic
2021020013,Kendrick Nicholson,Peter MacDougall
2021020014,Ian Walsh,Pierre Lambert
2021020015,Brad Meier,Francois St-Laurent
2021020016,Brad Meier,Marc Joannette
2021020017,Chris Rooney,Kevin Pollock
2021020018,Dean Morton,Wes McCauley
2021020019,Francois St-Laurent,Kyle Rehman
2021020020,Chris Rooney,Jake Brenk
2021020021,Frederick L'Ecuyer,Justin St. Pierre
2021020022,Ghislain Hebert,Tom Chmielewski
2021020023,Peter MacDougall,Thomas John Luxmore
2021020024,Brian Pochmara,Mitch Dunning
2021020025,Kelly Sutherland,Steve Kozari
2021020026,Corey Syvret,Dan O'Rourke
2021020027,Dean Morton,Furman South
2021020028,Gord Dwyer,Wes McCauley
2021020029,Kendrick Nicholson,Michael Markovic
2021020030,Brad Meier,Pierre Lambert
2021020031,Francis Charron,Garrett Rank
2021020032,Ian Walsh,Marc Joannette
2021020033,Francois St-Laurent,Kyle Rehman
2021020034,Ghislain Hebert,Tom Chmielewski
2021020035,Jake Brenk,Thomas John Luxmore
2021020036,Frederick L'Ecuyer,Steve Kozari
2021020037,Francis Charron,Garrett Rank
2021020038,Ian Walsh,Marc Joannette
2021020039,Kendrick Nicholson,Thomas John Luxmore
2021020040,Jake Brenk,Tom Chmielewski
2021020041,Chris Schlenker,Peter MacDougall
2021020042,Dan O'Rourke,Jon McIsaac
2021020043,Ghislain Hebert,Kelly Sutherland
2021020044,Brandon Schrader,Dean Morton
2021020045,Frederick L'Ecuyer,Kevin Pollock
2021020046,Furman South,Trevor Hanson
2021020047,Brandon Blandina,Eric Furlatt
2021020048,Brian Pochmara,Chris Rooney
2021020049,Garrett Rank,Justin St. Pierre
2021020050,Dean Morton,Kevin Pollock
2021020051,Corey Syvret,Kyle Rehman
2021020052,Ghislain Hebert,Jake Brenk
2021020053,Garrett Rank,Pierre Lambert
2021020054,Chris Rooney,Trevor Hanson
2021020055,Brandon Blandina,Jon McIsaac
2021020056,Michael Markovic,Thomas John Luxmore
2021020057,Brandon Schrader,Chris Schlenker
2021020058,Brian Pochmara,Gord Dwyer
2021020059,Brad Meier,Eric Furlatt
2021020060,Justin St. Pierre,Peter MacDougall
2021020061,Corey Syvret,Kelly Sutherland
2021020062,Dean Morton,Kevin Pollock
2021020063,Francois St-Laurent,Wes McCauley
2021020064,Brad Meier,Brian Pochmara
2021020065,Kyle Rehman,Steve Kozari
2021020066,Francois St-Laurent,Wes McCauley
2021020067,Jake Brenk,Pierre Lambert
2021020068,Eric Furlatt,Frederick L'Ecuyer
2021020069,Brandon Blandina,Marc Joannette
2021020070,Gord Dwyer,Michael Markovic
2021020071,Dean Morton,Francis Charron
2021020072,Conor O'Donnell,Jon McIsaac
2021020073,Thomas John Luxmore,Trevor Hanson
2021020074,Chris Rooney,Kendrick Nicholson
2021020075,Chris Schlenker,Furman South
2021020076,Justin St. Pierre,Peter MacDougall
2021020077,Corey Syvret,Graham Skilliter
2021020078,Ian Walsh,Kelly Sutherland
2021020079,Brian Pochmara,Ghislain Hebert
2021020080,Chris Rooney,Kyle Rehman
2021020081,Chris Schlenker,Furman South
2021020082,Brad Meier,Graham Skilliter
2021020083,Francis Charron,Michael Markovic
2021020084,Francois St-Laurent,Wes McCauley
2021020085,Eric Furlatt,Frederick L'Ecuyer
2021020086,Ghislain Hebert,Trevor Hanson
2021020087,Brian Pochmara,Thomas John Luxmore
2021020088,Conor O'Donnell,Marc Joannette
2021020089,Dean Morton,Kendrick Nicholson
2021020090,Chris Rooney,Furman South
2021020091,Conor O'Donnell,Marc Joannette
2021020092,Jon McIsaac,Thomas John Luxmore
2021020093,Dean Morton,Tom Chmielewski
2021020094,Kelly Sutherland,Steve Kozari
2021020095,Dan O'Rourke,Kyle Rehman
2021020096,Graham Skilliter,Mitch Dunning
2021020097,Frederick L'Ecuyer,Justin St. Pierre
2021020098,Brandon Blandina,Francis Charron
2021020099,Pierre Lambert,Trevor Hanson
2021020100,Jon McIsaac,Peter MacDougall
2021020101,Ian Walsh,Kelly Sutherland
2021020102,Justin St. Pierre,Thomas John Luxmore
2021020103,Brian Pochmara,Furman South
2021020104,Francois St-Laurent,Garrett Rank
2021020105,Corey Syvret,Michael Markovic
2021020106,Dan O'Rourke,Ian Walsh
2021020107,Graham Skilliter,Mitch Dunning
2021020108,Dean Morton,Jake Brenk
2021020109,Reid Anderson,Tom Chmielewski
2021020110,Brandon Schrader,Steve Kozari
2021020111,Brad Meier,Kevin Pollock
2021020112,Kendrick Nicholson,Pierre Lambert
2021020113,Brandon Blandina,Francis Charron
2021020114,Beau Halkidis,Garrett Rank
2021020115,Michael Markovic,Peter MacDougall
2021020116,Dean Morton,Jon McIsaac
2021020117,Kendrick Nicholson,Pierre Lambert
2021020118,Brian Pochmara,Ghislain Hebert
2021020119,Brad Meier,Corey Syvret
2021020120,Kevin Pollock,Peter MacDougall
2021020121,Chris Schlenker,Justin St. Pierre
2021020122,Graham Skilliter,Jake Brenk
2021020123,Reid Anderson,Tom Chmielewski
2021020124,Dan O'Rourke,Mitch Dunning
2021020125,Steve Kozari,Trevor Hanson
2021020126,Brandon Schrader,Ian Walsh
2021020127,Corey Syvret,Eric Furlatt
2021020128,Beau Halkidis,Chris Schlenker
2021020129,Chris Rooney,Steve Kozari
2021020130,Jon McIsaac,Trevor Hanson
2021020131,Dan O'Rourke,Wes McCauley
2021020132,Justin St. Pierre,Peter MacDougall
2021020133,Brad Meier,Marc Joannette
2021020134,Jake Brenk,Tom Chmielewski
2021020135,Kevin Pollock,Mitch Dunning
2021020136,Dean Morton,Garrett Rank
2021020137,Chris Schlenker,Eric Furlatt
2021020138,Furman South,Kyle Rehman
2021020139,Ian Walsh,Steve Kozari
2021020140,Graham Skilliter,Jake Brenk
2021020141,Chris Rooney,Tom Chmielewski
2021020142,Jon McIsaac,Pierre Lambert
2021020143,Dan O'Rourke,Wes McCauley
2021020144,Kyle Rehman,Marc Joannette
2021020145,Brad Meier,Thomas John Luxmore
2021020146,Chris Rooney,Conor O'Donnell
2021020147,Frederick L'Ecuyer,Wes McCauley
2021020148,Graham Skilliter,Reid Anderson
2021020149,Kelly Sutherland,Michael Markovic
2021020150,Ian Walsh,Mitch Dunning
2021020151,Corey Syvret,Dean Morton
2021020152,Brian Pochmara,Ghislain Hebert
2021020153,Kendrick Nicholson,Marc Joannette
2021020154,Francois St-Laurent,Steve Kozari
2021020155,Furman South,Jon McIsaac
2021020156,Pierre Lambert,Tom Chmielewski
2021020157,Chris Rooney,Steve Kozari
2021020158,Chris Schlenker,Conor O'Donnell
2021020159,Francois St-Laurent,Frederick L'Ecuyer
2021020160,Furman South,Wes McCauley
2021020161,Kyle Rehman,Thomas John Luxmore
2021020162,Kendrick Nicholson,Michael Markovic
2021020163,Eric Furlatt,Ian Walsh
2021020164,Marc Joannette,Trevor Hanson
2021020165,Dean Morton,Kevin Pollock
2021020166,Brian Pochmara,Ghislain Hebert
2021020167,Justin St. Pierre,Peter MacDougall
2021020168,Garrett Rank,Graham Skilliter
2021020169,Jake Brenk,Reid Anderson
2021020170,Conor O'Donnell,Kelly Sutherland
2021020171,Chris Schlenker,Frederick L'Ecuyer
2021020172,Brandon Schrader,Wes McCauley
2021020173,Furman South,Kyle Rehman
2021020174,Justin St. Pierre,Michael Markovic
2021020175,Corey Syvret,Garrett Rank
2021020176,Brandon Blandina,Kelly Sutherland
2021020177,Francois St-Laurent,Pierre Lambert
2021020178,Kyle Rehman,Thomas John Luxmore
2021020179,Dean Morton,Peter MacDougall
2021020180,Dan O'Rourke,Graham Skilliter
2021020181,Jake Brenk,Trevor Hanson
2021020182,Justin St. Pierre,Michael Markovic
2021020183,Ghislain Hebert,Peter MacDougall
2021020184,Jon McIsaac,Kevin Pollock
2021020185,Chris Rooney,Kendrick Nicholson
2021020186,Beau Halkidis,Jake Brenk
2021020187,Graham Skilliter,Tom Chmielewski
2021020188,Francois St-Laurent,Garrett Rank
2021020189,Eric Furlatt,Marc Joannette
2021020190,Brad Meier,Corey Syvret
2021020191,Chris Schlenker,Thomas John Luxmore
2021020192,Dan O'Rourke,Trevor Hanson
2021020193,Dean Morton,Tom Chmielewski
2021020194,Kyle Rehman,Thomas John Luxmore
2021020195,Beau Halkidis,Jon McIsaac
2021020196,Justin St. Pierre,Pierre Lambert
2021020197,Conor O'Donnell,Wes McCauley
2021020198,Jake Brenk,Kelly Sutherland
2021020199,Kendrick Nicholson,Reid Anderson
2021020200,Chris Rooney,Trevor Hanson
2021020201,Dean Morton,Steve Kozari
2021020202,Corey Syvret,Eric Furlatt
2021020203,Chris Schlenker,Gord Dwyer
2021020204,Ghislain Hebert,Thomas John Luxmore
2021020205,Brian Pochmara,Marc Joannette
2021020206,Frederick L'Ecuyer,Michael Markovic
2021020207,Brad Meier,Wes McCauley
2021020208,Chris Rooney,Tom Chmielewski
2021020209,Dan O'Rourke,Kevin Pollock
2021020210,Brandon Blandina,Steve Kozari
2021020211,Conor O'Donnell,Jon McIsaac
2021020212,Kendrick Nicholson,Michael Markovic
2021020213,Brandon Blandina,Dan O'Rourke
2021020214,Kyle Rehman,Peter MacDougall
2021020215,Furman South,Kelly Sutherland
2021020216,Francois St-Laurent,Reid Anderson
2021020217,Dean Morton,Kevin Pollock
2021020218,Gord Dwyer,Trevor Hanson
2021020219,Brandon Schrader,Garrett Rank
2021020220,Corey Syvret,Eric Furlatt
2021020221,Brian Pochmara,Jake Brenk
2021020222,Chris Schlenker,Ghislain Hebert
2021020223,Graham Skilliter,Marc Joannette
2021020224,Brad Meier,Furman South
2021020225,Frederick L'Ecuyer,Kendrick Nicholson
2021020226,Kelly Sutherland,Mitch Dunning
2021020227,Chris Rooney,Peter MacDougall
2021020228,Brandon Schrader,Gord Dwyer
2021020229,Brian Pochmara,Ghislain Hebert
2021020230,Garrett Rank,Kyle Rehman
2021020231,Dean Morton,Francois St-Laurent
2021020232,Frederick L'Ecuyer,Peter MacDougall
2021020233,Garrett Rank,Kyle Rehman
2021020234,Kelly Sutherland,Mitch Dunning
2021020235,Corey Syvret,Francois St-Laurent
2021020236,Furman South,Tom Chmielewski
2021020237,Mitch Dunning,Pierre Lambert
2021020238,Brad Meier,Brian Pochmara
2021020239,Thomas John Luxmore,Wes McCauley
2021020240,Beau Halkidis,Justin St. Pierre
2021020241,Chris Schlenker,Graham Skilliter
2021020242,Gord Dwyer,Jake Brenk
2021020243,Ghislain Hebert,Michael Markovic
2021020244,Kevin Pollock,Trevor Hanson
2021020245,Ian Walsh,Steve Kozari
2021020246,Kendrick Nicholson,Reid Anderson
2021020247,Corey Syvret,Kelly Sutherland
2021020248,Garrett Rank,Marc Joannette
2021020249,Eric Furlatt,Frederick L'Ecuyer
2021020250,Chris Schlenker,Jake Brenk
2021020251,Tom Chmielewski,Wes McCauley
2021020252,Jon McIsaac,Pierre Lambert
2021020253,Furman South,Thomas John Luxmore
2021020254,Brad Meier,Brian Pochmara
2021020255,Graham Skilliter,Kevin Pollock
2021020256,Jake Brenk,Michael Markovic
2021020257,Gord Dwyer,Justin St. Pierre
2021020258,Ian Walsh,Steve Kozari
2021020259,Dean Morton,Reid Anderson
2021020260,Kendrick Nicholson,Trevor Hanson
2021020261,Brian Pochmara,Dan O'Rourke
2021020262,Corey Syvret,Marc Joannette
2021020263,Brian Pochmara,Francois St-Laurent
2021020264,Francois St-Laurent,Tom Chmielewski
2021020265,Brandon Blandina,Wes McCauley
2021020266,Jon McIsaac,Pierre Lambert
2021020267,Chris Rooney,Thomas John Luxmore
2021020268,Eric Furlatt,Ghislain Hebert
2021020269,Brad Meier,Dean Morton
2021020270,Gord Dwyer,Jake Brenk
2021020271,Kyle Rehman,Michael Markovic
2021020272,Graham Skilliter,Justin St. Pierre
2021020273,Kevin Pollock,Steve Kozari
2021020274,Brandon Schrader,Thomas John Luxmore
2021020275,Francois St-Laurent,Frederick L'Ecuyer
2021020276,Chris Rooney,Pierre Lambert
2021020277,Dan O'Rourke,Jon McIsaac
2021020278,Kendrick Nicholson,Reid Anderson
2021020279,Graham Skilliter,Kevin Pollock
2021020280,Justin St. Pierre,Trevor Hanson
2021020281,Brandon Schrader,Furman South
2021020282,Beau Halkidis,Eric Furlatt
2021020283,Brandon Blandina,Wes McCauley
2021020284,Chris Schlenker,Dean Morton
2021020285,Ghislain Hebert,Steve Kozari
2021020286,Kyle Rehman,Trevor Hanson
2021020287,Frederick L'Ecuyer,Mitch Dunning
2021020288,Gord Dwyer,Tom Chmielewski
2021020289,Chris Schlenker,Dean Morton
2021020290,Kevin Pollock,Peter MacDougall
2021020291,Beau Halkidis,Garrett Rank
2021020292,Mitch Dunning,Thomas John Luxmore
2021020293,Brandon Schrader,Pierre Lambert
2021020294,Eric Furlatt,Michael Markovic
2021020295,Brandon Blandina,Furman South
2021020296,Jon McIsaac,Kelly Sutherland
2021020297,Justin St. Pierre,Marc Joannette
2021020298,Dan O'Rourke,Francois St-Laurent
2021020299,Steve Kozari,Tom Chmielewski
2021020300,Ghislain Hebert,Kyle Rehman
2021020301,Conor O'Donnell,Trevor Hanson
2021020302,Jake Brenk,Reid Anderson
2021020303,Corey Syvret,Ian Walsh
2021020304,Chris Rooney,Michael Markovic
2021020305,Dean Morton,Peter MacDougall
2021020306,Mitch Dunning,Thomas John Luxmore
2021020307,Brad Meier,Jon McIsaac
2021020308,Brandon Schrader,Marc Joannette
2021020309,Eric Furlatt,Pierre Lambert
2021020310,Beau Halkidis,Justin St. Pierre
2021020311,Brian Pochmara,Wes McCauley
2021020312,Chris Schlenker,Frederick L'Ecuyer
2021020313,Ghislain Hebert,Kyle Rehman
2021020314,Jake Brenk,Kendrick Nicholson
2021020315,Conor O'Donnell,Corey Syvret
2021020316,Graham Skilliter,Reid Anderson
2021020317,Dean Morton,Furman South
2021020318,Francois St-Laurent,Thomas John Luxmore
2021020319,Brian Pochmara,Michael Markovic
2021020320,Chris Schlenker,Ghislain Hebert
2021020321,Kyle Rehman,Tom Chmielewski
2021020322,Garrett Rank,Kevin Pollock
2021020323,Conor O'Donnell,Graham Skilliter
2021020324,Ian Walsh,Steve Kozari
2021020325,Gord Dwyer,Trevor Hanson
2021020326,Marc Joannette,Pierre Lambert
2021020327,Eric Furlatt,Kelly Sutherland
2021020328,Ghislain Hebert,Jon McIsaac
2021020329,Brandon Blandina,Dan O'Rourke
2021020330,Beau Halkidis,Frederick L'Ecuyer
2021020331,Jake Brenk,Kendrick Nicholson
2021020332,Corey Syvret,Gord Dwyer
2021020333,Chris Rooney,Chris Schlenker
2021020334,Ghislain Hebert,Justin St. Pierre
2021020335,Garrett Rank,Tom Chmielewski
2021020336,Ian Walsh,Kevin Pollock
2021020337,Kendrick Nicholson,Marc Joannette
2021020338,Brian Pochmara,Kelly Sutherland
2021020339,Brad Meier,Peter MacDougall
2021020340,Brandon Blandina,Kendrick Nicholson
2021020341,Pierre Lambert,Trevor Hanson
2021020342,Furman South,Jon McIsaac
2021020343,Corey Syvret,Frederick L'Ecuyer
2021020344,Dan O'Rourke,Tom Chmielewski
2021020345,Kyle Rehman,Thomas John Luxmore
2021020346,Garrett Rank,Justin St. Pierre
2021020347,Chris Rooney,Ghislain Hebert
2021020348,Graham Skilliter,Pierre Lambert
2021020349,Dean Morton,Steve Kozari
2021020350,Ian Walsh,Kevin Pollock
2021020351,Jake Brenk,Thomas John Luxmore
2021020352,Chris Rooney,Eric Furlatt
2021020353,Brian Pochmara,Kelly Sutherland
2021020354,Furman South,Gord Dwyer
2021020355,Dean Morton,Kendrick Nicholson
2021020356,Francois St-Laurent,Peter MacDougall
2021020357,Jon McIsaac,Steve Kozari
2021020358,Mitch Dunning,Wes McCauley
2021020359,Corey Syvret,Frederick L'Ecuyer
2021020360,Dan O'Rourke,Trevor Hanson
2021020361,Kyle Rehman,Reid Anderson
2021020362,Ghislain Hebert,Graham Skilliter
2021020363,Brandon Schrader,Ian Walsh
2021020364,Reid Anderson,Thomas John Luxmore
2021020365,Kyle Rehman,Tom Chmielewski
2021020366,Jake Brenk,Michael Markovic
2021020367,Beau Halkidis,Steve Kozari
2021020368,Garrett Rank,Kendrick Nicholson
2021020369,Dan O'Rourke,Wes McCauley
2021020370,Gord Dwyer,Mitch Dunning
2021020371,Francois St-Laurent,Graham Skilliter
2021020372,Brian Pochmara,Dean Morton
2021020373,Conor O'Donnell,Ghislain Hebert
2021020374,Furman South,Kelly Sutherland
2021020375,Jon McIsaac,Trevor Hanson
2021020376,Jake Brenk,Michael Markovic
2021020377,Dean Morton,Justin St. Pierre
2021020378,Beau Halkidis,Brian Pochmara
2021020379,Brandon Blandina,Jon McIsaac
2021020380,Brad Meier,Reid Anderson
2021020381,Corey Syvret,Pierre Lambert
2021020382,Brandon Schrader,Tom Chmielewski
2021020383,Brian Pochmara,Furman South
2021020384,Gord Dwyer,Graham Skilliter
2021020385,Conor O'Donnell,Steve Kozari
2021020386,Jake Brenk,Michael Markovic
2021020387,Eric Furlatt,Peter MacDougall
2021020388,Beau Halkidis,Wes McCauley
2021020389,Brandon Blandina,Kendrick Nicholson
2021020390,Ghislain Hebert,Kevin Pollock
2021020391,Garrett Rank,Thomas John Luxmore
2021020392,Brad Meier,Kyle Rehman
2021020393,Brandon Schrader,Ian Walsh
2021020394,Conor O'Donnell,Justin St. Pierre
2021020395,Frederick L'Ecuyer,Reid Anderson
2021020396,Corey Syvret,Pierre Lambert
2021020397,Chris Rooney,Michael Markovic
2021020398,Graham Skilliter,Kyle Rehman
2021020399,Gord Dwyer,Wes McCauley
2021020400,Peter MacDougall,Pierre Lambert
2021020401,Chris Rooney,Steve Kozari
2021020402,Kevin Pollock,Tom Chmielewski
2021020403,Brandon Blandina,Thomas John Luxmore
2021020404,Ghislain Hebert,Gord Dwyer
2021020405,Brad Meier,Brian Pochmara
2021020406,Ian Walsh,Jon McIsaac
2021020407,Dean Morton,Peter MacDougall
2021020408,Frederick L'Ecuyer,Trevor Hanson
2021020409,Dan O'Rourke,Jake Brenk
2021020410,Corey Syvret,Steve Kozari
2021020411,Francois St-Laurent,Pierre Lambert
2021020412,Justin St. Pierre,Kyle Rehman
2021020413,Conor O'Donnell,Graham Skilliter
2021020414,Ghislain Hebert,Mitch Dunning
2021020415,Beau Halkidis,Ian Walsh
2021020416,Brandon Schrader,Chris Rooney
2021020417,Corey Syvret,Frederick L'Ecuyer
2021020418,Dan O'Rourke,Garrett Rank
2021020419,Brad Meier,Kyle Rehman
2021020420,Justin St. Pierre,Kelly Sutherland
2021020421,Furman South,Thomas John Luxmore
2021020422,Kendrick Nicholson,Mitch Dunning
2021020423,Conor O'Donnell,Tom Chmielewski
2021020424,Jon McIsaac,Kevin Pollock
2021020425,Dean Morton,Reid Anderson
2021020426,Peter MacDougall,Trevor Hanson
2021020427,Chris Rooney,Francois St-Laurent
2021020428,Beau Halkidis,Steve Kozari
2021020429,Brandon Schrader,Pierre Lambert
2021020430,Corey Syvret,Jake Brenk
2021020431,Kendrick Nicholson,Tom Chmielewski
2021020432,Dan O'Rourke,Kevin Pollock
2021020433,Francois St-Laurent,Frederick L'Ecuyer
2021020434,Dean Morton,Trevor Hanson
2021020435,Garrett Rank,Reid Anderson
2021020436,Kendrick Nicholson,Tom Chmielewski
2021020437,Chris Rooney,Kelly Sutherland
2021020438,Frederick L'Ecuyer,Tom Chmielewski
2021020439,Corey Syvret,Thomas John Luxmore
2021020440,Brandon Schrader,Ian Walsh
2021020441,Jake Brenk,Jon McIsaac
2021020442,Justin St. Pierre,Kendrick Nicholson
2021020443,Kevin Pollock,Tom Chmielewski
2021020444,Francois St-Laurent,Garrett Rank
2021020445,Kevin Pollock,Michael Markovic
2021020446,Furman South,Ghislain Hebert
2021020447,Brian Pochmara,Reid Anderson
2021020448,Brad Meier,Steve Kozari
2021020449,Graham Skilliter,Trevor Hanson
2021020450,Conor O'Donnell,Kyle Rehman
2021020451,Dan O'Rourke,Gord Dwyer
2021020452,Brian Pochmara,Kyle Rehman
2021020453,Reid Anderson,Trevor Hanson
2021020454,Beau Halkidis,Kevin Pollock
2021020455,Brandon Blandina,Ian Walsh
2021020456,Corey Syvret,Mitch Dunning
2021020457,Chris Rooney,Kendrick Nicholson
2021020458,Jake Brenk,Tom Chmielewski
2021020459,Kelly Sutherland,Pierre Lambert
2021020460,Brandon Schrader,Justin St. Pierre
2021020461,Garrett Rank,Wes McCauley
2021020462,Frederick L'Ecuyer,Ghislain Hebert
2021020463,Furman South,Steve Kozari
2021020464,Brad Meier,Conor O'Donnell
2021020465,Pierre Lambert,
2021020466,Gord Dwyer,Jake Brenk
2021020467,Brian Pochmara,Garrett Rank
2021020468,Dan O'Rourke,
2021020469,Ghislain Hebert,Thomas John Luxmore
2021020470,Brad Meier,Reid Anderson
2021020471,Brian Pochmara,Trevor Hanson
2021020472,Conor O'Donnell,Justin St. Pierre
2021020473,Corey Syvret,Jake Brenk
2021020474,Ian Walsh,Kelly Sutherland
2021020475,Dan O'Rourke,Trevor Hanson
2021020476,Furman South,Ian Walsh
2021020477,Chris Schlenker,Kelly Sutherland
2021020478,Reid Anderson,Wes McCauley
2021020479,Chris Schlenker,Ian Walsh
2021020480,Jon McIsaac,Wes McCauley
2021020481,Brian Pochmara,Francois St-Laurent
2021020482,Justin St. Pierre,Pierre Lambert
2021020483,Brian Pochmara,Gord Dwyer
2021020484,Corey Syvret,Kelly Sutherland
2021020485,Jon McIsaac,Thomas John Luxmore
2021020486,Beau Halkidis,Thomas John Luxmore
2021020487,Dan O'Rourke,Justin St. Pierre
2021020488,Furman South,Ian Walsh
2021020489,Eric Furlatt,Francois St-Laurent
2021020490,Corey Syvret,Peter MacDougall
2021020491,Brandon Schrader,Garrett Rank
2021020492,Gord Dwyer,Tom Chmielewski
2021020493,Graham Skilliter,Kendrick Nicholson
2021020494,Gord Dwyer,Tom Chmielewski
2021020495,Chris Rooney,Corey Syvret
2021020496,Beau Halkidis,Pierre Lambert
2021020497,Furman South,Ghislain Hebert
2021020498,Jon McIsaac,Trevor Hanson
2021020499,Corey Syvret,Steve Kozari
2021020500,Graham Skilliter,Ian Walsh
2021020501,Chris Lee,Steve Kozari
2021020502,Eric Furlatt,Steve Kozari
2021020503,Brad Meier,Dan O'Rourke
2021020504,Dan O'Rourke,Dean Morton
2021020505,Corey Syvret,Eric Furlatt
2021020506,Corey Syvret,Kelly Sutherland
2021020507,Chris Schlenker,Tom Chmielewski
2021020508,Frederick L'Ecuyer,Garrett Rank
2021020509,Pierre Lambert,Wes McCauley
2021020510,Graham Skilliter,Pierre Lambert
2021020511,Jean Hebert,Kelly Sutherland
2021020512,Beau Halkidis,Chris Rooney
2021020513,Beau Halkidis,Trevor Hanson
2021020514,Francois St-Laurent,Peter MacDougall
2021020515,Corey Syvret,Furman South
2021020516,Chris Lee,Trevor Hanson
2021020517,Michael Markovic,Steve Kozari
2021020518,Eric Furlatt,Kendrick Nicholson
2021020519,Brad Meier,Jon McIsaac
2021020520,Chris Schlenker,Kyle Rehman
2021020521,Mitch Dunning,Steve Kozari
2021020522,Chris Schlenker,Tom Chmielewski
2021020523,Jean Hebert,Wes McCauley
2021020524,Conor O'Donnell,Justin St. Pierre
2021020525,Jon McIsaac,Trevor Hanson
2021020526,Garrett Rank,Peter MacDougall
2021020527,Francois St-Laurent,Gord Dwyer
2021020528,Beau Halkidis,Peter MacDougall
2021020529,Jean Hebert,Peter MacDougall
2021020530,Beau Halkidis,Jon McIsaac
2021020531,Brian Pochmara,Frederick L'Ecuyer
2021020532,Dan O'Rourke,Francois St-Laurent
2021020533,Jake Brenk,Peter MacDougall
2021020534,Kendrick Nicholson,Kyle Rehman
2021020535,Eric Furlatt,Furman South
2021020536,Chris Lee,Gord Dwyer
2021020537,Dan O'Rourke,Dean Morton
2021020538,Chris Lee,Wes McCauley
2021020539,Furman South,Tom Chmielewski
2021020540,Brandon Schrader,Ian Walsh
2021020541,Brian Pochmara,Steve Kozari
2021020542,Chris Rooney,Corey Syvret
2021020543,Gord Dwyer,Kyle Rehman
2021020544,Dean Morton,Graham Skilliter
2021020545,Kevin Pollock,Trevor Hanson
2021020546,Jake Brenk,Thomas John Luxmore
2021020547,Corey Syvret,Peter MacDougall
2021020548,Kevin Pollock,Wes McCauley
2021020549,Chris Lee,Steve Kozari
2021020550,Brandon Schrader,Garrett Rank
2021020551,Ghislain Hebert,Kendrick Nicholson
2021020552,Graham Skilliter,Thomas John Luxmore
2021020553,Kelly Sutherland,Steve Kozari
2021020554,Dan O'Rourke,Reid Anderson
2021020555,Brad Meier,Jake Brenk
2021020556,Garrett Rank,Tom Chmielewski
2021020557,Brandon Blandina,Ian Walsh
2021020558,Furman South,Kendrick Nicholson
2021020559,Garrett Rank,Thomas John Luxmore
2021020560,Conor O'Donnell,Justin St. Pierre
2021020561,Corey Syvret,Graham Skilliter
2021020562,Dean Morton,Francois St-Laurent
2021020563,Brad Meier,Kelly Sutherland
2021020564,Chris Schlenker,Graham Skilliter
2021020565,Ghislain Hebert,Trevor Hanson
2021020566,Brad Meier,Brandon Schrader
2021020567,Eric Furlatt,Reid Anderson
2021020568,Corey Syvret,Thomas John Luxmore
2021020569,Dean Morton,Wes McCauley
2021020570,Jake Brenk,Kelly Sutherland
2021020571,Dan O'Rourke,Steve Kozari
2021020572,Chris Lee,Chris Rooney
2021020573,Garrett Rank,Ghislain Hebert
2021020574,Furman South,Tom Chmielewski
2021020575,Justin St. Pierre,Kendrick Nicholson
2021020576,Dean Morton,Francois St-Laurent
2021020577,Graham Skilliter,Mitch Dunning
2021020578,Brad Meier,Kelly Sutherland
2021020579,Chris Rooney,Kevin Pollock
2021020580,Kyle Rehman,Tom Chmielewski
2021020581,Kevin Pollock,Peter MacDougall
2021020582,Brandon Blandina,Trevor Hanson
2021020583,Graham Skilliter,Kyle Rehman
2021020584,Eric Furlatt,Tom Chmielewski
2021020585,Dan O'Rourke,Peter MacDougall
2021020586,Dan O'Rourke,Peter MacDougall
2021020587,Graham Skilliter,Kyle Rehman
2021020588,Kendrick Nicholson,Wes McCauley
2021020589,Chris Lee,Justin St. Pierre
2021020590,Ian Walsh,Mitch Dunning
2021020591,Eric Furlatt,Thomas John Luxmore
2021020592,Brandon Schrader,Trevor Hanson
2021020593,Brandon Blandina,Kyle Rehman
2021020594,Jake Brenk,Kevin Pollock
2021020595,Kevin Pollock,Kyle Rehman
2021020596,Kendrick Nicholson,Wes McCauley
2021020597,Dean Morton,Ian Walsh
2021020598,Chris Lee,Jake Brenk
2021020599,Chris Rooney,Corey Syvret
2021020600,Kendrick Nicholson,Wes McCauley
2021020601,Ghislain Hebert,Wes McCauley
2021020602,Chris Lee,Justin St. Pierre
2021020603,Dean Morton,Thomas John Luxmore
2021020604,Kelly Sutherland,Mitch Dunning
2021020605,Dan O'Rourke,Gord Dwyer
2021020606,Eric Furlatt,Kyle Rehman
2021020607,Brandon Schrader,Pierre Lambert
2021020608,Beau Halkidis,Francois St-Laurent
2021020609,Beau Halkidis,Peter MacDougall
2021020610,Jake Brenk,Trevor Hanson
2021020611,Brandon Blandina,Chris Schlenker
2021020612,Dan O'Rourke,Thomas John Luxmore
2021020613,Frederick L'Ecuyer,Ian Walsh
2021020614,Chris Rooney,Gord Dwyer
2021020615,Mitch Dunning,Thomas John Luxmore
2021020616,Dean Morton,Kelly Sutherland
2021020617,Dan O'Rourke,Justin St. Pierre
2021020618,Gord Dwyer,Kendrick Nicholson
2021020619,Chris Lee,Corey Syvret
2021020620,Brandon Schrader,Ian Walsh
2021020621,Brandon Blandina,Ghislain Hebert
2021020622,Francois St-Laurent,Steve Kozari
2021020623,Brian Pochmara,Reid Anderson
2021020624,Eric Furlatt,Reid Anderson
2021020625,Graham Skilliter,Kelly Sutherland
2021020626,Peter MacDougall,Pierre Lambert
2021020627,Jake Brenk,Trevor Hanson
2021020628,Beau Halkidis,Brian Pochmara
2021020629,Corey Syvret,Frederick L'Ecuyer
2021020630,Chris Rooney,Thomas John Luxmore
2021020631,Garrett Rank,Gord Dwyer
2021020632,Chris Rooney,Dean Morton
2021020633,Brandon Blandina,Kevin Pollock
2021020634,Francois St-Laurent,Steve Kozari
2021020635,Brad Meier,Reid Anderson
2021020636,Brian Pochmara,Pierre Lambert
2021020637,Mitch Dunning,Peter MacDougall
2021020638,Kevin Pollock,Thomas John Luxmore
2021020639,Brad Meier,Brandon Schrader
2021020640,Chris Rooney,Frederick L'Ecuyer
2021020641,Dean Morton,Tom Chmielewski
2021020642,Brian Pochmara,Ghislain Hebert
2021020643,Brian Pochmara,Steve Kozari
2021020644,Corey Syvret,Wes McCauley
2021020645,Jake Brenk,Pierre Lambert
2021020646,Ghislain Hebert,Michael Markovic
2021020647,Gord Dwyer,Justin St. Pierre
2021020648,Eric Furlatt,Kendrick Nicholson
2021020649,Jake Brenk,Wes McCauley
2021020650,Jon McIsaac,Trevor Hanson
2021020651,Jean Hebert,Thomas John Luxmore
2021020652,Kendrick Nicholson,Peter MacDougall
2021020653,Chris Lee,Frederick L'Ecuyer
2021020654,Francois St-Laurent,Kevin Pollock
2021020655,Brian Pochmara,Dean Morton
2021020656,Chris Rooney,Justin St. Pierre
2021020657,Ian Walsh,Tom Chmielewski
2021020658,Brad Meier,Kyle Rehman
2021020659,Brandon Schrader,Graham Skilliter
2021020660,Corey Syvret,Kelly Sutherland
2021020661,Ian Walsh,Kendrick Nicholson
2021020662,Dean Morton,Mitch Dunning
2021020663,Graham Skilliter,Jake Brenk
2021020664,Chris Lee,Jake Brenk
2021020665,Brandon Blandina,Trevor Hanson
2021020666,Kevin Pollock,Kyle Rehman
2021020667,Brian Pochmara,Thomas John Luxmore
2021020668,Kendrick Nicholson,Tom Chmielewski
2021020669,Ian Walsh,Peter MacDougall
2021020670,Chris Lee,Furman South
2021020671,Jean Hebert,Kevin Pollock
2021020672,Beau Halkidis,Jon McIsaac
2021020673,Eric Furlatt,Mitch Dunning
2021020674,Dean Morton,Justin St. Pierre
2021020675,Frederick L'Ecuyer,Kelly Sutherland
2021020676,Brian Pochmara,Frederick L'Ecuyer
2021020677,Corey Syvret,Wes McCauley
2021020678,Brandon Schrader,Gord Dwyer
2021020679,Kelly Sutherland,Kyle Rehman
2021020680,Brandon Blandina,Chris Schlenker
2021020681,Ghislain Hebert,Graham Skilliter
2021020682,Chris Lee,Dean Morton
2021020683,Garrett Rank,Michael Markovic
2021020684,Furman South,Jon McIsaac
2021020685,Jake Brenk,Thomas John Luxmore
2021020686,Brandon Schrader,Tom Chmielewski
2021020687,Ian Walsh,Kelly Sutherland
2021020688,Mitch Dunning,Wes McCauley
2021020689,Gord Dwyer,Trevor Hanson
2021020690,Eric Furlatt,Graham Skilliter
2021020691,Frederick L'Ecuyer,Furman South
2021020692,Corey Syvret,Ghislain Hebert
2021020693,Corey Syvret,Dan O'Rourke
2021020694,Eric Furlatt,Wes McCauley
2021020695,Jon McIsaac,Reid Anderson
2021020696,Chris Rooney,Justin St. Pierre
2021020697,Kelly Sutherland,Thomas John Luxmore
2021020698,Graham Skilliter,Pierre Lambert
2021020699,Ghislain Hebert,Justin St. Pierre
2021020700,Eric Furlatt,Gord Dwyer
2021020701,Dean Morton,Steve Kozari
2021020702,Frederick L'Ecuyer,Justin St. Pierre
2021020703,Gord Dwyer,Trevor Hanson
2021020704,Kendrick Nicholson,Kyle Rehman
2021020705,Peter MacDougall,Reid Anderson
2021020706,Dan O'Rourke,Dean Morton
2021020707,Chris Rooney,Mitch Dunning
2021020708,Jon McIsaac,Kevin Pollock
2021020709,Brandon Schrader,Pierre Lambert
2021020710,Tom Chmielewski,Trevor Hanson
2021020711,Chris Lee,Eric Furlatt
2021020712,Garrett Rank,Ian Walsh
2021020713,Chris Rooney,Peter MacDougall
2021020714,Dean Morton,Steve Kozari
2021020715,Brian Pochmara,Furman South
2021020716,Frederick L'Ecuyer,Kyle Rehman
2021020717,Jon McIsaac,Kevin Pollock
2021020718,Brad Meier,Corey Syvret
2021020719,Chris Lee,Eric Furlatt
2021020720,Brandon Blandina,Garrett Rank
2021020721,Francois St-Laurent,Wes McCauley
2021020722,Justin St. Pierre,Michael Markovic
2021020723,Kyle Rehman,Steve Kozari
2021020724,Brian Pochmara,Ghislain Hebert
2021020725,Kendrick Nicholson,Mitch Dunning
2021020726,Kelly Sutherland,Steve Kozari
2021020727,Furman South,Thomas John Luxmore
2021020728,Dan O'Rourke,Reid Anderson
2021020729,Ian Walsh,Trevor Hanson
2021020730,Corey Syvret,Graham Skilliter
2021020731,Brad Meier,Tom Chmielewski
2021020732,Brian Pochmara,Chris Rooney
2021020733,Dean Morton,Kevin Pollock
2021020734,Jon McIsaac,Kyle Rehman
2021020735,Garrett Rank,Graham Skilliter
2021020736,Brandon Blandina,Chris Lee
2021020737,Frederick L'Ecuyer,Peter MacDougall
2021020738,Francois St-Laurent,Ghislain Hebert
2021020739,Chris Schlenker,Dean Morton
2021020740,Mitch Dunning,Wes McCauley
2021020741,Dan O'Rourke,Tom Chmielewski
2021020742,Ian Walsh,Jake Brenk
2021020743,Gord Dwyer,Michael Markovic
2021020744,Kendrick Nicholson,Pierre Lambert
2021020745,Francois St-Laurent,Wes McCauley
2021020746,Ghislain Hebert,Jean Hebert
2021020747,Furman South,Jon McIsaac
2021020748,Kyle Rehman,Thomas John Luxmore
2021020749,Gord Dwyer,Michael Markovic
2021020750,Brandon Blandina,Garrett Rank
2021020751,Chris Lee,Graham Skilliter
2021020752,Kevin Pollock,Reid Anderson
2021020753,Chris Schlenker,Kelly Sutherland
2021020754,Dean Morton,Jean Hebert
2021020755,Justin St. Pierre,Peter MacDougall
2021020756,Conor O'Donnell,Steve Kozari
2021020757,Brad Meier,Reid Anderson
2021020758,Eric Furlatt,Kevin Pollock
2021020759,Francois St-Laurent,Furman South
2021020760,Dan O'Rourke,Kyle Rehman
2021020761,Dean Morton,Wes McCauley
2021020762,Chris Schlenker,Ghislain Hebert
2021020763,Kelly Sutherland,Peter MacDougall
2021020764,Steve Kozari,Thomas John Luxmore
2021020765,Gord Dwyer,Mitch Dunning
2021020766,Garrett Rank,Michael Markovic
2021020767,Dean Morton,Jon McIsaac
2021020768,Ghislain Hebert,Kendrick Nicholson
2021020769,Jake Brenk,Thomas John Luxmore
2021020770,Brandon Schrader,Brian Pochmara
2021020771,Pierre Lambert,Trevor Hanson
2021020772,Brad Meier,Peter MacDougall
2021020773,Eric Furlatt,Justin St. Pierre
2021020774,Kelly Sutherland,Mitch Dunning
2021020775,Dan O'Rourke,Furman South
2021020776,Francois St-Laurent,Kyle Rehman
2021020777,Furman South,Kelly Sutherland
2021020778,Chris Lee,Chris Rooney
2021020779,Jean Hebert,Wes McCauley
2021020780,Steve Kozari,Tom Chmielewski
2021020781,Gord Dwyer,Michael Markovic
2021020782,Graham Skilliter,Trevor Hanson
2021020783,Eric Furlatt,Ghislain Hebert
2021020784,Corey Syvret,Jake Brenk
2021020785,Chris Rooney,Frederick L'Ecuyer
2021020786,Brandon Blandina,Kendrick Nicholson
2021020787,Dan O'Rourke,Wes McCauley
2021020788,Furman South,Jean Hebert
2021020789,Graham Skilliter,Ian Walsh
2021020790,Brian Pochmara,Pierre Lambert
2021020791,Justin St. Pierre,Peter MacDougall
2021020792,Chris Lee,Conor O'Donnell
2021020793,Dean Morton,Mitch Dunning
2021020794,Brad Meier,Tom Chmielewski
2021020795,Eric Furlatt,Ghislain Hebert
2021020796,Brandon Schrader,Justin St. Pierre
2021020797,Francois St-Laurent,Jean Hebert
2021020798,Jake Brenk,Jon McIsaac
2021020799,Chris Rooney,Kelly Sutherland
2021020800,Brandon Blandina,Kendrick Nicholson
2021020801,Frederick L'Ecuyer,Furman South
2021020802,Garrett Rank,Kevin Pollock
2021020803,Chris Lee,Dan O'Rourke
2021020804,Tom Chmielewski,Trevor Hanson
2021020805,Brian Pochmara,Pierre Lambert
2021020806,Chris Schlenker,Ian Walsh
2021020807,Dean Morton,Wes McCauley
2021020808,Eric Furlatt,Jon McIsaac
2021020809,Brad Meier,Mitch Dunning
2021020810,Ian Walsh,Reid Anderson
2021020811,Mitch Dunning,Peter MacDougall
2021020812,Kelly Sutherland,Steve Kozari
2021020813,Jon McIsaac,Michael Markovic
2021020814,Chris Lee,Chris Rooney
2021020815,Brad Meier,Tom Chmielewski
2021020816,Kelly Sutherland,Steve Kozari
2021020817,Pierre Lambert,Trevor Hanson
2021020818,Brian Pochmara,Wes McCauley
2021020819,Beau Halkidis,Justin St. Pierre
2021020820,Gord Dwyer,Jake Brenk
2021020821,Kevin Pollock,Pierre Lambert
2021020822,Chris Schlenker,Dean Morton
2021020823,Corey Syvret,Garrett Rank
2021020824,Brandon Schrader,Ghislain Hebert
2021020825,Graham Skilliter,Trevor Hanson
2021020826,Brandon Blandina,Chris Lee
2021020827,Chris Rooney,Francois St-Laurent
2021020828,Kevin Pollock,Pierre Lambert
2021020829,Furman South,Peter MacDougall
2021020830,Conor O'Donnell,Kendrick Nicholson
2021020831,Furman South,Thomas John Luxmore
2021020832,Brian Pochmara,Jean Hebert
2021020833,Steve Kozari,Tom Chmielewski
2021020834,Dan O'Rourke,Frederick L'Ecuyer
2021020835,Gord Dwyer,Jake Brenk
2021020836,Chris Rooney,Jon McIsaac
2021020837,Francois St-Laurent,Pierre Lambert
2021020838,Chris Schlenker,Justin St. Pierre
2021020839,Jean Hebert,Tom Chmielewski
2021020840,Garrett Rank,Kelly Sutherland
2021020841,Ghislain Hebert,Trevor Hanson
2021020842,Kevin Pollock,Michael Markovic
2021020843,Corey Syvret,Wes McCauley
2021020844,Dean Morton,Kyle Rehman
2021020845,Francois St-Laurent,Ian Walsh
2021020846,Justin St. Pierre,Peter MacDougall
2021020847,Garrett Rank,Graham Skilliter
2021020848,Brad Meier,Frederick L'Ecuyer
2021020849,Jean Hebert,Thomas John Luxmore
2021020850,Ian Walsh,Jon McIsaac
2021020851,Ghislain Hebert,Kevin Pollock
2021020852,Brad Meier,Trevor Hanson
2021020853,Kyle Rehman,Thomas John Luxmore
2021020854,Graham Skilliter,Tom Chmielewski
2021020855,Kendrick Nicholson,Wes McCauley
2021020856,Chris Schlenker,Michael Markovic
2021020857,Brandon Blandina,Peter MacDougall
2021020858,Dean Morton,Frederick L'Ecuyer
2021020859,Jon McIsaac,Justin St. Pierre
2021020860,Conor O'Donnell,Garrett Rank
2021020861,Chris Lee,Eric Furlatt
2021020862,Brandon Blandina,Furman South
2021020863,Brian Pochmara,Ian Walsh
2021020864,Brad Meier,Wes McCauley
2021020865,Jake Brenk,Trevor Hanson
2021020866,Kyle Rehman,Thomas John Luxmore
2021020867,Ghislain Hebert,Gord Dwyer
2021020868,Chris Lee,Eric Furlatt
2021020869,Furman South,Peter MacDougall
2021020870,Chris Schlenker,Pierre Lambert
2021020871,Frederick L'Ecuyer,Kendrick Nicholson
2021020872,Dan O'Rourke,Kelly Sutherland
2021020873,Marc Joannette,Peter MacDougall
2021020874,Jake Brenk,Wes McCauley
2021020875,Gord Dwyer,Reid Anderson
2021020876,Jean Hebert,Kyle Rehman
2021020877,Garrett Rank,Justin St. Pierre
2021020878,Chris Rooney,Pierre Lambert
2021020879,Brian Pochmara,Kendrick Nicholson
2021020880,Kevin Pollock,Steve Kozari
2021020881,Brad Meier,Jake Brenk
2021020882,Conor O'Donnell,Thomas John Luxmore
2021020883,Eric Furlatt,Jon McIsaac
2021020884,Corey Syvret,Gord Dwyer
2021020885,Chris Lee,Mitch Dunning
2021020886,Brandon Schrader,Kelly Sutherland
2021020887,Dan O'Rourke,Francois St-Laurent
2021020888,Frederick L'Ecuyer,Ian Walsh
2021020889,Brian Pochmara,Furman South
2021020890,Garrett Rank,Marc Joannette
2021020891,Eric Furlatt,Jon McIsaac
2021020892,Brad Meier,Conor O'Donnell
2021020893,Beau Halkidis,Justin St. Pierre
2021020894,Chris Schlenker,Graham Skilliter
2021020895,Chris Rooney,Pierre Lambert
2021020896,Ian Walsh,Kendrick Nicholson
2021020897,Furman South,Kelly Sutherland
2021020898,Corey Syvret,Wes McCauley
2021020899,Ghislain Hebert,Steve Kozari
2021020900,Gord Dwyer,Jean Hebert
2021020901,Brian Pochmara,Mitch Dunning
2021020902,Garrett Rank,Marc Joannette
2021020903,Ghislain Hebert,Steve Kozari
2021020904,Jean Hebert,Reid Anderson
2021020905,Corey Syvret,Justin St. Pierre
2021020906,Chris Schlenker,Eric Furlatt
2021020907,Furman South,Kelly Sutherland
2021020908,Dean Morton,Graham Skilliter
2021020909,Kevin Pollock,Kyle Rehman
2021020910,Brad Meier,Ian Walsh
2021020911,Chris Lee,Dan O'Rourke
2021020912,Chris Rooney,Francois St-Laurent
2021020913,Chris Rooney,Trevor Hanson
2021020914,Francois St-Laurent,Michael Markovic
2021020915,Mitch Dunning,Peter MacDougall
2021020916,Chris Schlenker,Ghislain Hebert
2021020917,Brandon Blandina,Kendrick Nicholson
2021020918,Eric Furlatt,Reid Anderson
2021020919,Jon McIsaac,Kyle Rehman
2021020920,Jean Hebert,Tom Chmielewski
2021020921,Frederick L'Ecuyer,Marc Joannette
2021020922,Michael Markovic,Pierre Lambert
2021020923,Thomas John Luxmore,Wes McCauley
2021020924,Brandon Schrader,Ian Walsh
2021020925,Kevin Pollock,Steve Kozari
2021020926,Chris Rooney,Michael Markovic
2021020927,Beau Halkidis,Graham Skilliter
2021020928,Dan O'Rourke,Peter MacDougall
2021020929,Furman South,Jon McIsaac
2021020930,Kyle Rehman,Pierre Lambert
2021020931,Michael Markovic,Trevor Hanson
2021020932,Corey Syvret,Kevin Pollock
2021020933,Eric Furlatt,Reid Anderson
2021020934,Brandon Blandina,Chris Lee
2021020935,Chris Schlenker,Frederick L'Ecuyer
2021020936,Francois St-Laurent,Wes McCauley
2021020937,Ghislain Hebert,Tom Chmielewski
2021020938,Jake Brenk,Steve Kozari
2021020939,Brad Meier,Dean Morton
2021020940,Chris Rooney,Garrett Rank
2021020941,Graham Skilliter,Ian Walsh
2021020942,Kelly Sutherland,Thomas John Luxmore
2021020943,Brandon Schrader,Frederick L'Ecuyer
2021020944,Furman South,Peter MacDougall
2021020945,Brian Pochmara,Jon McIsaac
2021020946,Jean Hebert,Kevin Pollock
2021020947,Jake Brenk,Kendrick Nicholson
2021020948,Justin St. Pierre,Pierre Lambert
2021020949,Conor O'Donnell,Kyle Rehman
2021020950,Garrett Rank,Ian Walsh
2021020951,Gord Dwyer,Michael Markovic
2021020952,Chris Lee,Chris Schlenker
2021020953,Chris Lee,Furman South
2021020954,Corey Syvret,Marc Joannette
2021020955,Kevin Pollock,Peter MacDougall
2021020956,Jon McIsaac,Kendrick Nicholson
2021020957,Jean Hebert,Pierre Lambert
2021020958,Francois St-Laurent,Jake Brenk
2021020959,Garrett Rank,Justin St. Pierre
2021020960,Eric Furlatt,Graham Skilliter
2021020961,Conor O'Donnell,Wes McCauley
2021020962,Dan O'Rourke,Gord Dwyer
2021020963,Brad Meier,Michael Markovic
2021020964,Furman South,Marc Joannette
2021020965,Jean Hebert,Steve Kozari
2021020966,Brandon Blandina,Garrett Rank
2021020967,Michael Markovic,Trevor Hanson
2021020968,Chris Lee,Justin St. Pierre
2021020969,Kelly Sutherland,Mitch Dunning
2021020970,Chris Rooney,Pierre Lambert
2021020971,Jake Brenk,Kendrick Nicholson
2021020972,Francois St-Laurent,Steve Kozari
2021020973,Brandon Blandina,Brian Pochmara
2021020974,Eric Furlatt,Trevor Hanson
2021020975,Tom Chmielewski,Wes McCauley
2021020976,Brad Meier,Dan O'Rourke
2021020977,Furman South,Justin St. Pierre
2021020978,Beau Halkidis,Ian Walsh
2021020979,Conor O'Donnell,Garrett Rank
2021020980,Eric Furlatt,Reid Anderson
2021020981,Brandon Schrader,Wes McCauley
2021020982,Dan O'Rourke,Kyle Rehman
2021020983,Justin St. Pierre,Pierre Lambert
2021020984,Gord Dwyer,Jean Hebert
2021020985,Ghislain Hebert,Marc Joannette
2021020986,Kevin Pollock,Steve Kozari
2021020987,Chris Rooney,Peter MacDougall
2021020988,Chris Lee,Francois St-Laurent
2021020989,Brian Pochmara,Reid Anderson
2021020990,Corey Syvret,Kelly Sutherland
2021020991,Brad Meier,Graham Skilliter
2021020992,Jake Brenk,Tom Chmielewski
2021020993,Frederick L'Ecuyer,Kyle Rehman
2021020994,Beau Halkidis,Ian Walsh
2021020995,Kevin Pollock,Marc Joannette
2021020996,Chris Rooney,Chris Schlenker
2021020997,Francois St-Laurent,Thomas John Luxmore
2021020998,Frederick L'Ecuyer,Kelly Sutherland
2021020999,Tom Chmielewski,Wes McCauley
2021021000,Chris Lee,Jon McIsaac
2021021001,Brian Pochmara,Peter MacDougall
2021021002,Brad Meier,Corey Syvret
2021021003,Graham Skilliter,Jon McIsaac
2021021004,Francois St-Laurent,Ian Walsh
2021021005,Eric Furlatt,Jake Brenk
2021021006,Garrett Rank,Thomas John Luxmore
2021021007,Pierre Lambert,Thomas John Luxmore
2021021008,Chris Schlenker,Kevin Pollock
2021021009,Dan O'Rourke,Marc Joannette
2021021010,Gord Dwyer,Wes McCauley
2021021011,Chris Lee,Reid Anderson
2021021012,Frederick L'Ecuyer,Kelly Sutherland
2021021013,Brad Meier,Trevor Hanson
2021021014,Jean Hebert,Michael Markovic
2021021015,Francois St-Laurent,Ian Walsh
2021021016,Corey Syvret,Jon McIsaac
2021021017,Carter Sandlak,Kendrick Nicholson
2021021018,Graham Skilliter,Mitch Dunning
2021021019,Kyle Rehman,Tom Chmielewski
2021021020,Chris Schlenker,Garrett Rank
2021021021,Beau Halkidis,Chris Rooney
2021021022,Dan O'Rourke,Eric Furlatt
2021021023,Jake Brenk,Pierre Lambert
2021021024,Ghislain Hebert,Kendrick Nicholson
2021021025,Chris Lee,Justin St. Pierre
2021021026,Graham Skilliter,Steve Kozari
2021021027,Furman South,Jon McIsaac
2021021028,Ian Walsh,Jean Hebert
2021021029,Garrett Rank,Tom Chmielewski
2021021030,Gord Dwyer,Kelly Sutherland
2021021031,Brian Pochmara,Kendrick Nicholson
2021021032,Brad Meier,Justin St. Pierre
2021021033,Dan O'Rourke,Justin St. Pierre
2021021034,Eric Furlatt,Jake Brenk
2021021035,Kevin Pollock,Peter MacDougall
2021021036,Kyle Rehman,Marc Joannette
2021021037,Brandon Blandina,Chris Schlenker
2021021038,Jean Hebert,Pierre Lambert
2021021039,Ghislain Hebert,Trevor Hanson
2021021040,Brian Pochmara,Dan O'Rourke
2021021041,Frederick L'Ecuyer,Michael Markovic
2021021042,Chris Lee,Gord Dwyer
2021021043,Furman South,Graham Skilliter
2021021044,Jon McIsaac,Mitch Dunning
2021021045,Chris Rooney,Steve Kozari
2021021046,Chris Schlenker,Kyle Rehman
2021021047,Carter Sandlak,Jean Hebert
2021021048,Francois St-Laurent,Jake Brenk
2021021049,Eric Furlatt,Garrett Rank
2021021050,Corey Syvret,Tom Chmielewski
2021021051,Kendrick Nicholson,Wes McCauley
2021021052,Michael Markovic,Trevor Hanson
2021021053,Justin St. Pierre,Thomas John Luxmore
2021021054,Garrett Rank,Pierre Lambert
2021021055,Gord Dwyer,Justin Kea
2021021056,Brandon Blandina,Brian Pochmara
2021021057,Marc Joannette,Peter MacDougall
2021021058,Chris Rooney,Furman South
2021021059,Francois St-Laurent,Kendrick Nicholson
2021021060,Jean Hebert,Jon McIsaac
2021021061,Beau Halkidis,Frederick L'Ecuyer
2021021062,Kyle Rehman,Wes McCauley
2021021063,Justin St. Pierre,Tom Chmielewski
2021021064,Conor O'Donnell,Gord Dwyer
2021021065,Thomas John Luxmore,Trevor Hanson
2021021066,Chris Schlenker,Peter MacDougall
2021021067,Chris Rooney,Ian Walsh
2021021068,Kevin Pollock,Wes McCauley
2021021069,Dan O'Rourke,Thomas John Luxmore
2021021070,Ghislain Hebert,Marc Joannette
2021021071,Brad Meier,Mitch Dunning
2021021072,Chris Rooney,Ian Walsh
2021021073,Chris Lee,Furman South
2021021074,Corey Syvret,Francois St-Laurent
2021021075,Dan O'Rourke,Michael Markovic
2021021076,Jon McIsaac,Steve Kozari
2021021077,Conor O'Donnell,Eric Furlatt
2021021078,Brandon Blandina,Frederick L'Ecuyer
2021021079,Graham Skilliter,Reid Anderson
2021021080,Brandon Schrader,Tom Chmielewski
2021021081,Marc Joannette,Peter MacDougall
2021021082,Chris Lee,Trevor Hanson
2021021083,Francois St-Laurent,Wes McCauley
2021021084,Beau Halkidis,Dan O'Rourke
2021021085,Brian Pochmara,Steve Kozari
2021021086,Jake Brenk,Pierre Lambert
2021021087,Furman South,Ghislain Hebert
2021021088,Garrett Rank,Ian Walsh
2021021089,Brad Meier,Kevin Pollock
2021021090,Beau Halkidis,Chris Rooney
2021021091,Brian Pochmara,Jon McIsaac
2021021092,Corey Syvret,Eric Furlatt
2021021093,Conor O'Donnell,Gord Dwyer
2021021094,Frederick L'Ecuyer,Justin St. Pierre
2021021095,Brad Meier,Pierre Lambert
2021021096,Michael Markovic,Peter MacDougall
2021021097,Chris Lee,Kendrick Nicholson
2021021098,Furman South,Graham Skilliter
2021021099,Garrett Rank,Jean Hebert
2021021100,Francois St-Laurent,Reid Anderson
2021021101,Ghislain Hebert,Mitch Dunning
2021021102,Pierre Lambert,Wes McCauley
2021021103,Dan O'Rourke,Steve Kozari
2021021104,Eric Furlatt,Gord Dwyer
2021021105,Jake Brenk,Thomas John Luxmore
2021021106,Ian Walsh,Kyle Rehman
2021021107,Kevin Pollock,Trevor Hanson
2021021108,Brad Meier,Chris Schlenker
2021021109,Frederick L'Ecuyer,Justin St. Pierre
2021021110,Brandon Blandina,Tom Chmielewski
2021021111,Kendrick Nicholson,Michael Markovic
2021021112,Garrett Rank,Jean Hebert
2021021113,Corey Syvret,Peter MacDougall
2021021114,Jake Brenk,Reid Anderson
2021021115,Brian Pochmara,Pierre Lambert
2021021116,Frederick L'Ecuyer,Marc Joannette
2021021117,Mitch Dunning,Steve Kozari
2021021118,Brandon Schrader,Dan O'Rourke
2021021119,Furman South,Gord Dwyer
2021021120,Chris Rooney,Eric Furlatt
2021021121,Kevin Pollock,Thomas John Luxmore
2021021122,Kyle Rehman,Trevor Hanson
2021021123,Steve Kozari,Tom Chmielewski
2021021124,Jon McIsaac,Michael Markovic
2021021125,Chris Lee,Kendrick Nicholson
2021021126,Jean Hebert,Trevor Hanson
2021021127,Garrett Rank,Ghislain Hebert
2021021128,Corey Syvret,Kevin Pollock
2021021129,Marc Joannette,Peter MacDougall
2021021130,Furman South,Tom Chmielewski
2021021131,Eric Furlatt,Mitch Dunning
2021021132,Corey Syvret,Kelly Sutherland
2021021133,Gord Dwyer,Jon McIsaac
2021021134,Garrett Rank,Jean Hebert
2021021135,Ian Walsh,Kyle Rehman
2021021136,Conor O'Donnell,Ghislain Hebert
2021021137,Furman South,Thomas John Luxmore
2021021138,Brandon Schrader,Justin St. Pierre
2021021139,Brian Pochmara,Francois St-Laurent
2021021140,Kelly Sutherland,Steve Kozari
2021021141,Kendrick Nicholson,Wes McCauley
2021021142,Chris Schlenker,Kevin Pollock
2021021143,Mitch Dunning,Pierre Lambert
2021021144,Brandon Blandina,Peter MacDougall
2021021145,Beau Halkidis,Marc Joannette
2021021146,Chris Rooney,Dan O'Rourke
2021021147,Frederick L'Ecuyer,Steve Kozari
2021021148,Jon McIsaac,Tom Chmielewski
2021021149,Corey Syvret,Kyle Rehman
2021021150,Chris Lee,Wes McCauley
2021021151,Brad Meier,Garrett Rank
2021021152,Jake Brenk,Kendrick Nicholson
2021021153,Ghislain Hebert,Jean Hebert
2021021154,Reid Anderson,Trevor Hanson
2021021155,Chris Schlenker,Eric Furlatt
2021021156,Furman South,Justin St. Pierre
2021021157,Brian Pochmara,Dan O'Rourke
2021021158,Gord Dwyer,Thomas John Luxmore
2021021159,Kelly Sutherland,Michael Markovic
2021021160,Frederick L'Ecuyer,Pierre Lambert
2021021161,Gord Dwyer,Ian Walsh
2021021162,Garrett Rank,Marc Joannette
2021021163,Brian Pochmara,Thomas John Luxmore
2021021164,Gord Dwyer,Peter MacDougall
2021021165,Corey Syvret,Ghislain Hebert
2021021166,Conor O'Donnell,Kendrick Nicholson
2021021167,Jean Hebert,Justin St. Pierre
2021021168,Kelly Sutherland,Kyle Rehman
2021021169,Garrett Rank,Reid Anderson
2021021170,Jon McIsaac,Mitch Dunning
2021021171,Eric Furlatt,Jordan Samuels-Thomas
2021021172,Jean Hebert,Thomas John Luxmore
2021021173,Chris Lee,Kevin Pollock
2021021174,Chris Schlenker,Jake Brenk
2021021175,Brad Meier,Wes McCauley
2021021176,Cody Beach,Trevor Hanson
2021021177,Brandon Blandina,Kyle Rehman
2021021178,Kendrick Nicholson,Steve Kozari
2021021179,Brandon Schrader,Graham Skilliter
2021021180,Brian Pochmara,Tom Chmielewski
2021021181,Corey Syvret,Ian Walsh
2021021182,Beau Halkidis,Garrett Rank
2021021183,Justin St. Pierre,Michael Markovic
2021021184,Gord Dwyer,Pierre Lambert
2021021185,Kyle Rehman,Steve Kozari
2021021186,Jon McIsaac,Peter MacDougall
2021021187,Beau Halkidis,Eric Furlatt
2021021188,Frederick L'Ecuyer,Furman South
2021021189,Chris Rooney,Francois St-Laurent
2021021190,Brian Pochmara,Kevin Pollock
2021021191,Dan O'Rourke,Trevor Hanson
2021021192,Chris Schlenker,Wes McCauley
2021021193,Brandon Schrader,Tom Chmielewski
2021021194,Ghislain Hebert,Gord Dwyer
2021021195,Kendrick Nicholson,Wes McCauley
2021021196,Frederick L'Ecuyer,Ian Walsh
2021021197,Michael Markovic,Mitch Dunning
2021021198,Corey Syvret,Tom Chmielewski
2021021199,Brandon Schrader,Garrett Rank
2021021200,Ghislain Hebert,Pierre Lambert
2021021201,Furman South,Jon McIsaac
2021021202,Dan O'Rourke,Kevin Pollock
2021021203,Jean Hebert,Kelly Sutherland
2021021204,Eric Furlatt,Francois St-Laurent
2021021205,Chris Rooney,Reid Anderson
2021021206,Brad Meier,Graham Skilliter
2021021207,Justin St. Pierre,Michael Markovic
2021021208,Chris Lee,Jake Brenk
2021021209,Brandon Blandina,Trevor Hanson
2021021210,Brian Pochmara,Justin St. Pierre
2021021211,Frederick L'Ecuyer,Peter MacDougall
2021021212,Ian Walsh,Peter MacDougall
2021021213,Eric Furlatt,Jon McIsaac
2021021214,Dan O'Rourke,Kevin Pollock
2021021215,Chris Lee,Reid Anderson
2021021216,Chris Rooney,Trevor Hanson
2021021217,Graham Skilliter,Kelly Sutherland
2021021218,Conor O'Donnell,Jake Brenk
2021021219,Chris Lee,Francois St-Laurent
2021021220,Beau Halkidis,Steve Kozari
2021021221,Ghislain Hebert,Mitch Dunning
2021021222,Garrett Rank,Jean Hebert
2021021223,Eric Furlatt,Peter MacDougall
2021021224,Furman South,Jon McIsaac
2021021225,Dan O'Rourke,Kendrick Nicholson
2021021226,Jake Brenk,Thomas John Luxmore
2021021227,Chris Schlenker,Pierre Lambert
2021021228,Dan O'Rourke,Michael Markovic
2021021229,Brian Pochmara,Gord Dwyer
2021021230,Brandon Blandina,Pierre Lambert
2021021231,Frederick L'Ecuyer,Thomas John Luxmore
2021021232,Ian Walsh,Kyle Rehman
2021021233,Brandon Schrader,Eric Furlatt
2021021234,Graham Skilliter,Kevin Pollock
2021021235,Chris Rooney,Garrett Rank
2021021236,Beau Halkidis,Ghislain Hebert
2021021237,Michael Markovic,Peter MacDougall
2021021238,Jean Hebert,Wes McCauley
2021021239,Francois St-Laurent,Furman South
2021021240,Chris Lee,Kendrick Nicholson
2021021241,Brian Pochmara,Kelly Sutherland
2021021242,Justin St. Pierre,Kyle Rehman
2021021243,Chris Schlenker,Jake Brenk
2021021244,Mitch Dunning,Thomas John Luxmore
2021021245,Corey Syvret,Ian Walsh
2021021246,Gord Dwyer,Kelly Sutherland
2021021247,Frederick L'Ecuyer,Pierre Lambert
2021021248,Dan O'Rourke,Eric Furlatt
2021021249,Brandon Blandina,Jean Hebert
2021021250,Justin Kea,Trevor Hanson
2021021251,Francois St-Laurent,Peter MacDougall
2021021252,Chris Rooney,Garrett Rank
2021021253,Graham Skilliter,Wes McCauley
2021021254,Ghislain Hebert,Michael Markovic
2021021255,Furman South,Kyle Rehman
2021021256,Gord Dwyer,Marc Joannette
2021021257,Chris Schlenker,Reid Anderson
2021021258,Frederick L'Ecuyer,Steve Kozari
2021021259,Conor O'Donnell,Justin St. Pierre
2021021260,Chris Rooney,Wes McCauley
2021021261,Brandon Schrader,Eric Furlatt
2021021262,Corey Syvret,Ghislain Hebert
2021021263,Kelly Sutherland,Trevor Hanson
2021021264,Chris Lee,Kevin Pollock
2021021265,Dan O'Rourke,Kelly Sutherland
2021021266,Francois St-Laurent,Jean Hebert
2021021267,Kendrick Nicholson,Thomas John Luxmore
2021021268,Gord Dwyer,Marc Joannette
2021021269,Steve Kozari,Tom Chmielewski
2021021270,Jake Brenk,Pierre Lambert
2021021271,Brandon Schrader,Graham Skilliter
2021021272,Kevin Pollock,Trevor Hanson
2021021273,Eric Furlatt,Tom Chmielewski
2021021274,Conor O'Donnell,Pierre Lambert
2021021275,Graham Skilliter,Trevor Hanson
2021021276,Beau Halkidis,Ghislain Hebert
2021021277,Chris Lee,Corey Syvret
2021021278,Eric Furlatt,Francois St-Laurent
2021021279,Brian Pochmara,Mitch Dunning
2021021280,Dan O'Rourke,Kendrick Nicholson
2021021281,Kelly Sutherland,Wes McCauley
2021021282,Garrett Rank,Graham Skilliter
2021021283,Kyle Rehman,Marc Joannette
2021021284,Jake Brenk,Steve Kozari
2021021285,Reid Anderson,Tom Chmielewski
2021021286,Dan O'Rourke,Thomas John Luxmore
2021021287,Garrett Rank,Wes McCauley
2021021288,Brandon Blandina,Justin St. Pierre
2021021289,Gord Dwyer,Steve Kozari
2021021290,Ghislain Hebert,Pierre Lambert
2021021291,Francois St-Laurent,Furman South
2021021292,Mitch Dunning,Trevor Hanson
2021021293,Francois St-Laurent,Tom Chmielewski
2021021294,Frederick L'Ecuyer,Kevin Pollock
2021021295,Jon McIsaac,Kelly Sutherland
2021021296,Jake Brenk,Jean Hebert
2021021297,Graham Skilliter,Peter MacDougall
2021021298,Conor O'Donnell,Corey Syvret
2021021299,Francois St-Laurent,Furman South
2021021300,Brandon Blandina,Pierre Lambert
2021021301,Beau Halkidis,Kendrick Nicholson
2021021302,Chris Rooney,Kevin Pollock
2021021303,Ghislain Hebert,Jordan Samuels-Thomas
2021021304,Conor O'Donnell,Kelly Sutherland
2021021305,Brian Pochmara,Chris Rooney
2021021306,Eric Furlatt,Kyle Rehman
2021021307,Dan O'Rourke,Jean Hebert
2021021308,Jon McIsaac,Kelly Sutherland
2021021309,Brandon Schrader,Chris Schlenker
2021021310,Gord Dwyer,Michael Markovic
2021021311,Thomas John Luxmore,Tom Chmielewski
2021021312,Cody Beach,Graham Skilliter
2022020001,Francis Charron,Justin St. Pierre
2022020002,Francis Charron,Justin St. Pierre
2022020003,Chris Rooney,Frederick L'Ecuyer
2022020004,Graham Skilliter,Thomas John Luxmore
2022020005,Kevin Pollock,Michael Markovic
2022020006,Kendrick Nicholson,Kyle Rehman
2022020007,Dan O'Rourke,Jake Brenk
2022020008,Brian Pochmara,Chris Schlenker
2022020009,Francois St-Laurent,Thomas John Luxmore
2022020010,Garrett Rank,Kelly Sutherland
2022020011,Chris Lee,Marc Joannette
2022020012,Corey Syvret,Frederick L'Ecuyer
2022020013,Brandon Blandina,Chris Rooney
2022020014,Gord Dwyer,Michael Markovic
2022020015,Dan O'Rourke,Peter MacDougall
2022020016,Kendrick Nicholson,Kevin Pollock
2022020017,Jon McIsaac,Tom Chmielewski
2022020018,Kelly Sutherland,Steve Kozari
2022020019,Furman South,Trevor Hanson
2022020020,Chris Schlenker,Francois St-Laurent
2022020021,Brandon Blandina,Frederick L'Ecuyer
2022020022,Jake Brenk,Kyle Rehman
2022020023,Garrett Rank,Steve Kozari
2022020024,Brian Pochmara,Thomas John Luxmore
2022020025,Chris Lee,Dan O'Rourke
2022020026,Gord Dwyer,Jon McIsaac
2022020027,Justin St. Pierre,Tom Chmielewski
2022020028,Marc Joannette,Michael Markovic
2022020029,Ghislain Hebert,Mitch Dunning
2022020030,Francis Charron,Jake Brenk
2022020031,Chris Rooney,Kevin Pollock
2022020032,Corey Syvret,Eric Furlatt
2022020033,Jean Hebert,Kendrick Nicholson
2022020034,Kyle Rehman,Wes McCauley
2022020035,Furman South,Trevor Hanson
2022020036,Chris Schlenker,Kelly Sutherland
2022020037,Brian Pochmara,Graham Skilliter
2022020038,Pierre Lambert,Thomas John Luxmore
2022020039,Justin St. Pierre,Michael Markovic
2022020040,Garrett Rank,Kelly Sutherland
2022020041,Eric Furlatt,Ghislain Hebert
2022020042,Francis Charron,Tom Chmielewski
2022020043,Corey Syvret,Marc Joannette
2022020044,Kevin Pollock,Wes McCauley
2022020045,Chris Lee,Jean Hebert
2022020046,Kyle Rehman,Mitch Dunning
2022020047,Peter MacDougall,Pierre Lambert
2022020048,Brandon Blandina,Ghislain Hebert
2022020049,Francis Charron,Tom Chmielewski
2022020050,Justin St. Pierre,Wes McCauley
2022020051,Beau Halkidis,Jake Brenk
2022020052,Jon McIsaac,Mitch Dunning
2022020053,Steve Kozari,Thomas John Luxmore
2022020054,Gord Dwyer,Graham Skilliter
2022020055,Chris Schlenker,Reid Anderson
2022020056,Brandon Schrader,Steve Kozari
2022020057,Jean Hebert,Pierre Lambert
2022020058,Peter MacDougall,Trevor Hanson
2022020059,Furman South,Jake Brenk
2022020060,Eric Furlatt,Reid Anderson
2022020061,Ghislain Hebert,Michael Markovic
2022020062,Brian Pochmara,Mitch Dunning
2022020063,Beau Halkidis,Chris Schlenker
2022020064,Chris Rooney,Jon McIsaac
2022020065,Brandon Blandina,Marc Joannette
2022020066,Chris Lee,Francis Charron
2022020067,Dan O'Rourke,Pierre Lambert
2022020068,Gord Dwyer,Trevor Hanson
2022020069,Graham Skilliter,Kendrick Nicholson
2022020070,Francois St-Laurent,Frederick L'Ecuyer
2022020071,Garrett Rank,Steve Kozari
2022020072,Jean Hebert,Peter MacDougall
2022020073,Frederick L'Ecuyer,Tom Chmielewski
2022020074,Jon McIsaac,Thomas John Luxmore
2022020075,Chris Rooney,Furman South
2022020076,Ghislain Hebert,Kevin Pollock
2022020077,Gord Dwyer,Trevor Hanson
2022020078,Brandon Blandina,Marc Joannette
2022020079,Chris Lee,Jean Hebert
2022020080,Brandon Schrader,Chris Schlenker
2022020081,Kelly Sutherland,Peter MacDougall
2022020082,Corey Syvret,Graham Skilliter
2022020083,Brian Pochmara,Wes McCauley
2022020084,Carter Sandlak,Kendrick Nicholson
2022020085,Dan O'Rourke,Pierre Lambert
2022020086,Kyle Rehman,Michael Markovic
2022020087,Justin St. Pierre,Steve Kozari
2022020088,Frederick L'Ecuyer,Kelly Sutherland
2022020089,Conor O'Donnell,Jake Brenk
2022020090,Chris Schlenker,Garrett Rank
2022020091,Chris Lee,Furman South
2022020092,Marc Joannette,Reid Anderson
2022020093,Brian Pochmara,Thomas John Luxmore
2022020094,Corey Syvret,Dan O'Rourke
2022020095,Gord Dwyer,Kendrick Nicholson
2022020096,Francois St-Laurent,Mitch Dunning
2022020097,Kyle Rehman,Michael Markovic
2022020098,Brandon Blandina,Frederick L'Ecuyer
2022020099,Brian Pochmara,Eric Furlatt
2022020100,Chris Lee,Garrett Rank
2022020101,Ghislain Hebert,Pierre Lambert
2022020102,Conor O'Donnell,Furman South
2022020103,Justin Kea,Kelly Sutherland
2022020104,Dan O'Rourke,Michael Markovic
2022020105,Francis Charron,Kyle Rehman
2022020106,Justin St. Pierre,Tom Chmielewski
2022020107,Kevin Pollock,Mitch Dunning
2022020108,Marc Joannette,Thomas John Luxmore
2022020109,Chris Rooney,Wes McCauley
2022020110,Francis Charron,Francois St-Laurent
2022020111,Cody Beach,Marc Joannette
2022020112,Ghislain Hebert,Jake Brenk
2022020113,Garrett Rank,Kendrick Nicholson
2022020114,Kelly Sutherland,Peter MacDougall
2022020115,Eric Furlatt,Graham Skilliter
2022020116,Chris Rooney,Jon McIsaac
2022020117,Brandon Schrader,Gord Dwyer
2022020118,Kevin Pollock,Mitch Dunning
2022020119,Francois St-Laurent,Tom Chmielewski
2022020120,Jordan Samuels-Thomas,Justin St. Pierre
2022020121,Francis Charron,Jean Hebert
2022020122,Corey Syvret,Wes McCauley
2022020123,Ghislain Hebert,Jake Brenk
2022020124,Conor O'Donnell,Frederick L'Ecuyer
2022020125,Reid Anderson,Trevor Hanson
2022020126,Kyle Rehman,Steve Kozari
2022020127,Graham Skilliter,Peter MacDougall
2022020128,Furman South,Thomas John Luxmore
2022020129,Chris Lee,Mitch Dunning
2022020130,Beau Halkidis,Chris Rooney
2022020131,Garrett Rank,Pierre Lambert
2022020132,Corey Syvret,Eric Furlatt
2022020133,Brandon Schrader,Jon McIsaac
2022020134,Brandon Blandina,Francis Charron
2022020135,Kelly Sutherland,Kendrick Nicholson
2022020136,Dan O'Rourke,Frederick L'Ecuyer
2022020137,Kevin Pollock,Tom Chmielewski
2022020138,Chris Schlenker,Trevor Hanson
2022020139,Brian Pochmara,Michael Markovic
2022020140,Francois St-Laurent,Wes McCauley
2022020141,Gord Dwyer,Jean Hebert
2022020142,Brandon Blandina,Chris Lee
2022020143,Jake Brenk,Steve Kozari
2022020144,Jon McIsaac,Kendrick Nicholson
2022020145,Francois St-Laurent,Furman South
2022020146,Corey Syvret,Graham Skilliter
2022020147,Brian Pochmara,Kendrick Nicholson
2022020148,Furman South,Michael Markovic
2022020149,Peter MacDougall,Wes McCauley
2022020150,Beau Halkidis,Kelly Sutherland
2022020151,Chris Lee,Corey Syvret
2022020152,Graham Skilliter,Kyle Rehman
2022020153,Jake Brenk,Jean Hebert
2022020154,Marc Joannette,Pierre Lambert
2022020155,Brandon Blandina,Ghislain Hebert
2022020156,Brandon Schrader,Trevor Hanson
2022020157,Chris Schlenker,Steve Kozari
2022020158,Garrett Rank,Gord Dwyer
2022020159,Jon McIsaac,Mitch Dunning
2022020160,Frederick L'Ecuyer,Justin St. Pierre
2022020161,Kyle Rehman,Mitch Dunning
2022020162,Eric Furlatt,Francis Charron
2022020163,Jon McIsaac,Justin St. Pierre
2022020164,Brian Pochmara,Frederick L'Ecuyer
2022020165,Brandon Blandina,Chris Schlenker
2022020166,Chris Lee,Furman South
2022020167,Graham Skilliter,Kevin Pollock
2022020168,Dan O'Rourke,Peter MacDougall
2022020169,Garrett Rank,Marc Joannette
2022020170,Gord Dwyer,Steve Kozari
2022020171,Ghislain Hebert,Pierre Lambert
2022020172,Corey Syvret,Jake Brenk
2022020173,Tom Chmielewski,Trevor Hanson
2022020174,Eric Furlatt,Jean Hebert
2022020175,Chris Rooney,Thomas John Luxmore
2022020176,Kevin Pollock,Marc Joannette
2022020177,Chris Schlenker,Ghislain Hebert
2022020178,Francis Charron,Jon McIsaac
2022020179,Brian Pochmara,Kyle Rehman
2022020180,Jean Hebert,Wes McCauley
2022020181,Dan O'Rourke,Mitch Dunning
2022020182,Kelly Sutherland,Michael Markovic
2022020183,Conor O'Donnell,Frederick L'Ecuyer
2022020184,Justin St. Pierre,Kendrick Nicholson
2022020185,Chris Rooney,Thomas John Luxmore
2022020186,Steve Kozari,Tom Chmielewski
2022020187,Garrett Rank,Gord Dwyer
2022020188,Brandon Schrader,Trevor Hanson
2022020189,Francois St-Laurent,Pierre Lambert
2022020190,Eric Furlatt,Reid Anderson
2022020191,Beau Halkidis,Wes McCauley
2022020192,Corey Syvret,Pierre Lambert
2022020193,Frederick L'Ecuyer,Peter MacDougall
2022020194,Kelly Sutherland,Reid Anderson
2022020195,Eric Furlatt,Kendrick Nicholson
2022020196,Chris Lee,Justin Kea
2022020197,Beau Halkidis,Kendrick Nicholson
2022020198,Brandon Blandina,Kelly Sutherland
2022020199,Francis Charron,Peter MacDougall
2022020200,Conor O'Donnell,Ghislain Hebert
2022020201,Garrett Rank,Jean Hebert
2022020202,Jake Brenk,Mitch Dunning
2022020203,Graham Skilliter,Michael Markovic
2022020204,Chris Schlenker,Pierre Lambert
2022020205,Corey Syvret,Furman South
2022020206,Kyle Rehman,Trevor Hanson
2022020207,Dan O'Rourke,Mitch Dunning
2022020208,Francis Charron,Graham Skilliter
2022020209,Jean Hebert,Marc Joannette
2022020210,Steve Kozari,Trevor Hanson
2022020211,Chris Lee,Chris Rooney
2022020212,Brandon Blandina,Jake Brenk
2022020213,Kelly Sutherland,Peter MacDougall
2022020214,Michael Markovic,Tom Chmielewski
2022020215,Ghislain Hebert,Kevin Pollock
2022020216,Brian Pochmara,Kendrick Nicholson
2022020217,Gord Dwyer,Justin St. Pierre
2022020218,Francois St-Laurent,Wes McCauley
2022020219,Corey Syvret,Jon McIsaac
2022020220,Furman South,Steve Kozari
2022020221,Justin St. Pierre,Marc Joannette
2022020222,Gord Dwyer,Graham Skilliter
2022020223,Dan O'Rourke,Kyle Rehman
2022020224,Eric Furlatt,Reid Anderson
2022020225,Brian Pochmara,Chris Schlenker
2022020226,Brandon Blandina,Thomas John Luxmore
2022020227,Frederick L'Ecuyer,Graham Skilliter
2022020228,Kevin Pollock,Wes McCauley
2022020229,Chris Rooney,Pierre Lambert
2022020230,Chris Lee,Peter MacDougall
2022020231,Conor O'Donnell,Tom Chmielewski
2022020232,Dan O'Rourke,Jake Brenk
2022020233,Furman South,Kyle Rehman
2022020234,Carter Sandlak,Francois St-Laurent
2022020235,Corey Syvret,Steve Kozari
2022020236,Brandon Schrader,Jon McIsaac
2022020237,Garrett Rank,Justin Kea
2022020238,Justin St. Pierre,Mitch Dunning
2022020239,Pierre Lambert,Tom Chmielewski
2022020240,Gord Dwyer,Marc Joannette
2022020241,Chris Schlenker,Frederick L'Ecuyer
2022020242,Jean Hebert,Thomas John Luxmore
2022020243,Beau Halkidis,Eric Furlatt
2022020244,Chris Rooney,Graham Skilliter
2022020245,Brian Pochmara,Kelly Sutherland
2022020246,Eric Furlatt,Jon McIsaac
2022020247,Garrett Rank,Steve Kozari
2022020248,Kendrick Nicholson,Kevin Pollock
2022020249,Mitch Dunning,Peter MacDougall
2022020250,Marc Joannette,Pierre Lambert
2022020251,Gord Dwyer,Tom Chmielewski
2022020252,Chris Rooney,Cody Beach
2022020253,Chris Schlenker,Justin St. Pierre
2022020254,Beau Halkidis,Kelly Sutherland
2022020255,Brandon Schrader,Thomas John Luxmore
2022020256,Francois St-Laurent,Garrett Rank
2022020257,Jake Brenk,Mitch Dunning
2022020258,Kyle Rehman,Michael Markovic
2022020259,Eric Furlatt,Jon McIsaac
2022020260,Justin St. Pierre,Kelly Sutherland
2022020261,Chris Schlenker,Kevin Pollock
2022020262,Francis Charron,Kendrick Nicholson
2022020263,Frederick L'Ecuyer,Furman South
2022020264,Ghislain Hebert,Jake Brenk
2022020265,Brandon Blandina,Marc Joannette
2022020266,Peter MacDougall,Wes McCauley
2022020267,Jean Hebert,Kyle Rehman
2022020268,Chris Lee,Michael Markovic
2022020269,Beau Halkidis,Tom Chmielewski
2022020270,Jordan Samuels-Thomas,Thomas John Luxmore
2022020271,Corey Syvret,Dan O'Rourke
2022020272,Carter Sandlak,Steve Kozari
2022020273,Dan O'Rourke,Graham Skilliter
2022020274,Brandon Blandina,Pierre Lambert
2022020275,Francis Charron,Kendrick Nicholson
2022020276,Garrett Rank,Mitch Dunning
2022020277,Jake Brenk,Jean Hebert
2022020278,Chris Rooney,Kelly Sutherland
2022020279,Gord Dwyer,Kevin Pollock
2022020280,Eric Furlatt,Justin Kea
2022020281,Brian Pochmara,Conor O'Donnell
2022020282,Ghislain Hebert,Tom Chmielewski
2022020283,Michael Markovic,Wes McCauley
2022020284,Thomas John Luxmore,Trevor Hanson
2022020285,Chris Schlenker,Frederick L'Ecuyer
2022020286,Dan O'Rourke,Steve Kozari
2022020287,Chris Lee,Peter MacDougall
2022020288,Corey Syvret,Graham Skilliter
2022020289,Justin St. Pierre,Kevin Pollock
2022020290,Francois St-Laurent,Ghislain Hebert
2022020291,Beau Halkidis,Marc Joannette
2022020292,Francis Charron,Jean Hebert
2022020293,Chris Rooney,Kelly Sutherland
2022020294,Brian Pochmara,Conor O'Donnell
2022020295,Brandon Blandina,Wes McCauley
2022020296,Jon McIsaac,Mitch Dunning
2022020297,Gord Dwyer,Trevor Hanson
2022020298,Francois St-Laurent,Frederick L'Ecuyer
2022020299,Kyle Rehman,Steve Kozari
2022020300,Chris Lee,Corey Syvret
2022020301,Cody Beach,Justin St. Pierre
2022020302,Brandon Schrader,Ghislain Hebert
2022020303,Frederick L'Ecuyer,Marc Joannette
2022020304,Jean Hebert,Thomas John Luxmore
2022020305,Eric Furlatt,Furman South
2022020306,Garrett Rank,Pierre Lambert
2022020307,Brandon Blandina,Francois St-Laurent
2022020308,Chris Rooney,Justin Kea
2022020309,Corey Syvret,Graham Skilliter
2022020310,Jon McIsaac,Peter MacDougall
2022020311,Brian Pochmara,Justin St. Pierre
2022020312,Jake Brenk,Kendrick Nicholson
2022020313,Carter Sandlak,Gord Dwyer
2022020314,Chris Schlenker,Steve Kozari
2022020315,Kyle Rehman,Trevor Hanson
2022020316,Ghislain Hebert,Michael Markovic
2022020317,Mitch Dunning,Tom Chmielewski
2022020318,Chris Rooney,Francis Charron
2022020319,Francois St-Laurent,Frederick L'Ecuyer
2022020320,Jean Hebert,Wes McCauley
2022020321,Corey Syvret,Ghislain Hebert
2022020322,Graham Skilliter,Justin St. Pierre
2022020323,Chris Schlenker,Jordan Samuels-Thomas
2022020324,Kendrick Nicholson,Pierre Lambert
2022020325,Kevin Pollock,Peter MacDougall
2022020326,Furman South,Kelly Sutherland
2022020327,Brian Pochmara,Marc Joannette
2022020328,Eric Furlatt,Thomas John Luxmore
2022020329,Kyle Rehman,Steve Kozari
2022020330,Garrett Rank,Mitch Dunning
2022020331,Michael Markovic,Tom Chmielewski
2022020332,Francis Charron,Jean Hebert
2022020333,Chris Lee,Francois St-Laurent
2022020334,Brandon Blandina,Eric Furlatt
2022020335,Kelly Sutherland,Pierre Lambert
2022020336,Jon McIsaac,Kendrick Nicholson
2022020337,Brian Pochmara,Marc Joannette
2022020338,Peter MacDougall,Thomas John Luxmore
2022020339,Beau Halkidis,Trevor Hanson
2022020340,Jake Brenk,Michael Markovic
2022020341,Chris Schlenker,Peter MacDougall
2022020342,Furman South,Graham Skilliter
2022020343,Jake Brenk,Mitch Dunning
2022020344,Carter Sandlak,Thomas John Luxmore
2022020345,Kyle Rehman,Tom Chmielewski
2022020346,Brandon Blandina,Wes McCauley
2022020347,Conor O'Donnell,Kelly Sutherland
2022020348,Jean Hebert,Pierre Lambert
2022020349,Francis Charron,Jon McIsaac
2022020350,Chris Lee,Furman South
2022020351,Kevin Pollock,Michael Markovic
2022020352,Steve Kozari,Trevor Hanson
2022020353,Corey Syvret,Francois St-Laurent
2022020354,Eric Furlatt,Garrett Rank
2022020355,Brandon Blandina,Kelly Sutherland
2022020356,Justin St. Pierre,Wes McCauley
2022020357,Chris Schlenker,Ghislain Hebert
2022020358,Kevin Pollock,Michael Markovic
2022020359,Thomas John Luxmore,Tom Chmielewski
2022020360,Chris Rooney,Jake Brenk
2022020361,Jon McIsaac,Wes McCauley
2022020362,Garrett Rank,Marc Joannette
2022020363,Brian Pochmara,Kendrick Nicholson
2022020364,Beau Halkidis,Chris Lee
2022020365,Peter MacDougall,Steve Kozari
2022020366,Eric Furlatt,Francois St-Laurent
2022020367,Corey Syvret,Trevor Hanson
2022020368,Brandon Blandina,Jon McIsaac
2022020369,Carter Sandlak,Justin St. Pierre
2022020370,Ghislain Hebert,Mitch Dunning
2022020371,Frederick L'Ecuyer,Kyle Rehman
2022020372,Thomas John Luxmore,Tom Chmielewski
2022020373,Furman South,Graham Skilliter
2022020374,Brandon Schrader,Chris Rooney
2022020375,Jake Brenk,Kevin Pollock
2022020376,Corey Syvret,Pierre Lambert
2022020377,Steve Kozari,Trevor Hanson
2022020378,Chris Lee,Francis Charron
2022020379,Mitch Dunning,Tom Chmielewski
2022020380,Ghislain Hebert,Reid Anderson
2022020381,Furman South,Graham Skilliter
2022020382,Conor O'Donnell,Kyle Rehman
2022020383,Kendrick Nicholson,Peter MacDougall
2022020384,Jake Brenk,Justin St. Pierre
2022020385,Francois St-Laurent,Jon McIsaac
2022020386,Brandon Blandina,Kelly Sutherland
2022020387,Eric Furlatt,Frederick L'Ecuyer
2022020388,Brandon Schrader,Chris Rooney
2022020389,Brian Pochmara,Marc Joannette
2022020390,Chris Schlenker,Wes McCauley
2022020391,Kevin Pollock,Thomas John Luxmore
2022020392,Francis Charron,Michael Markovic
2022020393,Garrett Rank,Pierre Lambert
2022020394,Brandon Blandina,Trevor Hanson
2022020395,Frederick L'Ecuyer,Kelly Sutherland
2022020396,Corey Syvret,Kyle Rehman
2022020397,Eric Furlatt,Jon McIsaac
2022020398,Corey Syvret,Kendrick Nicholson
2022020399,Gord Dwyer,Peter MacDougall
2022020400,Chris Rooney,Furman South
2022020401,Graham Skilliter,Marc Joannette
2022020402,Brian Pochmara,Wes McCauley
2022020403,Frederick L'Ecuyer,Kendrick Nicholson
2022020404,Eric Furlatt,Gord Dwyer
2022020405,Kyle Rehman,Pierre Lambert
2022020406,Francis Charron,Ghislain Hebert
2022020407,Garrett Rank,Mitch Dunning
2022020408,Marc Joannette,Michael Markovic
2022020409,Tom Chmielewski,Trevor Hanson
2022020410,Chris Lee,Justin St. Pierre
2022020411,Jean Hebert,Wes McCauley
2022020412,Garrett Rank,Jordan Samuels-Thomas
2022020413,Kendrick Nicholson,Kevin Pollock
2022020414,Brian Pochmara,Cody Beach
2022020415,Graham Skilliter,Tom Chmielewski
2022020416,Brandon Blandina,Steve Kozari
2022020417,Chris Rooney,Jean Hebert
2022020418,Chris Schlenker,Justin St. Pierre
2022020419,Jake Brenk,Kyle Rehman
2022020420,Marc Joannette,Mitch Dunning
2022020421,Gord Dwyer,Pierre Lambert
2022020422,Beau Halkidis,Corey Syvret
2022020423,Chris Lee,Wes McCauley
2022020424,Brian Pochmara,Ghislain Hebert
2022020425,Brandon Schrader,Francis Charron
2022020426,Michael Markovic,Thomas John Luxmore
2022020427,Jon McIsaac,Kevin Pollock
2022020428,Garrett Rank,Mitch Dunning
2022020429,Cody Beach,Steve Kozari
2022020430,Chris Lee,Corey Syvret
2022020431,Chris Schlenker,Justin St. Pierre
2022020432,Brandon Blandina,Graham Skilliter
2022020433,Jean Hebert,Reid Anderson
2022020434,Jake Brenk,Kelly Sutherland
2022020435,Furman South,Wes McCauley
2022020436,Gord Dwyer,Peter MacDougall
2022020437,Brian Pochmara,Carter Sandlak
2022020438,Michael Markovic,Thomas John Luxmore
2022020439,Conor O'Donnell,Marc Joannette
2022020440,Ghislain Hebert,Kevin Pollock
2022020441,Steve Kozari,Trevor Hanson
2022020442,Furman South,Jean Hebert
2022020443,Beau Halkidis,Chris Rooney
2022020444,Jon McIsaac,Peter MacDougall
2022020445,Brandon Blandina,Corey Syvret
2022020446,Chris Lee,Kendrick Nicholson
2022020447,Eric Furlatt,Frederick L'Ecuyer
2022020448,Ghislain Hebert,Michael Markovic
2022020449,Jake Brenk,Kelly Sutherland
2022020450,Carter Sandlak,Kevin Pollock
2022020451,Marc Joannette,Thomas John Luxmore
2022020452,Chris Rooney,Jean Hebert
2022020453,Francis Charron,Trevor Hanson
2022020454,Justin Kea,Kelly Sutherland
2022020455,Jon McIsaac,Mitch Dunning
2022020456,Justin St. Pierre,Kevin Pollock
2022020457,Brian Pochmara,Chris Schlenker
2022020458,Jake Brenk,Pierre Lambert
2022020459,Conor O'Donnell,Wes McCauley
2022020460,Tom Chmielewski,Trevor Hanson
2022020461,Brandon Schrader,Garrett Rank
2022020462,Furman South,Kendrick Nicholson
2022020463,Brandon Blandina,Francis Charron
2022020464,Frederick L'Ecuyer,Kyle Rehman
2022020465,Eric Furlatt,Jordan Samuels-Thomas
2022020466,Cody Beach,Gord Dwyer
2022020467,Chris Rooney,Frederick L'Ecuyer
2022020468,Corey Syvret,Kendrick Nicholson
2022020469,Francois St-Laurent,Gord Dwyer
2022020470,Thomas John Luxmore,Wes McCauley
2022020471,Pierre Lambert,Steve Kozari
2022020472,Graham Skilliter,Justin Kea
2022020473,Chris Schlenker,Justin St. Pierre
2022020474,Conor O'Donnell,Jean Hebert
2022020475,Garrett Rank,Mitch Dunning
2022020476,Beau Halkidis,Chris Lee
2022020477,Furman South,Kelly Sutherland
2022020478,Peter MacDougall,Tom Chmielewski
2022020479,Eric Furlatt,Francis Charron
2022020480,Corey Syvret,Kyle Rehman
2022020481,Peter MacDougall,Tom Chmielewski
2022020482,Frederick L'Ecuyer,Kyle Rehman
2022020483,Brian Pochmara,Michael Markovic
2022020484,Pierre Lambert,Steve Kozari
2022020485,Francois St-Laurent,Gord Dwyer
2022020486,Frederick L'Ecuyer,Marc Joannette
2022020487,Cody Beach,Jon McIsaac
2022020488,Chris Lee,Graham Skilliter
2022020489,Chris Rooney,Mitch Dunning
2022020490,Kendrick Nicholson,Kevin Pollock
2022020491,Chris Schlenker,Justin St. Pierre
2022020492,Jake Brenk,Michael Markovic
2022020493,Brian Pochmara,Reid Anderson
2022020494,Francis Charron,Jordan Samuels-Thomas
2022020495,Eric Furlatt,Ghislain Hebert
2022020496,Brandon Blandina,Trevor Hanson
2022020497,Brandon Schrader,Wes McCauley
2022020498,Jean Hebert,Jon McIsaac
2022020499,Steve Kozari,Thomas John Luxmore
2022020500,Corey Syvret,Eric Furlatt
2022020501,Jake Brenk,Tom Chmielewski
2022020502,Graham Skilliter,Peter MacDougall
2022020503,Chris Lee,Justin Kea
2022020504,Furman South,Kendrick Nicholson
2022020505,Michael Markovic,Thomas John Luxmore
2022020506,Brandon Blandina,Marc Joannette
2022020507,Jake Brenk,Trevor Hanson
2022020508,Brian Pochmara,Francis Charron
2022020509,Frederick L'Ecuyer,Ghislain Hebert
2022020510,Chris Lee,Reid Anderson
2022020511,Peter MacDougall,Wes McCauley
2022020512,Chris Rooney,Kelly Sutherland
2022020513,Furman South,Jean Hebert
2022020514,Kevin Pollock,Steve Kozari
2022020515,Frederick L'Ecuyer,Ghislain Hebert
2022020516,Garrett Rank,Kyle Rehman
2022020517,Corey Syvret,Gord Dwyer
2022020518,Chris Rooney,Kelly Sutherland
2022020519,Marc Joannette,Mitch Dunning
2022020520,Jake Brenk,Thomas John Luxmore
2022020521,Brandon Blandina,Jon McIsaac
2022020522,Brian Pochmara,Francois St-Laurent
2022020523,Garrett Rank,Tom Chmielewski
2022020524,Gord Dwyer,Trevor Hanson
2022020525,Kendrick Nicholson,Kevin Pollock
2022020526,Brandon Blandina,Marc Joannette
2022020527,Justin St. Pierre,Pierre Lambert
2022020528,Furman South,Michael Markovic
2022020529,Jean Hebert,Peter MacDougall
2022020530,Corey Syvret,Graham Skilliter
2022020531,Tom Chmielewski,Trevor Hanson
2022020532,Ghislain Hebert,Jordan Samuels-Thomas
2022020533,Conor O'Donnell,Francois St-Laurent
2022020534,Cody Beach,Tom Chmielewski
2022020535,Chris Rooney,Frederick L'Ecuyer
2022020536,Beau Halkidis,Kendrick Nicholson
2022020537,Francis Charron,Kelly Sutherland
2022020538,Justin St. Pierre,Pierre Lambert
2022020539,Dan O'Rourke,Wes McCauley
2022020540,Brandon Schrader,Jon McIsaac
2022020541,Garrett Rank,Thomas John Luxmore
2022020542,Carter Sandlak,Chris Schlenker
2022020543,Kyle Rehman,
2022020544,Jordan Samuels-Thomas,Trevor Hanson
2022020545,Steve Kozari,Tom Chmielewski
2022020546,Francois St-Laurent,Ghislain Hebert
2022020547,Kevin Pollock,Morgan MacPhee
2022020548,Conor O'Donnell,Frederick L'Ecuyer
2022020549,Kyle Rehman,Michael Markovic
2022020550,Eric Furlatt,Thomas John Luxmore
2022020551,Chris Rooney,Justin Kea
2022020552,Brandon Blandina,Chris Lee
2022020553,Brian Pochmara,Wes McCauley
2022020554,Furman South,Kendrick Nicholson
2022020555,Cody Beach,Kevin Pollock
2022020556,Graham Skilliter,Reid Anderson
2022020557,Gord Dwyer,Pierre Lambert
2022020558,Michael Markovic,Thomas John Luxmore
2022020559,Conor O'Donnell,Trevor Hanson
2022020560,Francis Charron,Tom Chmielewski
2022020561,Graham Skilliter,Reid Anderson
2022020562,Kendrick Nicholson,Pierre Lambert
2022020563,Chris Schlenker,Garrett Rank
2022020564,Steve Kozari,Trevor Hanson
2022020565,Brian Pochmara,Mitch Dunning
2022020566,Eric Furlatt,Jean Hebert
2022020567,Francois St-Laurent,Kyle Rehman
2022020568,Chris Rooney,Marc Joannette
2022020569,Chris Lee,Francis Charron
2022020570,Brandon Blandina,Jake Brenk
2022020571,Corey Syvret,Kevin Pollock
2022020572,Brandon Schrader,Dan O'Rourke
2022020573,Furman South,Gord Dwyer
2022020574,Graham Skilliter,Kelly Sutherland
2022020575,Kyle Rehman,Tom Chmielewski
2022020576,Garrett Rank,Peter MacDougall
2022020577,Kendrick Nicholson,Pierre Lambert
2022020578,Eric Furlatt,Jon McIsaac
2022020579,Kevin Pollock,Wes McCauley
2022020580,Francois St-Laurent,Frederick L'Ecuyer
2022020581,Ghislain Hebert,Jordan Samuels-Thomas
2022020582,Steve Kozari,Trevor Hanson
2022020583,Chris Schlenker,Mitch Dunning
2022020584,Francis Charron,Jean Hebert
2022020585,Brandon Schrader,Gord Dwyer
2022020586,Corey Syvret,Dan O'Rourke
2022020587,Brandon Blandina,Justin St. Pierre
2022020588,Jake Brenk,Reid Anderson
2022020589,Furman South,Marc Joannette
2022020590,Francois St-Laurent,Justin Kea
2022020591,Brian Pochmara,Steve Kozari
2022020592,Peter MacDougall,Thomas John Luxmore
2022020593,Graham Skilliter,Kendrick Nicholson
2022020594,Cody Beach,Kelly Sutherland
2022020595,Chris Rooney,Jon McIsaac
2022020596,Jake Brenk,Justin St. Pierre
2022020597,Ghislain Hebert,Wes McCauley
2022020598,Corey Syvret,Jean Hebert
2022020599,Mitch Dunning,Steve Kozari
2022020600,Francis Charron,Jordan Samuels-Thomas
2022020601,Carter Sandlak,Kevin Pollock
2022020602,Pierre Lambert,Thomas John Luxmore
2022020603,Garrett Rank,Peter MacDougall
2022020604,Graham Skilliter,Kyle Rehman
2022020605,Brian Pochmara,Justin Kea
2022020606,Chris Lee,Chris Schlenker
2022020607,Kelly Sutherland,Reid Anderson
2022020608,Frederick L'Ecuyer,Michael Markovic
2022020609,Dan O'Rourke,Mitch Dunning
2022020610,Ghislain Hebert,Tom Chmielewski
2022020611,Frederick L'Ecuyer,Justin St. Pierre
2022020612,Dan O'Rourke,Francois St-Laurent
2022020613,Eric Furlatt,Kevin Pollock
2022020614,Corey Syvret,Gord Dwyer
2022020615,Kendrick Nicholson,Steve Kozari
2022020616,Francis Charron,Pierre Lambert
2022020617,Brandon Blandina,Trevor Hanson
2022020618,Chris Lee,Peter MacDougall
2022020619,Garrett Rank,Michael Markovic
2022020620,Kyle Rehman,Marc Joannette
2022020621,Frederick L'Ecuyer,Furman South
2022020622,Gord Dwyer,Jake Brenk
2022020623,Conor O'Donnell,Francois St-Laurent
2022020624,Chris Lee,Jon McIsaac
2022020625,Brandon Schrader,Justin St. Pierre
2022020626,Graham Skilliter,Michael Markovic
2022020627,Chris Schlenker,Furman South
2022020628,Dan O'Rourke,Trevor Hanson
2022020629,Eric Furlatt,Kendrick Nicholson
2022020630,Ghislain Hebert,Peter MacDougall
2022020631,Brandon Blandina,Kevin Pollock
2022020632,Chris Rooney,Justin Kea
2022020633,Carter Sandlak,Jean Hebert
2022020634,Garrett Rank,Graham Skilliter
2022020635,Brian Pochmara,Wes McCauley
2022020636,Chris Schlenker,Marc Joannette
2022020637,Brandon Schrader,Thomas John Luxmore
2022020638,Chris Lee,Michael Markovic
2022020639,Dan O'Rourke,Trevor Hanson
2022020640,Eric Furlatt,Francois St-Laurent
2022020641,Kyle Rehman,Wes McCauley
2022020642,Cody Beach,Jon McIsaac
2022020643,Jean Hebert,Reid Anderson
2022020644,Brian Pochmara,Furman South
2022020645,Kendrick Nicholson,Pierre Lambert
2022020646,Brandon Blandina,Chris Rooney
2022020647,Furman South,Marc Joannette
2022020648,Dan O'Rourke,Kyle Rehman
2022020649,Frederick L'Ecuyer,Kelly Sutherland
2022020650,Ghislain Hebert,Jean Hebert
2022020651,Peter MacDougall,Trevor Hanson
2022020652,Francois St-Laurent,Gord Dwyer
2022020653,Brandon Blandina,Tom Chmielewski
2022020654,Justin St. Pierre,Thomas John Luxmore
2022020655,Jake Brenk,Jon McIsaac
2022020656,Brian Pochmara,Corey Syvret
2022020657,Jordan Samuels-Thomas,Wes McCauley
2022020658,Chris Rooney,Conor O'Donnell
2022020659,Garrett Rank,Steve Kozari
2022020660,Carter Sandlak,Marc Joannette
2022020661,Francis Charron,Wes McCauley
2022020662,Justin Kea,Thomas John Luxmore
2022020663,Garrett Rank,Ghislain Hebert
2022020664,Michael Markovic,Pierre Lambert
2022020665,Gord Dwyer,Justin St. Pierre
2022020666,Furman South,Tom Chmielewski
2022020667,Kyle Rehman,Peter MacDougall
2022020668,Chris Rooney,Frederick L'Ecuyer
2022020669,Jon McIsaac,Steve Kozari
2022020670,Brian Pochmara,Corey Syvret
2022020671,Jake Brenk,Kelly Sutherland
2022020672,Chris Schlenker,Graham Skilliter
2022020673,Cody Beach,Francis Charron
2022020674,Thomas John Luxmore,Tom Chmielewski
2022020675,Marc Joannette,Wes McCauley
2022020676,Brandon Blandina,Kevin Pollock
2022020677,Justin Kea,Steve Kozari
2022020678,Corey Syvret,Jake Brenk
2022020679,Furman South,Gord Dwyer
2022020680,Chris Schlenker,Kendrick Nicholson
2022020681,Francois St-Laurent,Reid Anderson
2022020682,Brandon Schrader,Justin St. Pierre
2022020683,Eric Furlatt,Frederick L'Ecuyer
2022020684,Garrett Rank,Peter MacDougall
2022020685,Brian Pochmara,Kelly Sutherland
2022020686,Ghislain Hebert,Kyle Rehman
2022020687,Pierre Lambert,Thomas John Luxmore
2022020688,Dan O'Rourke,Michael Markovic
2022020689,Francis Charron,Kevin Pollock
2022020690,Brandon Blandina,Graham Skilliter
2022020691,Francois St-Laurent,Furman South
2022020692,Conor O'Donnell,Justin St. Pierre
2022020693,Jean Hebert,Trevor Hanson
2022020694,Frederick L'Ecuyer,Pierre Lambert
2022020695,Brandon Schrader,Kelly Sutherland
2022020696,Steve Kozari,Tom Chmielewski
2022020697,Kendrick Nicholson,Kevin Pollock
2022020698,Brandon Blandina,Francis Charron
2022020699,Chris Schlenker,Graham Skilliter
2022020700,Corey Syvret,Eric Furlatt
2022020701,Gord Dwyer,Michael Markovic
2022020702,Ghislain Hebert,Jake Brenk
2022020703,Garrett Rank,Peter MacDougall
2022020704,Chris Lee,Dan O'Rourke
2022020705,Chris Rooney,Jordan Samuels-Thomas
2022020706,Francois St-Laurent,Pierre Lambert
2022020707,Eric Furlatt,Furman South
2022020708,Brandon Schrader,Marc Joannette
2022020709,Chris Lee,Garrett Rank
2022020710,Jon McIsaac,Reid Anderson
2022020711,Jean Hebert,Trevor Hanson
2022020712,Dan O'Rourke,Ghislain Hebert
2022020713,Francois St-Laurent,Wes McCauley
2022020714,Brandon Blandina,Trevor Hanson
2022020715,Kendrick Nicholson,Kevin Pollock
2022020716,Francis Charron,Graham Skilliter
2022020717,Brian Pochmara,Mitch Dunning
2022020718,Chris Lee,Kyle Rehman
2022020719,Eric Furlatt,Wes McCauley
2022020720,Ghislain Hebert,Jake Brenk
2022020721,Frederick L'Ecuyer,Marc Joannette
2022020722,Carter Sandlak,Kelly Sutherland
2022020723,Dan O'Rourke,Michael Markovic
2022020724,Chris Rooney,Thomas John Luxmore
2022020725,Cody Beach,Jean Hebert
2022020726,Gord Dwyer,Tom Chmielewski
2022020727,Graham Skilliter,Jon McIsaac
2022020728,Justin St. Pierre,Kevin Pollock
2022020729,Francis Charron,Kendrick Nicholson
2022020730,Jordan Samuels-Thomas,Kelly Sutherland
2022020731,Justin Kea,Trevor Hanson
2022020732,Dan O'Rourke,Peter MacDougall
2022020733,Graham Skilliter,Pierre Lambert
2022020734,Furman South,Thomas John Luxmore
2022020735,Brandon Blandina,Garrett Rank
2022020736,Carter Sandlak,Chris Lee
2022020737,Brian Pochmara,Eric Furlatt
2022020738,Jake Brenk,Kyle Rehman
2022020739,Marc Joannette,Wes McCauley
2022020740,Corey Syvret,Gord Dwyer
2022020741,Chris Schlenker,Kevin Pollock
2022020742,Francois St-Laurent,Mitch Dunning
2022020743,Jean Hebert,Jon McIsaac
2022020744,Kendrick Nicholson,Trevor Hanson
2022020745,Chris Rooney,Justin St. Pierre
2022020746,Brandon Schrader,Frederick L'Ecuyer
2022020747,Corey Syvret,Kelly Sutherland
2022020748,Michael Markovic,Steve Kozari
2022020749,Marc Joannette,Peter MacDougall
2022020750,Chris Rooney,Justin St. Pierre
2022020751,Mitch Dunning,Wes McCauley
2022020752,Chris Schlenker,Kyle Rehman
2022020753,Furman South,Thomas John Luxmore
2022020754,Jon McIsaac,Pierre Lambert
2022020755,Chris Schlenker,Marc Joannette
2022020756,Brandon Blandina,Wes McCauley
2022020757,Michael Markovic,Steve Kozari
2022020758,Dan O'Rourke,Garrett Rank
2022020759,Eric Furlatt,Mitch Dunning
2022020760,Brian Pochmara,Kyle Rehman
2022020761,Kelly Sutherland,Thomas John Luxmore
2022020762,Frederick L'Ecuyer,Ghislain Hebert
2022020763,Chris Rooney,Peter MacDougall
2022020764,Conor O'Donnell,Justin St. Pierre
2022020765,Gord Dwyer,Pierre Lambert
2022020766,Francis Charron,Kevin Pollock
2022020767,Steve Kozari,Trevor Hanson
2022020768,Jean Hebert,Kelly Sutherland
2022020769,Chris Lee,Reid Anderson
2022020770,Jake Brenk,Pierre Lambert
2022020771,Dan O'Rourke,Garrett Rank
2022020772,Chris Schlenker,Francis Charron
2022020773,Ghislain Hebert,Thomas John Luxmore
2022020774,Brian Pochmara,Gord Dwyer
2022020775,Carter Sandlak,Eric Furlatt
2022020776,Graham Skilliter,Jordan Samuels-Thomas
2022020777,Chris Lee,Corey Syvret
2022020778,Conor O'Donnell,Kyle Rehman
2022020779,Brandon Blandina,Peter MacDougall
2022020780,Frederick L'Ecuyer,Ghislain Hebert
2022020781,Garrett Rank,Kevin Pollock
2022020782,Steve Kozari,Trevor Hanson
2022020783,Dan O'Rourke,Justin St. Pierre
2022020784,Brandon Schrader,Kendrick Nicholson
2022020785,Jean Hebert,Michael Markovic
2022020786,Furman South,Tom Chmielewski
2022020787,Corey Syvret,Jake Brenk
2022020788,Brandon Blandina,Graham Skilliter
2022020789,Carter Sandlak,Kevin Pollock
2022020790,Eric Furlatt,Justin St. Pierre
2022020791,Marc Joannette,Wes McCauley
2022020792,Francis Charron,Gord Dwyer
2022020793,Mitch Dunning,Thomas John Luxmore
2022020794,Frederick L'Ecuyer,Kendrick Nicholson
2022020795,Brian Pochmara,Chris Lee
2022020796,Reid Anderson,Tom Chmielewski
2022020797,Chris Schlenker,Jake Brenk
2022020798,Furman South,Peter MacDougall
2022020799,Jon McIsaac,Michael Markovic
2022020800,Marc Joannette,Wes McCauley
2022020801,Cody Beach,Francis Charron
2022020802,Chris Rooney,Jon McIsaac
2022020803,Justin Kea,Justin St. Pierre
2022020804,Garrett Rank,Pierre Lambert
2022020805,Garrett Rank,Pierre Lambert
2022020806,Francis Charron,Kevin Pollock
2022020807,Brandon Blandina,Furman South
2022020808,Peter MacDougall,Trevor Hanson
2022020809,Brandon Schrader,Kelly Sutherland
2022020810,Jon McIsaac,Mitch Dunning
2022020811,Chris Lee,Chris Schlenker
2022020812,Dan O'Rourke,Kyle Rehman
2022020813,Carter Sandlak,Gord Dwyer
2022020814,Peter MacDougall,Trevor Hanson
2022020815,Brian Pochmara,Jon McIsaac
2022020816,Chris Rooney,Mitch Dunning
2022020817,Chris Lee,Chris Schlenker
2022020818,Brandon Blandina,Wes McCauley
2022020819,Furman South,Marc Joannette
2022020820,Dan O'Rourke,Ghislain Hebert
2022020821,Francis Charron,Thomas John Luxmore
2022020822,Furman South,Trevor Hanson
2022020823,Chris Rooney,Steve Kozari
2022020824,Kevin Pollock,Kyle Rehman
2022020825,Jordan Samuels-Thomas,Wes McCauley
2022020826,Michael Markovic,Tom Chmielewski
2022020827,Gord Dwyer,Graham Skilliter
2022020828,Marc Joannette,Tom Chmielewski
2022020829,Justin St. Pierre,Wes McCauley
2022020830,Ghislain Hebert,Pierre Lambert
2022020831,Corey Syvret,Kendrick Nicholson
2022020832,Frederick L'Ecuyer,Mitch Dunning
2022020833,Furman South,Trevor Hanson
2022020834,Eric Furlatt,Peter MacDougall
2022020835,Kyle Rehman,Michael Markovic
2022020836,Jordan Samuels-Thomas,Kelly Sutherland
2022020837,Chris Rooney,Gord Dwyer
2022020838,Chris Lee,Jon McIsaac
2022020839,Francis Charron,Thomas John Luxmore
2022020840,Brian Pochmara,Kevin Pollock
2022020841,Chris Schlenker,Steve Kozari
2022020842,Ghislain Hebert,Jake Brenk
2022020843,Justin St. Pierre,Pierre Lambert
2022020844,Carter Sandlak,Graham Skilliter
2022020845,Garrett Rank,Kendrick Nicholson
2022020846,Kyle Rehman,Peter MacDougall
2022020847,Cody Beach,Tom Chmielewski
2022020848,Jon McIsaac,Marc Joannette
2022020849,Corey Syvret,Dan O'Rourke
2022020850,Chris Lee,Michael Markovic
2022020851,Chris Schlenker,Frederick L'Ecuyer
2022020852,Jake Brenk,Kendrick Nicholson
2022020853,Carter Sandlak,Garrett Rank
2022020854,Corey Syvret,Dan O'Rourke
2022020855,Eric Furlatt,Furman South
2022020856,Michael Markovic,Tom Chmielewski
2022020857,Jon McIsaac,Justin Kea
2022020858,Brian Pochmara,Thomas John Luxmore
2022020859,Kelly Sutherland,Mitch Dunning
2022020860,Kyle Rehman,Peter MacDougall
2022020861,Chris Schlenker,Frederick L'Ecuyer
2022020862,Gord Dwyer,Wes McCauley
2022020863,Brandon Blandina,Graham Skilliter
2022020864,Chris Lee,Jake Brenk
2022020865,Dan O'Rourke,Pierre Lambert
2022020866,Chris Rooney,Kelly Sutherland
2022020867,Francis Charron,Ghislain Hebert
2022020868,Garrett Rank,Steve Kozari
2022020869,Corey Syvret,Graham Skilliter
2022020870,Brian Pochmara,Carter Sandlak
2022020871,Furman South,Jon McIsaac
2022020872,Chris Schlenker,Thomas John Luxmore
2022020873,Justin St. Pierre,Mitch Dunning
2022020874,Eric Furlatt,Wes McCauley
2022020875,Brandon Blandina,Ghislain Hebert
2022020876,Corey Syvret,Gord Dwyer
2022020877,Pierre Lambert,Trevor Hanson
2022020878,Chris Rooney,Marc Joannette
2022020879,Chris Lee,Kelly Sutherland
2022020880,Brandon Schrader,Eric Furlatt
2022020881,Brandon Blandina,Francis Charron
2022020882,Dan O'Rourke,Steve Kozari
2022020883,Kendrick Nicholson,Kevin Pollock
2022020884,Furman South,Wes McCauley
2022020885,Brian Pochmara,Justin Kea
2022020886,Chris Schlenker,Kelly Sutherland
2022020887,Mitch Dunning,Tom Chmielewski
2022020888,Garrett Rank,Thomas John Luxmore
2022020889,Frederick L'Ecuyer,Justin St. Pierre
2022020890,Brandon Blandina,Francis Charron
2022020891,Ghislain Hebert,Graham Skilliter
2022020892,Reid Anderson,Trevor Hanson
2022020893,Dan O'Rourke,Kyle Rehman
2022020894,Gord Dwyer,Pierre Lambert
2022020895,Cody Beach,Steve Kozari
2022020896,Chris Lee,Michael Markovic
2022020897,Beau Halkidis,Chris Rooney
2022020898,Eric Furlatt,Jake Brenk
2022020899,Jon McIsaac,Jordan Samuels-Thomas
2022020900,Brian Pochmara,Peter MacDougall
2022020901,Gord Dwyer,Trevor Hanson
2022020902,Kevin Pollock,Marc Joannette
2022020903,Corey Syvret,Kendrick Nicholson
2022020904,Kyle Rehman,Pierre Lambert
2022020905,Francis Charron,Mitch Dunning
2022020906,Graham Skilliter,Peter MacDougall
2022020907,Thomas John Luxmore,Tom Chmielewski
2022020908,Jon McIsaac,Marc Joannette
2022020909,Steve Kozari,Tom Chmielewski
2022020910,Corey Syvret,Kelly Sutherland
2022020911,Kevin Pollock,Thomas John Luxmore
2022020912,Furman South,Graham Skilliter
2022020913,Jake Brenk,Justin St. Pierre
2022020914,Brian Pochmara,Justin Kea
2022020915,Michael Markovic,Wes McCauley
2022020916,Brandon Schrader,Kyle Rehman
2022020917,Kendrick Nicholson,Steve Kozari
2022020918,Dan O'Rourke,Michael Markovic
2022020919,Frederick L'Ecuyer,Peter MacDougall
2022020920,Brandon Blandina,Garrett Rank
2022020921,Jon McIsaac,Marc Joannette
2022020922,Carter Sandlak,Graham Skilliter
2022020923,Corey Syvret,Francis Charron
2022020924,Furman South,Justin St. Pierre
2022020925,Chris Lee,Jake Brenk
2022020926,Dan O'Rourke,Michael Markovic
2022020927,Chris Schlenker,Trevor Hanson
2022020928,Frederick L'Ecuyer,Wes McCauley
2022020929,Kyle Rehman,Peter MacDougall
2022020930,Jon McIsaac,Marc Joannette
2022020931,Chris Rooney,Mitch Dunning
2022020932,Chris Lee,Steve Kozari
2022020933,Brandon Blandina,Gord Dwyer
2022020934,Eric Furlatt,Garrett Rank
2022020935,Ghislain Hebert,Kevin Pollock
2022020936,Kendrick Nicholson,Michael Markovic
2022020937,Jake Brenk,Kelly Sutherland
2022020938,Gord Dwyer,Pierre Lambert
2022020939,Trevor Hanson,Wes McCauley
2022020940,Justin St. Pierre,Tom Chmielewski
2022020941,Carter Sandlak,Eric Furlatt
2022020942,Chris Rooney,Graham Skilliter
2022020943,Dan O'Rourke,Francis Charron
2022020944,Beau Halkidis,Brian Pochmara
2022020945,Chris Schlenker,Peter MacDougall
2022020946,Frederick L'Ecuyer,Justin Kea
2022020947,Brandon Blandina,Kendrick Nicholson
2022020948,Garrett Rank,Ghislain Hebert
2022020949,Kevin Pollock,Mitch Dunning
2022020950,Brandon Schrader,Eric Furlatt
2022020951,Chris Lee,Michael Markovic
2022020952,Kyle Rehman,Thomas John Luxmore
2022020953,Trevor Hanson,Wes McCauley
2022020954,Brian Pochmara,Frederick L'Ecuyer
2022020955,Francis Charron,Pierre Lambert
2022020956,Corey Syvret,Dan O'Rourke
2022020957,Beau Halkidis,Chris Schlenker
2022020958,Carter Sandlak,Eric Furlatt
2022020959,Justin St. Pierre,Michael Markovic
2022020960,Chris Lee,Furman South
2022020961,Kelly Sutherland,Kendrick Nicholson
2022020962,Brandon Schrader,Wes McCauley
2022020963,Francis Charron,Jake Brenk
2022020964,Garrett Rank,Pierre Lambert
2022020965,Kevin Pollock,Mitch Dunning
2022020966,Jordan Samuels-Thomas,Thomas John Luxmore
2022020967,Beau Halkidis,Ghislain Hebert
2022020968,Jon McIsaac,Tom Chmielewski
2022020969,Dan O'Rourke,Frederick L'Ecuyer
2022020970,Corey Syvret,Jake Brenk
2022020971,Chris Rooney,Thomas John Luxmore
2022020972,Brian Pochmara,Marc Joannette
2022020973,Chris Schlenker,Graham Skilliter
2022020974,Justin St. Pierre,Tom Chmielewski
2022020975,Brandon Blandina,Chris Lee
2022020976,Peter MacDougall,Pierre Lambert
2022020977,Furman South,Kyle Rehman
2022020978,Eric Furlatt,Kendrick Nicholson
2022020979,Garrett Rank,Jon McIsaac
2022020980,Kelly Sutherland,Steve Kozari
2022020981,Frederick L'Ecuyer,Kevin Pollock
2022020982,Chris Schlenker,Gord Dwyer
2022020983,Ghislain Hebert,Mitch Dunning
2022020984,Chris Rooney,Jake Brenk
2022020985,Steve Kozari,Trevor Hanson
2022020986,Corey Syvret,Marc Joannette
2022020987,Mitch Dunning,Thomas John Luxmore
2022020988,Brian Pochmara,Graham Skilliter
2022020989,Furman South,Peter MacDougall
2022020990,Conor O'Donnell,Justin St. Pierre
2022020991,Eric Furlatt,Jon McIsaac
2022020992,Brandon Blandina,Kyle Rehman
2022020993,Chris Schlenker,Gord Dwyer
2022020994,Carter Sandlak,Pierre Lambert
2022020995,Kelly Sutherland,Michael Markovic
2022020996,Ghislain Hebert,Kevin Pollock
2022020997,Dan O'Rourke,Wes McCauley
2022020998,Garrett Rank,Justin Kea
2022020999,Steve Kozari,Trevor Hanson
2022021000,Graham Skilliter,Thomas John Luxmore
2022021001,Frederick L'Ecuyer,Jake Brenk
2022021002,Chris Rooney,Reid Anderson
2022021003,Francis Charron,Jordan Samuels-Thomas
2022021004,Gord Dwyer,Marc Joannette
2022021005,Chris Lee,Tom Chmielewski
2022021006,Pierre Lambert,Wes McCauley
2022021007,Justin St. Pierre,Michael Markovic
2022021008,Kyle Rehman,Thomas John Luxmore
2022021009,Brandon Blandina,Trevor Hanson
2022021010,Brandon Schrader,Steve Kozari
2022021011,Francis Charron,Graham Skilliter
2022021012,Carter Sandlak,Wes McCauley
2022021013,Furman South,Tom Chmielewski
2022021014,Frederick L'Ecuyer,Peter MacDougall
2022021015,Jake Brenk,Jon McIsaac
2022021016,Beau Halkidis,Dan O'Rourke
2022021017,Chris Rooney,Pierre Lambert
2022021018,Brian Pochmara,Mitch Dunning
2022021019,Corey Syvret,Gord Dwyer
2022021020,Chris Lee,Kendrick Nicholson
2022021021,Brandon Schrader,Graham Skilliter
2022021022,Ghislain Hebert,Trevor Hanson
2022021023,Eric Furlatt,Justin St. Pierre
2022021024,Brandon Schrader,Francis Charron
2022021025,Brian Pochmara,Michael Markovic
2022021026,Chris Rooney,Wes McCauley
2022021027,Ghislain Hebert,Tom Chmielewski
2022021028,Frederick L'Ecuyer,Marc Joannette
2022021029,Dan O'Rourke,Justin Kea
2022021030,Corey Syvret,Garrett Rank
2022021031,Kelly Sutherland,Peter MacDougall
2022021032,Reid Anderson,Thomas John Luxmore
2022021033,Kyle Rehman,Mitch Dunning
2022021034,Furman South,Kendrick Nicholson
2022021035,Francis Charron,Graham Skilliter
2022021036,Corey Syvret,Peter MacDougall
2022021037,Eric Furlatt,Justin St. Pierre
2022021038,Dan O'Rourke,Jake Brenk
2022021039,Chris Rooney,Kevin Pollock
2022021040,Ghislain Hebert,Gord Dwyer
2022021041,Francis Charron,Kyle Rehman
2022021042,Brian Pochmara,Corey Syvret
2022021043,Chris Lee,Marc Joannette
2022021044,Brandon Blandina,Frederick L'Ecuyer
2022021045,Conor O'Donnell,Tom Chmielewski
2022021046,Kelly Sutherland,Thomas John Luxmore
2022021047,Garrett Rank,Peter MacDougall
2022021048,Beau Halkidis,Wes McCauley
2022021049,Mitch Dunning,Steve Kozari
2022021050,Graham Skilliter,Michael Markovic
2022021051,Jon McIsaac,Kendrick Nicholson
2022021052,Furman South,Trevor Hanson
2022021053,Chris Lee,Kevin Pollock
2022021054,Chris Rooney,Dan O'Rourke
2022021055,Jake Brenk,Tom Chmielewski
2022021056,Justin St. Pierre,Pierre Lambert
2022021057,Brian Pochmara,Garrett Rank
2022021058,Furman South,Jon McIsaac
2022021059,Cody Beach,Eric Furlatt
2022021060,Steve Kozari,Trevor Hanson
2022021061,Brandon Blandina,Gord Dwyer
2022021062,Graham Skilliter,Peter MacDougall
2022021063,Kyle Rehman,Michael Markovic
2022021064,Brandon Blandina,Jake Brenk
2022021065,Kevin Pollock,Mitch Dunning
2022021066,Beau Halkidis,Chris Lee
2022021067,Francis Charron,Garrett Rank
2022021068,Dan O'Rourke,Justin Kea
2022021069,Justin St. Pierre,Pierre Lambert
2022021070,Brandon Schrader,Kelly Sutherland
2022021071,Ghislain Hebert,Marc Joannette
2022021072,Carter Sandlak,Wes McCauley
2022021073,Eric Furlatt,Trevor Hanson
2022021074,Kyle Rehman,Michael Markovic
2022021075,Furman South,Steve Kozari
2022021076,Brian Pochmara,Jake Brenk
2022021077,Graham Skilliter,Peter MacDougall
2022021078,Gord Dwyer,Kelly Sutherland
2022021079,Corey Syvret,Steve Kozari
2022021080,Frederick L'Ecuyer,Reid Anderson
2022021081,Kendrick Nicholson,Pierre Lambert
2022021082,Chris Lee,Mitch Dunning
2022021083,Brandon Blandina,Garrett Rank
2022021084,Cody Beach,Marc Joannette
2022021085,Gord Dwyer,Thomas John Luxmore
2022021086,Ghislain Hebert,Trevor Hanson
2022021087,Chris Rooney,Michael Markovic
2022021088,Conor O'Donnell,Wes McCauley
2022021089,Corey Syvret,Steve Kozari
2022021090,Furman South,Tom Chmielewski
2022021091,Francis Charron,Garrett Rank
2022021092,Brian Pochmara,Kevin Pollock
2022021093,Chris Lee,Mitch Dunning
2022021094,Carter Sandlak,Wes McCauley
2022021095,Gord Dwyer,Thomas John Luxmore
2022021096,Ghislain Hebert,Kyle Rehman
2022021097,Brandon Blandina,Peter MacDougall
2022021098,Furman South,Tom Chmielewski
2022021099,Chris Lee,Cody Beach
2022021100,Kendrick Nicholson,Pierre Lambert
2022021101,Dan O'Rourke,Justin St. Pierre
2022021102,Brian Pochmara,Frederick L'Ecuyer
2022021103,Eric Furlatt,Garrett Rank
2022021104,Jake Brenk,Marc Joannette
2022021105,Corey Syvret,Wes McCauley
2022021106,Chris Rooney,Michael Markovic
2022021107,Carter Sandlak,Trevor Hanson
2022021108,Gord Dwyer,Mitch Dunning
2022021109,Kevin Pollock,Kyle Rehman
2022021110,Chris Schlenker,Steve Kozari
2022021111,Eric Furlatt,Francis Charron
2022021112,Justin St. Pierre,Pierre Lambert
2022021113,Brandon Blandina,Ghislain Hebert
2022021114,Chris Rooney,Tom Chmielewski
2022021115,Peter MacDougall,Thomas John Luxmore
2022021116,Brian Pochmara,Mitch Dunning
2022021117,Marc Joannette,Michael Markovic
2022021118,Corey Syvret,Jake Brenk
2022021119,Chris Schlenker,Wes McCauley
2022021120,Dan O'Rourke,Peter MacDougall
2022021121,Beau Halkidis,Ghislain Hebert
2022021122,Eric Furlatt,Steve Kozari
2022021123,Frederick L'Ecuyer,Thomas John Luxmore
2022021124,Garrett Rank,Graham Skilliter
2022021125,Furman South,Kendrick Nicholson
2022021126,Brandon Schrader,Pierre Lambert
2022021127,Francis Charron,Justin St. Pierre
2022021128,Chris Lee,Corey Syvret
2022021129,Cody Beach,Kevin Pollock
2022021130,Brandon Blandina,Gord Dwyer
2022021131,Chris Rooney,Tom Chmielewski
2022021132,Jake Brenk,Kyle Rehman
2022021133,Trevor Hanson,Wes McCauley
2022021134,Chris Lee,Chris Schlenker
2022021135,Carter Sandlak,Eric Furlatt
2022021136,Dan O'Rourke,Peter MacDougall
2022021137,Furman South,Graham Skilliter
2022021138,Justin St. Pierre,Steve Kozari
2022021139,Garrett Rank,Ghislain Hebert
2022021140,Gord Dwyer,Thomas John Luxmore
2022021141,Conor O'Donnell,Kendrick Nicholson
2022021142,Brian Pochmara,Kevin Pollock
2022021143,Frederick L'Ecuyer,Wes McCauley
2022021144,Chris Lee,Tom Chmielewski
2022021145,Beau Halkidis,Jake Brenk
2022021146,Justin Kea,Kyle Rehman
2022021147,Brandon Blandina,Trevor Hanson
2022021148,Ghislain Hebert,Kendrick Nicholson
2022021149,Frederick L'Ecuyer,Justin Kea
2022021150,Corey Syvret,Marc Joannette
2022021151,Chris Rooney,Michael Markovic
2022021152,Eric Furlatt,Wes McCauley
2022021153,Chris Lee,Chris Schlenker
2022021154,Brian Pochmara,Pierre Lambert
2022021155,Carter Sandlak,Francis Charron
2022021156,Justin St. Pierre,Thomas John Luxmore
2022021157,Dan O'Rourke,Peter MacDougall
2022021158,Brandon Schrader,Garrett Rank
2022021159,Brandon Blandina,Trevor Hanson
2022021160,Graham Skilliter,Mitch Dunning
2022021161,Furman South,Kevin Pollock
2022021162,Gord Dwyer,Steve Kozari
2022021163,Jake Brenk,Tom Chmielewski
2022021164,Cody Beach,Kyle Rehman
2022021165,Brian Pochmara,Pierre Lambert
2022021166,Ghislain Hebert,Graham Skilliter
2022021167,Eric Furlatt,Mitch Dunning
2022021168,Conor O'Donnell,Francis Charron
2022021169,Frederick L'Ecuyer,Reid Anderson
2022021170,Chris Rooney,Corey Syvret
2022021171,Michael Markovic,Trevor Hanson
2022021172,Gord Dwyer,Marc Joannette
2022021173,Francis Charron,Steve Kozari
2022021174,Cody Beach,Kendrick Nicholson
2022021175,Kyle Rehman,Pierre Lambert
2022021176,Ghislain Hebert,Marc Joannette
2022021177,Conor O'Donnell,Gord Dwyer
2022021178,Chris Schlenker,Jake Brenk
2022021179,Mitch Dunning,Wes McCauley
2022021180,Garrett Rank,Michael Markovic
2022021181,Brandon Blandina,Justin St. Pierre
2022021182,Furman South,Graham Skilliter
2022021183,Kelly Sutherland,Thomas John Luxmore
2022021184,Frederick L'Ecuyer,Kendrick Nicholson
2022021185,Brian Pochmara,Peter MacDougall
2022021186,Chris Rooney,Trevor Hanson
2022021187,Gord Dwyer,Jake Brenk
2022021188,Kelly Sutherland,Tom Chmielewski
2022021189,Beau Halkidis,Marc Joannette
2022021190,Dan O'Rourke,Ghislain Hebert
2022021191,Francis Charron,Wes McCauley
2022021192,Justin St. Pierre,Mitch Dunning
2022021193,Eric Furlatt,Michael Markovic
2022021194,Furman South,Kyle Rehman
2022021195,Brian Pochmara,Carter Sandlak
2022021196,Chris Schlenker,Garrett Rank
2022021197,Kendrick Nicholson,Thomas John Luxmore
2022021198,Chris Lee,Peter MacDougall
2022021199,Brandon Schrader,Kevin Pollock
2022021200,Jake Brenk,Wes McCauley
2022021201,Chris Rooney,Tom Chmielewski
2022021202,Kelly Sutherland,Kevin Pollock
2022021203,Corey Syvret,Steve Kozari
2022021204,Garrett Rank,Ghislain Hebert
2022021205,Brian Pochmara,Dan O'Rourke
2022021206,Frederick L'Ecuyer,Mitch Dunning
2022021207,Eric Furlatt,Francis Charron
2022021208,Jake Brenk,Michael Markovic
2022021209,Furman South,Kyle Rehman
2022021210,Marc Joannette,Pierre Lambert
2022021211,Brandon Blandina,Chris Schlenker
2022021212,Justin St. Pierre,Kendrick Nicholson
2022021213,Peter MacDougall,Thomas John Luxmore
2022021214,Chris Lee,Kelly Sutherland
2022021215,Steve Kozari,Trevor Hanson
2022021216,Corey Syvret,Graham Skilliter
2022021217,Frederick L'Ecuyer,Mitch Dunning
2022021218,Gord Dwyer,Wes McCauley
2022021219,Garrett Rank,Kyle Rehman
2022021220,Brian Pochmara,Ghislain Hebert
2022021221,Chris Schlenker,Dan O'Rourke
2022021222,Eric Furlatt,Pierre Lambert
2022021223,Chris Rooney,Tom Chmielewski
2022021224,Kevin Pollock,Thomas John Luxmore
2022021225,Chris Lee,Peter MacDougall
2022021226,Ghislain Hebert,Michael Markovic
2022021227,Gord Dwyer,Graham Skilliter
2022021228,Kelly Sutherland,Trevor Hanson
2022021229,Eric Furlatt,Graham Skilliter
2022021230,Corey Syvret,Tom Chmielewski
2022021231,Francis Charron,Marc Joannette
2022021232,Garrett Rank,Jake Brenk
2022021233,Frederick L'Ecuyer,Kendrick Nicholson
2022021234,Beau Halkidis,Chris Schlenker
2022021235,Dan O'Rourke,Gord Dwyer
2022021236,Jean Hebert,Steve Kozari
2022021237,Brandon Blandina,Justin St. Pierre
2022021238,Furman South,Pierre Lambert
2022021239,Carter Sandlak,Chris Lee
2022021240,Jean Hebert,Steve Kozari
2022021241,Chris Rooney,Tom Chmielewski
2022021242,Brandon Blandina,Trevor Hanson
2022021243,Chris Schlenker,Kelly Sutherland
2022021244,Eric Furlatt,Kevin Pollock
2022021245,Dan O'Rourke,Jake Brenk
2022021246,Francis Charron,Tom Chmielewski
2022021247,Michael Markovic,Peter MacDougall
2022021248,Chris Rooney,Corey Syvret
2022021249,Frederick L'Ecuyer,Jon McIsaac
2022021250,Kendrick Nicholson,Thomas John Luxmore
2022021251,Furman South,Graham Skilliter
2022021252,Mitch Dunning,Pierre Lambert
2022021253,Brian Pochmara,Ghislain Hebert
2022021254,Brandon Schrader,Chris Lee
2022021255,Kyle Rehman,Trevor Hanson
2022021256,Brandon Blandina,Justin St. Pierre
2022021257,Eric Furlatt,Tom Chmielewski
2022021258,Furman South,Pierre Lambert
2022021259,Brandon Schrader,Justin St. Pierre
2022021260,Garrett Rank,Morgan MacPhee
2022021261,Frederick L'Ecuyer,Kelly Sutherland
2022021262,Kendrick Nicholson,Michael Markovic
2022021263,Chris Schlenker,Corey Syvret
2022021264,Chris Lee,Wes McCauley
2022021265,Mitch Dunning,Thomas John Luxmore
2022021266,Graham Skilliter,Jean Hebert
2022021267,Kevin Pollock,Peter MacDougall
2022021268,Chris Rooney,Jon McIsaac
2022021269,Dan O'Rourke,Jake Brenk
2022021270,Ghislain Hebert,Trevor Hanson
2022021271,Brandon Blandina,Kyle Rehman
2022021272,Brian Pochmara,Gord Dwyer
2022021273,Corey Syvret,Furman South
2022021274,Brandon Schrader,Brian Pochmara
2022021275,Graham Skilliter,Jake Brenk
2022021276,Kendrick Nicholson,Michael Markovic
2022021277,Eric Furlatt,Kevin Pollock
2022021278,Jean Hebert,Wes McCauley
2022021279,Frederick L'Ecuyer,Jon McIsaac
2022021280,Mitch Dunning,Pierre Lambert
2022021281,Steve Kozari,Tom Chmielewski
2022021282,Chris Rooney,Kelly Sutherland
2022021283,Ghislain Hebert,Gord Dwyer
2022021284,Garrett Rank,Justin Kea
2022021285,Justin St. Pierre,Kevin Pollock
2022021286,Francis Charron,Steve Kozari
2022021287,Carter Sandlak,Mitch Dunning
2022021288,Beau Halkidis,Jon McIsaac
2022021289,Chris Lee,Frederick L'Ecuyer
2022021290,Eric Furlatt,Jake Brenk
2022021291,Jean Hebert,Trevor Hanson
2022021292,Garrett Rank,Ghislain Hebert
2022021293,Chris Schlenker,Gord Dwyer
2022021294,Brandon Schrader,Kyle Rehman
2022021295,Eric Furlatt,Kendrick Nicholson
2022021296,Peter MacDougall,Tom Chmielewski
2022021297,Chris Rooney,Wes McCauley
2022021298,Beau Halkidis,Pierre Lambert
2022021299,Chris Lee,Francis Charron
2022021300,Brian Pochmara,Justin Kea
2022021301,Furman South,Mitch Dunning
2022021302,Jon McIsaac,Steve Kozari
2022021303,Jean Hebert,Kevin Pollock
2022021304,Brandon Blandina,Thomas John Luxmore
2022021305,Carter Sandlak,Dan O'Rourke
2022021306,Morgan MacPhee,Tom Chmielewski
2022021307,Justin St. Pierre,Kelly Sutherland
2022021308,Chris Rooney,Chris Schlenker
2022021309,Gord Dwyer,Trevor Hanson
2022021310,Corey Syvret,Ghislain Hebert
2022021311,Brandon Schrader,Kyle Rehman
2022021312,Garrett Rank,Graham Skilliter
2023020001,Chris Rooney,Jake Brenk
2023020002,Kelly Sutherland,Thomas John Luxmore
2023020003,Chris Lee,Wes McCauley
2023020004,Chris Rooney,Peter MacDougall
2023020005,Francis Charron,Kevin Pollock
2023020006,Brandon Blandina,Jean Hebert
2023020007,Graham Skilliter,Tom Chmielewski
2023020008,Steve Kozari,Wes McCauley
2023020009,Chris Schlenker,Gord Dwyer
2023020010,Francis Charron,Furman South
2023020011,Justin Kea,Kelly Sutherland
2023020012,Jean Hebert,Peter MacDougall
2023020013,Frederick L'Ecuyer,Jake Brenk
2023020014,Corey Syvret,Eric Furlatt
2023020015,Jon McIsaac,Thomas John Luxmore
2023020016,Chris Lee,Gord Dwyer
2023020017,Brandon Blandina,Garrett Rank
2023020018,Kyle Rehman,Mitch Dunning
2023020019,Francois St-Laurent,Pierre Lambert
2023020020,Corey Syvret,Eric Furlatt
2023020021,Garrett Rank,Peter MacDougall
2023020022,Jean Hebert,Mitch Dunning
2023020023,Justin Kea,Kelly Sutherland
2023020024,Ghislain Hebert,Michael Markovic
2023020025,Jake Brenk,Jon McIsaac
2023020026,Dan O'Rourke,Furman South
2023020027,Brandon Blandina,Kyle Rehman
2023020028,Frederick L'Ecuyer,Thomas John Luxmore
2023020029,Chris Lee,Graham Skilliter
2023020030,Cody Beach,Kendrick Nicholson
2023020031,Jordan Samuels-Thomas,Steve Kozari
2023020032,Brandon Schrader,Gord Dwyer
2023020033,Dan O'Rourke,Michael Markovic
2023020034,Brandon Schrader,Kendrick Nicholson
2023020035,Frederick L'Ecuyer,Jon McIsaac
2023020036,Carter Sandlak,Kyle Rehman
2023020037,Beau Halkidis,Kelly Sutherland
2023020038,Eric Furlatt,Francois St-Laurent
2023020039,Brandon Blandina,Brian Pochmara
2023020040,Francois St-Laurent,Frederick L'Ecuyer
2023020041,Dan O'Rourke,Michael Markovic
2023020042,Brandon Blandina,Kyle Rehman
2023020043,Carter Sandlak,Chris Rooney
2023020044,Ghislain Hebert,Tom Chmielewski
2023020045,Kevin Pollock,Pierre Lambert
2023020046,Steve Kozari,Trevor Hanson
2023020047,Cody Beach,Graham Skilliter
2023020048,Chris Schlenker,Kendrick Nicholson
2023020049,Eric Furlatt,Morgan MacPhee
2023020050,Brian Pochmara,Wes McCauley
2023020051,Garrett Rank,Michael Markovic
2023020052,Gord Dwyer,Mitch Dunning
2023020053,Chris Rooney,Dan O'Rourke
2023020054,Carter Sandlak,Frederick L'Ecuyer
2023020055,Corey Syvret,Ghislain Hebert
2023020056,Kendrick Nicholson,Kevin Pollock
2023020057,Tom Chmielewski,Wes McCauley
2023020058,Pierre Lambert,Trevor Hanson
2023020059,Cody Beach,Graham Skilliter
2023020060,Francis Charron,Jake Brenk
2023020061,Jean Hebert,Kyle Rehman
2023020062,Chris Schlenker,Steve Kozari
2023020063,Kelly Sutherland,Peter MacDougall
2023020064,Brandon Schrader,Chris Rooney
2023020065,Furman South,Garrett Rank
2023020066,Jake Brenk,Kyle Rehman
2023020067,Michael Markovic,Peter MacDougall
2023020068,Francois St-Laurent,Ghislain Hebert
2023020069,Beau Halkidis,Eric Furlatt
2023020070,Brian Pochmara,Thomas John Luxmore
2023020071,Justin Kea,Kelly Sutherland
2023020072,Corey Syvret,Jean Hebert
2023020073,Pierre Lambert,Wes McCauley
2023020074,Gord Dwyer,Mitch Dunning
2023020075,Carter Sandlak,Kevin Pollock
2023020076,Jordan Samuels-Thomas,Tom Chmielewski
2023020077,Steve Kozari,Trevor Hanson
2023020078,Chris Schlenker,Graham Skilliter
2023020079,Cody Beach,Francis Charron
2023020080,Brandon Schrader,Chris Lee
2023020081,Francis Charron,Jake Brenk
2023020082,Furman South,Tom Chmielewski
2023020083,Frederick L'Ecuyer,Kelly Sutherland
2023020084,Morgan MacPhee,Tom Chmielewski
2023020085,Ghislain Hebert,Kevin Pollock
2023020086,Brian Pochmara,Carter Sandlak
2023020087,Pierre Lambert,Thomas John Luxmore
2023020088,Chris Lee,Furman South
2023020089,Brandon Blandina,Jean Hebert
2023020090,Corey Syvret,Francois St-Laurent
2023020091,Jake Brenk,Mitch Dunning
2023020092,Gord Dwyer,Kendrick Nicholson
2023020093,Garrett Rank,Jon McIsaac
2023020094,Justin Kea,Peter MacDougall
2023020095,Brandon Schrader,Wes McCauley
2023020096,Chris Schlenker,Michael Markovic
2023020097,Jordan Samuels-Thomas,Trevor Hanson
2023020098,Kyle Rehman,Steve Kozari
2023020099,Francois St-Laurent,Graham Skilliter
2023020100,Ghislain Hebert,Thomas John Luxmore
2023020101,Brian Pochmara,Carter Sandlak
2023020102,Gord Dwyer,Peter MacDougall
2023020103,Cody Beach,Kevin Pollock
2023020104,Chris Rooney,Corey Syvret
2023020105,Justin Kea,Kendrick Nicholson
2023020106,Brandon Blandina,Chris Lee
2023020107,Frederick L'Ecuyer,Graham Skilliter
2023020108,Brandon Schrader,Tom Chmielewski
2023020109,Eric Furlatt,Michael Markovic
2023020110,Garrett Rank,Jon McIsaac
2023020111,Dan O'Rourke,Trevor Hanson
2023020112,Francois St-Laurent,Pierre Lambert
2023020113,Beau Halkidis,Chris Rooney
2023020114,Graham Skilliter,Thomas John Luxmore
2023020115,Kyle Rehman,Mitch Dunning
2023020116,Jon McIsaac,Michael Markovic
2023020117,Peter MacDougall,Wes McCauley
2023020118,Chris Lee,Furman South
2023020119,Frederick L'Ecuyer,Jake Brenk
2023020120,Ghislain Hebert,Kendrick Nicholson
2023020121,Chris Schlenker,Kelly Sutherland
2023020122,Carter Sandlak,Jean Hebert
2023020123,Corey Syvret,Gord Dwyer
2023020124,Jon McIsaac,Michael Markovic
2023020125,Dan O'Rourke,Mitch Dunning
2023020126,Graham Skilliter,Thomas John Luxmore
2023020127,Jake Brenk,Steve Kozari
2023020128,Pierre Lambert,Wes McCauley
2023020129,Eric Furlatt,Garrett Rank
2023020130,Chris Schlenker,Kelly Sutherland
2023020131,Beau Halkidis,Ghislain Hebert
2023020132,Brandon Blandina,Frederick L'Ecuyer
2023020133,Furman South,Jean Hebert
2023020134,Pierre Lambert,Steve Kozari
2023020135,Brian Pochmara,Cody Beach
2023020136,Carter Sandlak,Gord Dwyer
2023020137,Brandon Schrader,Dan O'Rourke
2023020138,Jon McIsaac,Mitch Dunning
2023020139,Chris Rooney,Kendrick Nicholson
2023020140,Eric Furlatt,Trevor Hanson
2023020141,Chris Schlenker,Steve Kozari
2023020142,Brian Pochmara,Trevor Hanson
2023020143,Chris Lee,Tom Chmielewski
2023020144,Kevin Pollock,Mitch Dunning
2023020145,Francois St-Laurent,Wes McCauley
2023020146,Jake Brenk,Michael Markovic
2023020147,Jordan Samuels-Thomas,Kendrick Nicholson
2023020148,Steve Kozari,Thomas John Luxmore
2023020149,Beau Halkidis,Chris Rooney
2023020150,Chris Schlenker,Jon McIsaac
2023020151,Chris Lee,Justin Kea
2023020152,Brian Pochmara,Trevor Hanson
2023020153,Corey Syvret,Jean Hebert
2023020154,Graham Skilliter,Morgan MacPhee
2023020155,Brandon Blandina,Kyle Rehman
2023020156,Brandon Schrader,Kevin Pollock
2023020157,Garrett Rank,Pierre Lambert
2023020158,Dan O'Rourke,Furman South
2023020159,Brian Pochmara,Kelly Sutherland
2023020160,Brandon Blandina,Peter MacDougall
2023020161,Garrett Rank,Michael Markovic
2023020162,Eric Furlatt,Kendrick Nicholson
2023020163,Chris Schlenker,Jon McIsaac
2023020164,Dan O'Rourke,Justin Kea
2023020165,Ghislain Hebert,Pierre Lambert
2023020166,Steve Kozari,Thomas John Luxmore
2023020167,Francois St-Laurent,Wes McCauley
2023020168,Furman South,Jake Brenk
2023020169,Carter Sandlak,Tom Chmielewski
2023020170,Kevin Pollock,Trevor Hanson
2023020171,Corey Syvret,Kyle Rehman
2023020172,Cody Beach,Graham Skilliter
2023020173,Brandon Schrader,Jean Hebert
2023020174,Frederick L'Ecuyer,Tom Chmielewski
2023020175,Corey Syvret,Peter MacDougall
2023020176,Dan O'Rourke,Thomas John Luxmore
2023020177,Garrett Rank,Gord Dwyer
2023020178,Brandon Blandina,Jean Hebert
2023020179,Kelly Sutherland,Kevin Pollock
2023020180,Beau Halkidis,Jon McIsaac
2023020181,Chris Rooney,Gord Dwyer
2023020182,Eric Furlatt,Jake Brenk
2023020183,Chris Lee,Mitch Dunning
2023020184,Brandon Blandina,Jean Hebert
2023020185,Corey Syvret,Ghislain Hebert
2023020186,Chris Schlenker,Kelly Sutherland
2023020187,Brandon Schrader,Trevor Hanson
2023020188,Frederick L'Ecuyer,Graham Skilliter
2023020189,Peter MacDougall,Tom Chmielewski
2023020190,Brian Pochmara,Michael Markovic
2023020191,Chris Lee,Francois St-Laurent
2023020192,Frederick L'Ecuyer,Graham Skilliter
2023020193,Eric Furlatt,Justin Kea
2023020194,Furman South,Jon McIsaac
2023020195,Brandon Blandina,Brian Pochmara
2023020196,Francois St-Laurent,Gord Dwyer
2023020197,Chris Rooney,Jordan Samuels-Thomas
2023020198,Kyle Rehman,Mitch Dunning
2023020199,Cody Beach,Pierre Lambert
2023020200,Carter Sandlak,Kendrick Nicholson
2023020201,Kelly Sutherland,Peter MacDougall
2023020202,Brandon Schrader,Ghislain Hebert
2023020203,Morgan MacPhee,Tom Chmielewski
2023020204,Jon McIsaac,Wes McCauley
2023020205,Garrett Rank,Mitch Dunning
2023020206,Gord Dwyer,Justin Kea
2023020207,Chris Lee,Kevin Pollock
2023020208,Frederick L'Ecuyer,Graham Skilliter
2023020209,Ghislain Hebert,Thomas John Luxmore
2023020210,Francois St-Laurent,Pierre Lambert
2023020211,Carter Sandlak,Kendrick Nicholson
2023020212,Chris Lee,Chris Rooney
2023020213,Corey Syvret,Jake Brenk
2023020214,Kyle Rehman,Mitch Dunning
2023020215,Beau Halkidis,Dan O'Rourke
2023020216,Gord Dwyer,Jordan Samuels-Thomas
2023020217,Eric Furlatt,Wes McCauley
2023020218,Brian Pochmara,Furman South
2023020219,Peter MacDougall,Tom Chmielewski
2023020220,Brandon Schrader,Frederick L'Ecuyer
2023020221,Thomas John Luxmore,Trevor Hanson
2023020222,Garrett Rank,Jean Hebert
2023020223,Chris Schlenker,Francois St-Laurent
2023020224,Corey Syvret,Jake Brenk
2023020225,Brandon Blandina,Kevin Pollock
2023020226,Ghislain Hebert,Thomas John Luxmore
2023020227,Carter Sandlak,Dan O'Rourke
2023020228,Ghislain Hebert,Michael Markovic
2023020229,Brian Pochmara,Corey Syvret
2023020230,Cody Beach,Jean Hebert
2023020231,Jake Brenk,Pierre Lambert
2023020232,Kelly Sutherland,Kevin Pollock
2023020233,Graham Skilliter,Thomas John Luxmore
2023020234,Brandon Blandina,Wes McCauley
2023020235,Francois St-Laurent,Garrett Rank
2023020236,Chris Schlenker,Furman South
2023020237,Michael Markovic,Trevor Hanson
2023020238,Brandon Blandina,Kevin Pollock
2023020239,Dan O'Rourke,Steve Kozari
2023020240,Carter Sandlak,Garrett Rank
2023020241,Tom Chmielewski,Trevor Hanson
2023020242,Jon McIsaac,Kyle Rehman
2023020243,Brian Pochmara,Mitch Dunning
2023020244,Brandon Schrader,Ghislain Hebert
2023020245,Gord Dwyer,Jean Hebert
2023020246,Chris Lee,Corey Syvret
2023020247,Dan O'Rourke,Furman South
2023020248,Justin Kea,Tom Chmielewski
2023020249,Graham Skilliter,Jordan Samuels-Thomas
2023020250,Beau Halkidis,Chris Rooney
2023020251,Kendrick Nicholson,Kyle Rehman
2023020252,Frederick L'Ecuyer,Steve Kozari
2023020253,Beau Halkidis,Chris Rooney
2023020254,Jon McIsaac,Kendrick Nicholson
2023020255,Brian Pochmara,Morgan MacPhee
2023020256,Chris Lee,Corey Syvret
2023020257,Cody Beach,Jean Hebert
2023020258,Brandon Schrader,Gord Dwyer
2023020259,Thomas John Luxmore,Wes McCauley
2023020260,Furman South,Steve Kozari
2023020261,Francois St-Laurent,Kelly Sutherland
2023020262,Dan O'Rourke,Frederick L'Ecuyer
2023020263,Jake Brenk,Peter MacDougall
2023020264,Eric Furlatt,Jordan Samuels-Thomas
2023020265,Pierre Lambert,Trevor Hanson
2023020266,Chris Schlenker,Tom Chmielewski
2023020267,Jon McIsaac,Kyle Rehman
2023020268,Brandon Schrader,Gord Dwyer
2023020269,Brandon Blandina,Francois St-Laurent
2023020270,Carter Sandlak,Ghislain Hebert
2023020271,Chris Rooney,Chris Schlenker
2023020272,Jake Brenk,Wes McCauley
2023020273,Eric Furlatt,Peter MacDougall
2023020274,Ghislain Hebert,Kevin Pollock
2023020275,Mitch Dunning,Thomas John Luxmore
2023020276,Justin Kea,Tom Chmielewski
2023020277,Chris Rooney,Pierre Lambert
2023020278,Garrett Rank,Steve Kozari
2023020279,Eric Furlatt,Jean Hebert
2023020280,Brandon Blandina,Ghislain Hebert
2023020281,Brian Pochmara,Morgan MacPhee
2023020282,Peter MacDougall,Thomas John Luxmore
2023020283,Furman South,Graham Skilliter
2023020284,Jake Brenk,Wes McCauley
2023020285,Frederick L'Ecuyer,Michael Markovic
2023020286,Kelly Sutherland,Mitch Dunning
2023020287,Carter Sandlak,Trevor Hanson
2023020288,Cody Beach,Dan O'Rourke
2023020289,Gord Dwyer,Kevin Pollock
2023020290,Justin Kea,Steve Kozari
2023020291,Pierre Lambert,Tom Chmielewski
2023020292,Beau Halkidis,Garrett Rank
2023020293,Chris Rooney,Michael Markovic
2023020294,Eric Furlatt,Mitch Dunning
2023020295,Graham Skilliter,Justin Kea
2023020296,Jake Brenk,Kendrick Nicholson
2023020297,Brandon Schrader,Chris Lee
2023020298,Jon McIsaac,Wes McCauley
2023020299,Corey Syvret,Trevor Hanson
2023020300,Carter Sandlak,Pierre Lambert
2023020301,Dan O'Rourke,Peter MacDougall
2023020302,Ghislain Hebert,Morgan MacPhee
2023020303,Cody Beach,Frederick L'Ecuyer
2023020304,Jean Hebert,Kevin Pollock
2023020305,Brandon Blandina,Kyle Rehman
2023020306,Brian Pochmara,Furman South
2023020307,Chris Schlenker,Garrett Rank
2023020308,Francis Charron,Jordan Samuels-Thomas
2023020309,Corey Syvret,Francois St-Laurent
2023020310,Eric Furlatt,Mitch Dunning
2023020311,Brian Pochmara,Kelly Sutherland
2023020312,Dan O'Rourke,Kendrick Nicholson
2023020313,Brandon Blandina,Gord Dwyer
2023020314,Carter Sandlak,Trevor Hanson
2023020315,Pierre Lambert,Steve Kozari
2023020316,Brandon Schrader,Thomas John Luxmore
2023020317,Furman South,Graham Skilliter
2023020318,Chris Lee,Jon McIsaac
2023020319,Kevin Pollock,Kyle Rehman
2023020320,Chris Schlenker,Tom Chmielewski
2023020321,Graham Skilliter,Kelly Sutherland
2023020322,Chris Lee,Kendrick Nicholson
2023020323,Garrett Rank,Mitch Dunning
2023020324,Carter Sandlak,Trevor Hanson
2023020325,Francois St-Laurent,Tom Chmielewski
2023020326,Corey Syvret,Jean Hebert
2023020327,Francis Charron,Thomas John Luxmore
2023020328,Furman South,Kendrick Nicholson
2023020329,Frederick L'Ecuyer,Kevin Pollock
2023020330,Ghislain Hebert,Kelly Sutherland
2023020331,Jordan Samuels-Thomas,Kyle Rehman
2023020332,Chris Rooney,Chris Schlenker
2023020333,Brandon Schrader,Wes McCauley
2023020334,Carter Sandlak,Trevor Hanson
2023020335,Michael Markovic,Peter MacDougall
2023020336,Francois St-Laurent,Jean Hebert
2023020337,Garrett Rank,Wes McCauley
2023020338,Dan O'Rourke,Thomas John Luxmore
2023020339,Brian Pochmara,Jake Brenk
2023020340,Dan O'Rourke,Justin Kea
2023020341,Gord Dwyer,Kyle Rehman
2023020342,Garrett Rank,Mitch Dunning
2023020343,Brandon Blandina,Kevin Pollock
2023020344,Francis Charron,Jon McIsaac
2023020345,Kendrick Nicholson,Pierre Lambert
2023020346,Cody Beach,Frederick L'Ecuyer
2023020347,Beau Halkidis,Ghislain Hebert
2023020348,Jordan Samuels-Thomas,Kelly Sutherland
2023020349,Chris Rooney,Morgan MacPhee
2023020350,Brandon Schrader,Jake Brenk
2023020351,Francois St-Laurent,Peter MacDougall
2023020352,Brian Pochmara,Tom Chmielewski
2023020353,Jean Hebert,Michael Markovic
2023020354,Furman South,Mitch Dunning
2023020355,Jon McIsaac,Justin Kea
2023020356,Beau Halkidis,Kelly Sutherland
2023020357,Francois St-Laurent,Michael Markovic
2023020358,Gord Dwyer,Thomas John Luxmore
2023020359,Kendrick Nicholson,Pierre Lambert
2023020360,Chris Schlenker,Ghislain Hebert
2023020361,Cody Beach,Frederick L'Ecuyer
2023020362,Brandon Blandina,Kevin Pollock
2023020363,Furman South,Garrett Rank
2023020364,Corey Syvret,Trevor Hanson
2023020365,Jake Brenk,Jean Hebert
2023020366,Brian Pochmara,Chris Lee
2023020367,Chris Rooney,Peter MacDougall
2023020368,Carter Sandlak,Tom Chmielewski
2023020369,Morgan MacPhee,Wes McCauley
2023020370,Chris Schlenker,Francis Charron
2023020371,Brandon Schrader,Jon McIsaac
2023020372,Corey Syvret,Garrett Rank
2023020373,Chris Lee,Jean Hebert
2023020374,Brandon Blandina,Francis Charron
2023020375,Ghislain Hebert,Pierre Lambert
2023020376,Peter MacDougall,Trevor Hanson
2023020377,Graham Skilliter,Michael Markovic
2023020378,Chris Lee,Kyle Rehman
2023020379,Brian Pochmara,Carter Sandlak
2023020380,Kendrick Nicholson,Peter MacDougall
2023020381,Brandon Blandina,Brandon Schrader
2023020382,Chris Schlenker,Trevor Hanson
2023020383,Jake Brenk,Kelly Sutherland
2023020384,Furman South,Jon McIsaac
2023020385,Graham Skilliter,Mitch Dunning
2023020386,Corey Syvret,Kyle Rehman
2023020387,Thomas John Luxmore,Wes McCauley
2023020388,Jean Hebert,Pierre Lambert
2023020389,Gord Dwyer,Tom Chmielewski
2023020390,Chris Lee,Jon McIsaac
2023020391,Mitch Dunning,Thomas John Luxmore
2023020392,Chris Rooney,Jake Brenk
2023020393,Brandon Schrader,Brian Pochmara
2023020394,Ghislain Hebert,Morgan MacPhee
2023020395,Chris Schlenker,Trevor Hanson
2023020396,Frederick L'Ecuyer,Garrett Rank
2023020397,Furman South,Steve Kozari
2023020398,Francois St-Laurent,Gord Dwyer
2023020399,Carter Sandlak,Chris Lee
2023020400,Cody Beach,Kyle Rehman
2023020401,Corey Syvret,Kevin Pollock
2023020402,Beau Halkidis,Francis Charron
2023020403,Graham Skilliter,Wes McCauley
2023020404,Jordan Samuels-Thomas,Kendrick Nicholson
2023020405,Brandon Blandina,Brian Pochmara
2023020406,Justin Kea,Tom Chmielewski
2023020407,Mitch Dunning,Thomas John Luxmore
2023020408,Furman South,Ghislain Hebert
2023020409,Jordan Samuels-Thomas,Kevin Pollock
2023020410,Gord Dwyer,Michael Markovic
2023020411,Brandon Schrader,Trevor Hanson
2023020412,Brandon Blandina,Francois St-Laurent
2023020413,Chris Schlenker,Pierre Lambert
2023020414,Chris Rooney,Frederick L'Ecuyer
2023020415,Garrett Rank,Jon McIsaac
2023020416,Peter MacDougall,Steve Kozari
2023020417,Francis Charron,Wes McCauley
2023020418,Kendrick Nicholson,Kyle Rehman
2023020419,Corey Syvret,Thomas John Luxmore
2023020420,Carter Sandlak,Tom Chmielewski
2023020421,Graham Skilliter,Kevin Pollock
2023020422,Peter MacDougall,Steve Kozari
2023020423,Chris Schlenker,Jake Brenk
2023020424,Garrett Rank,Ghislain Hebert
2023020425,Cody Beach,Kyle Rehman
2023020426,Corey Syvret,Kendrick Nicholson
2023020427,Francis Charron,Wes McCauley
2023020428,Francois St-Laurent,Jon McIsaac
2023020429,Chris Lee,Ghislain Hebert
2023020430,Chris Rooney,Michael Markovic
2023020431,Brandon Schrader,Thomas John Luxmore
2023020432,Jean Hebert,Justin Kea
2023020433,Garrett Rank,Jake Brenk
2023020434,Francois St-Laurent,Jon McIsaac
2023020435,Chris Rooney,Michael Markovic
2023020436,Gord Dwyer,Peter MacDougall
2023020437,Kendrick Nicholson,Kevin Pollock
2023020438,Francis Charron,Jordan Samuels-Thomas
2023020439,Brandon Blandina,Brian Pochmara
2023020440,Cody Beach,Steve Kozari
2023020441,Corey Syvret,Furman South
2023020442,Ghislain Hebert,Jake Brenk
2023020443,Chris Lee,Jean Hebert
2023020444,Mitch Dunning,Pierre Lambert
2023020445,Gord Dwyer,Peter MacDougall
2023020446,Furman South,Kelly Sutherland
2023020447,Frederick L'Ecuyer,Morgan MacPhee
2023020448,Beau Halkidis,Chris Lee
2023020449,Garrett Rank,Jake Brenk
2023020450,Carter Sandlak,Francis Charron
2023020451,Michael Markovic,Wes McCauley
2023020452,Graham Skilliter,Kyle Rehman
2023020453,Brian Pochmara,Tom Chmielewski
2023020454,Brandon Blandina,Chris Schlenker
2023020455,Francois St-Laurent,Steve Kozari
2023020456,Mitch Dunning,Pierre Lambert
2023020457,Beau Halkidis,Jean Hebert
2023020458,Brandon Schrader,Wes McCauley
2023020459,Jordan Samuels-Thomas,Trevor Hanson
2023020460,Furman South,Kelly Sutherland
2023020461,Carter Sandlak,Frederick L'Ecuyer
2023020462,Peter MacDougall,Pierre Lambert
2023020463,Chris Rooney,Morgan MacPhee
2023020464,Kevin Pollock,Mitch Dunning
2023020465,Chris Lee,Jean Hebert
2023020466,Jake Brenk,Kendrick Nicholson
2023020467,Brandon Blandina,Ghislain Hebert
2023020468,Justin Kea,Wes McCauley
2023020469,Brandon Schrader,Thomas John Luxmore
2023020470,Tom Chmielewski,Trevor Hanson
2023020471,Chris Schlenker,Graham Skilliter
2023020472,Garrett Rank,Kyle Rehman
2023020473,Brian Pochmara,Furman South
2023020474,Beau Halkidis,Kelly Sutherland
2023020475,Francis Charron,Steve Kozari
2023020476,Jean Hebert,Michael Markovic
2023020477,Frederick L'Ecuyer,Tom Chmielewski
2023020478,Corey Syvret,Trevor Hanson
2023020479,Francois St-Laurent,Kevin Pollock
2023020480,Chris Rooney,Kendrick Nicholson
2023020481,Brandon Blandina,Garrett Rank
2023020482,Carter Sandlak,Thomas John Luxmore
2023020483,Ghislain Hebert,Kyle Rehman
2023020484,Justin Kea,Steve Kozari
2023020485,Beau Halkidis,Chris Rooney
2023020486,Kelly Sutherland,Pierre Lambert
2023020487,Jake Brenk,Michael Markovic
2023020488,Morgan MacPhee,Wes McCauley
2023020489,Brian Pochmara,Peter MacDougall
2023020490,Cody Beach,Francois St-Laurent
2023020491,Kevin Pollock,Thomas John Luxmore
2023020492,Chris Schlenker,Kendrick Nicholson
2023020493,Brandon Schrader,Graham Skilliter
2023020494,Corey Syvret,Frederick L'Ecuyer
2023020495,Chris Lee,Tom Chmielewski
2023020496,Francis Charron,Michael Markovic
2023020497,Corey Syvret,Frederick L'Ecuyer
2023020498,Carter Sandlak,Jon McIsaac
2023020499,Justin Kea,Kevin Pollock
2023020500,Morgan MacPhee,Thomas John Luxmore
2023020501,Francois St-Laurent,Pierre Lambert
2023020502,Brian Pochmara,Cody Beach
2023020503,Francis Charron,Peter MacDougall
2023020504,Jean Hebert,Wes McCauley
2023020505,Kendrick Nicholson,Mitch Dunning
2023020506,Chris Schlenker,Furman South
2023020507,Jordan Samuels-Thomas,Kyle Rehman
2023020508,Brandon Schrader,Corey Syvret
2023020509,Graham Skilliter,Trevor Hanson
2023020510,Garrett Rank,Ghislain Hebert
2023020511,Beau Halkidis,Jake Brenk
2023020512,Chris Lee,Tom Chmielewski
2023020513,Kevin Pollock,Mitch Dunning
2023020514,Brian Pochmara,Thomas John Luxmore
2023020515,Francis Charron,Morgan MacPhee
2023020516,Frederick L'Ecuyer,Jean Hebert
2023020517,Brandon Blandina,Peter MacDougall
2023020518,Furman South,Garrett Rank
2023020519,Cody Beach,Kelly Sutherland
2023020520,Eric Furlatt,Michael Markovic
2023020521,Ghislain Hebert,Jon McIsaac
2023020522,Carter Sandlak,Jake Brenk
2023020523,Jordan Samuels-Thomas,Kyle Rehman
2023020524,Mitch Dunning,Pierre Lambert
2023020525,Chris Schlenker,Corey Syvret
2023020526,Brandon Schrader,Trevor Hanson
2023020527,Graham Skilliter,Steve Kozari
2023020528,Brian Pochmara,Corey Syvret
2023020529,Frederick L'Ecuyer,Furman South
2023020530,Jon McIsaac,Kevin Pollock
2023020531,Carter Sandlak,Thomas John Luxmore
2023020532,Garrett Rank,Mitch Dunning
2023020533,Beau Halkidis,Francis Charron
2023020534,Chris Rooney,Tom Chmielewski
2023020535,Brandon Blandina,Wes McCauley
2023020536,Francois St-Laurent,Justin Kea
2023020537,Brandon Schrader,Kyle Rehman
2023020538,Eric Furlatt,Morgan MacPhee
2023020539,Chris Lee,Cody Beach
2023020540,Graham Skilliter,Jake Brenk
2023020541,Dan O'Rourke,Trevor Hanson
2023020542,Jon McIsaac,Peter MacDougall
2023020543,Chris Lee,Pierre Lambert
2023020544,Jordan Samuels-Thomas,Steve Kozari
2023020545,Brandon Schrader,Jake Brenk
2023020546,Corey Syvret,Francois St-Laurent
2023020547,Carter Sandlak,Eric Furlatt
2023020548,Brandon Blandina,Kevin Pollock
2023020549,Ghislain Hebert,Thomas John Luxmore
2023020550,Brian Pochmara,Furman South
2023020551,Kyle Rehman,Tom Chmielewski
2023020552,Chris Rooney,Mitch Dunning
2023020553,Dan O'Rourke,Steve Kozari
2023020554,Chris Schlenker,Graham Skilliter
2023020555,Cody Beach,Pierre Lambert
2023020556,Francis Charron,Wes McCauley
2023020557,Brian Pochmara,Carter Sandlak
2023020558,Kelly Sutherland,Kendrick Nicholson
2023020559,Francois St-Laurent,Garrett Rank
2023020560,Brandon Blandina,Peter MacDougall
2023020561,Jean Hebert,Michael Markovic
2023020562,Beau Halkidis,Eric Furlatt
2023020563,Brandon Schrader,Jake Brenk
2023020564,Ghislain Hebert,Kyle Rehman
2023020565,Francis Charron,Wes McCauley
2023020566,Jean Hebert,Justin Kea
2023020567,Corey Syvret,Garrett Rank
2023020568,Kelly Sutherland,Kendrick Nicholson
2023020569,Morgan MacPhee,Trevor Hanson
2023020570,Chris Schlenker,Pierre Lambert
2023020571,Jake Brenk,Mitch Dunning
2023020572,Chris Rooney,Steve Kozari
2023020573,Dan O'Rourke,Graham Skilliter
2023020574,Kyle Rehman,Peter MacDougall
2023020575,Justin Kea,Kelly Sutherland
2023020576,Kendrick Nicholson,Mitch Dunning
2023020577,Garrett Rank,Ghislain Hebert
2023020578,Jean Hebert,Wes McCauley
2023020579,Chris Rooney,Frederick L'Ecuyer
2023020580,Chris Schlenker,Francis Charron
2023020581,Jake Brenk,Jordan Samuels-Thomas
2023020582,Jon McIsaac,Michael Markovic
2023020583,Cody Beach,Tom Chmielewski
2023020584,Chris Lee,Pierre Lambert
2023020585,Morgan MacPhee,Steve Kozari
2023020586,Furman South,Trevor Hanson
2023020587,Brandon Blandina,Kelly Sutherland
2023020588,Furman South,Jon McIsaac
2023020589,Brian Pochmara,Kevin Pollock
2023020590,Beau Halkidis,Graham Skilliter
2023020591,Corey Syvret,Kendrick Nicholson
2023020592,Brandon Blandina,Eric Furlatt
2023020593,Brandon Schrader,Wes McCauley
2023020594,Francis Charron,Michael Markovic
2023020595,Frederick L'Ecuyer,Jean Hebert
2023020596,Dan O'Rourke,Ghislain Hebert
2023020597,Kyle Rehman,Peter MacDougall
2023020598,Steve Kozari,Tom Chmielewski
2023020599,Furman South,Garrett Rank
2023020600,Carter Sandlak,Thomas John Luxmore
2023020601,Chris Lee,Francois St-Laurent
2023020602,Eric Furlatt,Kevin Pollock
2023020603,Brandon Blandina,Trevor Hanson
2023020604,Jon McIsaac,Thomas John Luxmore
2023020605,Francis Charron,Ghislain Hebert
2023020606,Carter Sandlak,Dan O'Rourke
2023020607,Brandon Schrader,Chris Rooney
2023020608,Corey Syvret,Trevor Hanson
2023020609,Frederick L'Ecuyer,Mitch Dunning
2023020610,Graham Skilliter,Pierre Lambert
2023020611,Cody Beach,Eric Furlatt
2023020612,Brian Pochmara,Furman South
2023020613,Chris Lee,Francois St-Laurent
2023020614,Michael Markovic,Peter MacDougall
2023020615,Chris Schlenker,Tom Chmielewski
2023020616,Garrett Rank,Thomas John Luxmore
2023020617,Jon McIsaac,Justin Kea
2023020618,Ghislain Hebert,Kevin Pollock
2023020619,Carter Sandlak,Dan O'Rourke
2023020620,Chris Lee,Francois St-Laurent
2023020621,Brandon Schrader,Kyle Rehman
2023020622,Graham Skilliter,Trevor Hanson
2023020623,Brian Pochmara,Peter MacDougall
2023020624,Dan O'Rourke,Thomas John Luxmore
2023020625,Kelly Sutherland,Michael Markovic
2023020626,Jean Hebert,Pierre Lambert
2023020627,Jordan Samuels-Thomas,Kevin Pollock
2023020628,Cody Beach,Kyle Rehman
2023020629,Carter Sandlak,Graham Skilliter
2023020630,Justin Kea,Steve Kozari
2023020631,Beau Halkidis,Wes McCauley
2023020632,Brian Pochmara,Furman South
2023020633,Francois St-Laurent,Kendrick Nicholson
2023020634,Chris Schlenker,Morgan MacPhee
2023020635,Brandon Schrader,Frederick L'Ecuyer
2023020636,Steve Kozari,Trevor Hanson
2023020637,Chris Rooney,Kendrick Nicholson
2023020638,Francis Charron,Kelly Sutherland
2023020639,Cody Beach,Garrett Rank
2023020640,Jean Hebert,Justin Kea
2023020641,Brian Pochmara,Pierre Lambert
2023020642,Eric Furlatt,Ghislain Hebert
2023020643,Chris Schlenker,Frederick L'Ecuyer
2023020644,Furman South,Tom Chmielewski
2023020645,Brandon Schrader,Jon McIsaac
2023020646,Corey Syvret,Jake Brenk
2023020647,Kyle Rehman,Trevor Hanson
2023020648,Mitch Dunning,Wes McCauley
2023020649,Chris Rooney,Francois St-Laurent
2023020650,Chris Lee,Kendrick Nicholson
2023020651,Dan O'Rourke,Michael Markovic
2023020652,Brandon Blandina,Steve Kozari
2023020653,Garrett Rank,Jake Brenk
2023020654,Jordan Samuels-Thomas,Peter MacDougall
2023020655,Jon McIsaac,Wes McCauley
2023020656,Furman South,Ghislain Hebert
2023020657,Francois St-Laurent,Kevin Pollock
2023020658,Chris Schlenker,Justin Kea
2023020659,Dan O'Rourke,Frederick L'Ecuyer
2023020660,Corey Syvret,Francis Charron
2023020661,Pierre Lambert,Thomas John Luxmore
2023020662,Kelly Sutherland,Kendrick Nicholson
2023020663,Eric Furlatt,Mitch Dunning
2023020664,Carter Sandlak,Jean Hebert
2023020665,Brandon Blandina,Chris Lee
2023020666,Tom Chmielewski,Trevor Hanson
2023020667,Kyle Rehman,Michael Markovic
2023020668,Chris Rooney,Graham Skilliter
2023020669,Brian Pochmara,Jake Brenk
2023020670,Francis Charron,Kelly Sutherland
2023020671,Corey Syvret,Kevin Pollock
2023020672,Kendrick Nicholson,Peter MacDougall
2023020673,Chris Rooney,Chris Schlenker
2023020674,Ghislain Hebert,Pierre Lambert
2023020675,Brian Pochmara,Garrett Rank
2023020676,Jean Hebert,Michael Markovic
2023020677,Brandon Blandina,Dan O'Rourke
2023020678,Jon McIsaac,Wes McCauley
2023020679,Carter Sandlak,Frederick L'Ecuyer
2023020680,Kyle Rehman,Tom Chmielewski
2023020681,Chris Schlenker,Wes McCauley
2023020682,Francis Charron,Kevin Pollock
2023020683,Corey Syvret,Kelly Sutherland
2023020684,Brandon Schrader,Frederick L'Ecuyer
2023020685,Graham Skilliter,Justin Kea
2023020686,Michael Markovic,Peter MacDougall
2023020687,Cody Beach,Thomas John Luxmore
2023020688,Chris Lee,Steve Kozari
2023020689,Jake Brenk,Jean Hebert
2023020690,Carter Sandlak,Kelly Sutherland
2023020691,Brandon Blandina,Garrett Rank
2023020692,Francois St-Laurent,Morgan MacPhee
2023020693,Furman South,Ghislain Hebert
2023020694,Carter Sandlak,Francis Charron
2023020695,Eric Furlatt,Jake Brenk
2023020696,Chris Schlenker,Kendrick Nicholson
2023020697,Graham Skilliter,Thomas John Luxmore
2023020698,Chris Lee,Steve Kozari
2023020699,Kyle Rehman,Peter MacDougall
2023020700,Justin Kea,Trevor Hanson
2023020701,Brandon Schrader,Tom Chmielewski
2023020702,Chris Schlenker,Kendrick Nicholson
2023020703,Cody Beach,Jon McIsaac
2023020704,Eric Furlatt,Jake Brenk
2023020705,Kelly Sutherland,Mitch Dunning
2023020706,Kevin Pollock,Morgan MacPhee
2023020707,Francois St-Laurent,Ghislain Hebert
2023020708,Brandon Schrader,Jean Hebert
2023020709,Furman South,Pierre Lambert
2023020710,Carter Sandlak,Chris Rooney
2023020711,Beau Halkidis,Jon McIsaac
2023020712,Graham Skilliter,Tom Chmielewski
2023020713,Mitch Dunning,Wes McCauley
2023020714,Brandon Blandina,Trevor Hanson
2023020715,Michael Markovic,Peter MacDougall
2023020716,Jordan Samuels-Thomas,Thomas John Luxmore
2023020717,Corey Syvret,Kyle Rehman
2023020718,Francois St-Laurent,Kendrick Nicholson
2023020719,Jon McIsaac,Kelly Sutherland
2023020720,Chris Rooney,Kevin Pollock
2023020721,Brian Pochmara,Frederick L'Ecuyer
2023020722,Michael Markovic,Peter MacDougall
2023020723,Kyle Rehman,Tom Chmielewski
2023020724,Furman South,Ghislain Hebert
2023020725,Brian Pochmara,Frederick L'Ecuyer
2023020726,Dan O'Rourke,Mitch Dunning
2023020727,Michael Markovic,Peter MacDougall
2023020728,Corey Syvret,Francis Charron
2023020729,Brandon Blandina,Jean Hebert
2023020730,Garrett Rank,Ghislain Hebert
2023020731,Francois St-Laurent,Jake Brenk
2023020732,Eric Furlatt,Kelly Sutherland
2023020733,Brian Pochmara,Furman South
2023020734,Chris Rooney,Morgan MacPhee
2023020735,Chris Schlenker,Corey Syvret
2023020736,Francis Charron,Pierre Lambert
2023020737,Chris Lee,Trevor Hanson
2023020738,Jean Hebert,Tom Chmielewski
2023020739,Carter Sandlak,Wes McCauley
2023020740,Brandon Schrader,Jon McIsaac
2023020741,Beau Halkidis,Eric Furlatt
2023020742,Kevin Pollock,Peter MacDougall
2023020743,Brandon Blandina,Trevor Hanson
2023020744,Francis Charron,Steve Kozari
2023020745,Chris Lee,Michael Markovic
2023020746,Carter Sandlak,Kendrick Nicholson
2023020747,Chris Rooney,Dan O'Rourke
2023020748,Francois St-Laurent,Jon McIsaac
2023020749,Brandon Schrader,Jake Brenk
2023020750,Thomas John Luxmore,Wes McCauley
2023020751,Jean Hebert,Jordan Samuels-Thomas
2023020752,Garrett Rank,Ghislain Hebert
2023020753,Corey Syvret,Steve Kozari
2023020754,Graham Skilliter,Pierre Lambert
2023020755,Eric Furlatt,Kelly Sutherland
2023020756,Chris Rooney,Morgan MacPhee
2023020757,Brandon Blandina,Chris Lee
2023020758,Kevin Pollock,Michael Markovic
2023020759,Jake Brenk,Jon McIsaac
2023020760,Dan O'Rourke,Thomas John Luxmore
2023020761,Chris Schlenker,Graham Skilliter
2023020762,Kyle Rehman,Trevor Hanson
2023020763,Carter Sandlak,Frederick L'Ecuyer
2023020764,Ghislain Hebert,Justin Kea
2023020765,Mitch Dunning,Peter MacDougall
2023020766,Chris Rooney,Furman South
2023020767,Kendrick Nicholson,Wes McCauley
2023020768,Cody Beach,Pierre Lambert
2023020769,Beau Halkidis,Eric Furlatt
2023020770,Chris Lee,Garrett Rank
2023020771,Brandon Schrader,Steve Kozari
2023020772,Corey Syvret,Michael Markovic
2023020773,Dan O'Rourke,Thomas John Luxmore
2023020774,Kevin Pollock,Kyle Rehman
2023020775,Ghislain Hebert,Pierre Lambert
2023020776,Graham Skilliter,Peter MacDougall
2023020777,Chris Schlenker,Tom Chmielewski
2023020778,Graham Skilliter,Mitch Dunning
2023020779,Furman South,Peter MacDougall
2023020780,Chris Schlenker,Tom Chmielewski
2023020781,Brian Pochmara,Chris Rooney
2023020782,Brandon Blandina,Garrett Rank
2023020783,Brian Pochmara,Wes McCauley
2023020784,Brandon Blandina,Eric Furlatt
2023020785,Ghislain Hebert,Michael Markovic
2023020786,Jon McIsaac,Thomas John Luxmore
2023020787,Steve Kozari,Trevor Hanson
2023020788,Francis Charron,Jake Brenk
2023020789,Chris Rooney,Jean Hebert
2023020790,Kelly Sutherland,Kyle Rehman
2023020791,Steve Kozari,Trevor Hanson
2023020792,Eric Furlatt,Mitch Dunning
2023020793,Francois St-Laurent,Frederick L'Ecuyer
2023020794,Ghislain Hebert,Kendrick Nicholson
2023020795,Francis Charron,Michael Markovic
2023020796,Brandon Schrader,Jean Hebert
2023020797,Trevor Hanson,Wes McCauley
2023020798,Jake Brenk,Steve Kozari
2023020799,Furman South,Jon McIsaac
2023020800,Corey Syvret,Kevin Pollock
2023020801,Francois St-Laurent,Tom Chmielewski
2023020802,Frederick L'Ecuyer,Morgan MacPhee
2023020803,Corey Syvret,Thomas John Luxmore
2023020804,Jake Brenk,Kelly Sutherland
2023020805,Brandon Blandina,Carter Sandlak
2023020806,Kyle Rehman,Pierre Lambert
2023020807,Kendrick Nicholson,Wes McCauley
2023020808,Steve Kozari,Trevor Hanson
2023020809,Brian Pochmara,Furman South
2023020810,Dan O'Rourke,Michael Markovic
2023020811,Mitch Dunning,Peter MacDougall
2023020812,Beau Halkidis,Eric Furlatt
2023020813,Brandon Schrader,Jean Hebert
2023020814,Chris Lee,Chris Schlenker
2023020815,Francis Charron,Frederick L'Ecuyer
2023020816,Kevin Pollock,Thomas John Luxmore
2023020817,Garrett Rank,Kyle Rehman
2023020818,Kendrick Nicholson,Tom Chmielewski
2023020819,Kelly Sutherland,Steve Kozari
2023020820,Tom Chmielewski,Trevor Hanson
2023020821,Peter MacDougall,Pierre Lambert
2023020822,Kevin Pollock,Thomas John Luxmore
2023020823,Kelly Sutherland,Tom Chmielewski
2023020824,Francois St-Laurent,Graham Skilliter
2023020825,Dan O'Rourke,Kendrick Nicholson
2023020826,Carter Sandlak,Kyle Rehman
2023020827,Ghislain Hebert,Michael Markovic
2023020828,Garrett Rank,Pierre Lambert
2023020829,Peter MacDougall,Trevor Hanson
2023020830,Chris Lee,Chris Rooney
2023020831,Corey Syvret,Wes McCauley
2023020832,Mitch Dunning,Steve Kozari
2023020833,Chris Schlenker,Eric Furlatt
2023020834,Frederick L'Ecuyer,Graham Skilliter
2023020835,Brian Pochmara,Jon McIsaac
2023020836,Brandon Blandina,Kevin Pollock
2023020837,Francois St-Laurent,Mitch Dunning
2023020838,Frederick L'Ecuyer,Graham Skilliter
2023020839,Garrett Rank,Peter MacDougall
2023020840,Jake Brenk,Tom Chmielewski
2023020841,Carter Sandlak,Dan O'Rourke
2023020842,Jean Hebert,Thomas John Luxmore
2023020843,Kendrick Nicholson,Kyle Rehman
2023020844,Chris Rooney,Jordan Samuels-Thomas
2023020845,Ghislain Hebert,Pierre Lambert
2023020846,Brian Pochmara,Jon McIsaac
2023020847,Chris Lee,Corey Syvret
2023020848,Brandon Schrader,Eric Furlatt
2023020849,Brandon Blandina,Chris Schlenker
2023020850,Garrett Rank,Wes McCauley
2023020851,Furman South,Michael Markovic
2023020852,Beau Halkidis,Jon McIsaac
2023020853,Dan O'Rourke,Mitch Dunning
2023020854,Frederick L'Ecuyer,Ghislain Hebert
2023020855,Chris Lee,Pierre Lambert
2023020856,Chris Rooney,Corey Syvret
2023020857,Carter Sandlak,Francis Charron
2023020858,Graham Skilliter,Peter MacDougall
2023020859,Jake Brenk,Kelly Sutherland
2023020860,Brian Pochmara,Eric Furlatt
2023020861,Brandon Schrader,Steve Kozari
2023020862,Chris Schlenker,Trevor Hanson
2023020863,Jake Brenk,Kelly Sutherland
2023020864,Tom Chmielewski,Wes McCauley
2023020865,Jean Hebert,Michael Markovic
2023020866,Brandon Blandina,Kevin Pollock
2023020867,Carter Sandlak,Francis Charron
2023020868,Frederick L'Ecuyer,Thomas John Luxmore
2023020869,Jon McIsaac,Pierre Lambert
2023020870,Brian Pochmara,Steve Kozari
2023020871,Furman South,Kyle Rehman
2023020872,Eric Furlatt,Graham Skilliter
2023020873,Brandon Schrader,Trevor Hanson
2023020874,Chris Rooney,Francois St-Laurent
2023020875,Chris Lee,Corey Syvret
2023020876,Chris Lee,Corey Syvret
2023020877,Francis Charron,Michael Markovic
2023020878,Carter Sandlak,Jean Hebert
2023020879,Chris Rooney,Francois St-Laurent
2023020880,Graham Skilliter,Pierre Lambert
2023020881,Brandon Schrader,Kyle Rehman
2023020882,Kendrick Nicholson,Steve Kozari
2023020883,Furman South,Wes McCauley
2023020884,Ghislain Hebert,Kelly Sutherland
2023020885,Jean Hebert,Thomas John Luxmore
2023020886,Kendrick Nicholson,Wes McCauley
2023020887,Brandon Schrader,Jake Brenk
2023020888,Eric Furlatt,Tom Chmielewski
2023020889,Jon McIsaac,Mitch Dunning
2023020890,Chris Schlenker,Francis Charron
2023020891,Francois St-Laurent,Michael Markovic
2023020892,Justin Kea,Kelly Sutherland
2023020893,Carter Sandlak,Thomas John Luxmore
2023020894,Brian Pochmara,Peter MacDougall
2023020895,Brandon Blandina,Garrett Rank
2023020896,Dan O'Rourke,Tom Chmielewski
2023020897,Beau Halkidis,Kendrick Nicholson
2023020898,Furman South,Wes McCauley
2023020899,Jake Brenk,Trevor Hanson
2023020900,Chris Schlenker,Francis Charron
2023020901,Carter Sandlak,Garrett Rank
2023020902,Dan O'Rourke,Ghislain Hebert
2023020903,Morgan MacPhee,Thomas John Luxmore
2023020904,Jon McIsaac,Justin Kea
2023020905,Chris Rooney,Francois St-Laurent
2023020906,Brian Pochmara,Jean Hebert
2023020907,Mitch Dunning,Peter MacDougall
2023020908,Corey Syvret,Steve Kozari
2023020909,Chris Lee,Kelly Sutherland
2023020910,Eric Furlatt,Pierre Lambert
2023020911,Frederick L'Ecuyer,Graham Skilliter
2023020912,Dan O'Rourke,Kendrick Nicholson
2023020913,Brandon Blandina,Jake Brenk
2023020914,Furman South,Tom Chmielewski
2023020915,Beau Halkidis,Wes McCauley
2023020916,Francis Charron,Jon McIsaac
2023020917,Garrett Rank,Kelly Sutherland
2023020918,Jordan Samuels-Thomas,Kyle Rehman
2023020919,Chris Lee,Chris Schlenker
2023020920,Chris Rooney,Thomas John Luxmore
2023020921,Cody Beach,Ghislain Hebert
2023020922,Steve Kozari,Trevor Hanson
2023020923,Jon McIsaac,Mitch Dunning
2023020924,Brandon Schrader,Brian Pochmara
2023020925,Graham Skilliter,Kendrick Nicholson
2023020926,Brandon Blandina,Frederick L'Ecuyer
2023020927,Jordan Samuels-Thomas,Kyle Rehman
2023020928,Michael Markovic,Thomas John Luxmore
2023020929,Eric Furlatt,Pierre Lambert
2023020930,Francis Charron,Mitch Dunning
2023020931,Garrett Rank,Peter MacDougall
2023020932,Chris Lee,Corey Syvret
2023020933,Brandon Schrader,Chris Rooney
2023020934,Ghislain Hebert,Jean Hebert
2023020935,Carter Sandlak,Trevor Hanson
2023020936,Chris Schlenker,Tom Chmielewski
2023020937,Cody Beach,Kendrick Nicholson
2023020938,Brandon Blandina,Frederick L'Ecuyer
2023020939,Francis Charron,Furman South
2023020940,Carter Sandlak,Trevor Hanson
2023020941,Chris Rooney,Jake Brenk
2023020942,Brandon Blandina,Pierre Lambert
2023020943,Corey Syvret,Kyle Rehman
2023020944,Michael Markovic,Tom Chmielewski
2023020945,Francois St-Laurent,Thomas John Luxmore
2023020946,Kendrick Nicholson,Morgan MacPhee
2023020947,Brandon Schrader,Dan O'Rourke
2023020948,Furman South,Kelly Sutherland
2023020949,Chris Lee,Eric Furlatt
2023020950,Chris Schlenker,Graham Skilliter
2023020951,Carter Sandlak,Jean Hebert
2023020952,Frederick L'Ecuyer,Steve Kozari
2023020953,Ghislain Hebert,Mitch Dunning
2023020954,Jon McIsaac,Pierre Lambert
2023020955,Frederick L'Ecuyer,Graham Skilliter
2023020956,Jake Brenk,Tom Chmielewski
2023020957,Francois St-Laurent,Pierre Lambert
2023020958,Carter Sandlak,Jean Hebert
2023020959,Brandon Schrader,Jon McIsaac
2023020960,Brandon Blandina,Chris Lee
2023020961,Garrett Rank,Kendrick Nicholson
2023020962,Brian Pochmara,Peter MacDougall
2023020963,Dan O'Rourke,Michael Markovic
2023020964,Ghislain Hebert,Mitch Dunning
2023020965,Corey Syvret,Kelly Sutherland
2023020966,Furman South,Wes McCauley
2023020967,Eric Furlatt,Kyle Rehman
2023020968,Francis Charron,Steve Kozari
2023020969,Jake Brenk,Tom Chmielewski
2023020970,Graham Skilliter,Trevor Hanson
2023020971,Chris Lee,Mitch Dunning
2023020972,Garrett Rank,Kelly Sutherland
2023020973,Chris Rooney,Jean Hebert
2023020974,Francis Charron,Steve Kozari
2023020975,Francois St-Laurent,Furman South
2023020976,Peter MacDougall,Wes McCauley
2023020977,Brian Pochmara,Pierre Lambert
2023020978,Eric Furlatt,Jon McIsaac
2023020979,Carter Sandlak,Graham Skilliter
2023020980,Chris Schlenker,Steve Kozari
2023020981,Brandon Blandina,Kelly Sutherland
2023020982,Pierre Lambert,Tom Chmielewski
2023020983,Ghislain Hebert,Mitch Dunning
2023020984,Peter MacDougall,Wes McCauley
2023020985,Brian Pochmara,Trevor Hanson
2023020986,Francis Charron,Garrett Rank
2023020987,Brandon Schrader,Graham Skilliter
2023020988,Chris Rooney,Dan O'Rourke
2023020989,Jean Hebert,Thomas John Luxmore
2023020990,Jon McIsaac,Michael Markovic
2023020991,Dan O'Rourke,Steve Kozari
2023020992,Chris Rooney,Chris Schlenker
2023020993,Francis Charron,Jake Brenk
2023020994,Francois St-Laurent,Frederick L'Ecuyer
2023020995,Mitch Dunning,Tom Chmielewski
2023020996,Brandon Schrader,Ghislain Hebert
2023020997,Brandon Blandina,Kendrick Nicholson
2023020998,Peter MacDougall,Trevor Hanson
2023020999,Jordan Samuels-Thomas,Wes McCauley
2023021000,Brian Pochmara,Justin Kea
2023021001,Chris Rooney,Corey Syvret
2023021002,Chris Lee,Steve Kozari
2023021003,Chris Schlenker,Kyle Rehman
2023021004,Morgan MacPhee,Thomas John Luxmore
2023021005,Chris Lee,Corey Syvret
2023021006,Dan O'Rourke,Eric Furlatt
2023021007,Cody Beach,Kyle Rehman
2023021008,Furman South,Thomas John Luxmore
2023021009,Gord Dwyer,Peter MacDougall
2023021010,Frederick L'Ecuyer,Trevor Hanson
2023021011,Beau Halkidis,Jake Brenk
2023021012,Jon McIsaac,Pierre Lambert
2023021013,Ghislain Hebert,Jean Hebert
2023021014,Garrett Rank,Kelly Sutherland
2023021015,Graham Skilliter,Michael Markovic
2023021016,Brandon Schrader,Wes McCauley
2023021017,Brandon Blandina,Francois St-Laurent
2023021018,Carter Sandlak,Kendrick Nicholson
2023021019,Furman South,Thomas John Luxmore
2023021020,Dan O'Rourke,Eric Furlatt
2023021021,Chris Schlenker,Steve Kozari
2023021022,Frederick L'Ecuyer,Trevor Hanson
2023021023,Chris Lee,Mitch Dunning
2023021024,Ghislain Hebert,Jean Hebert
2023021025,Gord Dwyer,Justin Kea
2023021026,Kyle Rehman,Michael Markovic
2023021027,Francois St-Laurent,Peter MacDougall
2023021028,Carter Sandlak,Garrett Rank
2023021029,Kelly Sutherland,Mitch Dunning
2023021030,Furman South,Steve Kozari
2023021031,Carter Sandlak,Chris Rooney
2023021032,Garrett Rank,Ghislain Hebert
2023021033,Beau Halkidis,Jean Hebert
2023021034,Chris Lee,Kendrick Nicholson
2023021035,Francois St-Laurent,Peter MacDougall
2023021036,Corey Syvret,Francis Charron
2023021037,Jon McIsaac,Tom Chmielewski
2023021038,Gord Dwyer,Justin Kea
2023021039,Graham Skilliter,Pierre Lambert
2023021040,Kyle Rehman,Michael Markovic
2023021041,Francis Charron,Tom Chmielewski
2023021042,Chris Schlenker,Kelly Sutherland
2023021043,Graham Skilliter,Pierre Lambert
2023021044,Kyle Rehman,Mitch Dunning
2023021045,Dan O'Rourke,Justin Kea
2023021046,Garrett Rank,Thomas John Luxmore
2023021047,Corey Syvret,Furman South
2023021048,Kendrick Nicholson,Peter MacDougall
2023021049,Chris Lee,Jean Hebert
2023021050,Carter Sandlak,Chris Rooney
2023021051,Brandon Blandina,Gord Dwyer
2023021052,Eric Furlatt,Frederick L'Ecuyer
2023021053,Jon McIsaac,Tom Chmielewski
2023021054,Brandon Schrader,Jake Brenk
2023021055,Mitch Dunning,Wes McCauley
2023021056,Kyle Rehman,Michael Markovic
2023021057,Chris Schlenker,Pierre Lambert
2023021058,Francis Charron,Peter MacDougall
2023021059,Furman South,Jean Hebert
2023021060,Brandon Blandina,Kelly Sutherland
2023021061,Chris Rooney,Thomas John Luxmore
2023021062,Kyle Rehman,Trevor Hanson
2023021063,Eric Furlatt,Frederick L'Ecuyer
2023021064,Chris Lee,Garrett Rank
2023021065,Corey Syvret,Morgan MacPhee
2023021066,Mitch Dunning,Pierre Lambert
2023021067,Dan O'Rourke,Steve Kozari
2023021068,Jon McIsaac,Tom Chmielewski
2023021069,Brandon Schrader,Gord Dwyer
2023021070,Jake Brenk,Wes McCauley
2023021071,Francois St-Laurent,Kendrick Nicholson
2023021072,Graham Skilliter,Michael Markovic
2023021073,Brandon Blandina,Kelly Sutherland
2023021074,Ghislain Hebert,Trevor Hanson
2023021075,Chris Rooney,Morgan MacPhee
2023021076,Brandon Schrader,Furman South
2023021077,Dan O'Rourke,Steve Kozari
2023021078,Peter MacDougall,Thomas John Luxmore
2023021079,Jean Hebert,Jon McIsaac
2023021080,Jake Brenk,Kendrick Nicholson
2023021081,Carter Sandlak,Francois St-Laurent
2023021082,Cody Beach,Frederick L'Ecuyer
2023021083,Garrett Rank,Michael Markovic
2023021084,Dan O'Rourke,Kelly Sutherland
2023021085,Brandon Schrader,Steve Kozari
2023021086,Brandon Blandina,Francis Charron
2023021087,Graham Skilliter,Jon McIsaac
2023021088,Furman South,Wes McCauley
2023021089,Chris Lee,Chris Rooney
2023021090,Jake Brenk,Kendrick Nicholson
2023021091,Carter Sandlak,Francois St-Laurent
2023021092,Ghislain Hebert,Gord Dwyer
2023021093,Corey Syvret,Trevor Hanson
2023021094,Chris Schlenker,Kyle Rehman
2023021095,Brandon Schrader,Dan O'Rourke
2023021096,Chris Lee,Furman South
2023021097,Francois St-Laurent,Ghislain Hebert
2023021098,Graham Skilliter,Steve Kozari
2023021099,Mitch Dunning,Thomas John Luxmore
2023021100,Eric Furlatt,Frederick L'Ecuyer
2023021101,Jean Hebert,Pierre Lambert
2023021102,Chris Rooney,Francis Charron
2023021103,Kelly Sutherland,Michael Markovic
2023021104,Corey Syvret,Tom Chmielewski
2023021105,Jordan Samuels-Thomas,Trevor Hanson
2023021106,Jake Brenk,Kendrick Nicholson
2023021107,Gord Dwyer,Peter MacDougall
2023021108,Chris Schlenker,Ghislain Hebert
2023021109,Brandon Schrader,Jon McIsaac
2023021110,Carter Sandlak,Kyle Rehman
2023021111,Francois St-Laurent,Furman South
2023021112,Gord Dwyer,Wes McCauley
2023021113,Frederick L'Ecuyer,Mitch Dunning
2023021114,Eric Furlatt,Michael Markovic
2023021115,Chris Lee,Ghislain Hebert
2023021116,Dan O'Rourke,Thomas John Luxmore
2023021117,Pierre Lambert,Steve Kozari
2023021118,Jean Hebert,Kelly Sutherland
2023021119,Graham Skilliter,Jon McIsaac
2023021120,Corey Syvret,Tom Chmielewski
2023021121,Garrett Rank,Gord Dwyer
2023021122,Chris Schlenker,Jordan Samuels-Thomas
2023021123,Francis Charron,Trevor Hanson
2023021124,Eric Furlatt,Morgan MacPhee
2023021125,Francois St-Laurent,Kyle Rehman
2023021126,Chris Rooney,Michael Markovic
2023021127,Carter Sandlak,Frederick L'Ecuyer
2023021128,Jean Hebert,Kendrick Nicholson
2023021129,Mitch Dunning,Steve Kozari
2023021130,Chris Schlenker,Wes McCauley
2023021131,Francis Charron,Trevor Hanson
2023021132,Brandon Blandina,Tom Chmielewski
2023021133,Corey Syvret,Garrett Rank
2023021134,Jake Brenk,Pierre Lambert
2023021135,Chris Lee,Tom Chmielewski
2023021136,Kendrick Nicholson,Thomas John Luxmore
2023021137,Eric Furlatt,Michael Markovic
2023021138,Furman South,Peter MacDougall
2023021139,Brandon Schrader,Jean Hebert
2023021140,Frederick L'Ecuyer,Mitch Dunning
2023021141,Carter Sandlak,Wes McCauley
2023021142,Brandon Blandina,Jon McIsaac
2023021143,Francois St-Laurent,Morgan MacPhee
2023021144,Cody Beach,Francis Charron
2023021145,Chris Schlenker,Garrett Rank
2023021146,Dan O'Rourke,Graham Skilliter
2023021147,Chris Lee,Corey Syvret
2023021148,Brandon Schrader,Pierre Lambert
2023021149,Kendrick Nicholson,Thomas John Luxmore
2023021150,Eric Furlatt,Mitch Dunning
2023021151,Chris Rooney,Kendrick Nicholson
2023021152,Beau Halkidis,Gord Dwyer
2023021153,Jean Hebert,Justin Kea
2023021154,Michael Markovic,Peter MacDougall
2023021155,Pierre Lambert,Wes McCauley
2023021156,Furman South,Garrett Rank
2023021157,Carter Sandlak,Ghislain Hebert
2023021158,Brandon Blandina,Jon McIsaac
2023021159,Corey Syvret,Tom Chmielewski
2023021160,Kelly Sutherland,Kyle Rehman
2023021161,Cody Beach,Francis Charron
2023021162,Chris Lee,Trevor Hanson
2023021163,Dan O'Rourke,Graham Skilliter
2023021164,Brandon Schrader,Wes McCauley
2023021165,Chris Rooney,Tom Chmielewski
2023021166,Brandon Blandina,Garrett Rank
2023021167,Jon McIsaac,Kyle Rehman
2023021168,Cody Beach,Francis Charron
2023021169,Chris Lee,Furman South
2023021170,Gord Dwyer,Thomas John Luxmore
2023021171,Brandon Schrader,Wes McCauley
2023021172,Eric Furlatt,Pierre Lambert
2023021173,Chris Schlenker,Francois St-Laurent
2023021174,Jean Hebert,Kendrick Nicholson
2023021175,Beau Halkidis,Trevor Hanson
2023021176,Frederick L'Ecuyer,Michael Markovic
2023021177,Ghislain Hebert,Mitch Dunning
2023021178,Dan O'Rourke,Graham Skilliter
2023021179,Corey Syvret,Kelly Sutherland
2023021180,Carter Sandlak,Jon McIsaac
2023021181,Brandon Schrader,Chris Schlenker
2023021182,Chris Rooney,Wes McCauley
2023021183,Gord Dwyer,Thomas John Luxmore
2023021184,Steve Kozari,Tom Chmielewski
2023021185,Ghislain Hebert,Graham Skilliter
2023021186,Francois St-Laurent,Furman South
2023021187,Dan O'Rourke,Trevor Hanson
2023021188,Carter Sandlak,Kelly Sutherland
2023021189,Garrett Rank,Graham Skilliter
2023021190,Eric Furlatt,Frederick L'Ecuyer
2023021191,Chris Schlenker,Francis Charron
2023021192,Thomas John Luxmore,Wes McCauley
2023021193,Dan O'Rourke,Furman South
2023021194,Francois St-Laurent,Tom Chmielewski
2023021195,Chris Lee,Justin Kea
2023021196,Jon McIsaac,Kelly Sutherland
2023021197,Peter MacDougall,Trevor Hanson
2023021198,Gord Dwyer,Jean Hebert
2023021199,Francois St-Laurent,Steve Kozari
2023021200,Carter Sandlak,Jordan Samuels-Thomas
2023021201,Jon McIsaac,Pierre Lambert
2023021202,Chris Rooney,Corey Syvret
2023021203,Francis Charron,Tom Chmielewski
2023021204,Ghislain Hebert,Peter MacDougall
2023021205,Chris Lee,Cody Beach
2023021206,Jean Hebert,Kelly Sutherland
2023021207,Chris Schlenker,Kendrick Nicholson
2023021208,Steve Kozari,Thomas John Luxmore
2023021209,Frederick L'Ecuyer,Garrett Rank
2023021210,Brandon Schrader,Kyle Rehman
2023021211,Furman South,Trevor Hanson
2023021212,Chris Rooney,Corey Syvret
2023021213,Brandon Blandina,Kendrick Nicholson
2023021214,Graham Skilliter,Michael Markovic
2023021215,Jordan Samuels-Thomas,Pierre Lambert
2023021216,Eric Furlatt,Mitch Dunning
2023021217,Steve Kozari,Tom Chmielewski
2023021218,Dan O'Rourke,Kelly Sutherland
2023021219,Chris Schlenker,Wes McCauley
2023021220,Garrett Rank,Morgan MacPhee
2023021221,Brandon Schrader,Kyle Rehman
2023021222,Kendrick Nicholson,Trevor Hanson
2023021223,Cody Beach,Peter MacDougall
2023021224,Brandon Blandina,Chris Lee
2023021225,Francis Charron,Jean Hebert
2023021226,Frederick L'Ecuyer,Michael Markovic
2023021227,Eric Furlatt,Mitch Dunning
2023021228,Ghislain Hebert,Wes McCauley
2023021229,Carter Sandlak,Garrett Rank
2023021230,Beau Halkidis,Francois St-Laurent
2023021231,Graedy Hamilton,Pierre Lambert
2023021232,Chris Rooney,Jon McIsaac
2023021233,Corey Syvret,Kelly Sutherland
2023021234,Dan O'Rourke,Furman South
2023021235,Kyle Rehman,Mitch Dunning
2023021236,Eric Furlatt,Tom Chmielewski
2023021237,Chris Lee,Garrett Rank
2023021238,Frederick L'Ecuyer,Michael Markovic
2023021239,Brandon Blandina,Ghislain Hebert
2023021240,Dan O'Rourke,Wes McCauley
2023021241,Brandon Schrader,Jon McIsaac
2023021242,Chris Lee,Francois St-Laurent
2023021243,Chris Rooney,Furman South
2023021244,Kelly Sutherland,Peter MacDougall
2023021245,Carter Sandlak,Jean Hebert
2023021246,Gord Dwyer,Justin Kea
2023021247,Corey Syvret,Graham Skilliter
2023021248,Kyle Rehman,Thomas John Luxmore
2023021249,Eric Furlatt,Mitch Dunning
2023021250,Frederick L'Ecuyer,Morgan MacPhee
2023021251,Jordan Samuels-Thomas,Pierre Lambert
2023021252,Corey Syvret,Dan O'Rourke
2023021253,Frederick L'Ecuyer,Tom Chmielewski
2023021254,Chris Schlenker,Pierre Lambert
2023021255,Francis Charron,Kyle Rehman
2023021256,Brandon Schrader,Peter MacDougall
2023021257,Chris Rooney,Ghislain Hebert
2023021258,Eric Furlatt,Graham Skilliter
2023021259,Carter Sandlak,Jon McIsaac
2023021260,Francois St-Laurent,Michael Markovic
2023021261,Brandon Blandina,Wes McCauley
2023021262,Furman South,Thomas John Luxmore
2023021263,Chris Schlenker,Stephen Hiff
2023021264,Kendrick Nicholson,Trevor Hanson
2023021265,Kelly Sutherland,Thomas John Luxmore
2023021266,Graham Skilliter,Justin Kea
2023021267,Garrett Rank,Jordan Samuels-Thomas
2023021268,Cody Beach,Morgan MacPhee
2023021269,Kendrick Nicholson,Trevor Hanson
2023021270,Eric Furlatt,Jean Hebert
2023021271,Brandon Schrader,Dan O'Rourke
2023021272,Chris Lee,Gord Dwyer
2023021273,Furman South,Peter MacDougall
2023021274,Kyle Rehman,Wes McCauley
2023021275,Frederick L'Ecuyer,Michael Markovic
2023021276,Ghislain Hebert,Riley Brace
2023021277,Francois St-Laurent,Pierre Lambert
2023021278,Brandon Blandina,Carter Sandlak
2023021279,Chris Rooney,Mitch Dunning
2023021280,Corey Syvret,Garrett Rank
2023021281,Chris Schlenker,Trevor Hanson
2023021282,Beau Halkidis,Cody Beach
2023021283,Dan O'Rourke,Kelly Sutherland
2023021284,Chris Lee,Graham Skilliter
2023021285,Frederick L'Ecuyer,Mitch Dunning
2023021286,Kendrick Nicholson,Mike Sullivan
2023021287,Francois St-Laurent,Garrett Rank
2023021288,Chris Rooney,Eric Furlatt
2023021289,Frederick L'Ecuyer,Gord Dwyer
2023021290,Jake Brenk,Morgan MacPhee
2023021291,Francis Charron,Jean Hebert
2023021292,Brandon Blandina,Michael Markovic
2023021293,Chris Schlenker,Corey Syvret
2023021294,Chris Lee,Graham Skilliter
2023021295,Brandon Blandina,Francois St-Laurent
2023021296,Furman South,Jake Brenk
2023021297,Dan O'Rourke,Kyle Rehman
2023021298,Chris Rooney,Jon McIsaac
2023021299,Eric Furlatt,Kelly Sutherland
2023021300,Mitch Dunning,Pierre Lambert
2023021301,Carter Sandlak,Graham Skilliter
2023021302,Chris Schlenker,Ghislain Hebert
2023021303,Kelly Sutherland,Wes McCauley
2023021304,Jean Hebert,Kyle Rehman
2023021305,Frederick L'Ecuyer,Tom Chmielewski
2023021306,Brandon Schrader,Carter Sandlak
2023021307,Jordan Samuels-Thomas,Michael Markovic
2023021308,Ghislain Hebert,Peter MacDougall
2023021309,Beau Halkidis,Mitch Dunning
2023021310,Frederick L'Ecuyer,Graedy Hamilton
2023021311,Brandon Schrader,Carter Sandlak
2023021312,Chris Schlenker,Trevor Hanson
2024020001,Chris Lee,Ghislain Hebert
2024020002,Chris Lee,Ghislain Hebert
2024020003,Steve Kozari,Trevor Hanson
2024020004,Kelly Sutherland,Thomas John Luxmore
2024020005,Graham Skilliter,Jean Hebert
2024020006,Dan O'Rourke,Jon McIsaac
2024020007,Francois St-Laurent,Jake Brenk
2024020008,Kyle Rehman,Mitch Dunning
2024020009,Steve Kozari,Trevor Hanson
2024020010,Graham Skilliter,Jean Hebert
2024020011,Michael Markovic,Wes McCauley
2024020012,Garrett Rank,Jake Brenk
2024020013,Dan O'Rourke,Jon McIsaac
2024020014,Chris Rooney,Pierre Lambert
2024020015,Francis Charron,Gord Dwyer
2024020016,Brian Pochmara,Carter Sandlak
2024020017,Brandon Schrader,Kelly Sutherland
2024020018,Francois St-Laurent,Furman South
2024020019,Brandon Blandina,Peter MacDougall
2024020020,Carter Sandlak,Tom Chmielewski
2024020021,Kendrick Nicholson,Mitch Dunning
2024020022,Graham Skilliter,Kyle Rehman
2024020023,Jean Hebert,Peter MacDougall
2024020024,Beau Halkidis,Jon McIsaac
2024020025,Justin Kea,Pierre Lambert
2024020026,Dan O'Rourke,Ghislain Hebert
2024020027,Gord Dwyer,Jake Brenk
2024020028,Chris Rooney,Morgan MacPhee
2024020029,Kelly Sutherland,Thomas John Luxmore
2024020030,Francis Charron,Wes McCauley
2024020031,Brian Pochmara,Michael Markovic
2024020032,Francois St-Laurent,Furman South
2024020033,Brandon Schrader,Thomas John Luxmore
2024020034,Chris Lee,Frederick L'Ecuyer
2024020035,Cody Beach,Kendrick Nicholson
2024020036,Eric Furlatt,Mitch Dunning
2024020037,Brandon Blandina,Jean Hebert
2024020038,Corey Syvret,Garrett Rank
2024020039,Chris Rooney,Peter MacDougall
2024020040,Eric Furlatt,Kendrick Nicholson
2024020041,Brandon Blandina,Chris Lee
2024020042,Dan O'Rourke,Tom Chmielewski
2024020043,Jake Brenk,Pierre Lambert
2024020044,Justin Kea,Wes McCauley
2024020045,Kelly Sutherland,Michael Markovic
2024020046,Ghislain Hebert,Gord Dwyer
2024020047,Frederick L'Ecuyer,Thomas John Luxmore
2024020048,Brian Pochmara,Chris Rooney
2024020049,Jon McIsaac,Tom Chmielewski
2024020050,Justin Kea,Steve Kozari
2024020051,Cody Beach,Trevor Hanson
2024020052,Carter Sandlak,Frederick L'Ecuyer
2024020053,Brandon Blandina,Francis Charron
2024020054,Chris Lee,Thomas John Luxmore
2024020055,Eric Furlatt,Graham Skilliter
2024020056,Corey Syvret,Garrett Rank
2024020057,Cody Beach,Trevor Hanson
2024020058,Gord Dwyer,Mitch Dunning
2024020059,Furman South,Ghislain Hebert
2024020060,Brandon Schrader,Kyle Rehman
2024020061,Eric Furlatt,Francois St-Laurent
2024020062,Graham Skilliter,Stephen Hiff
2024020063,Cody Beach,Trevor Hanson
2024020064,Francis Charron,Wes McCauley
2024020065,Brian Pochmara,Jean Hebert
2024020066,Justin Kea,Kelly Sutherland
2024020067,Carter Sandlak,Tom Chmielewski
2024020068,Dan O'Rourke,Furman South
2024020069,Steve Kozari,Thomas John Luxmore
2024020070,Frederick L'Ecuyer,Mike Sullivan
2024020071,Corey Syvret,Kyle Rehman
2024020072,Carter Sandlak,Kendrick Nicholson
2024020073,Peter MacDougall,Pierre Lambert
2024020074,Brandon Schrader,Ghislain Hebert
2024020075,Francois St-Laurent,Graham Skilliter
2024020076,Frederick L'Ecuyer,Furman South
2024020077,Gord Dwyer,Wes McCauley
2024020078,Brian Pochmara,Francis Charron
2024020079,Cody Beach,Garrett Rank
2024020080,Carter Sandlak,Chris Rooney
2024020081,Jake Brenk,Morgan MacPhee
2024020082,Justin Kea,Kelly Sutherland
2024020083,Brandon Blandina,Kendrick Nicholson
2024020084,Chris Lee,Mitch Dunning
2024020085,Jordan Samuels-Thomas,Steve Kozari
2024020086,Corey Syvret,Ghislain Hebert
2024020087,Kyle Rehman,Michael Markovic
2024020088,Peter MacDougall,Pierre Lambert
2024020089,Michael Markovic,Trevor Hanson
2024020090,Ghislain Hebert,Jon McIsaac
2024020091,Brandon Blandina,Kendrick Nicholson
2024020092,Francis Charron,Frederick L'Ecuyer
2024020093,Eric Furlatt,Jake Brenk
2024020094,Kelly Sutherland,Morgan MacPhee
2024020095,Gord Dwyer,Riley Brace
2024020096,Brandon Blandina,Kendrick Nicholson
2024020097,Furman South,Thomas John Luxmore
2024020098,Garrett Rank,Jean Hebert
2024020099,Beau Halkidis,Brian Pochmara
2024020100,Carter Sandlak,Ghislain Hebert
2024020101,Justin Kea,Wes McCauley
2024020102,Brandon Schrader,Peter MacDougall
2024020103,Cody Beach,Pierre Lambert
2024020104,Tom Chmielewski,Trevor Hanson
2024020105,Corey Syvret,Dan O'Rourke
2024020106,Graham Skilliter,Jon McIsaac
2024020107,Michael Markovic,Steve Kozari
2024020108,Garrett Rank,Jean Hebert
2024020109,Justin Kea,Kyle Rehman
2024020110,Brandon Blandina,Kendrick Nicholson
2024020111,Brian Pochmara,Gord Dwyer
2024020112,Eric Furlatt,Jake Brenk
2024020113,Chris Rooney,Thomas John Luxmore
2024020114,Brandon Schrader,Graham Skilliter
2024020115,Dan O'Rourke,Michael Markovic
2024020116,Jon McIsaac,Tom Chmielewski
2024020117,Corey Syvret,Trevor Hanson
2024020118,Kelly Sutherland,Mitch Dunning
2024020119,Francis Charron,Garrett Rank
2024020120,Furman South,Jean Hebert
2024020121,Brandon Schrader,Wes McCauley
2024020122,Brandon Blandina,Thomas John Luxmore
2024020123,Chris Rooney,Ghislain Hebert
2024020124,Kelly Sutherland,Mitch Dunning
2024020125,Frederick L'Ecuyer,Kyle Rehman
2024020126,Garrett Rank,Pierre Lambert
2024020127,Jake Brenk,Peter MacDougall
2024020128,Francis Charron,Justin Kea
2024020129,Cody Beach,Trevor Hanson
2024020130,Carter Sandlak,Jon McIsaac
2024020131,Eric Furlatt,Jordan Samuels-Thomas
2024020132,Chris Lee,Stephen Hiff
2024020133,Graham Skilliter,Wes McCauley
2024020134,Graedy Hamilton,Tom Chmielewski
2024020135,Corey Syvret,Dan O'Rourke
2024020136,Furman South,Kendrick Nicholson
2024020137,Jon McIsaac,Thomas John Luxmore
2024020138,Carter Sandlak,Ghislain Hebert
2024020139,Chris Lee,Graedy Hamilton
2024020140,Kyle Rehman,Michael Markovic
2024020141,Jean Hebert,Peter MacDougall
2024020142,Frederick L'Ecuyer,Justin Kea
2024020143,Cody Beach,Trevor Hanson
2024020144,Chris Lee,Kelly Sutherland
2024020145,Mitch Dunning,Tom Chmielewski
2024020146,Corey Syvret,Wes McCauley
2024020147,Brian Pochmara,Dan O'Rourke
2024020148,Jake Brenk,Pierre Lambert
2024020149,Carter Sandlak,Kendrick Nicholson
2024020150,Eric Furlatt,Ghislain Hebert
2024020151,Chris Rooney,Peter MacDougall
2024020152,Frederick L'Ecuyer,Stephen Hiff
2024020153,Furman South,Kyle Rehman
2024020154,Dan O'Rourke,Gord Dwyer
2024020155,Furman South,Kelly Sutherland
2024020156,Kyle Rehman,Michael Markovic
2024020157,Brandon Schrader,Brian Pochmara
2024020158,Gord Dwyer,Morgan MacPhee
2024020159,Cody Beach,Trevor Hanson
2024020160,Chris Lee,Wes McCauley
2024020161,Eric Furlatt,Michael Markovic
2024020162,Francis Charron,Justin Kea
2024020163,Beau Halkidis,Kelly Sutherland
2024020164,Jake Brenk,Mike Sullivan
2024020165,Frederick L'Ecuyer,Graedy Hamilton
2024020166,Chris Rooney,Dan O'Rourke
2024020167,Brandon Schrader,Brian Pochmara
2024020168,Garrett Rank,Graham Skilliter
2024020169,Furman South,Jake Brenk
2024020170,Justin Kea,Pierre Lambert
2024020171,Brandon Blandina,Jon McIsaac
2024020172,Chris Rooney,Mitch Dunning
2024020173,Chris Lee,Riley Brace
2024020174,Garrett Rank,Graham Skilliter
2024020175,Peter MacDougall,Thomas John Luxmore
2024020176,Brandon Schrader,Trevor Hanson
2024020177,Ghislain Hebert,Pierre Lambert
2024020178,Eric Furlatt,Michael Markovic
2024020179,Brian Pochmara,Jon McIsaac
2024020180,Brandon Blandina,Jean Hebert
2024020181,Gord Dwyer,Mitch Dunning
2024020182,Cody Beach,Wes McCauley
2024020183,Corey Syvret,Kendrick Nicholson
2024020184,Francis Charron,Jordan Samuels-Thomas
2024020185,Peter MacDougall,Thomas John Luxmore
2024020186,Chris Lee,Furman South
2024020187,Chris Rooney,Jake Brenk
2024020188,Dan O'Rourke,Ghislain Hebert
2024020189,Jean Hebert,Jon McIsaac
2024020190,Kyle Rehman,Tom Chmielewski
2024020191,Francis Charron,Kendrick Nicholson
2024020192,Cody Beach,Gord Dwyer
2024020193,Kyle Rehman,Tom Chmielewski
2024020194,Peter MacDougall,Thomas John Luxmore
2024020195,Brian Pochmara,Pierre Lambert
2024020196,Eric Furlatt,Mitch Dunning
2024020197,Brandon Blandina,Kelly Sutherland
2024020198,Ghislain Hebert,Michael Markovic
2024020199,Cody Beach,Wes McCauley
2024020200,Dan O'Rourke,Morgan MacPhee
2024020201,Frederick L'Ecuyer,Furman South
2024020202,Francis Charron,Graedy Hamilton
2024020203,Corey Syvret,Jean Hebert
2024020204,Justin Kea,Kendrick Nicholson
2024020205,Kelly Sutherland,Michael Markovic
2024020206,Dan O'Rourke,Gord Dwyer
2024020207,Furman South,Trevor Hanson
2024020208,Brandon Blandina,Garrett Rank
2024020209,Mitch Dunning,Thomas John Luxmore
2024020210,Jon McIsaac,Pierre Lambert
2024020211,Beau Halkidis,Jake Brenk
2024020212,Francis Charron,Michael Markovic
2024020213,Riley Brace,Wes McCauley
2024020214,Brian Pochmara,Stephen Hiff
2024020215,Cody Beach,Gord Dwyer
2024020216,Corey Syvret,Kyle Rehman
2024020217,Eric Furlatt,Frederick L'Ecuyer
2024020218,Jean Hebert,Justin Kea
2024020219,Carter Sandlak,Kendrick Nicholson
2024020220,Chris Lee,Ghislain Hebert
2024020221,Brian Pochmara,Wes McCauley
2024020222,Justin Kea,Peter MacDougall
2024020223,Kendrick Nicholson,Trevor Hanson
2024020224,Furman South,Michael Markovic
2024020225,Jon McIsaac,Pierre Lambert
2024020226,Dan O'Rourke,Garrett Rank
2024020227,Kelly Sutherland,Thomas John Luxmore
2024020228,Chris Lee,Ghislain Hebert
2024020229,Jordan Samuels-Thomas,Tom Chmielewski
2024020230,Cody Beach,Eric Furlatt
2024020231,Brandon Blandina,Wes McCauley
2024020232,Jake Brenk,Kyle Rehman
2024020233,Corey Syvret,Jean Hebert
2024020234,Carter Sandlak,Peter MacDougall
2024020235,Frederick L'Ecuyer,Graham Skilliter
2024020236,Garrett Rank,Mitch Dunning
2024020237,Kyle Rehman,Tom Chmielewski
2024020238,Mike Sullivan,Trevor Hanson
2024020239,Justin Kea,Kelly Sutherland
2024020240,Dan O'Rourke,Furman South
2024020241,Jake Brenk,Mitch Dunning
2024020242,Corey Syvret,Frederick L'Ecuyer
2024020243,Carter Sandlak,Peter MacDougall
2024020244,Graham Skilliter,Jordan Samuels-Thomas
2024020245,Francis Charron,Justin Kea
2024020246,Ghislain Hebert,Jean Hebert
2024020247,Dan O'Rourke,Garrett Rank
2024020248,Carter Sandlak,Tom Chmielewski
2024020249,Chris Lee,Corey Syvret
2024020250,Frederick L'Ecuyer,Graedy Hamilton
2024020251,Gord Dwyer,Wes McCauley
2024020252,Jon McIsaac,Kelly Sutherland
2024020253,Dan O'Rourke,Morgan MacPhee
2024020254,Brandon Schrader,Graham Skilliter
2024020255,Brandon Blandina,Peter MacDougall
2024020256,Cody Beach,Kyle Rehman
2024020257,Francis Charron,Jon McIsaac
2024020258,Chris Rooney,Riley Brace
2024020259,Ghislain Hebert,Thomas John Luxmore
2024020260,Kendrick Nicholson,Michael Markovic
2024020261,Eric Furlatt,Jean Hebert
2024020262,Carter Sandlak,Trevor Hanson
2024020263,Brian Pochmara,Tom Chmielewski
2024020264,Chris Lee,Corey Syvret
2024020265,Gord Dwyer,Pierre Lambert
2024020266,Brandon Schrader,Wes McCauley
2024020267,Beau Halkidis,Francis Charron
2024020268,Brandon Blandina,Tom Chmielewski
2024020269,Chris Lee,Pierre Lambert
2024020270,Kyle Rehman,Peter MacDougall
2024020271,Cody Beach,Graham Skilliter
2024020272,Jean Hebert,Stephen Hiff
2024020273,Furman South,Gord Dwyer
2024020274,Chris Rooney,Garrett Rank
2024020275,Jon McIsaac,Riley Brace
2024020276,Kendrick Nicholson,Mitch Dunning
2024020277,Dan O'Rourke,Ghislain Hebert
2024020278,Beau Halkidis,Eric Furlatt
2024020279,Francis Charron,Justin Kea
2024020280,Jake Brenk,Michael Markovic
2024020281,Brian Pochmara,Trevor Hanson
2024020282,Cody Beach,Wes McCauley
2024020283,Brandon Schrader,Pierre Lambert
2024020284,Frederick L'Ecuyer,Jake Brenk
2024020285,Brandon Schrader,Gord Dwyer
2024020286,Brandon Blandina,Thomas John Luxmore
2024020287,Furman South,Graham Skilliter
2024020288,Eric Furlatt,Francis Charron
2024020289,Jean Hebert,Mitch Dunning
2024020290,Jon McIsaac,Pierre Lambert
2024020291,Kendrick Nicholson,Michael Markovic
2024020292,Cody Beach,Wes McCauley
2024020293,Thomas John Luxmore,Trevor Hanson
2024020294,Ghislain Hebert,Mike Sullivan
2024020295,Frederick L'Ecuyer,Kyle Rehman
2024020296,Corey Syvret,Kelly Sutherland
2024020297,Riley Brace,Tom Chmielewski
2024020298,Carter Sandlak,Jake Brenk
2024020299,Graham Skilliter,Justin Kea
2024020300,Furman South,Garrett Rank
2024020301,Eric Furlatt,Kendrick Nicholson
2024020302,Brian Pochmara,Chris Lee
2024020303,Michael Markovic,Peter MacDougall
2024020304,Garrett Rank,Thomas John Luxmore
2024020305,Graedy Hamilton,Trevor Hanson
2024020306,Brian Pochmara,Chris Lee
2024020307,Carter Sandlak,Frederick L'Ecuyer
2024020308,Brandon Blandina,Kyle Rehman
2024020309,Jon McIsaac,Pierre Lambert
2024020310,Beau Halkidis,Francis Charron
2024020311,Chris Rooney,Corey Syvret
2024020312,Jake Brenk,Kelly Sutherland
2024020313,Michael Markovic,Peter MacDougall
2024020314,Cody Beach,Tom Chmielewski
2024020315,Ghislain Hebert,Justin Kea
2024020316,Brandon Blandina,Corey Syvret
2024020317,Garrett Rank,Thomas John Luxmore
2024020318,Dan O'Rourke,Francis Charron
2024020319,Ghislain Hebert,Jordan Samuels-Thomas
2024020320,Brandon Schrader,Tom Chmielewski
2024020321,Gord Dwyer,Kendrick Nicholson
2024020322,Eric Furlatt,Frederick L'Ecuyer
2024020323,Carter Sandlak,Jean Hebert
2024020324,Justin Kea,Peter MacDougall
2024020325,Beau Halkidis,Wes McCauley
2024020326,Chris Lee,Corey Syvret
2024020327,Furman South,Pierre Lambert
2024020328,Chris Rooney,Kyle Rehman
2024020329,Kelly Sutherland,Stephen Hiff
2024020330,Brian Pochmara,Jake Brenk
2024020331,Garrett Rank,Morgan MacPhee
2024020332,Cody Beach,Graham Skilliter
2024020333,Jon McIsaac,Trevor Hanson
2024020334,Furman South,Kelly Sutherland
2024020335,Gord Dwyer,Wes McCauley
2024020336,Beau Halkidis,Francis Charron
2024020337,Michael Markovic,Pierre Lambert
2024020338,Carter Sandlak,Chris Lee
2024020339,Dan O'Rourke,Kendrick Nicholson
2024020340,Jon McIsaac,Trevor Hanson
2024020341,Jean Hebert,Peter MacDougall
2024020342,Brandon Blandina,Chris Rooney
2024020343,Garrett Rank,Jordan Samuels-Thomas
2024020344,Brandon Schrader,Tom Chmielewski
2024020345,Dan O'Rourke,Eric Furlatt
2024020346,Pierre Lambert,Trevor Hanson
2024020347,Brandon Blandina,Peter MacDougall
2024020348,Eric Furlatt,Jon McIsaac
2024020349,Beau Halkidis,Thomas John Luxmore
2024020350,Carter Sandlak,Jake Brenk
2024020351,Jean Hebert,Justin Kea
2024020352,Frederick L'Ecuyer,Wes McCauley
2024020353,Chris Lee,Kendrick Nicholson
2024020354,Furman South,Michael Markovic
2024020355,Brian Pochmara,Mike Sullivan
2024020356,Gord Dwyer,Morgan MacPhee
2024020357,Ghislain Hebert,Riley Brace
2024020358,Cody Beach,Tom Chmielewski
2024020359,Kyle Rehman,Stephen Hiff
2024020360,Graedy Hamilton,Graham Skilliter
2024020361,Brandon Schrader,Corey Syvret
2024020362,Eric Furlatt,Francis Charron
2024020363,Chris Lee,Cody Beach
2024020364,Kendrick Nicholson,Peter MacDougall
2024020365,Brian Pochmara,Mike Sullivan
2024020366,Jon McIsaac,Kelly Sutherland
2024020367,Frederick L'Ecuyer,Justin Kea
2024020368,Brandon Blandina,Carter Sandlak
2024020369,Ghislain Hebert,Michael Markovic
2024020370,Graham Skilliter,Trevor Hanson
2024020371,Corey Syvret,Kyle Rehman
2024020372,Chris Rooney,Jake Brenk
2024020373,Garrett Rank,Gord Dwyer
2024020374,Jordan Samuels-Thomas,Steve Kozari
2024020375,Brandon Schrader,Tom Chmielewski
2024020376,Francis Charron,Kelly Sutherland
2024020377,Dan O'Rourke,Jean Hebert
2024020378,Justin Kea,Thomas John Luxmore
2024020379,Frederick L'Ecuyer,Jake Brenk
2024020380,Brandon Blandina,Brian Pochmara
2024020381,Michael Markovic,Wes McCauley
2024020382,Corey Syvret,Graham Skilliter
2024020383,Chris Rooney,Eric Furlatt
2024020384,Chris Lee,Cody Beach
2024020385,Brandon Schrader,Trevor Hanson
2024020386,Furman South,Steve Kozari
2024020387,Kyle Rehman,Tom Chmielewski
2024020388,Kendrick Nicholson,Mitch Dunning
2024020389,Ghislain Hebert,Peter MacDougall
2024020390,Carter Sandlak,Gord Dwyer
2024020391,Garrett Rank,Jon McIsaac
2024020392,Furman South,Pierre Lambert
2024020393,Brandon Blandina,Jake Brenk
2024020394,Eric Furlatt,Steve Kozari
2024020395,Furman South,Pierre Lambert
2024020396,Jon McIsaac,Wes McCauley
2024020397,Ghislain Hebert,Justin Kea
2024020398,Peter MacDougall,Steve Kozari
2024020399,Chris Lee,Jordan Samuels-Thomas
2024020400,Carter Sandlak,Jake Brenk
2024020401,Francis Charron,Francois St-Laurent
2024020402,Kelly Sutherland,Thomas John Luxmore
2024020403,Graham Skilliter,Kendrick Nicholson
2024020404,Cody Beach,Dan O'Rourke
2024020405,Gord Dwyer,Jean Hebert
2024020406,Chris Rooney,Kyle Rehman
2024020407,Kelly Sutherland,Thomas John Luxmore
2024020408,Gord Dwyer,Pierre Lambert
2024020409,Furman South,Jean Hebert
2024020410,Brandon Schrader,Kyle Rehman
2024020411,Mitch Dunning,Tom Chmielewski
2024020412,Beau Halkidis,Steve Kozari
2024020413,Brian Pochmara,Cody Beach
2024020414,Carter Sandlak,Garrett Rank
2024020415,Jordan Samuels-Thomas,Wes McCauley
2024020416,Frederick L'Ecuyer,Justin Kea
2024020417,Graham Skilliter,Riley Brace
2024020418,Dan O'Rourke,Kendrick Nicholson
2024020419,Corey Syvret,Francis Charron
2024020420,Eric Furlatt,Justin Kea
2024020421,Chris Rooney,Frederick L'Ecuyer
2024020422,Michael Markovic,Trevor Hanson
2024020423,Pierre Lambert,Thomas John Luxmore
2024020424,Gord Dwyer,Jean Hebert
2024020425,Brandon Schrader,Ghislain Hebert
2024020426,Carter Sandlak,Francois St-Laurent
2024020427,Brandon Blandina,Jake Brenk
2024020428,Chris Rooney,Eric Furlatt
2024020429,Brian Pochmara,Cody Beach
2024020430,Mitch Dunning,Steve Kozari
2024020431,Francis Charron,Tom Chmielewski
2024020432,Garrett Rank,Kyle Rehman
2024020433,Furman South,Wes McCauley
2024020434,Jean Hebert,Pierre Lambert
2024020435,Dan O'Rourke,Kendrick Nicholson
2024020436,Ghislain Hebert,Jon McIsaac
2024020437,Chris Lee,Graham Skilliter
2024020438,Corey Syvret,Tom Chmielewski
2024020439,Michael Markovic,Trevor Hanson
2024020440,Brandon Schrader,Chris Rooney
2024020441,Brandon Blandina,Frederick L'Ecuyer
2024020442,Jake Brenk,Thomas John Luxmore
2024020443,Francis Charron,Francois St-Laurent
2024020444,Kelly Sutherland,Mitch Dunning
2024020445,Corey Syvret,Kyle Rehman
2024020446,Mitch Dunning,Tom Chmielewski
2024020447,Francois St-Laurent,Garrett Rank
2024020448,Ghislain Hebert,Jon McIsaac
2024020449,Brandon Schrader,Jake Brenk
2024020450,Brandon Blandina,Brian Pochmara
2024020451,Dan O'Rourke,Furman South
2024020452,Michael Markovic,Trevor Hanson
2024020453,Gord Dwyer,Justin Kea
2024020454,Graham Skilliter,Jordan Samuels-Thomas
2024020455,Cody Beach,Peter MacDougall
2024020456,Carter Sandlak,Chris Lee
2024020457,Brian Pochmara,Corey Syvret
2024020458,Kendrick Nicholson,Kyle Rehman
2024020459,Brian Pochmara,Kendrick Nicholson
2024020460,Ghislain Hebert,Kyle Rehman
2024020461,Dan O'Rourke,Furman South
2024020462,Mike Sullivan,Tom Chmielewski
2024020463,Corey Syvret,Garrett Rank
2024020464,Mitch Dunning,Pierre Lambert
2024020465,Beau Halkidis,Francois St-Laurent
2024020466,Jean Hebert,Jon McIsaac
2024020467,Chris Lee,Jake Brenk
2024020468,Justin Kea,Kelly Sutherland
2024020469,Carter Sandlak,Wes McCauley
2024020470,Gord Dwyer,Peter MacDougall
2024020471,Morgan MacPhee,Steve Kozari
2024020472,Chris Rooney,Graham Skilliter
2024020473,Furman South,Thomas John Luxmore
2024020474,Jean Hebert,Stephen Hiff
2024020475,Mike Sullivan,Pierre Lambert
2024020476,Dan O'Rourke,Wes McCauley
2024020477,Francis Charron,Justin Kea
2024020478,Brian Pochmara,Michael Markovic
2024020479,Corey Syvret,Jake Brenk
2024020480,Mitch Dunning,Thomas John Luxmore
2024020481,Beau Halkidis,Garrett Rank
2024020482,Chris Lee,Graham Skilliter
2024020483,Brandon Schrader,Frederick L'Ecuyer
2024020484,Eric Furlatt,Jordan Samuels-Thomas
2024020485,Peter MacDougall,Steve Kozari
2024020486,Gord Dwyer,Kelly Sutherland
2024020487,Chris Rooney,Riley Brace
2024020488,Brandon Blandina,Trevor Hanson
2024020489,Dan O'Rourke,Ghislain Hebert
2024020490,Brian Pochmara,Pierre Lambert
2024020491,Furman South,Jean Hebert
2024020492,Brandon Schrader,Frederick L'Ecuyer
2024020493,Kendrick Nicholson,Wes McCauley
2024020494,Eric Furlatt,Ghislain Hebert
2024020495,Francis Charron,Kelly Sutherland
2024020496,Brandon Blandina,Chris Rooney
2024020497,Chris Schlenker,Pierre Lambert
2024020498,Brandon Schrader,Jean Hebert
2024020499,Michael Markovic,Thomas John Luxmore
2024020500,Francois St-Laurent,Garrett Rank
2024020501,Trevor Hanson,Wes McCauley
2024020502,Ghislain Hebert,Kendrick Nicholson
2024020503,Eric Furlatt,Tom Chmielewski
2024020504,Brandon Blandina,Francis Charron
2024020505,Chris Rooney,Cody Beach
2024020506,Carter Sandlak,Frederick L'Ecuyer
2024020507,Michael Markovic,Thomas John Luxmore
2024020508,Tom Chmielewski,Trevor Hanson
2024020509,Jon McIsaac,Kelly Sutherland
2024020510,Corey Syvret,Kyle Rehman
2024020511,Carter Sandlak,Chris Rooney
2024020512,Garrett Rank,Ghislain Hebert
2024020513,Chris Lee,Peter MacDougall
2024020514,Gord Dwyer,Thomas John Luxmore
2024020515,Brandon Schrader,Eric Furlatt
2024020516,Beau Halkidis,Wes McCauley
2024020517,Chris Schlenker,Francis Charron
2024020518,Graham Skilliter,Mitch Dunning
2024020519,Carter Sandlak,Kyle Rehman
2024020520,Frederick L'Ecuyer,Steve Kozari
2024020521,Jake Brenk,Kelly Sutherland
2024020522,Justin Kea,Kendrick Nicholson
2024020523,Furman South,Ghislain Hebert
2024020524,Chris Lee,Peter MacDougall
2024020525,Brandon Schrader,Eric Furlatt
2024020526,Jon McIsaac,Michael Markovic
2024020527,Cody Beach,Steve Kozari
2024020528,Brian Pochmara,Gord Dwyer
2024020529,Graedy Hamilton,Kyle Rehman
2024020530,Graham Skilliter,Mitch Dunning
2024020531,Dan O'Rourke,Stephen Hiff
2024020532,Beau Halkidis,Garrett Rank
2024020533,Francois St-Laurent,Morgan MacPhee
2024020534,Jean Hebert,Peter MacDougall
2024020535,Jake Brenk,Pierre Lambert
2024020536,Francis Charron,Mike Sullivan
2024020537,Chris Schlenker,Jordan Samuels-Thomas
2024020538,Corey Syvret,Frederick L'Ecuyer
2024020539,Chris Lee,Ghislain Hebert
2024020540,Furman South,Thomas John Luxmore
2024020541,Jean Hebert,Kendrick Nicholson
2024020542,Cody Beach,Steve Kozari
2024020543,Tom Chmielewski,Trevor Hanson
2024020544,Graedy Hamilton,Kyle Rehman
2024020545,Chris Rooney,Peter MacDougall
2024020546,Eric Furlatt,Michael Markovic
2024020547,Francois St-Laurent,Riley Brace
2024020548,Mitch Dunning,Pierre Lambert
2024020549,Brian Pochmara,Dan O'Rourke
2024020550,Beau Halkidis,Gord Dwyer
2024020551,Brandon Blandina,Justin Kea
2024020552,Jean Hebert,Kendrick Nicholson
2024020553,Carter Sandlak,Wes McCauley
2024020554,Chris Lee,Tom Chmielewski
2024020555,Chris Schlenker,Steve Kozari
2024020556,Graham Skilliter,Jordan Samuels-Thomas
2024020557,Corey Syvret,Trevor Hanson
2024020558,Furman South,Kendrick Nicholson
2024020559,Chris Rooney,Justin Kea
2024020560,Eric Furlatt,Kelly Sutherland
2024020561,Brian Pochmara,Carter Sandlak
2024020562,Graedy Hamilton,Steve Kozari
2024020563,Corey Syvret,Gord Dwyer
2024020564,Jake Brenk,Thomas John Luxmore
2024020565,Brandon Schrader,Chris Lee
2024020566,Michael Markovic,Wes McCauley
2024020567,Cody Beach,Tom Chmielewski
2024020568,Chris Schlenker,Jordan Samuels-Thomas
2024020569,Garrett Rank,Morgan MacPhee
2024020570,Eric Furlatt,Pierre Lambert
2024020571,Graham Skilliter,Peter MacDougall
2024020572,Corey Syvret,Jean Hebert
2024020573,Beau Halkidis,Dan O'Rourke
2024020574,Ghislain Hebert,Mitch Dunning
2024020575,Kelly Sutherland,Mike Sullivan
2024020576,Chris Lee,Stephen Hiff
2024020577,Brandon Blandina,Trevor Hanson
2024020578,Jake Brenk,Thomas John Luxmore
2024020579,Graham Skilliter,Steve Kozari
2024020580,Corey Syvret,Michael Markovic
2024020581,Carter Sandlak,Francis Charron
2024020582,Chris Rooney,Kyle Rehman
2024020583,Frederick L'Ecuyer,Gord Dwyer
2024020584,Brandon Schrader,Tom Chmielewski
2024020585,Chris Schlenker,Garrett Rank
2024020586,Francois St-Laurent,Wes McCauley
2024020587,Ghislain Hebert,Mitch Dunning
2024020588,Chris Lee,Stephen Hiff
2024020589,Francis Charron,Furman South
2024020590,Graham Skilliter,Pierre Lambert
2024020591,Dan O'Rourke,Garrett Rank
2024020592,Jean Hebert,Trevor Hanson
2024020593,Eric Furlatt,Gord Dwyer
2024020594,Cody Beach,Kyle Rehman
2024020595,Brandon Blandina,Chris Rooney
2024020596,Frederick L'Ecuyer,Graedy Hamilton
2024020597,Brian Pochmara,Jake Brenk
2024020598,Brandon Schrader,Tom Chmielewski
2024020599,Justin Kea,Thomas John Luxmore
2024020600,Ghislain Hebert,Mitch Dunning
2024020601,Chris Schlenker,Peter MacDougall
2024020602,Chris Lee,Kendrick Nicholson
2024020603,Brandon Blandina,Kyle Rehman
2024020604,Frederick L'Ecuyer,Michael Markovic
2024020605,Furman South,Kelly Sutherland
2024020606,Eric Furlatt,Gord Dwyer
2024020607,Francis Charron,Francois St-Laurent
2024020608,Chris Rooney,Cody Beach
2024020609,Chris Schlenker,Graham Skilliter
2024020610,Corey Syvret,Thomas John Luxmore
2024020611,Mitch Dunning,Pierre Lambert
2024020612,Brian Pochmara,Kendrick Nicholson
2024020613,Dan O'Rourke,Peter MacDougall
2024020614,Garrett Rank,Justin Kea
2024020615,Brandon Blandina,Kyle Rehman
2024020616,Chris Rooney,Cody Beach
2024020617,Chris Lee,Furman South
2024020618,Carter Sandlak,Pierre Lambert
2024020619,Dan O'Rourke,Mitch Dunning
2024020620,Francois St-Laurent,Wes McCauley
2024020621,Chris Schlenker,Graham Skilliter
2024020622,Kendrick Nicholson,Trevor Hanson
2024020623,Frederick L'Ecuyer,Jean Hebert
2024020624,Jake Brenk,Michael Markovic
2024020625,Chris Rooney,Riley Brace
2024020626,Beau Halkidis,Tom Chmielewski
2024020627,Carter Sandlak,Pierre Lambert
2024020628,Mike Sullivan,Thomas John Luxmore
2024020629,Brandon Schrader,Peter MacDougall
2024020630,Garrett Rank,Justin Kea
2024020631,Brian Pochmara,Mitch Dunning
2024020632,Kelly Sutherland,Kyle Rehman
2024020633,Corey Syvret,Wes McCauley
2024020634,Francois St-Laurent,Jake Brenk
2024020635,Ghislain Hebert,Jean Hebert
2024020636,Dan O'Rourke,Trevor Hanson
2024020637,Brandon Blandina,Jean Hebert
2024020638,Eric Furlatt,Frederick L'Ecuyer
2024020639,Kendrick Nicholson,Peter MacDougall
2024020640,Brian Pochmara,Carter Sandlak
2024020641,Chris Rooney,Wes McCauley
2024020642,Garrett Rank,Justin Kea
2024020643,Francis Charron,Ghislain Hebert
2024020644,Corey Syvret,Francois St-Laurent
2024020645,Brandon Blandina,Jake Brenk
2024020646,Morgan MacPhee,Tom Chmielewski
2024020647,Chris Lee,Cody Beach
2024020648,Brian Pochmara,Furman South
2024020649,Carter Sandlak,Dan O'Rourke
2024020650,Corey Syvret,Jean Hebert
2024020651,Ghislain Hebert,Gord Dwyer
2024020652,Carter Sandlak,Kendrick Nicholson
2024020653,Chris Lee,Mitch Dunning
2024020654,Mike Sullivan,Wes McCauley
2024020655,Kelly Sutherland,Trevor Hanson
2024020656,Corey Syvret,Tom Chmielewski
2024020657,Francis Charron,Frederick L'Ecuyer
2024020658,Garrett Rank,Justin Kea
2024020659,Brandon Schrader,Francois St-Laurent
2024020660,Ghislain Hebert,Mitch Dunning
2024020661,Brian Pochmara,Michael Markovic
2024020662,Chris Lee,Cody Beach
2024020663,Chris Schlenker,Graham Skilliter
2024020664,Brian Pochmara,Mitch Dunning
2024020665,Dan O'Rourke,Frederick L'Ecuyer
2024020666,Brandon Schrader,Francis Charron
2024020667,Gord Dwyer,Pierre Lambert
2024020668,Eric Furlatt,Furman South
2024020669,Jean Hebert,Trevor Hanson
2024020670,Kendrick Nicholson,Peter MacDougall
2024020671,Justin Kea,Tom Chmielewski
2024020672,Garrett Rank,Thomas John Luxmore
2024020673,Stephen Hiff,Wes McCauley
2024020674,Frederick L'Ecuyer,Jordan Samuels-Thomas
2024020675,Brandon Schrader,Jake Brenk
2024020676,Carter Sandlak,Ghislain Hebert
2024020677,Corey Syvret,Kelly Sutherland
2024020678,Gord Dwyer,Pierre Lambert
2024020679,Chris Lee,Michael Markovic
2024020680,Graedy Hamilton,Graham Skilliter
2024020681,Cody Beach,Kyle Rehman
2024020682,Brandon Blandina,Eric Furlatt
2024020683,Chris Schlenker,Furman South
2024020684,Francois St-Laurent,Riley Brace
2024020685,Peter MacDougall,Thomas John Luxmore
2024020686,Ghislain Hebert,Tom Chmielewski
2024020687,Beau Halkidis,Francis Charron
2024020688,Brandon Blandina,Graham Skilliter
2024020689,Jordan Samuels-Thomas,Trevor Hanson
2024020690,Eric Furlatt,Gord Dwyer
2024020691,Cody Beach,Kyle Rehman
2024020692,Jake Brenk,Jon McIsaac
2024020693,Carter Sandlak,Peter MacDougall
2024020694,Dan O'Rourke,Morgan MacPhee
2024020695,Brian Pochmara,Mitch Dunning
2024020696,Furman South,Thomas John Luxmore
2024020697,Francois St-Laurent,Kelly Sutherland
2024020698,Eric Furlatt,Tom Chmielewski
2024020699,Kendrick Nicholson,Trevor Hanson
2024020700,Garrett Rank,Gord Dwyer
2024020701,Francis Charron,Wes McCauley
2024020702,Justin Kea,Kyle Rehman
2024020703,Corey Syvret,Graham Skilliter
2024020704,Brandon Blandina,Chris Schlenker
2024020705,Ghislain Hebert,Pierre Lambert
2024020706,Chris Lee,Dan O'Rourke
2024020707,Michael Markovic,Pierre Lambert
2024020708,Carter Sandlak,Ghislain Hebert
2024020709,Francois St-Laurent,Frederick L'Ecuyer
2024020710,Brandon Schrader,Jean Hebert
2024020711,Corey Syvret,Thomas John Luxmore
2024020712,Brian Pochmara,Mitch Dunning
2024020713,Dan O'Rourke,Furman South
2024020714,Brandon Blandina,Garrett Rank
2024020715,Gord Dwyer,Mike Sullivan
2024020716,Justin Kea,Wes McCauley
2024020717,Chris Schlenker,Trevor Hanson
2024020718,Kyle Rehman,Tom Chmielewski
2024020719,Graham Skilliter,Riley Brace
2024020720,Corey Syvret,Pierre Lambert
2024020721,Chris Rooney,Kelly Sutherland
2024020722,Carter Sandlak,Dan O'Rourke
2024020723,Francis Charron,Kendrick Nicholson
2024020724,Kyle Rehman,Morgan MacPhee
2024020725,Frederick L'Ecuyer,Thomas John Luxmore
2024020726,Cody Beach,Eric Furlatt
2024020727,Francois St-Laurent,Mike Sullivan
2024020728,Brandon Blandina,Brian Pochmara
2024020729,Garrett Rank,Mitch Dunning
2024020730,Beau Halkidis,Jake Brenk
2024020731,Michael Markovic,Peter MacDougall
2024020732,Furman South,Jean Hebert
2024020733,Brandon Schrader,Chris Rooney
2024020734,Jon McIsaac,Jordan Samuels-Thomas
2024020735,Chris Lee,Wes McCauley
2024020736,Chris Schlenker,Graham Skilliter
2024020737,Corey Syvret,Dan O'Rourke
2024020738,Ghislain Hebert,Kendrick Nicholson
2024020739,Brandon Schrader,Pierre Lambert
2024020740,Gord Dwyer,Michael Markovic
2024020741,Jon McIsaac,Justin Kea
2024020742,Jordan Samuels-Thomas,Wes McCauley
2024020743,Kyle Rehman,Stephen Hiff
2024020744,Francis Charron,Jake Brenk
2024020745,Cody Beach,Peter MacDougall
2024020746,Carter Sandlak,Pierre Lambert
2024020747,Kelly Sutherland,Tom Chmielewski
2024020748,Chris Lee,Chris Schlenker
2024020749,Francis Charron,Kendrick Nicholson
2024020750,Cody Beach,Gord Dwyer
2024020751,Corey Syvret,Dan O'Rourke
2024020752,Eric Furlatt,Ghislain Hebert
2024020753,Jon McIsaac,Justin Kea
2024020754,Graedy Hamilton,Trevor Hanson
2024020755,Tom Chmielewski,Wes McCauley
2024020756,Chris Lee,Graham Skilliter
2024020757,Jake Brenk,Kendrick Nicholson
2024020758,Cody Beach,Gord Dwyer
2024020759,Furman South,Kelly Sutherland
2024020760,Brandon Schrader,Frederick L'Ecuyer
2024020761,Eric Furlatt,Thomas John Luxmore
2024020762,Brian Pochmara,Jon McIsaac
2024020763,Francis Charron,Mitch Dunning
2024020764,Garrett Rank,Justin Kea
2024020765,Corey Syvret,Ghislain Hebert
2024020766,Chris Rooney,Furman South
2024020767,Chris Schlenker,Tom Chmielewski
2024020768,Brandon Blandina,Trevor Hanson
2024020769,Chris Lee,Jordan Samuels-Thomas
2024020770,Brandon Schrader,Frederick L'Ecuyer
2024020771,Graham Skilliter,Kyle Rehman
2024020772,Gord Dwyer,Riley Brace
2024020773,Michael Markovic,Wes McCauley
2024020774,Ghislain Hebert,Kelly Sutherland
2024020775,Francois St-Laurent,Jean Hebert
2024020776,Dan O'Rourke,Justin Kea
2024020777,Brandon Blandina,Chris Schlenker
2024020778,Frederick L'Ecuyer,Graham Skilliter
2024020779,Beau Halkidis,Peter MacDougall
2024020780,Brian Pochmara,Pierre Lambert
2024020781,Furman South,Garrett Rank
2024020782,Chris Rooney,Michael Markovic
2024020783,Carter Sandlak,Jon McIsaac
2024020784,Kendrick Nicholson,Wes McCauley
2024020785,Mitch Dunning,Thomas John Luxmore
2024020786,Tom Chmielewski,Trevor Hanson
2024020787,Brandon Schrader,Kyle Rehman
2024020788,Chris Lee,Jordan Samuels-Thomas
2024020789,Dan O'Rourke,Jake Brenk
2024020790,Beau Halkidis,Brian Pochmara
2024020791,Francois St-Laurent,Jean Hebert
2024020792,Kelly Sutherland,Kendrick Nicholson
2024020793,Cody Beach,Francis Charron
2024020794,Carter Sandlak,Wes McCauley
2024020795,Chris Rooney,Michael Markovic
2024020796,Mitch Dunning,Thomas John Luxmore
2024020797,Francois St-Laurent,Jean Hebert
2024020798,Frederick L'Ecuyer,Trevor Hanson
2024020799,Furman South,Kendrick Nicholson
2024020800,Dan O'Rourke,Garrett Rank
2024020801,Corey Syvret,Kyle Rehman
2024020802,Gord Dwyer,Wes McCauley
2024020803,Carter Sandlak,Chris Rooney
2024020804,Francois St-Laurent,Peter MacDougall
2024020805,Frederick L'Ecuyer,Pierre Lambert
2024020806,Cody Beach,Francis Charron
2024020807,Dan O'Rourke,Justin Kea
2024020808,Corey Syvret,Thomas John Luxmore
2024020809,Brandon Blandina,Gord Dwyer
2024020810,Ghislain Hebert,Mitch Dunning
2024020811,Francis Charron,Jean Hebert
2024020812,Jon McIsaac,Wes McCauley
2024020813,Garrett Rank,Morgan MacPhee
2024020814,Chris Lee,Eric Furlatt
2024020815,Ghislain Hebert,Kyle Rehman
2024020816,Brandon Blandina,Kelly Sutherland
2024020817,Brian Pochmara,Mike Sullivan
2024020818,Peter MacDougall,Tom Chmielewski
2024020819,Cody Beach,Graham Skilliter
2024020820,Chris Schlenker,Trevor Hanson
2024020821,Brandon Schrader,Pierre Lambert
2024020822,Gord Dwyer,Justin Kea
2024020823,Corey Syvret,Francis Charron
2024020824,Chris Schlenker,Jake Brenk
2024020825,Brandon Schrader,Pierre Lambert
2024020826,Ghislain Hebert,Jean Hebert
2024020827,Chris Lee,Chris Rooney
2024020828,Garrett Rank,Michael Markovic
2024020829,Brian Pochmara,Dan O'Rourke
2024020830,Furman South,Jon McIsaac
2024020831,Eric Furlatt,Frederick L'Ecuyer
2024020832,Brandon Blandina,Francois St-Laurent
2024020833,Peter MacDougall,Tom Chmielewski
2024020834,Cody Beach,Kendrick Nicholson
2024020835,Justin Kea,Kelly Sutherland
2024020836,Corey Syvret,Graham Skilliter
2024020837,Chris Schlenker,Trevor Hanson
2024020838,Dan O'Rourke,Ghislain Hebert
2024020839,Eric Furlatt,Frederick L'Ecuyer
2024020840,Gord Dwyer,Mitch Dunning
2024020841,Brandon Schrader,Jake Brenk
2024020842,Kendrick Nicholson,Peter MacDougall
2024020843,Graedy Hamilton,Pierre Lambert
2024020844,Mitch Dunning,Wes McCauley
2024020845,Kelly Sutherland,Riley Brace
2024020846,Frederick L'Ecuyer,Garrett Rank
2024020847,Mitch Dunning,Wes McCauley
2024020848,Cody Beach,Francois St-Laurent
2024020849,Chris Rooney,Jon McIsaac
2024020850,Eric Furlatt,Jean Hebert
2024020851,Ghislain Hebert,Thomas John Luxmore
2024020852,Michael Markovic,Trevor Hanson
2024020853,Chris Lee,Corey Syvret
2024020854,Graedy Hamilton,Graham Skilliter
2024020855,Kendrick Nicholson,Peter MacDougall
2024020856,Brandon Schrader,Chris Schlenker
2024020857,Carter Sandlak,Jake Brenk
2024020858,Jordan Samuels-Thomas,Kyle Rehman
2024020859,Jean Hebert,Kelly Sutherland
2024020860,Ghislain Hebert,Thomas John Luxmore
2024020861,Furman South,Tom Chmielewski
2024020862,Brandon Blandina,Jon McIsaac
2024020863,Chris Rooney,Francois St-Laurent
2024020864,Cody Beach,Jean Hebert
2024020865,Brian Pochmara,Gord Dwyer
2024020866,Francis Charron,Justin Kea
2024020867,Ghislain Hebert,Trevor Hanson
2024020868,Chris Lee,Michael Markovic
2024020869,Carter Sandlak,Kyle Rehman
2024020870,Furman South,Jake Brenk
2024020871,Kelly Sutherland,Mitch Dunning
2024020872,Chris Lee,Stephen Hiff
2024020873,Thomas John Luxmore,Trevor Hanson
2024020874,Garrett Rank,Michael Markovic
2024020875,Jake Brenk,Tom Chmielewski
2024020876,Peter MacDougall,Pierre Lambert
2024020877,Brian Pochmara,Gord Dwyer
2024020878,Frederick L'Ecuyer,Jon McIsaac
2024020879,Cody Beach,Francois St-Laurent
2024020880,Brandon Blandina,Jean Hebert
2024020881,Chris Rooney,Morgan MacPhee
2024020882,Thomas John Luxmore,Trevor Hanson
2024020883,Justin Kea,Wes McCauley
2024020884,Chris Schlenker,Graham Skilliter
2024020885,Dan O'Rourke,Jordan Samuels-Thomas
2024020886,Carter Sandlak,Francis Charron
2024020887,Garrett Rank,Michael Markovic
2024020888,Furman South,Kyle Rehman
2024020889,Brandon Schrader,Tom Chmielewski
2024020890,Kelly Sutherland,Mitch Dunning
2024020891,Eric Furlatt,Ghislain Hebert
2024020892,Brian Pochmara,Francis Charron
2024020893,Dan O'Rourke,Eric Furlatt
2024020894,Ghislain Hebert,Jake Brenk
2024020895,Furman South,Graham Skilliter
2024020896,Mitch Dunning,Thomas John Luxmore
2024020897,Beau Halkidis,Kelly Sutherland
2024020898,Chris Schlenker,Francois St-Laurent
2024020899,Cody Beach,Frederick L'Ecuyer
2024020900,Michael Markovic,Tom Chmielewski
2024020901,Kendrick Nicholson,Peter MacDougall
2024020902,Brandon Blandina,Chris Lee
2024020903,Corey Syvret,Kyle Rehman
2024020904,Jon McIsaac,Justin Kea
2024020905,Brandon Schrader,Garrett Rank
2024020906,Brian Pochmara,Francis Charron
2024020907,Dan O'Rourke,Graham Skilliter
2024020908,Ghislain Hebert,Tom Chmielewski
2024020909,Mitch Dunning,Thomas John Luxmore
2024020910,Francois St-Laurent,Kyle Rehman
2024020911,Chris Schlenker,Corey Syvret
2024020912,Eric Furlatt,Morgan MacPhee
2024020913,Cody Beach,Frederick L'Ecuyer
2024020914,Carter Sandlak,Trevor Hanson
2024020915,Garrett Rank,Justin Kea
2024020916,Carter Sandlak,Trevor Hanson
2024020917,Jake Brenk,Jon McIsaac
2024020918,Chris Rooney,Tom Chmielewski
2024020919,Ghislain Hebert,Kendrick Nicholson
2024020920,Brian Pochmara,Furman South
2024020921,Michael Markovic,Pierre Lambert
2024020922,Gord Dwyer,Mitch Dunning
2024020923,Brandon Schrader,Kyle Rehman
2024020924,Frederick L'Ecuyer,Graham Skilliter
2024020925,Kelly Sutherland,Peter MacDougall
2024020926,Chris Schlenker,Cody Beach
2024020927,Beau Halkidis,Francis Charron
2024020928,Jean Hebert,Justin Kea
2024020929,Garrett Rank,Jake Brenk
2024020930,Brian Pochmara,Furman South
2024020931,Jean Hebert,Jon McIsaac
2024020932,Thomas John Luxmore,Wes McCauley
2024020933,Brandon Schrader,Kyle Rehman
2024020934,Brian Pochmara,Peter MacDougall
2024020935,Graham Skilliter,Mitch Dunning
2024020936,Kelly Sutherland,Pierre Lambert
2024020937,Chris Rooney,Eric Furlatt
2024020938,Frederick L'Ecuyer,Justin Kea
2024020939,Brandon Blandina,Gord Dwyer
2024020940,Michael Markovic,Tom Chmielewski
2024020941,Francois St-Laurent,Ghislain Hebert
2024020942,Jean Hebert,Thomas John Luxmore
2024020943,Chris Schlenker,Garrett Rank
2024020944,Jake Brenk,Wes McCauley
2024020945,Carter Sandlak,Kyle Rehman
2024020946,Francois St-Laurent,Ghislain Hebert
2024020947,Jon McIsaac,Mike Sullivan
2024020948,Francis Charron,Kendrick Nicholson
2024020949,Mitch Dunning,Pierre Lambert
2024020950,Frederick L'Ecuyer,Michael Markovic
2024020951,Eric Furlatt,Kelly Sutherland
2024020952,Garrett Rank,Tom Chmielewski
2024020953,Brandon Schrader,Chris Lee
2024020954,Brian Pochmara,Peter MacDougall
2024020955,Brandon Blandina,Gord Dwyer
2024020956,Dan O'Rourke,Graham Skilliter
2024020957,Chris Rooney,Ghislain Hebert
2024020958,Corey Syvret,Thomas John Luxmore
2024020959,Jordan Samuels-Thomas,Wes McCauley
2024020960,Cody Beach,Jean Hebert
2024020961,Jon McIsaac,Pierre Lambert
2024020962,Francois St-Laurent,Furman South
2024020963,Brandon Blandina,Michael Markovic
2024020964,Carter Sandlak,Chris Rooney
2024020965,Brandon Schrader,Frederick L'Ecuyer
2024020966,Thomas John Luxmore,Wes McCauley
2024020967,Brandon Schrader,Jon McIsaac
2024020968,Dan O'Rourke,Jake Brenk
2024020969,Gord Dwyer,Kelly Sutherland
2024020970,Eric Furlatt,Mitch Dunning
2024020971,Chris Lee,Ghislain Hebert
2024020972,Francois St-Laurent,Stephen Hiff
2024020973,Kendrick Nicholson,Mitch Dunning
2024020974,Ghislain Hebert,Riley Brace
2024020975,Dan O'Rourke,Furman South
2024020976,Jean Hebert,Kyle Rehman
2024020977,Eric Furlatt,Justin Kea
2024020978,Francis Charron,Jordan Samuels-Thomas
2024020979,Carter Sandlak,Chris Rooney
2024020980,Trevor Hanson,Wes McCauley
2024020981,Cody Beach,Peter MacDougall
2024020982,Chris Schlenker,Corey Syvret
2024020983,Chris Lee,Eric Furlatt
2024020984,Carter Sandlak,Chris Rooney
2024020985,Trevor Hanson,Wes McCauley
2024020986,Chris Schlenker,Peter MacDougall
2024020987,Corey Syvret,Tom Chmielewski
2024020988,Kendrick Nicholson,Michael Markovic
2024020989,Dan O'Rourke,Garrett Rank
2024020990,Brian Pochmara,Justin Kea
2024020991,Jon McIsaac,Mitch Dunning
2024020992,Frederick L'Ecuyer,Kelly Sutherland
2024020993,Furman South,Jake Brenk
2024020994,Gord Dwyer,Kyle Rehman
2024020995,Brandon Blandina,Graham Skilliter
2024020996,Brandon Schrader,Tom Chmielewski
2024020997,Francis Charron,Morgan MacPhee
2024020998,Jon McIsaac,Mitch Dunning
2024020999,Kendrick Nicholson,Michael Markovic
2024021000,Cody Beach,Peter MacDougall
2024021001,Corey Syvret,Trevor Hanson
2024021002,Brandon Schrader,Francois St-Laurent
2024021003,Ghislain Hebert,Jean Hebert
2024021004,Kelly Sutherland,Pierre Lambert
2024021005,Garrett Rank,Thomas John Luxmore
2024021006,Frederick L'Ecuyer,Jake Brenk
2024021007,Carter Sandlak,Gord Dwyer
2024021008,Brandon Blandina,Graham Skilliter
2024021009,Brian Pochmara,Justin Kea
2024021010,Brandon Schrader,Trevor Hanson
2024021011,Chris Schlenker,Peter MacDougall
2024021012,Cody Beach,Francois St-Laurent
2024021013,Furman South,Pierre Lambert
2024021014,Kelly Sutherland,Morgan MacPhee
2024021015,Francis Charron,Michael Markovic
2024021016,Mitch Dunning,Wes McCauley
2024021017,Jon McIsaac,Jordan Samuels-Thomas
2024021018,Carter Sandlak,Chris Rooney
2024021019,Brandon Blandina,Graham Skilliter
2024021020,Francois St-Laurent,Stephen Hiff
2024021021,Beau Halkidis,Thomas John Luxmore
2024021022,Garrett Rank,Jean Hebert
2024021023,Corey Syvret,Kyle Rehman
2024021024,Chris Rooney,Cody Beach
2024021025,Jake Brenk,Pierre Lambert
2024021026,Brian Pochmara,Michael Markovic
2024021027,Jon McIsaac,Kelly Sutherland
2024021028,Furman South,Thomas John Luxmore
2024021029,Francois St-Laurent,Wes McCauley
2024021030,Francis Charron,Justin Kea
2024021031,Brandon Blandina,Chris Schlenker
2024021032,Chris Lee,Tom Chmielewski
2024021033,Carter Sandlak,Trevor Hanson
2024021034,Eric Furlatt,Kyle Rehman
2024021035,Graedy Hamilton,Graham Skilliter
2024021036,Brandon Schrader,Frederick L'Ecuyer
2024021037,Chris Lee,Tom Chmielewski
2024021038,Chris Rooney,Corey Syvret
2024021039,Cody Beach,Trevor Hanson
2024021040,Garrett Rank,Jon McIsaac
2024021041,Kendrick Nicholson,Pierre Lambert
2024021042,Jake Brenk,Kelly Sutherland
2024021043,Brian Pochmara,Wes McCauley
2024021044,Mitch Dunning,Thomas John Luxmore
2024021045,Brandon Schrader,Frederick L'Ecuyer
2024021046,Brandon Blandina,Peter MacDougall
2024021047,Eric Furlatt,Gord Dwyer
2024021048,Chris Rooney,Morgan MacPhee
2024021049,Jake Brenk,Kelly Sutherland
2024021050,Furman South,Jean Hebert
2024021051,Chris Lee,Tom Chmielewski
2024021052,Chris Schlenker,Justin Kea
2024021053,Corey Syvret,Eric Furlatt
2024021054,Beau Halkidis,Trevor Hanson
2024021055,Brian Pochmara,Jon McIsaac
2024021056,Francois St-Laurent,Wes McCauley
2024021057,Chris Rooney,Graham Skilliter
2024021058,Francis Charron,Furman South
2024021059,Frederick L'Ecuyer,Kyle Rehman
2024021060,Garrett Rank,Ghislain Hebert
2024021061,Brandon Schrader,Thomas John Luxmore
2024021062,Mitch Dunning,Peter MacDougall
2024021063,Carter Sandlak,Chris Lee
2024021064,Gord Dwyer,Jordan Samuels-Thomas
2024021065,Justin Kea,Kendrick Nicholson
2024021066,Brandon Blandina,Jean Hebert
2024021067,Eric Furlatt,Trevor Hanson
2024021068,Cody Beach,Jake Brenk
2024021069,Francois St-Laurent,Michael Markovic
2024021070,Brandon Schrader,Francis Charron
2024021071,Chris Schlenker,Kendrick Nicholson
2024021072,Graham Skilliter,Justin Kea
2024021073,Garrett Rank,Kyle Rehman
2024021074,Furman South,Peter MacDougall
2024021075,Brandon Blandina,Chris Lee
2024021076,Brian Pochmara,Frederick L'Ecuyer
2024021077,Carter Sandlak,Pierre Lambert
2024021078,Francois St-Laurent,Kelly Sutherland
2024021079,Kyle Rehman,Michael Markovic
2024021080,Chris Lee,Mike Sullivan
2024021081,Cody Beach,Garrett Rank
2024021082,Furman South,Thomas John Luxmore
2024021083,Eric Furlatt,Justin Kea
2024021084,Carter Sandlak,Pierre Lambert
2024021085,Chris Schlenker,Graham Skilliter
2024021086,Beau Halkidis,Dan O'Rourke
2024021087,Kelly Sutherland,Kendrick Nicholson
2024021088,Corey Syvret,Jake Brenk
2024021089,Francois St-Laurent,Kendrick Nicholson
2024021090,Jon McIsaac,Riley Brace
2024021091,Stephen Hiff,Thomas John Luxmore
2024021092,Cody Beach,Frederick L'Ecuyer
2024021093,Chris Rooney,Justin Kea
2024021094,Michael Markovic,Peter MacDougall
2024021095,Corey Syvret,Pierre Lambert
2024021096,Furman South,Morgan MacPhee
2024021097,Kyle Rehman,Mitch Dunning
2024021098,Brandon Blandina,Jake Brenk
2024021099,Brandon Schrader,Dan O'Rourke
2024021100,Graedy Hamilton,Jean Hebert
2024021101,Beau Halkidis,Gord Dwyer
2024021102,Francis Charron,Jordan Samuels-Thomas
2024021103,Carter Sandlak,Chris Rooney
2024021104,Thomas John Luxmore,Wes McCauley
2024021105,Corey Syvret,Jake Brenk
2024021106,Mitch Dunning,Trevor Hanson
2024021107,Beau Halkidis,Brian Pochmara
2024021108,Jon McIsaac,Justin Kea
2024021109,Graedy Hamilton,Jean Hebert
2024021110,Kelly Sutherland,Michael Markovic
2024021111,Gord Dwyer,Graham Skilliter
2024021112,Eric Furlatt,Garrett Rank
2024021113,Cody Beach,Frederick L'Ecuyer
2024021114,Brandon Blandina,Pierre Lambert
2024021115,Chris Lee,Ghislain Hebert
2024021116,Brandon Schrader,Dan O'Rourke
2024021117,Chris Schlenker,Francis Charron
2024021118,Mitch Dunning,Trevor Hanson
2024021119,Kendrick Nicholson,Mike Sullivan
2024021120,Carter Sandlak,Peter MacDougall
2024021121,Brandon Blandina,Brian Pochmara
2024021122,Ghislain Hebert,Jean Hebert
2024021123,Chris Schlenker,Francis Charron
2024021124,Chris Lee,Graham Skilliter
2024021125,Frederick L'Ecuyer,Furman South
2024021126,Michael Markovic,Wes McCauley
2024021127,Mitch Dunning,Trevor Hanson
2024021128,Brandon Schrader,Gord Dwyer
2024021129,Furman South,Wes McCauley
2024021130,Jake Brenk,Michael Markovic
2024021131,Kelly Sutherland,Peter MacDougall
2024021132,Carter Sandlak,Eric Furlatt
2024021133,Jean Hebert,Justin Kea
2024021134,Brian Pochmara,Chris Rooney
2024021135,Garrett Rank,Kendrick Nicholson
2024021136,Corey Syvret,Graham Skilliter
2024021137,Chris Schlenker,Francois St-Laurent
2024021138,Brandon Schrader,Francis Charron
2024021139,Jon McIsaac,Thomas John Luxmore
2024021140,Jean Hebert,Trevor Hanson
2024021141,Francois St-Laurent,Garrett Rank
2024021142,Cody Beach,Graham Skilliter
2024021143,Jake Brenk,Stephen Hiff
2024021144,Chris Rooney,Dan O'Rourke
2024021145,Eric Furlatt,Justin Kea
2024021146,Beau Halkidis,Frederick L'Ecuyer
2024021147,Kelly Sutherland,Peter MacDougall
2024021148,Chris Lee,Jordan Samuels-Thomas
2024021149,Brian Pochmara,Gord Dwyer
2024021150,Francois St-Laurent,Garrett Rank
2024021151,Francis Charron,Graedy Hamilton
2024021152,Cody Beach,Kyle Rehman
2024021153,Eric Furlatt,Morgan MacPhee
2024021154,Peter MacDougall,Thomas John Luxmore
2024021155,Dan O'Rourke,Jake Brenk
2024021156,Corey Syvret,Pierre Lambert
2024021157,Jon McIsaac,Jordan Samuels-Thomas
2024021158,Mike Sullivan,Trevor Hanson
2024021159,Brandon Blandina,Furman South
2024021160,Justin Kea,Kendrick Nicholson
2024021161,Cody Beach,Francis Charron
2024021162,Brian Pochmara,Chris Rooney
2024021163,Carter Sandlak,Frederick L'Ecuyer
2024021164,Garrett Rank,Wes McCauley
2024021165,Chris Schlenker,Francois St-Laurent
2024021166,Gord Dwyer,Kelly Sutherland
2024021167,Chris Lee,Corey Syvret
2024021168,Brandon Schrader,Kyle Rehman
2024021169,Graham Skilliter,Michael Markovic
2024021170,Jean Hebert,Kendrick Nicholson
2024021171,Brandon Blandina,Thomas John Luxmore
2024021172,Graedy Hamilton,Pierre Lambert
2024021173,Jake Brenk,Mitch Dunning
2024021174,Dan O'Rourke,Eric Furlatt
2024021175,Morgan MacPhee,Peter MacDougall
2024021176,Brandon Schrader,Trevor Hanson
2024021177,Chris Schlenker,Francois St-Laurent
2024021178,Gord Dwyer,Justin Kea
2024021179,Riley Brace,Wes McCauley
2024021180,Cody Beach,Graham Skilliter
2024021181,Chris Lee,Michael Markovic
2024021182,Carter Sandlak,Wes McCauley
2024021183,Chris Rooney,Ghislain Hebert
2024021184,Eric Furlatt,Thomas John Luxmore
2024021185,Jean Hebert,Mitch Dunning
2024021186,Brandon Blandina,Kelly Sutherland
2024021187,Dan O'Rourke,Pierre Lambert
2024021188,Garrett Rank,Trevor Hanson
2024021189,Cody Beach,Graham Skilliter
2024021190,Furman South,Michael Markovic
2024021191,Brandon Schrader,Chris Lee
2024021192,Gord Dwyer,Jon McIsaac
2024021193,Brandon Blandina,Frederick L'Ecuyer
2024021194,Brian Pochmara,Francis Charron
2024021195,Dan O'Rourke,Pierre Lambert
2024021196,Kyle Rehman,Trevor Hanson
2024021197,Jake Brenk,Thomas John Luxmore
2024021198,Chris Rooney,Francis Charron
2024021199,Carter Sandlak,Jean Hebert
2024021200,Corey Syvret,Dan O'Rourke
2024021201,Chris Schlenker,Morgan MacPhee
2024021202,Garrett Rank,Kelly Sutherland
2024021203,Kyle Rehman,Peter MacDougall
2024021204,Chris Lee,Michael Markovic
2024021205,Furman South,Graham Skilliter
2024021206,Brian Pochmara,Kendrick Nicholson
2024021207,Beau Halkidis,Jon McIsaac
2024021208,Brandon Blandina,Francois St-Laurent
2024021209,Jean Hebert,Mitch Dunning
2024021210,Jake Brenk,Pierre Lambert
2024021211,Brandon Schrader,Gord Dwyer
2024021212,Graham Skilliter,Kyle Rehman
2024021213,Michael Markovic,Trevor Hanson
2024021214,Carter Sandlak,Jon McIsaac
2024021215,Corey Syvret,Francois St-Laurent
2024021216,Justin Kea,Kendrick Nicholson
2024021217,Chris Rooney,Francis Charron
2024021218,Chris Schlenker,Garrett Rank
2024021219,Furman South,Kelly Sutherland
2024021220,Eric Furlatt,Peter MacDougall
2024021221,Cody Beach,Stephen Hiff
2024021222,Jean Hebert,Mitch Dunning
2024021223,Brandon Schrader,Dan O'Rourke
2024021224,Frederick L'Ecuyer,Ghislain Hebert
2024021225,Francois St-Laurent,Wes McCauley
2024021226,Corey Syvret,Justin Kea
2024021227,Chris Schlenker,Graedy Hamilton
2024021228,Brian Pochmara,Gord Dwyer
2024021229,Eric Furlatt,Peter MacDougall
2024021230,Chris Rooney,Pierre Lambert
2024021231,Graham Skilliter,Kyle Rehman
2024021232,Kendrick Nicholson,Michael Markovic
2024021233,Cody Beach,Furman South
2024021234,Kelly Sutherland,Trevor Hanson
2024021235,Garrett Rank,Graedy Hamilton
2024021236,Frederick L'Ecuyer,Jon McIsaac
2024021237,Jean Hebert,Thomas John Luxmore
2024021238,Chris Rooney,Mitch Dunning
2024021239,Chris Lee,Pierre Lambert
2024021240,Alex Lepkowski,Francois St-Laurent
2024021241,Brandon Schrader,Dan O'Rourke
2024021242,Brian Pochmara,Wes McCauley
2024021243,Kendrick Nicholson,Peter MacDougall
2024021244,Chris Schlenker,Gord Dwyer
2024021245,Brandon Blandina,Jean Hebert
2024021246,Chris Rooney,Mitch Dunning
2024021247,Chris Schlenker,Graham Skilliter
2024021248,Carter Sandlak,Francis Charron
2024021249,Jake Brenk,Kelly Sutherland
2024021250,Furman South,Stephen Hiff
2024021251,Chris Lee,Frederick L'Ecuyer
2024021252,Eric Furlatt,Mitch Dunning
2024021253,Francois St-Laurent,Pierre Lambert
2024021254,Garrett Rank,Jon McIsaac
2024021255,Beau Halkidis,Brian Pochmara
2024021256,Jake Brenk,Kendrick Nicholson
2024021257,Jordan Samuels-Thomas,Peter MacDougall
2024021258,Kelly Sutherland,Mike Sullivan
2024021259,Corey Syvret,Justin Kea
2024021260,Gord Dwyer,Trevor Hanson
2024021261,Eric Furlatt,Thomas John Luxmore
2024021262,Brandon Blandina,Pierre Lambert
2024021263,Carter Sandlak,Cody Beach
2024021264,Francis Charron,Wes McCauley
2024021265,Dan O'Rourke,Francois St-Laurent
2024021266,Frederick L'Ecuyer,Furman South
2024021267,Justin Kea,Kyle Rehman
2024021268,Brandon Schrader,Michael Markovic
2024021269,Garrett Rank,Trevor Hanson
2024021270,Brian Pochmara,Jon McIsaac
2024021271,Beau Halkidis,Peter MacDougall
2024021272,Chris Lee,Corey Syvret
2024021273,Francis Charron,Jean Hebert
2024021274,Graedy Hamilton,Kendrick Nicholson
2024021275,Graham Skilliter,Jake Brenk
2024021276,Cody Beach,Gord Dwyer
2024021277,Eric Furlatt,Kelly Sutherland
2024021278,Brandon Blandina,Mitch Dunning
2024021279,Chris Rooney,Morgan MacPhee
2024021280,Brandon Schrader,Michael Markovic
2024021281,Dan O'Rourke,Francois St-Laurent
2024021282,Chris Schlenker,Thomas John Luxmore
2024021283,Carter Sandlak,Wes McCauley
2024021284,Justin Kea,Kyle Rehman
2024021285,Francis Charron,Graham Skilliter
2024021286,Eric Furlatt,Jon McIsaac
2024021287,Garrett Rank,Kelly Sutherland
2024021288,Corey Syvret,Stephen Hiff
2024021289,Jean Hebert,Wes McCauley
2024021290,Frederick L'Ecuyer,Trevor Hanson
2024021291,Brandon Blandina,Brandon Schrader
2024021292,Cody Beach,Peter MacDougall
2024021293,Carter Sandlak,Graham Skilliter
2024021294,Dan O'Rourke,Garrett Rank
2024021295,Eric Furlatt,Jake Brenk
2024021296,Brian Pochmara,Corey Syvret
2024021297,Chris Rooney,Gord Dwyer
2024021298,Chris Lee,Thomas John Luxmore
2024021299,Frederick L'Ecuyer,Pierre Lambert
2024021300,Kyle Rehman,Mitch Dunning
2024021301,Kendrick Nicholson,Wes McCauley
2024021302,Frederick L'Ecuyer,Morgan MacPhee
2024021303,Dan O'Rourke,Francois St-Laurent
2024021304,Gord Dwyer,Michael Markovic
2024021305,Chris Schlenker,Pierre Lambert
2024021306,Kyle Rehman,Mitch Dunning
2024021307,Liam Maaskant,Peter MacDougall
2024021308,Carter Sandlak,Furman South
2024021309,Brandon Blandina,Cody Beach
2024021310,Brian Pochmara,Francois St-Laurent
2024021311,Brandon Schrader,Justin Kea
2024021312,Chris Rooney,Thomas John Luxmore
2025020001,Eric Furlatt,Kelly Sutherland
2025020002,Jake Brenk,Wes McCauley
2025020003,Frederick L'Ecuyer,Thomas John Luxmore
2025020004,Furman South,Trevor Hanson
2025020005,Gord Dwyer,Mitch Dunning
2025020006,Brian Pochmara,Francis Charron
2025020007,Garrett Rank,Jean Hebert
2025020008,Chris Schlenker,Justin Kea
2025020009,Furman South,Trevor Hanson
2025020010,Chris Lee,Stephen Hiff
2025020011,Brandon Blandina,Kelly Sutherland
2025020012,Kendrick Nicholson,Wes McCauley
2025020013,Gord Dwyer,Mitch Dunning
2025020014,Corey Syvret,Eric Furlatt
2025020015,Carter Sandlak,Peter MacDougall
2025020016,Jake Brenk,Michael Markovic
2025020017,Brian Pochmara,Jordan Samuels-Thomas
2025020018,Graham Skilliter,Jean Hebert
2025020019,Francis Charron,Tom Chmielewski
2025020020,Frederick L'Ecuyer,Garrett Rank
2025020021,Pierre Lambert,Thomas John Luxmore
2025020022,Brian Pochmara,Cody Beach
2025020023,Jordan Samuels-Thomas,Pierre Lambert
2025020024,Corey Syvret,Michael Markovic
2025020025,Brandon Schrader,Peter MacDougall
2025020026,Brandon Blandina,Wes McCauley
2025020027,Carter Sandlak,Jake Brenk
2025020028,Chris Lee,Justin Kea
2025020029,Furman South,Kendrick Nicholson
2025020030,Beau Halkidis,Kelly Sutherland
2025020031,Chris Schlenker,Mitch Dunning
2025020032,Eric Furlatt,Mike Sullivan
2025020033,Morgan MacPhee,Trevor Hanson
2025020034,Frederick L'Ecuyer,Garrett Rank
2025020035,Kyle Rehman,Tom Chmielewski
2025020036,Graham Skilliter,Jean Hebert
2025020037,Francis Charron,Thomas John Luxmore
2025020038,Chris Lee,Corey Syvret
2025020039,Brandon Schrader,Peter MacDougall
2025020040,Beau Halkidis,Jake Brenk
2025020041,Brian Pochmara,Stephen Hiff
2025020042,Kelly Sutherland,Michael Markovic
2025020043,Cody Beach,Kendrick Nicholson
2025020044,Brandon Blandina,Francis Charron
2025020045,Furman South,Justin Kea
2025020046,Kyle Rehman,Pierre Lambert
2025020047,Chris Schlenker,Garrett Rank
2025020048,Jean Hebert,Morgan MacPhee
2025020049,Mitch Dunning,Peter MacDougall
2025020050,Brian Pochmara,Cody Beach
2025020051,Brandon Schrader,Chris Lee
2025020052,Francis Charron,Michael Markovic
2025020053,Graham Skilliter,Pierre Lambert
2025020054,Corey Syvret,Jean Hebert
2025020055,Jordan Samuels-Thomas,Kyle Rehman
2025020056,Gord Dwyer,Trevor Hanson
2025020057,Justin Kea,Kendrick Nicholson
2025020058,Brandon Blandina,Furman South
2025020059,Corey Syvret,Wes McCauley
2025020060,Gord Dwyer,Jordan Samuels-Thomas
2025020061,Garrett Rank,Justin Kea
2025020062,Cody Beach,Peter MacDougall
2025020063,Eric Furlatt,Mitch Dunning
2025020064,Francis Charron,Michael Markovic
2025020065,Mike Sullivan,Thomas John Luxmore
2025020066,Brandon Schrader,Frederick L'Ecuyer
2025020067,Carter Sandlak,Chris Lee
2025020068,Graedy Hamilton,Wes McCauley
2025020069,Chris Schlenker,Trevor Hanson
2025020070,Jake Brenk,Kyle Rehman
2025020071,Jordan Samuels-Thomas,Tom Chmielewski
2025020072,Carter Sandlak,Garrett Rank
2025020073,Brandon Schrader,Thomas John Luxmore
2025020074,Furman South,Kelly Sutherland
2025020075,Chris Schlenker,Trevor Hanson
2025020076,Beau Halkidis,Frederick L'Ecuyer
2025020077,Cody Beach,Peter MacDougall
2025020078,Dan O'Rourke,Jean Hebert
2025020079,Brandon Blandina,Michael Markovic
2025020080,Mitch Dunning,Pierre Lambert
2025020081,Francis Charron,Stephen Hiff
2025020082,Garrett Rank,Morgan MacPhee
2025020083,Furman South,Kelly Sutherland
2025020084,Graham Skilliter,Kendrick Nicholson
2025020085,Corey Syvret,Wes McCauley
2025020086,Chris Schlenker,Jordan Samuels-Thomas
2025020087,Jake Brenk,Kyle Rehman
2025020088,Alex Lepkowski,Tom Chmielewski
2025020089,Carter Sandlak,Jean Hebert
2025020090,Eric Furlatt,Justin Kea
2025020091,Frederick L'Ecuyer,Thomas John Luxmore
2025020092,Brandon Schrader,Tom Chmielewski
2025020093,Dan O'Rourke,Mike Sullivan
2025020094,Furman South,Jean Hebert
2025020095,Graham Skilliter,Jon McIsaac
2025020096,Chris Schlenker,Kendrick Nicholson
2025020097,Jake Brenk,Tom Chmielewski
2025020098,Beau Halkidis,Graham Skilliter
2025020099,Jon McIsaac,Michael Markovic
2025020100,Peter MacDougall,Pierre Lambert
2025020101,Brandon Blandina,Thomas John Luxmore
2025020102,Dan O'Rourke,Liam Maaskant
2025020103,Jordan Samuels-Thomas,Kelly Sutherland
2025020104,Eric Furlatt,Stephen Hiff
2025020105,Gord Dwyer,Wes McCauley
2025020106,Corey Syvret,Frederick L'Ecuyer
2025020107,Graedy Hamilton,Jake Brenk
2025020108,Jordan Samuels-Thomas,Kelly Sutherland
2025020109,Michael Markovic,Pierre Lambert
2025020110,Morgan MacPhee,Trevor Hanson
2025020111,Francis Charron,Jon McIsaac
2025020112,Furman South,Graham Skilliter
2025020113,Stephen Hiff,Thomas John Luxmore
2025020114,Carter Sandlak,Jean Hebert
2025020115,Jordan Samuels-Thomas,Kyle Rehman
2025020116,Brandon Blandina,Peter MacDougall
2025020117,Gord Dwyer,Mitch Dunning
2025020118,Corey Syvret,Eric Furlatt
2025020119,Brandon Schrader,Chris Lee
2025020120,Justin Kea,Trevor Hanson
2025020121,Cody Beach,Tom Chmielewski
2025020122,Chris Schlenker,Garrett Rank
2025020123,Jon McIsaac,Kyle Rehman
2025020124,Kelly Sutherland,Michael Markovic
2025020125,Pierre Lambert,Riley Brace
2025020126,Garrett Rank,Trevor Hanson
2025020127,Brandon Blandina,Kendrick Nicholson
2025020128,Furman South,Peter MacDougall
2025020129,Chris Lee,Frederick L'Ecuyer
2025020130,Eric Furlatt,Mitch Dunning
2025020131,Justin Kea,Tom Chmielewski
2025020132,Chris Schlenker,Jake Brenk
2025020133,Alex Lepkowski,Francis Charron
2025020134,Kyle Rehman,Pierre Lambert
2025020135,Jordan Samuels-Thomas,Kelly Sutherland
2025020136,Brandon Schrader,Graham Skilliter
2025020137,Carter Sandlak,Dan O'Rourke
2025020138,Cody Beach,Jean Hebert
2025020139,Graedy Hamilton,Wes McCauley
2025020140,Brandon Blandina,Kendrick Nicholson
2025020141,Frederick L'Ecuyer,Mitch Dunning
2025020142,Francis Charron,Tom Chmielewski
2025020143,Corey Syvret,Garrett Rank
2025020144,Cody Beach,Gord Dwyer
2025020145,Justin Kea,Thomas John Luxmore
2025020146,Brandon Schrader,Graham Skilliter
2025020147,Trevor Hanson,Wes McCauley
2025020148,Chris Lee,Jordan Samuels-Thomas
2025020149,Chris Schlenker,Jake Brenk
2025020150,Chris Lee,Michael Markovic
2025020151,Eric Furlatt,Jake Brenk
2025020152,Brandon Blandina,Kendrick Nicholson
2025020153,Dan O'Rourke,Mitch Dunning
2025020154,Kelly Sutherland,Pierre Lambert
2025020155,Carter Sandlak,Thomas John Luxmore
2025020156,Beau Halkidis,Jean Hebert
2025020157,Gord Dwyer,Morgan MacPhee
2025020158,Frederick L'Ecuyer,Mike Sullivan
2025020159,Cody Beach,Francis Charron
2025020160,Jordan Samuels-Thomas,Tom Chmielewski
2025020161,Stephen Hiff,Trevor Hanson
2025020162,Garrett Rank,Graham Skilliter
2025020163,Corey Syvret,Jon McIsaac
2025020164,Brandon Schrader,Wes McCauley
2025020165,Graedy Hamilton,Kyle Rehman
2025020166,Justin Kea,Tom Chmielewski
2025020167,Beau Halkidis,Chris Lee
2025020168,Kendrick Nicholson,Liam Maaskant
2025020169,Carter Sandlak,Dan O'Rourke
2025020170,Alex Lepkowski,Kelly Sutherland
2025020171,Frederick L'Ecuyer,Michael Markovic
2025020172,Jean Hebert,Pierre Lambert
2025020173,Garrett Rank,Gord Dwyer
2025020174,Eric Furlatt,Jon McIsaac
2025020175,Chris Schlenker,Peter MacDougall
2025020176,Corey Syvret,Wes McCauley
2025020177,Furman South,Trevor Hanson
2025020178,Brandon Schrader,Kyle Rehman
2025020179,Chris Lee,Morgan MacPhee
2025020180,Corey Syvret,Wes McCauley
2025020181,Alex Lepkowski,Dan O'Rourke
2025020182,Jon McIsaac,Riley Brace
2025020183,Gord Dwyer,Justin Kea
2025020184,Chris Schlenker,Furman South
2025020185,Carter Sandlak,Jake Brenk
2025020186,Garrett Rank,Liam Maaskant
2025020187,Eric Furlatt,Thomas John Luxmore
2025020188,Jean Hebert,Mike Sullivan
2025020189,Kelly Sutherland,Mitch Dunning
2025020190,Brandon Blandina,Pierre Lambert
2025020191,Brandon Schrader,Kyle Rehman
2025020192,Cody Beach,Peter MacDougall
2025020193,Graham Skilliter,Jordan Samuels-Thomas
2025020194,Chris Schlenker,Trevor Hanson
2025020195,Jean Hebert,Mitch Dunning
2025020196,Dan O'Rourke,Justin Kea
2025020197,Furman South,Tom Chmielewski
2025020198,Brandon Schrader,Graham Skilliter
2025020199,Jon McIsaac,Thomas John Luxmore
2025020200,Brandon Blandina,Frederick L'Ecuyer
2025020201,Francis Charron,Jake Brenk
2025020202,Jordan Samuels-Thomas,Kyle Rehman
2025020203,Mitch Dunning,Thomas John Luxmore
2025020204,Garrett Rank,Pierre Lambert
2025020205,Justin Kea,Wes McCauley
2025020206,Jean Hebert,Morgan MacPhee
2025020207,Francis Charron,Jake Brenk
2025020208,Furman South,Trevor Hanson
2025020209,Corey Syvret,Gord Dwyer
2025020210,Graedy Hamilton,Kendrick Nicholson
2025020211,Chris Schlenker,Kyle Rehman
2025020212,Jordan Samuels-Thomas,Tom Chmielewski
2025020213,Carter Sandlak,Pierre Lambert
2025020214,Peter MacDougall,Wes McCauley
2025020215,Frederick L'Ecuyer,Stephen Hiff
2025020216,Graham Skilliter,Michael Markovic
2025020217,Chris Lee,Cody Beach
2025020218,Mitch Dunning,Thomas John Luxmore
2025020219,Carter Sandlak,Francis Charron
2025020220,Jon McIsaac,Liam Maaskant
2025020221,Brandon Blandina,Jake Brenk
2025020222,Peter MacDougall,Wes McCauley
2025020223,Brandon Schrader,Gord Dwyer
2025020224,Eric Furlatt,Furman South
2025020225,Kendrick Nicholson,Tom Chmielewski
2025020226,Corey Syvret,Kelly Sutherland
2025020227,Brandon Blandina,Pierre Lambert
2025020228,Carter Sandlak,Jon McIsaac
2025020229,Frederick L'Ecuyer,Michael Markovic
2025020230,Chris Lee,Cody Beach
2025020231,Brandon Schrader,Garrett Rank
2025020232,Justin Kea,Peter MacDougall
2025020233,Graham Skilliter,Mike Sullivan
2025020234,Brandon Blandina,Kyle Rehman
2025020235,Francis Charron,Thomas John Luxmore
2025020236,Eric Furlatt,Jean Hebert
2025020237,Jon McIsaac,Riley Brace
2025020238,Liam Maaskant,Wes McCauley
2025020239,Chris Schlenker,Gord Dwyer
2025020240,Frederick L'Ecuyer,Michael Markovic
2025020241,Jordan Samuels-Thomas,Kendrick Nicholson
2025020242,Chris Lee,Kelly Sutherland
2025020243,Corey Syvret,Trevor Hanson
2025020244,Carter Sandlak,Garrett Rank
2025020245,Furman South,Peter MacDougall
2025020246,Francis Charron,Thomas John Luxmore
2025020247,Kyle Rehman,Pierre Lambert
2025020248,Beau Halkidis,Graham Skilliter
2025020249,Chris Schlenker,Mitch Dunning
2025020250,Cody Beach,Kendrick Nicholson
2025020251,Corey Syvret,Kelly Sutherland
2025020252,Jake Brenk,Justin Kea
2025020253,Brandon Schrader,Furman South
2025020254,Jordan Samuels-Thomas,Tom Chmielewski
2025020255,Chris Lee,Stephen Hiff
2025020256,Eric Furlatt,Justin Kea
2025020257,Francois St-Laurent,Michael Markovic
2025020258,Kyle Rehman,Riley Brace
2025020259,Brandon Schrader,Graham Skilliter
2025020260,Beau Halkidis,Jon McIsaac
2025020261,Garrett Rank,Mitch Dunning
2025020262,Chris Schlenker,Jean Hebert
2025020263,Graedy Hamilton,Tom Chmielewski
2025020264,Corey Syvret,Kelly Sutherland
2025020265,Brandon Schrader,Gord Dwyer
2025020266,Carter Sandlak,Jake Brenk
2025020267,Jordan Samuels-Thomas,Kelly Sutherland
2025020268,Garrett Rank,Jon McIsaac
2025020269,Brandon Blandina,Kendrick Nicholson
2025020270,Eric Furlatt,Kyle Rehman
2025020271,Francois St-Laurent,Michael Markovic
2025020272,Jon McIsaac,Peter MacDougall
2025020273,Gord Dwyer,Graham Skilliter
2025020274,Liam Maaskant,Thomas John Luxmore
2025020275,Jean Hebert,Riley Brace
2025020276,Furman South,Tom Chmielewski
2025020277,Chris Schlenker,Cody Beach
2025020278,Francis Charron,Mitch Dunning
2025020279,Carter Sandlak,Pierre Lambert
2025020280,Peter MacDougall,Wes McCauley
2025020281,Frederick L'Ecuyer,Trevor Hanson
2025020282,Cody Beach,Francis Charron
2025020283,Graham Skilliter,Jon McIsaac
2025020284,Jake Brenk,Morgan MacPhee
2025020285,Francois St-Laurent,Kendrick Nicholson
2025020286,Brandon Blandina,Eric Furlatt
2025020287,Corey Syvret,Michael Markovic
2025020288,Beau Halkidis,Kyle Rehman
2025020289,Carter Sandlak,Pierre Lambert
2025020290,Justin Kea,Thomas John Luxmore
2025020291,Graedy Hamilton,Wes McCauley
2025020292,Gord Dwyer,Stephen Hiff
2025020293,Chris Lee,Tom Chmielewski
2025020294,Chris Schlenker,Furman South
2025020295,Jean Hebert,Mitch Dunning
2025020296,Frederick L'Ecuyer,Trevor Hanson
2025020297,Jon McIsaac,Peter MacDougall
2025020298,Cody Beach,Jake Brenk
2025020299,Justin Kea,Kelly Sutherland
2025020300,Chris Lee,Francis Charron
2025020301,Garrett Rank,Mike Sullivan
2025020302,Corey Syvret,Kendrick Nicholson
2025020303,Jordan Samuels-Thomas,Peter MacDougall
2025020304,Carter Sandlak,Pierre Lambert
2025020305,Brandon Blandina,Wes McCauley
2025020306,Brandon Schrader,Chris Lee
2025020307,Corey Syvret,Michael Markovic
2025020308,Jake Brenk,Kendrick Nicholson
2025020309,Jordan Samuels-Thomas,Thomas John Luxmore
2025020310,Gord Dwyer,Stephen Hiff
2025020311,Chris Schlenker,Cody Beach
2025020312,Beau Halkidis,Kelly Sutherland
2025020313,Francis Charron,Kyle Rehman
2025020314,Brandon Schrader,Eric Furlatt
2025020315,Francois St-Laurent,Garrett Rank
2025020316,Carter Sandlak,Wes McCauley
2025020317,Chris Lee,Justin Kea
2025020318,Brandon Schrader,Kyle Rehman
2025020319,Furman South,Peter MacDougall
2025020320,Corey Syvret,Jake Brenk
2025020321,Garrett Rank,Mitch Dunning
2025020322,Jordan Samuels-Thomas,Kelly Sutherland
2025020323,Thomas John Luxmore,Tom Chmielewski
2025020324,Jon McIsaac,Mike Sullivan
2025020325,Jean Hebert,Justin Kea
2025020326,Gord Dwyer,Michael Markovic
2025020327,Eric Furlatt,Liam Maaskant
2025020328,Chris Schlenker,Morgan MacPhee
2025020329,Graedy Hamilton,Trevor Hanson
2025020330,Alex Lepkowski,Francis Charron
2025020331,Furman South,Peter MacDougall
2025020332,Jean Hebert,Kendrick Nicholson
2025020333,Brandon Blandina,Graham Skilliter
2025020334,Cody Beach,Eric Furlatt
2025020335,Jon McIsaac,Kyle Rehman
2025020336,Jake Brenk,Thomas John Luxmore
2025020337,Chris Lee,Justin Kea
2025020338,Frederick L'Ecuyer,Wes McCauley
2025020339,Corey Syvret,Jean Hebert
2025020340,Kendrick Nicholson,Stephen Hiff
2025020341,Mitch Dunning,Tom Chmielewski
2025020342,Chris Schlenker,Gord Dwyer
2025020343,Jordan Samuels-Thomas,Kelly Sutherland
2025020344,Cody Beach,Trevor Hanson
2025020345,Brandon Blandina,Francois St-Laurent
2025020346,Eric Furlatt,Michael Markovic
2025020347,Furman South,Garrett Rank
2025020348,Beau Halkidis,Graham Skilliter
2025020349,Peter MacDougall,Tom Chmielewski
2025020350,Carter Sandlak,Pierre Lambert
2025020351,Gord Dwyer,Michael Markovic
2025020352,Brandon Blandina,Francois St-Laurent
2025020353,Frederick L'Ecuyer,Wes McCauley
2025020354,Chris Lee,Tom Chmielewski
2025020355,Mitch Dunning,Thomas John Luxmore
2025020356,Jean Hebert,Justin Kea
2025020357,Kyle Rehman,Pierre Lambert
2025020358,Gord Dwyer,Morgan MacPhee
2025020359,Michael Markovic,Trevor Hanson
2025020360,Brandon Blandina,Francois St-Laurent
2025020361,Chris Lee,Peter MacDougall
2025020362,Stephen Hiff,Thomas John Luxmore
2025020363,Beau Halkidis,Jean Hebert
2025020364,Eric Furlatt,Francis Charron
2025020365,Kelly Sutherland,Liam Maaskant
2025020366,Justin Kea,Pierre Lambert
2025020367,Frederick L'Ecuyer,Wes McCauley
2025020368,Jon McIsaac,Mitch Dunning
2025020369,Carter Sandlak,Chris Schlenker
2025020370,Furman South,Kyle Rehman
2025020371,Kendrick Nicholson,Tom Chmielewski
2025020372,Jordan Samuels-Thomas,Trevor Hanson
2025020373,Brandon Schrader,Graham Skilliter
2025020374,Cody Beach,Garrett Rank
2025020375,Corey Syvret,Michael Markovic
2025020376,Jake Brenk,Pierre Lambert
2025020377,Chris Schlenker,Justin Kea
2025020378,Brandon Schrader,Chris Lee
2025020379,Mitch Dunning,Peter MacDougall
2025020380,Jean Hebert,Thomas John Luxmore
2025020381,Eric Furlatt,Francis Charron
2025020382,Carter Sandlak,Cody Beach
2025020383,Corey Syvret,Jordan Samuels-Thomas
2025020384,Graham Skilliter,Trevor Hanson
2025020385,Garrett Rank,Riley Brace
2025020386,Jon McIsaac,Kelly Sutherland
2025020387,Francois St-Laurent,Frederick L'Ecuyer
2025020388,Brandon Blandina,Furman South
2025020389,Kendrick Nicholson,Mike Sullivan
2025020390,Gord Dwyer,Stephen Hiff
2025020391,Chris Schlenker,Eric Furlatt
2025020392,Garrett Rank,Liam Maaskant
2025020393,Graedy Hamilton,Tom Chmielewski
2025020394,Alex Lepkowski,Frederick L'Ecuyer
2025020395,Jake Brenk,Pierre Lambert
2025020396,Francis Charron,Morgan MacPhee
2025020397,Carter Sandlak,Wes McCauley
2025020398,Chris Lee,Kendrick Nicholson
2025020399,Brandon Schrader,Cody Beach
2025020400,Graham Skilliter,Jordan Samuels-Thomas
2025020401,Corey Syvret,Kyle Rehman
2025020402,Kelly Sutherland,Michael Markovic
2025020403,Brandon Blandina,Gord Dwyer
2025020404,Beau Halkidis,Peter MacDougall
2025020405,Kendrick Nicholson,Wes McCauley
2025020406,Chris Schlenker,Francois St-Laurent
2025020407,Francis Charron,Michael Markovic
2025020408,Brandon Blandina,Trevor Hanson
2025020409,Cody Beach,Garrett Rank
2025020410,Jon McIsaac,Justin Kea
2025020411,Jean Hebert,Pierre Lambert
2025020412,Cody Beach,Garrett Rank
2025020413,Gord Dwyer,Wes McCauley
2025020414,Furman South,Trevor Hanson
2025020415,Chris Lee,Michael Markovic
2025020416,Kendrick Nicholson,Stephen Hiff
2025020417,Mitch Dunning,Tom Chmielewski
2025020418,Graham Skilliter,Kyle Rehman
2025020419,Brandon Schrader,Jon McIsaac
2025020420,Jake Brenk,Justin Kea
2025020421,Furman South,Kelly Sutherland
2025020422,Jean Hebert,Mike Sullivan
2025020423,Chris Schlenker,Francois St-Laurent
2025020424,Jake Brenk,Justin Kea
2025020425,Brandon Schrader,Jon McIsaac
2025020426,Chris Lee,Furman South
2025020427,Jean Hebert,Mike Sullivan
2025020428,Corey Syvret,Wes McCauley
2025020429,Brandon Blandina,Francis Charron
2025020430,Francois St-Laurent,Jordan Samuels-Thomas
2025020431,Gord Dwyer,Trevor Hanson
2025020432,Michael Markovic,Thomas John Luxmore
2025020433,Eric Furlatt,Frederick L'Ecuyer
2025020434,Carter Sandlak,Kyle Rehman
2025020435,Jake Brenk,Mitch Dunning
2025020436,Gord Dwyer,Graedy Hamilton
2025020437,Pierre Lambert,Tom Chmielewski
2025020438,Justin Kea,Thomas John Luxmore
2025020439,Frederick L'Ecuyer,Kyle Rehman
2025020440,Mitch Dunning,Peter MacDougall
2025020441,Furman South,Trevor Hanson
2025020442,Brandon Schrader,Francis Charron
2025020443,Chris Lee,Gord Dwyer
2025020444,Garrett Rank,Kelly Sutherland
2025020445,Graham Skilliter,Kendrick Nicholson
2025020446,Brandon Blandina,Corey Syvret
2025020447,Francois St-Laurent,Jordan Samuels-Thomas
2025020448,Pierre Lambert,Tom Chmielewski
2025020449,Mitch Dunning,Peter MacDougall
2025020450,Cody Beach,Eric Furlatt
2025020451,Carter Sandlak,Frederick L'Ecuyer
2025020452,Jake Brenk,Kyle Rehman
2025020453,Alex Lepkowski,Jon McIsaac
2025020454,Brandon Schrader,Jean Hebert
2025020455,Riley Brace,Thomas John Luxmore
2025020456,Liam Maaskant,Wes McCauley
2025020457,Graham Skilliter,Kelly Sutherland
2025020458,Chris Lee,Furman South
2025020459,Jordan Samuels-Thomas,Trevor Hanson
2025020460,Beau Halkidis,Peter MacDougall
2025020461,Francois St-Laurent,Graham Skilliter
2025020462,Frederick L'Ecuyer,Wes McCauley
2025020463,Garrett Rank,Jake Brenk
2025020464,Chris Schlenker,Eric Furlatt
2025020465,Carter Sandlak,Pierre Lambert
2025020466,Francis Charron,Michael Markovic
2025020467,Francois St-Laurent,Kelly Sutherland
2025020468,Kyle Rehman,Mike Sullivan
2025020469,Jordan Samuels-Thomas,Kendrick Nicholson
2025020470,Jon McIsaac,Justin Kea
2025020471,Brandon Schrader,Chris Lee
2025020472,Peter MacDougall,Tom Chmielewski
2025020473,Garrett Rank,Jake Brenk
2025020474,Eric Furlatt,Stephen Hiff
2025020475,Mitch Dunning,Thomas John Luxmore
2025020476,Gord Dwyer,Tom Chmielewski
2025020477,Eric Furlatt,Graham Skilliter
2025020478,Chris Schlenker,Pierre Lambert
2025020479,Cody Beach,Wes McCauley
2025020480,Francis Charron,Michael Markovic
2025020481,Frederick L'Ecuyer,Kyle Rehman
2025020482,Francois St-Laurent,Jon McIsaac
2025020483,Brandon Blandina,Corey Syvret
2025020484,Mitch Dunning,Peter MacDougall
2025020485,Furman South,Kendrick Nicholson
2025020486,Alex Lepkowski,Gord Dwyer
2025020487,Graedy Hamilton,Tom Chmielewski
2025020488,Chris Lee,Justin Kea
2025020489,Kelly Sutherland,Liam Maaskant
2025020490,Chris Schlenker,Trevor Hanson
2025020491,Garrett Rank,Graham Skilliter
2025020492,Cody Beach,Wes McCauley
2025020493,Justin Kea,Pierre Lambert
2025020494,Chris Schlenker,Wes McCauley
2025020495,Brandon Blandina,Kendrick Nicholson
2025020496,Graedy Hamilton,Jon McIsaac
2025020497,Carter Sandlak,Francis Charron
2025020498,Frederick L'Ecuyer,Jake Brenk
2025020499,Brian Pochmara,Furman South
2025020500,Corey Syvret,Kyle Rehman
2025020501,Mike Sullivan,Thomas John Luxmore
2025020502,Mitch Dunning,Peter MacDougall
2025020503,Garrett Rank,Michael Markovic
2025020504,Francois St-Laurent,Stephen Hiff
2025020505,Morgan MacPhee,Trevor Hanson
2025020506,Cody Beach,Tom Chmielewski
2025020507,Chris Lee,Jordan Samuels-Thomas
2025020508,Brandon Schrader,Kendrick Nicholson
2025020509,Carter Sandlak,Francis Charron
2025020510,Brandon Blandina,Frederick L'Ecuyer
2025020511,Jon McIsaac,Justin Kea
2025020512,Brian Pochmara,Furman South
2025020513,Chris Schlenker,Graham Skilliter
2025020514,Eric Furlatt,Gord Dwyer
2025020515,Brandon Schrader,Thomas John Luxmore
2025020516,Michael Markovic,Tom Chmielewski
2025020517,Corey Syvret,Trevor Hanson
2025020518,Chris Lee,Justin Kea
2025020519,Brandon Blandina,Thomas John Luxmore
2025020520,Carter Sandlak,Kendrick Nicholson
2025020521,Furman South,Pierre Lambert
2025020522,Jordan Samuels-Thomas,Trevor Hanson
2025020523,Beau Halkidis,Francois St-Laurent
2025020524,Jake Brenk,Mitch Dunning
2025020525,Brandon Schrader,Francis Charron
2025020526,Corey Syvret,Kyle Rehman
2025020527,Graedy Hamilton,Graham Skilliter
2025020528,Cody Beach,Kelly Sutherland
2025020529,Garrett Rank,Jon McIsaac
2025020530,Francis Charron,Mike Sullivan
2025020531,Jordan Samuels-Thomas,Kyle Rehman
2025020532,Eric Furlatt,Gord Dwyer
2025020533,Chris Lee,Cody Beach
2025020534,Mitch Dunning,Peter MacDougall
2025020535,Michael Markovic,Trevor Hanson
2025020536,Frederick L'Ecuyer,Thomas John Luxmore
2025020537,Beau Halkidis,Pierre Lambert
2025020538,Garrett Rank,Jon McIsaac
2025020539,Brandon Schrader,Jake Brenk
2025020540,Mike Sullivan,Wes McCauley
2025020541,Jordan Samuels-Thomas,Kyle Rehman
2025020542,Chris Schlenker,Corey Syvret
2025020543,Graedy Hamilton,Kelly Sutherland
2025020544,Eric Furlatt,Justin Kea
2025020545,Jake Brenk,Peter MacDougall
2025020546,Chris Lee,Stephen Hiff
2025020547,Chris Schlenker,Cody Beach
2025020548,Carter Sandlak,Graham Skilliter
2025020549,Jake Brenk,Wes McCauley
2025020550,Brandon Blandina,Francis Charron
2025020551,Beau Halkidis,Thomas John Luxmore
2025020552,Kelly Sutherland,Trevor Hanson
2025020553,Brandon Schrader,Furman South
2025020554,Jon McIsaac,Michael Markovic
2025020555,Brian Pochmara,Jordan Samuels-Thomas
2025020556,Frederick L'Ecuyer,Peter MacDougall
2025020557,Garrett Rank,Justin Kea
2025020558,Pierre Lambert,Tom Chmielewski
2025020559,Corey Syvret,Kendrick Nicholson
2025020560,Carter Sandlak,Graham Skilliter
2025020561,Cody Beach,Francois St-Laurent
2025020562,Chris Lee,Kyle Rehman
2025020563,Chris Schlenker,Kelly Sutherland
2025020564,Frederick L'Ecuyer,Jordan Samuels-Thomas
2025020565,Brandon Blandina,Wes McCauley
2025020566,Brian Pochmara,Mike Sullivan
2025020567,Jon McIsaac,Justin Kea
2025020568,Pierre Lambert,Tom Chmielewski
2025020569,Carter Sandlak,Francois St-Laurent
2025020570,Gord Dwyer,Kendrick Nicholson
2025020571,Michael Markovic,Thomas John Luxmore
2025020572,Furman South,Liam Maaskant
2025020573,Alex Lepkowski,Trevor Hanson
2025020574,Graham Skilliter,Riley Brace
2025020575,Garrett Rank,Kendrick Nicholson
2025020576,Jordan Samuels-Thomas,Kelly Sutherland
2025020577,Brandon Blandina,Furman South
2025020578,Brandon Schrader,Eric Furlatt
2025020579,Brian Pochmara,Peter MacDougall
2025020580,Beau Halkidis,Frederick L'Ecuyer
2025020581,Francis Charron,Francois St-Laurent
2025020582,Chris Lee,Stephen Hiff
2025020583,Justin Kea,Tom Chmielewski
2025020584,Corey Syvret,Wes McCauley
2025020585,Cody Beach,Gord Dwyer
2025020586,Carter Sandlak,Kyle Rehman
2025020587,Graham Skilliter,Trevor Hanson
2025020588,Brandon Blandina,Carter Sandlak
2025020589,Liam Maaskant,Thomas John Luxmore
2025020590,Brandon Schrader,Brian Pochmara
2025020591,Kelly Sutherland,Wes McCauley
2025020592,Francis Charron,Morgan MacPhee
2025020593,Beau Halkidis,Francois St-Laurent
2025020594,Peter MacDougall,Pierre Lambert
2025020595,Garrett Rank,Jake Brenk
2025020596,Corey Syvret,Gord Dwyer
2025020597,Kyle Rehman,Tom Chmielewski
2025020598,Michael Markovic,Trevor Hanson
2025020599,Chris Lee,Graham Skilliter
2025020600,Chris Schlenker,Jon McIsaac
2025020601,Furman South,Thomas John Luxmore
2025020602,Cody Beach,Kendrick Nicholson
2025020603,Brandon Blandina,Eric Furlatt
2025020604,Corey Syvret,Jake Brenk
2025020605,Chris Lee,Graedy Hamilton
2025020606,Frederick L'Ecuyer,Stephen Hiff
2025020607,Cody Beach,Kendrick Nicholson
2025020608,Carter Sandlak,Wes McCauley
2025020609,Peter MacDougall,Pierre Lambert
2025020610,Garrett Rank,Thomas John Luxmore
2025020611,Francis Charron,Justin Kea
2025020612,Jordan Samuels-Thomas,Kyle Rehman
2025020613,Michael Markovic,Trevor Hanson
2025020614,Graham Skilliter,Tom Chmielewski
2025020615,Chris Lee,Chris Schlenker
2025020616,Gord Dwyer,Jon McIsaac
2025020617,Frederick L'Ecuyer,Stephen Hiff
2025020618,Cody Beach,Kendrick Nicholson
2025020619,Brandon Blandina,Corey Syvret
2025020620,Brian Pochmara,Wes McCauley
2025020621,Gord Dwyer,Trevor Hanson
2025020622,Francois St-Laurent,Morgan MacPhee
2025020623,Furman South,Kyle Rehman
2025020624,Francis Charron,Jordan Samuels-Thomas
2025020625,Brandon Schrader,Jon McIsaac
2025020626,Carter Sandlak,Wes McCauley
2025020627,Alex Lepkowski,Jake Brenk
2025020628,Beau Halkidis,Graham Skilliter
2025020629,Justin Kea,Tom Chmielewski
2025020630,Chris Schlenker,Peter MacDougall
2025020631,Michael Markovic,Trevor Hanson
2025020632,Pierre Lambert,Riley Brace
2025020633,Kendrick Nicholson,Mike Sullivan
2025020634,Frederick L'Ecuyer,Kelly Sutherland
2025020635,Cody Beach,Jake Brenk
2025020636,Brandon Blandina,Corey Syvret
2025020637,Alex Lepkowski,Chris Lee
2025020638,Brian Pochmara,Jon McIsaac
2025020639,Brandon Schrader,Francis Charron
2025020640,Beau Halkidis,Wes McCauley
2025020641,Garrett Rank,Thomas John Luxmore
2025020642,Brian Pochmara,Justin Kea
2025020643,Furman South,Graham Skilliter
2025020644,Chris Lee,Michael Markovic
2025020645,Alex Lepkowski,Chris Rooney
2025020646,Cody Beach,Francois St-Laurent
2025020647,Jon McIsaac,Tom Chmielewski
2025020648,Carter Sandlak,Corey Syvret
2025020649,Brandon Schrader,Trevor Hanson
2025020650,Eric Furlatt,Gord Dwyer
2025020651,Jean Hebert,Peter MacDougall
2025020652,Brandon Blandina,Kendrick Nicholson
2025020653,Frederick L'Ecuyer,Jake Brenk
2025020654,Kelly Sutherland,Morgan MacPhee
2025020655,Chris Schlenker,Furman South
2025020656,Graham Skilliter,Justin Kea
2025020657,Jordan Samuels-Thomas,Wes McCauley
2025020658,Chris Lee,Cody Beach
2025020659,Pierre Lambert,Thomas John Luxmore
2025020660,Jean Hebert,Peter MacDougall
2025020661,Carter Sandlak,Francois St-Laurent
2025020662,Brandon Blandina,Chris Rooney
2025020663,Dan O'Rourke,Michael Markovic
2025020664,Garrett Rank,Gord Dwyer
2025020665,Kelly Sutherland,Tom Chmielewski
2025020666,Chris Schlenker,Kyle Rehman
2025020667,Francois St-Laurent,Mike Sullivan
2025020668,Pierre Lambert,Thomas John Luxmore
2025020669,Jean Hebert,Peter MacDougall
2025020670,Frederick L'Ecuyer,Michael Markovic
2025020671,Jon McIsaac,Jordan Samuels-Thomas
2025020672,Francis Charron,Gord Dwyer
2025020673,Cody Beach,Tom Chmielewski
2025020674,Graham Skilliter,Kelly Sutherland
2025020675,Corey Syvret,Kyle Rehman
2025020676,Carter Sandlak,Eric Furlatt
2025020677,Frederick L'Ecuyer,Liam Maaskant
2025020678,Garrett Rank,Gord Dwyer
2025020679,Brandon Schrader,Francis Charron
2025020680,Carter Sandlak,Trevor Hanson
2025020681,Corey Syvret,Kendrick Nicholson
2025020682,Furman South,Pierre Lambert
2025020683,Kelly Sutherland,Tom Chmielewski
2025020684,Beau Halkidis,Jean Hebert
2025020685,Michael Markovic,Peter MacDougall
2025020686,Jon McIsaac,Morgan MacPhee
2025020687,Francois St-Laurent,Riley Brace
2025020688,Chris Rooney,Jordan Samuels-Thomas
2025020689,Brandon Schrader,Jake Brenk
2025020690,Justin Kea,Thomas John Luxmore
2025020691,Chris Lee,Stephen Hiff
2025020692,Kendrick Nicholson,Trevor Hanson
2025020693,Carter Sandlak,Eric Furlatt
2025020694,Francis Charron,Jordan Samuels-Thomas
2025020695,Justin Kea,Thomas John Luxmore
2025020696,Corey Syvret,Kendrick Nicholson
2025020697,Furman South,Graham Skilliter
2025020698,Alex Lepkowski,Francois St-Laurent
2025020699,Carter Sandlak,Kyle Rehman
2025020700,Beau Halkidis,Jake Brenk
2025020701,Garrett Rank,Riley Brace
2025020702,Jean Hebert,Michael Markovic
2025020703,Kelly Sutherland,Tom Chmielewski
2025020704,Graedy Hamilton,Pierre Lambert
2025020705,Dan O'Rourke,Liam Maaskant
2025020706,Brandon Schrader,Frederick L'Ecuyer
2025020707,Chris Rooney,Chris Schlenker
2025020708,Cody Beach,Francis Charron
2025020709,Eric Furlatt,Thomas John Luxmore
2025020710,Chris Lee,Trevor Hanson
2025020711,Brandon Blandina,Kendrick Nicholson
2025020712,Graham Skilliter,Jon McIsaac
2025020713,Chris Rooney,Chris Schlenker
2025020714,Gord Dwyer,Wes McCauley
2025020715,Jake Brenk,Jordan Samuels-Thomas
2025020716,Furman South,Justin Kea
2025020717,Chris Schlenker,Michael Markovic
2025020718,Frederick L'Ecuyer,Morgan MacPhee
2025020719,Alex Lepkowski,Francis Charron
2025020720,Dan O'Rourke,Pierre Lambert
2025020721,Cody Beach,Garrett Rank
2025020722,Brandon Schrader,Chris Lee
2025020723,Kyle Rehman,Thomas John Luxmore
2025020724,Jake Brenk,Trevor Hanson
2025020725,Dan O'Rourke,Pierre Lambert
2025020726,Chris Rooney,Furman South
2025020727,Frederick L'Ecuyer,Graham Skilliter
2025020728,Michael Markovic,Stephen Hiff
2025020729,Jon McIsaac,Kelly Sutherland
2025020730,Chris Lee,Cody Beach
2025020731,Garrett Rank,Mike Sullivan
2025020732,Brandon Blandina,Kendrick Nicholson
2025020733,Beau Halkidis,Gord Dwyer
2025020734,Corey Syvret,Wes McCauley
2025020735,Graham Skilliter,Liam Maaskant
2025020736,Chris Rooney,Chris Schlenker
2025020737,Francois St-Laurent,Justin Kea
2025020738,Corey Syvret,Wes McCauley
2025020739,Dan O'Rourke,Justin Kea
2025020740,Alex Lepkowski,Jon McIsaac
2025020741,Brandon Blandina,Kelly Sutherland
2025020742,Carter Sandlak,Eric Furlatt
2025020743,Frederick L'Ecuyer,Furman South
2025020744,Gord Dwyer,Morgan MacPhee
2025020745,Francois St-Laurent,Jordan Samuels-Thomas
2025020746,Brandon Schrader,Wes McCauley
2025020747,Graedy Hamilton,Tom Chmielewski
2025020748,Corey Syvret,Garrett Rank
2025020749,Chris Schlenker,Frederick L'Ecuyer
2025020750,Carter Sandlak,Eric Furlatt
2025020751,Francois St-Laurent,Mike Sullivan
2025020752,Liam Maaskant,Trevor Hanson
2025020753,Garrett Rank,Stephen Hiff
2025020754,Jordan Samuels-Thomas,Kelly Sutherland
2025020755,Beau Halkidis,Dan O'Rourke
2025020756,Cody Beach,Kyle Rehman
2025020757,Jean Hebert,Michael Markovic
2025020758,Brandon Blandina,Francis Charron
2025020759,Carter Sandlak,Chris Rooney
2025020760,Jon McIsaac,Kendrick Nicholson
2025020761,Eric Furlatt,Furman South
2025020762,Chris Lee,Jake Brenk
2025020763,Gord Dwyer,Mike Sullivan
2025020764,Graham Skilliter,Tom Chmielewski
2025020765,Stephen Hiff,Thomas John Luxmore
2025020766,Brandon Schrader,Corey Syvret
2025020767,Chris Schlenker,Trevor Hanson
2025020768,Jordan Samuels-Thomas,Kendrick Nicholson
2025020769,Cody Beach,Kyle Rehman
2025020770,Morgan MacPhee,Pierre Lambert
2025020771,Chris Schlenker,Gord Dwyer
2025020772,Brandon Schrader,Michael Markovic
2025020773,Beau Halkidis,Wes McCauley
2025020774,Brandon Blandina,Francis Charron
2025020775,Justin Kea,Thomas John Luxmore
2025020776,Jake Brenk,Trevor Hanson
2025020777,Graedy Hamilton,Kyle Rehman
2025020778,Alex Lepkowski,Chris Lee
2025020779,Jean Hebert,Liam Maaskant
2025020780,Brandon Blandina,Eric Furlatt
2025020781,Beau Halkidis,Wes McCauley
2025020782,Jake Brenk,Mike Sullivan
2025020783,Carter Sandlak,Francois St-Laurent
2025020784,Pierre Lambert,Trevor Hanson
2025020785,Graham Skilliter,Jordan Samuels-Thomas
2025020786,Cody Beach,Riley Brace
2025020787,Jean Hebert,Stephen Hiff
2025020788,Jon McIsaac,Kendrick Nicholson
2025020789,Carter Sandlak,Chris Rooney
2025020790,Furman South,Michael Markovic
2025020791,Brandon Schrader,Frederick L'Ecuyer
2025020792,Riley Brace,Thomas John Luxmore
2025020793,Justin Kea,Kyle Rehman
2025020794,Eric Furlatt,Jake Brenk
2025020795,Jon McIsaac,Kelly Sutherland
2025020796,Cody Beach,Wes McCauley
2025020797,Dan O'Rourke,Pierre Lambert
2025020798,Corey Syvret,Jean Hebert
2025020799,Graham Skilliter,Jordan Samuels-Thomas
2025020800,Chris Schlenker,Frederick L'Ecuyer
2025020801,Chris Lee,Francois St-Laurent
2025020802,Kelly Sutherland,Pierre Lambert
2025020803,Kendrick Nicholson,Morgan MacPhee
2025020804,Gord Dwyer,Justin Kea
2025020805,Chris Rooney,Furman South
2025020806,Brandon Schrader,Graham Skilliter
2025020807,Carter Sandlak,Tom Chmielewski
2025020808,Garrett Rank,Kyle Rehman
2025020809,Graedy Hamilton,Thomas John Luxmore
2025020810,Francis Charron,Liam Maaskant
2025020811,Corey Syvret,Francois St-Laurent
2025020812,Brian Pochmara,Jake Brenk
2025020813,Chris Schlenker,Jon McIsaac
2025020814,Cody Beach,Wes McCauley
2025020815,Alex Lepkowski,Dan O'Rourke
2025020816,Beau Halkidis,Kendrick Nicholson
2025020817,Chris Rooney,Frederick L'Ecuyer
2025020818,Brandon Blandina,Graham Skilliter
2025020819,Eric Furlatt,Michael Markovic
2025020820,Furman South,Tom Chmielewski
2025020821,Chris Schlenker,Jon McIsaac
2025020822,Carter Sandlak,Garrett Rank
2025020823,Chris Rooney,Frederick L'Ecuyer
2025020824,Brandon Blandina,Dan O'Rourke
2025020825,Chris Lee,Thomas John Luxmore
2025020826,Brian Pochmara,Liam Maaskant
2025020827,Francis Charron,Kelly Sutherland
2025020828,Peter MacDougall,Pierre Lambert
2025020829,Brandon Blandina,Garrett Rank
2025020830,Jake Brenk,Pierre Lambert
2025020831,Chris Schlenker,Kendrick Nicholson
2025020832,Jon McIsaac,Mike Sullivan
2025020833,Chris Rooney,Justin Kea
2025020834,Chris Lee,Jean Hebert
2025020835,Beau Halkidis,Brian Pochmara
2025020836,Gord Dwyer,Stephen Hiff
2025020837,Dan O'Rourke,Morgan MacPhee
2025020838,Graedy Hamilton,Kyle Rehman
2025020839,Jordan Samuels-Thomas,Tom Chmielewski
2025020840,Brandon Schrader,Chris Rooney
2025020841,Kendrick Nicholson,Mike Sullivan
2025020842,Michael Markovic,Pierre Lambert
2025020843,Francis Charron,Francois St-Laurent
2025020844,Alex Lepkowski,Garrett Rank
2025020845,Frederick L'Ecuyer,Justin Kea
2025020846,Brandon Schrader,Wes McCauley
2025020847,Chris Lee,Jean Hebert
2025020848,Brian Pochmara,Michael Markovic
2025020849,Riley Brace,Thomas John Luxmore
2025020850,Eric Furlatt,Furman South
2025020851,Beau Halkidis,Kelly Sutherland
2025020852,Jake Brenk,Liam Maaskant
2025020853,Dan O'Rourke,Stephen Hiff
2025020854,Corey Syvret,Tom Chmielewski
2025020855,Jordan Samuels-Thomas,Trevor Hanson
2025020856,Graedy Hamilton,Graham Skilliter
2025020857,Kyle Rehman,Morgan MacPhee
2025020858,Furman South,Jake Brenk
2025020859,Brandon Schrader,Wes McCauley
2025020860,Chris Schlenker,Garrett Rank
2025020861,Chris Lee,Eric Furlatt
2025020862,Jean Hebert,Kelly Sutherland
2025020863,Carter Sandlak,Cody Beach
2025020864,Michael Markovic,Thomas John Luxmore
2025020865,Francis Charron,Kendrick Nicholson
2025020866,Frederick L'Ecuyer,Justin Kea
2025020867,Brandon Blandina,Francois St-Laurent
2025020868,Gord Dwyer,Stephen Hiff
2025020869,Jordan Samuels-Thomas,Trevor Hanson
2025020870,Kyle Rehman,Morgan MacPhee
2025020871,Peter MacDougall,Tom Chmielewski
2025020872,Corey Syvret,Graham Skilliter
2025020873,Jon McIsaac,Pierre Lambert
2025020874,Beau Halkidis,Dan O'Rourke
2025020875,Corey Syvret,Kyle Rehman
2025020876,Brandon Schrader,Chris Rooney
2025020877,Alex Lepkowski,Francis Charron
2025020878,Brian Pochmara,Jake Brenk
2025020879,Chris Schlenker,Gord Dwyer
2025020880,Brandon Blandina,Thomas John Luxmore
2025020881,Eric Furlatt,Stephen Hiff
2025020882,Francois St-Laurent,Michael Markovic
2025020883,Graham Skilliter,Morgan MacPhee
2025020884,Corey Syvret,Peter MacDougall
2025020885,Carter Sandlak,Trevor Hanson
2025020886,Brandon Schrader,Chris Rooney
2025020887,Dan O'Rourke,Liam Maaskant
2025020888,Justin Kea,Kelly Sutherland
2025020889,Eric Furlatt,Jon McIsaac
2025020890,Brian Pochmara,Furman South
2025020891,Carter Sandlak,Jean Hebert
2025020892,Beau Halkidis,Kyle Rehman
2025020893,Garrett Rank,Thomas John Luxmore
2025020894,Brandon Blandina,Kendrick Nicholson
2025020895,Stephen Hiff,Trevor Hanson
2025020896,Michael Markovic,Wes McCauley
2025020897,Corey Syvret,Gord Dwyer
2025020898,Frederick L'Ecuyer,Graedy Hamilton
2025020899,Chris Lee,Chris Schlenker
2025020900,Graham Skilliter,Jean Hebert
2025020901,Cody Beach,Tom Chmielewski
2025020902,Jordan Samuels-Thomas,Peter MacDougall
2025020903,Jake Brenk,Mike Sullivan
2025020904,Garrett Rank,Thomas John Luxmore
2025020905,Furman South,Jon McIsaac
2025020906,Francis Charron,Mitch Dunning
2025020907,Francois St-Laurent,Pierre Lambert
2025020908,Justin Kea,Kelly Sutherland
2025020909,Cody Beach,Frederick L'Ecuyer
2025020910,Jordan Samuels-Thomas,Kelly Sutherland
2025020911,Brandon Blandina,Jon McIsaac
2025020912,Furman South,Graham Skilliter
2025020913,Brandon Schrader,Garrett Rank
2025020914,Mike Sullivan,Trevor Hanson
2025020915,Chris Schlenker,Mitch Dunning
2025020916,Francois St-Laurent,Peter MacDougall
2025020917,Chris Lee,Corey Syvret
2025020918,Jon McIsaac,Morgan MacPhee
2025020919,Eric Furlatt,Thomas John Luxmore
2025020920,Cody Beach,Jake Brenk
2025020921,Furman South,Graham Skilliter
2025020922,Stephen Hiff,Tom Chmielewski
2025020923,Brandon Blandina,Kendrick Nicholson
2025020924,Francis Charron,Kelly Sutherland
2025020925,Brandon Schrader,Garrett Rank
2025020926,Beau Halkidis,Frederick L'Ecuyer
2025020927,Justin Kea,Trevor Hanson
2025020928,Corey Syvret,Peter MacDougall
2025020929,Chris Lee,Francois St-Laurent
2025020930,Graham Skilliter,Jean Hebert
2025020931,Eric Furlatt,Jordan Samuels-Thomas
2025020932,Mitch Dunning,Pierre Lambert
2025020933,Chris Schlenker,Michael Markovic
2025020934,Gord Dwyer,Kelly Sutherland
2025020935,Francis Charron,Kendrick Nicholson
2025020936,Francois St-Laurent,Justin Kea
2025020937,Stephen Hiff,Wes McCauley
2025020938,Corey Syvret,Kyle Rehman
2025020939,Garrett Rank,Thomas John Luxmore
2025020940,Cody Beach,Jake Brenk
2025020941,Furman South,Jean Hebert
2025020942,Brandon Blandina,Dan O'Rourke
2025020943,Brandon Schrader,Tom Chmielewski
2025020944,Chris Lee,Michael Markovic
2025020945,Frederick L'Ecuyer,Mike Sullivan
2025020946,Peter MacDougall,Trevor Hanson
2025020947,Chris Rooney,Kendrick Nicholson
2025020948,Jordan Samuels-Thomas,Kelly Sutherland
2025020949,Chris Schlenker,Mitch Dunning
2025020950,Justin Kea,Pierre Lambert
2025020951,Beau Halkidis,Jon McIsaac
2025020952,Michael Markovic,Peter MacDougall
2025020953,Morgan MacPhee,Wes McCauley
2025020954,Stephen Hiff,Thomas John Luxmore
2025020955,Dan O'Rourke,Gord Dwyer
2025020956,Graedy Hamilton,Trevor Hanson
2025020957,Corey Syvret,Francois St-Laurent
2025020958,Kyle Rehman,Mitch Dunning
2025020959,Alex Lepkowski,Wes McCauley
2025020960,Kendrick Nicholson,Thomas John Luxmore
2025020961,Jordan Samuels-Thomas,Kelly Sutherland
2025020962,Chris Rooney,Liam Maaskant
2025020963,Brandon Blandina,Eric Furlatt
2025020964,Garrett Rank,Jon McIsaac
2025020965,Cody Beach,Francis Charron
2025020966,Chris Schlenker,Trevor Hanson
2025020967,Chris Lee,Jean Hebert
2025020968,Justin Kea,Pierre Lambert
2025020969,Francois St-Laurent,Tom Chmielewski
2025020970,Eric Furlatt,Gord Dwyer
2025020971,Brian Pochmara,Frederick L'Ecuyer
2025020972,Cody Beach,Graham Skilliter
2025020973,Pierre Lambert,Tom Chmielewski
2025020974,Graedy Hamilton,Jake Brenk
2025020975,Frederick L'Ecuyer,Wes McCauley
2025020976,Brian Pochmara,Chris Rooney
2025020977,Brandon Blandina,Furman South
2025020978,Chris Lee,Peter MacDougall
2025020979,Jean Hebert,Jordan Samuels-Thomas
2025020980,Garrett Rank,Jon McIsaac
2025020981,Brandon Schrader,Francis Charron
2025020982,Pierre Lambert,Tom Chmielewski
2025020983,Mitch Dunning,Peter MacDougall
2025020984,Gord Dwyer,Jean Hebert
2025020985,Stephen Hiff,Wes McCauley
2025020986,Brandon Schrader,Kyle Rehman
2025020987,Mike Sullivan,Trevor Hanson
2025020988,Graham Skilliter,Jake Brenk
2025020989,Chris Schlenker,Kelly Sutherland
2025020990,Brian Pochmara,Chris Rooney
2025020991,Frederick L'Ecuyer,Kendrick Nicholson
2025020992,Garrett Rank,Riley Brace
2025020993,Francois St-Laurent,Mitch Dunning
2025020994,Eric Furlatt,Justin Kea
2025020995,Chris Lee,Michael Markovic
2025020996,Cody Beach,Francis Charron
2025020997,Tom Chmielewski,Trevor Hanson
2025020998,Brandon Schrader,Kyle Rehman
2025020999,Graedy Hamilton,Kelly Sutherland
2025021000,Chris Schlenker,Corey Syvret
2025021001,Brandon Blandina,Jean Hebert
2025021002,Francois St-Laurent,Peter MacDougall
2025021003,Brian Pochmara,Eric Furlatt
2025021004,Stephen Hiff,Thomas John Luxmore
2025021005,Chris Rooney,Kendrick Nicholson
2025021006,Jake Brenk,Jordan Samuels-Thomas
2025021007,Graham Skilliter,Kelly Sutherland
2025021008,Francis Charron,Michael Markovic
2025021009,Furman South,Jon McIsaac
2025021010,Chris Lee,Riley Brace
2025021011,Corey Syvret,Kyle Rehman
2025021012,Eric Furlatt,Frederick L'Ecuyer
2025021013,Garrett Rank,Peter MacDougall
2025021014,Mitch Dunning,Tom Chmielewski
2025021015,Cody Beach,Kendrick Nicholson
2025021016,Francois St-Laurent,Jean Hebert
2025021017,Furman South,Liam Maaskant
2025021018,Jon McIsaac,Michael Markovic
2025021019,Chris Lee,Justin Kea
2025021020,Brian Pochmara,Jake Brenk
2025021021,Brandon Blandina,Thomas John Luxmore
2025021022,Morgan MacPhee,Wes McCauley
2025021023,Brandon Schrader,Kelly Sutherland
2025021024,Jordan Samuels-Thomas,Trevor Hanson
2025021025,Mitch Dunning,Tom Chmielewski
2025021026,Eric Furlatt,Mike Sullivan
2025021027,Frederick L'Ecuyer,Stephen Hiff
2025021028,Francis Charron,Furman South
2025021029,Mitch Dunning,Tom Chmielewski
2025021030,Francois St-Laurent,Kendrick Nicholson
2025021031,Cody Beach,Michael Markovic
2025021032,Eric Furlatt,Mike Sullivan
2025021033,Brian Pochmara,Jon McIsaac
2025021034,Justin Kea,Thomas John Luxmore
2025021035,Chris Lee,Wes McCauley
2025021036,Brandon Blandina,Corey Syvret
2025021037,Carter Sandlak,Kyle Rehman
2025021038,Chris Schlenker,Morgan MacPhee
2025021039,Chris Rooney,Jordan Samuels-Thomas
2025021040,Beau Halkidis,Trevor Hanson
2025021041,Garrett Rank,Stephen Hiff
2025021042,Graedy Hamilton,Thomas John Luxmore
2025021043,Francis Charron,Frederick L'Ecuyer
2025021044,Francois St-Laurent,Kelly Sutherland
2025021045,Brandon Blandina,Corey Syvret
2025021046,Brandon Schrader,Chris Lee
2025021047,Jean Hebert,Justin Kea
2025021048,Eric Furlatt,Furman South
2025021049,Brian Pochmara,Michael Markovic
2025021050,Jake Brenk,Mitch Dunning
2025021051,Alex Lepkowski,Garrett Rank
2025021052,Jon McIsaac,Mike Sullivan
2025021053,Graedy Hamilton,Pierre Lambert
2025021054,Graham Skilliter,Peter MacDougall
2025021055,Carter Sandlak,Kyle Rehman
2025021056,Chris Rooney,Wes McCauley
2025021057,Brandon Blandina,Corey Syvret
2025021058,Furman South,Kendrick Nicholson
2025021059,Francis Charron,Frederick L'Ecuyer
2025021060,Chris Lee,Tom Chmielewski
2025021061,Chris Schlenker,Cody Beach
2025021062,Carter Sandlak,Kyle Rehman
2025021063,Jean Hebert,Justin Kea
2025021064,Garrett Rank,Mitch Dunning
2025021065,Jake Brenk,Wes McCauley
2025021066,Peter MacDougall,Pierre Lambert
2025021067,Chris Rooney,Trevor Hanson
2025021068,Francis Charron,Michael Markovic
2025021069,Furman South,Wes McCauley
2025021070,Brandon Blandina,Jean Hebert
2025021071,Brandon Schrader,
2025021072,Peter MacDougall,Pierre Lambert
2025021073,Eric Furlatt,Morgan MacPhee
2025021074,Chris Schlenker,Tom Chmielewski
2025021075,Beau Halkidis,Kyle Rehman
2025021076,Graham Skilliter,Jordan Samuels-Thomas
2025021077,Francois St-Laurent,Thomas John Luxmore
2025021078,Frederick L'Ecuyer,Garrett Rank
2025021079,Jake Brenk,Justin Kea
2025021080,Brian Pochmara,Chris Rooney
2025021081,Eric Furlatt,Mike Sullivan
2025021082,Cody Beach,Corey Syvret
2025021083,Jake Brenk,Justin Kea
2025021084,Furman South,Wes McCauley
2025021085,Kelly Sutherland,Thomas John Luxmore
2025021086,Carter Sandlak,Francois St-Laurent
2025021087,Jean Hebert,Jon McIsaac
2025021088,Michael Markovic,Peter MacDougall
2025021089,Eric Furlatt,Kendrick Nicholson
2025021090,Graham Skilliter,Jordan Samuels-Thomas
2025021091,Brandon Schrader,Brian Pochmara
2025021092,Corey Syvret,Tom Chmielewski
2025021093,Cody Beach,Gord Dwyer
2025021094,Pierre Lambert,Wes McCauley
2025021095,Francis Charron,Justin Kea
2025021096,Jon McIsaac,Morgan MacPhee
2025021097,Chris Schlenker,Kendrick Nicholson
2025021098,Gord Dwyer,Kyle Rehman
2025021099,Carter Sandlak,Kelly Sutherland
2025021100,Chris Lee,Thomas John Luxmore
2025021101,Francois St-Laurent,Mike Sullivan
2025021102,Cody Beach,Trevor Hanson
2025021103,Brandon Schrader,Brian Pochmara
2025021104,Furman South,Michael Markovic
2025021105,Chris Rooney,Peter MacDougall
2025021106,Garrett Rank,Pierre Lambert
2025021107,Eric Furlatt,Jordan Samuels-Thomas
2025021108,Brandon Blandina,Graham Skilliter
2025021109,Corey Syvret,Mitch Dunning
2025021110,Francis Charron,Stephen Hiff
2025021111,Beau Halkidis,Jake Brenk
2025021112,Justin Kea,Kelly Sutherland
2025021113,Thomas John Luxmore,Tom Chmielewski
2025021114,Carter Sandlak,Frederick L'Ecuyer
2025021115,Chris Lee,Jon McIsaac
2025021116,Corey Syvret,Mitch Dunning
2025021117,Cody Beach,Trevor Hanson
2025021118,Chris Schlenker,Gord Dwyer
2025021119,Carter Sandlak,Graham Skilliter
2025021120,Chris Rooney,Stephen Hiff
2025021121,Jake Brenk,Kendrick Nicholson
2025021122,Eric Furlatt,Francis Charron
2025021123,Chris Lee,Thomas John Luxmore
2025021124,Beau Halkidis,Graham Skilliter
2025021125,Frederick L'Ecuyer,Liam Maaskant
2025021126,Jordan Samuels-Thomas,Kyle Rehman
2025021127,Jon McIsaac,Kelly Sutherland
2025021128,Brandon Blandina,Tom Chmielewski
2025021129,Michael Markovic,Wes McCauley
2025021130,Chris Schlenker,Garrett Rank
2025021131,Mike Sullivan,Pierre Lambert
2025021132,Cody Beach,Jean Hebert
2025021133,Corey Syvret,Mitch Dunning
2025021134,Brandon Schrader,Furman South
2025021135,Carter Sandlak,Eric Furlatt
2025021136,Jake Brenk,Kendrick Nicholson
2025021137,Graham Skilliter,Jake Brenk
2025021138,Eric Furlatt,Kendrick Nicholson
2025021139,Chris Lee,Frederick L'Ecuyer
2025021140,Jon McIsaac,Tom Chmielewski
2025021141,Brian Pochmara,Chris Rooney
2025021142,Jordan Samuels-Thomas,Kyle Rehman
2025021143,Brandon Blandina,Garrett Rank
2025021144,Gord Dwyer,Michael Markovic
2025021145,Mitch Dunning,Pierre Lambert
2025021146,Jean Hebert,Trevor Hanson
2025021147,Francois St-Laurent,Graedy Hamilton
2025021148,Justin Kea,Wes McCauley
2025021149,Brandon Schrader,Furman South
2025021150,Kelly Sutherland,Peter MacDougall
2025021151,Brian Pochmara,Jordan Samuels-Thomas
2025021152,Carter Sandlak,Tom Chmielewski
2025021153,Corey Syvret,Frederick L'Ecuyer
2025021154,Furman South,Pierre Lambert
2025021155,Beau Halkidis,Jake Brenk
2025021156,Kyle Rehman,Michael Markovic
2025021157,Cody Beach,Gord Dwyer
2025021158,Francis Charron,Garrett Rank
2025021159,Kelly Sutherland,Stephen Hiff
2025021160,Mike Sullivan,Thomas John Luxmore
2025021161,Brandon Blandina,Jon McIsaac
2025021162,Brandon Schrader,Trevor Hanson
2025021163,Chris Rooney,Mitch Dunning
2025021164,Morgan MacPhee,Wes McCauley
2025021165,Francois St-Laurent,Graham Skilliter
2025021166,Chris Schlenker,Justin Kea
2025021167,Corey Syvret,Frederick L'Ecuyer
2025021168,Carter Sandlak,Tom Chmielewski
2025021169,Cody Beach,Gord Dwyer
2025021170,Francis Charron,Kyle Rehman
2025021171,Beau Halkidis,Kendrick Nicholson
2025021172,Brian Pochmara,Jordan Samuels-Thomas
2025021173,Jordan Samuels-Thomas,Kendrick Nicholson
2025021174,Chris Schlenker,Justin Kea
2025021175,Alex Lepkowski,Francois St-Laurent
2025021176,Thomas John Luxmore,Wes McCauley
2025021177,Brandon Schrader,Trevor Hanson
2025021178,Chris Rooney,Stephen Hiff
2025021179,Jake Brenk,Kendrick Nicholson
2025021180,Brandon Blandina,Jean Hebert
2025021181,Brian Pochmara,Gord Dwyer
2025021182,Liam Maaskant,Peter MacDougall
2025021183,Cody Beach,Francis Charron
2025021184,Carter Sandlak,Kelly Sutherland
2025021185,Corey Syvret,Furman South
2025021186,Beau Halkidis,Mitch Dunning
2025021187,Garrett Rank,Michael Markovic
2025021188,Justin Kea,Tom Chmielewski
2025021189,Graham Skilliter,Pierre Lambert
2025021190,Jon McIsaac,Thomas John Luxmore
2025021191,Chris Rooney,Frederick L'Ecuyer
2025021192,Brian Pochmara,Francis Charron
2025021193,Brandon Blandina,Gord Dwyer
2025021194,Furman South,Graedy Hamilton
2025021195,Carter Sandlak,Jean Hebert
2025021196,Cody Beach,Trevor Hanson
2025021197,Francois St-Laurent,Kelly Sutherland
2025021198,Mike Sullivan,Wes McCauley
2025021199,Corey Syvret,Mitch Dunning
2025021200,Garrett Rank,Michael Markovic
2025021201,Pierre Lambert,Tom Chmielewski
2025021202,Graham Skilliter,Jordan Samuels-Thomas
2025021203,Jon McIsaac,Thomas John Luxmore
2025021204,Brandon Schrader,Kyle Rehman
2025021205,Chris Schlenker,Furman South
2025021206,Jordan Samuels-Thomas,Kyle Rehman
2025021207,Chris Schlenker,Frederick L'Ecuyer
2025021208,Jean Hebert,Trevor Hanson
2025021209,Gord Dwyer,Wes McCauley
2025021210,Francois St-Laurent,Thomas John Luxmore
2025021211,Jake Brenk,Mitch Dunning
2025021212,Chris Rooney,Stephen Hiff
2025021213,Brian Pochmara,Cody Beach
2025021214,Brandon Blandina,Francis Charron
2025021215,Carter Sandlak,Kelly Sutherland
2025021216,Garrett Rank,Michael Markovic
2025021217,Jordan Samuels-Thomas,Kyle Rehman
2025021218,Jon McIsaac,Kendrick Nicholson
2025021219,Morgan MacPhee,Peter MacDougall
2025021220,Graham Skilliter,Pierre Lambert
2025021221,Brandon Schrader,Tom Chmielewski
2025021222,Justin Kea,Wes McCauley
2025021223,Jake Brenk,Mitch Dunning
2025021224,Frederick L'Ecuyer,Furman South
2025021225,Chris Schlenker,Jean Hebert
2025021226,Cody Beach,Trevor Hanson
2025021227,Brian Pochmara,Graedy Hamilton
2025021228,Corey Syvret,Pierre Lambert
2025021229,Chris Rooney,Gord Dwyer
2025021230,Jon McIsaac,Kendrick Nicholson
2025021231,Kyle Rehman,Peter MacDougall
2025021232,Jordan Samuels-Thomas,Tom Chmielewski
2025021233,Eric Furlatt,Justin Kea
2025021234,Chris Schlenker,Trevor Hanson
2025021235,Chris Rooney,Gord Dwyer
2025021236,Francois St-Laurent,Michael Markovic
2025021237,Frederick L'Ecuyer,Jean Hebert
2025021238,Carter Sandlak,Wes McCauley
2025021239,Beau Halkidis,Thomas John Luxmore
2025021240,Brandon Blandina,Pierre Lambert
2025021241,Brandon Schrader,Kyle Rehman
2025021242,Corey Syvret,Peter MacDougall
2025021243,Graham Skilliter,Jordan Samuels-Thomas
2025021244,Furman South,Mike Sullivan
2025021245,Garrett Rank,Kendrick Nicholson
2025021246,Cody Beach,Francis Charron
2025021247,Jake Brenk,Pierre Lambert
2025021248,Justin Kea,Trevor Hanson
2025021249,Garrett Rank,Michael Markovic
2025021250,Brandon Blandina,Gord Dwyer
2025021251,Jon McIsaac,Mike Sullivan
2025021252,Francois St-Laurent,Furman South
2025021253,Frederick L'Ecuyer,Tom Chmielewski
2025021254,Eric Furlatt,Thomas John Luxmore
2025021255,Carter Sandlak,Stephen Hiff
2025021256,Ben Betker,Kyle Rehman
2025021257,Cody Beach,Francis Charron
2025021258,Brian Pochmara,Corey Syvret
2025021259,Graham Skilliter,Wes McCauley
2025021260,Brandon Schrader,Kelly Sutherland
2025021261,Furman South,Gord Dwyer
2025021262,Chris Rooney,Jake Brenk
2025021263,Carter Sandlak,Frederick L'Ecuyer
2025021264,Corey Syvret,Kelly Sutherland
2025021265,Francois St-Laurent,Michael Markovic
2025021266,Jon McIsaac,Kendrick Nicholson
2025021267,Brandon Blandina,Wes McCauley
2025021268,Eric Furlatt,Stephen Hiff
2025021269,Kyle Rehman,Tom Chmielewski
2025021270,Justin Kea,Morgan MacPhee
2025021271,Garrett Rank,Pierre Lambert
2025021272,Chris Schlenker,Trevor Hanson
2025021273,Brandon Schrader,Graham Skilliter
2025021274,Cody Beach,Francis Charron
2025021275,Brian Pochmara,Jordan Samuels-Thomas
2025021276,Chris Rooney,Furman South
2025021277,Carter Sandlak,Thomas John Luxmore
2025021278,Gord Dwyer,Jon McIsaac
2025021279,Frederick L'Ecuyer,Mitch Dunning
2025021280,Brian Pochmara,Kelly Sutherland
2025021281,Chris Schlenker,Trevor Hanson
2025021282,Jean Hebert,Kendrick Nicholson
2025021283,Garrett Rank,Liam Maaskant
2025021284,Chris Rooney,Jake Brenk
2025021285,Alex Lepkowski,Jon McIsaac
2025021286,Francois St-Laurent,Michael Markovic
2025021287,Eric Furlatt,Thomas John Luxmore
2025021288,Brandon Blandina,Morgan MacPhee
2025021289,Brandon Schrader,Graham Skilliter
2025021290,Brian Pochmara,Kyle Rehman
2025021291,Francis Charron,Tom Chmielewski
2025021292,Justin Kea,Mitch Dunning
2025021293,Frederick L'Ecuyer,Pierre Lambert
2025021294,Jake Brenk,Peter MacDougall
2025021295,Brandon Blandina,Wes McCauley
2025021296,Carter Sandlak,Kelly Sutherland
2025021297,Corey Syvret,Tom Chmielewski
2025021298,Cody Beach,Graedy Hamilton
2025021299,Gord Dwyer,Michael Markovic
2025021300,Chris Schlenker,Francis Charron
2025021301,Chris Rooney,Wes McCauley
2025021302,Kendrick Nicholson,Liam Maaskant
2025021303,Garrett Rank,Jean Hebert
2025021304,Eric Furlatt,Jon McIsaac
2025021305,Carter Sandlak,Pierre Lambert
2025021306,Brian Pochmara,Trevor Hanson
2025021307,Gord Dwyer,Pierre Lambert
2025021308,Cody Beach,Kelly Sutherland
2025021309,Brian Pochmara,Trevor Hanson
2025021310,Graham Skilliter,Kyle Rehman
2025021311,Francis Charron,Stephen Hiff
2025021312,Chris Schlenker,Jordan Samuels-Thomas
2026020001,Chris Rooney,Jake Brenk
2026020002,Francis Charron,Jon McIsaac
2026020003,Furman South,Wes McCauley
2026020004,Eric Furlatt,Peter MacDougall
2026020005,Graham Skilliter,Kyle Rehman
2026020006,Frederick L'Ecuyer,Justin Kea
2026020007,Carter Sandlak,Francois St-Laurent
2026020008,Brandon Blandina,Trevor Hanson
2026020009,Furman South,Wes McCauley
2026020010,Frederick L'Ecuyer,Morgan MacPhee
2026020011,Francis Charron,Jon McIsaac
2026020012,Chris Rooney,Jake Brenk
2026020013,Carter Sandlak,Francois St-Laurent
2026020014,Eric Furlatt,Peter MacDougall
2026020015,Michael Markovic,Pierre Lambert
2026020016,Graham Skilliter,Kyle Rehman
2026020017,Kelly Sutherland,Trevor Hanson
2026020018,Gord Dwyer,Justin Kea
2026020019,Eric Furlatt,Mike Sullivan
2026020020,Chris Rooney,Corey Syvret
2026020021,Stephen Hiff,Thomas John Luxmore
